Actinolite
crystal_structure 2
space_group 12
0, 0
0.01, 41
0.02, 30
0.03, 19
0.04, 14
0.05, 2
0.06, 11
0.07, 22
0.08, 26
0.09, 22
0.1, 27
0.11, 23
0.12, 27
0.13, 23
0.14, 8
0.15, 38
0.16, 33
0.17, 13
0.18, 13
0.19, 5
0.2, 47
0.21, 26
0.22, 8
0.23, 39
0.24, 36
0.25, 13
0.26, 20
0.27, 9
0.28, 33
0.29, 28
0.3, 7
0.31, 19
0.32, 28
0.33, 25
0.34, 47
0.35, 29
0.36, 25
0.37, 1
0.38, 9
0.39, 20
0.4, 0
0.41, 20
0.42, 6
0.43, 7
0.44, 4
0.45, 42
0.46, 35
0.47, 17
0.48, 4
0.49, 26
0.5, 28
0.51, 2
0.52, 50
0.53, 15
0.54, 6
0.55, 50
0.56, 6
0.57, 6
0.58, 23
0.59, 12
0.6, 23
0.61, 1
0.62, 43
0.63, 1
0.64, 23
0.65, 37
0.66, 23
0.67, 19
0.68, 8
0.69, 34
0.7, 19
0.71, 23
0.72, 28
0.73, 48
0.74, 3
0.75, 37
0.76, 1
0.77, 17
0.78, 30
0.79, 35
0.8, 33
0.81, 4
0.82, 0
0.83, 2
0.84, 19
0.85, 17
0.86, 21
0.87, 28
0.88, 19
0.89, 40
0.9, 20
0.91, 20
0.92, 27
0.93, 31
0.94, 25
0.95, 47
0.96, 36
0.97, 23
0.98, 25
0.99, 34
1, 45
1.01, 52
1.02, 29
1.03, 18
1.04, 16
1.05, 12
1.06, 32
1.07, 29
1.08, 18
1.09, 14
1.1, 10
1.11, 32
1.12, 1
1.13, 14
1.14, 19
1.15, 10
1.16, 25
1.17, 10
1.18, 32
1.19, 19
1.2, 14
1.21, 34
1.22, 10
1.23, 41
1.24, 3
1.25, 26
1.26, 66
1.27, 30
1.28, 19
1.29, 12
1.3, 19
1.31, 15
1.32, 13
1.33, 22
1.34, 30
1.35, 30
1.36, 33
1.37, 15
1.38, 24
1.39, 60
1.4, 24
1.41, 47
1.42, 20
1.43, 9
1.44, 9
1.45, 0
1.46, 16
1.47, 24
1.48, 11
1.49, 13
1.5, 2
1.51, 35
1.52, 33
1.53, 25
1.54, 25
1.55, 28
1.56, 3
1.57, 14
1.58, 10
1.59, 16
1.6, 19
1.61, 0
1.62, 50
1.63, 21
1.64, 23
1.65, 19
1.66, 16
1.67, 21
1.68, 16
1.69, 32
1.7, 7
1.71, 25
1.72, 5
1.73, 37
1.74, 28
1.75, 14
1.76, 34
1.77, 13
1.78, 30
1.79, 15
1.8, 19
1.81, 19
1.82, 28
1.83, 15
1.84, 33
1.85, 13
1.86, 8
1.87, 15
1.88, 35
1.89, 13
1.9, 37
1.91, 27
1.92, 25
1.93, 43
1.94, 16
1.95, 12
1.96, 12
1.97, 21
1.98, 10
1.99, 1
2, 28
2.01, 6
2.02, 19
2.03, 15
2.04, 26
2.05, 15
2.06, 22
2.07, 17
2.08, 22
2.09, 29
2.1, 24
2.11, 4
2.12, 38
2.13, 4
2.14, 33
2.15, 16
2.16, 20
2.17, 7
2.18, 1
2.19, 11
2.2, 31
2.21, 0
2.22, 5
2.23, 12
2.24, 21
2.25, 25
2.26, 27
2.27, 3
2.28, 5
2.29, 36
2.3, 5
2.31, 25
2.32, 21
2.33, 41
2.34, 6
2.35, 33
2.36, 15
2.37, 33
2.38, 4
2.39, 35
2.4, 15
2.41, 29
2.42, 20
2.43, 13
2.44, 42
2.45, 22
2.46, 27
2.47, 29
2.48, 25
2.49, 16
2.5, 21
2.51, 16
2.52, 5
2.53, 19
2.54, 34
2.55, 34
2.56, 2
2.57, 26
2.58, 23
2.59, 30
2.6, 12
2.61, 43
2.62, 6
2.63, 33
2.64, 18
2.65, 9
2.66, 24
2.67, 13
2.68, 31
2.69, 9
2.7, 42
2.71, 1
2.72, 1
2.73, 8
2.74, 31
2.75, 5
2.76, 22
2.77, 22
2.78, 14
2.79, 18
2.8, 25
2.81, 9
2.82, 20
2.83, 54
2.84, 16
2.85, 29
2.86, 16
2.87, 16
2.88, 10
2.89, 23
2.9, 21
2.91, 7
2.92, 10
2.93, 19
2.94, 1
2.95, 34
2.96, 5
2.97, 0
2.98, 5
2.99, 11
3, 7
3.01, 25
3.02, 11
3.03, 38
3.04, 23
3.05, 9
3.06, 26
3.07, 8
3.08, 22
3.09, 13
3.1, 8
3.11, 7
3.12, 9
3.13, 1
3.14, 29
3.15, 3
3.16, 23
3.17, 25
3.18, 27
3.19, 30
3.2, 27
3.21, 30
3.22, 3
3.23, 10
3.24, 8
3.25, 14
3.26, 3
3.27, 19
3.28, 10
3.29, 21
3.3, 23
3.31, 28
3.32, 39
3.33, 23
3.34, 10
3.35, 19
3.36, 25
3.37, 12
3.38, 19
3.39, 28
3.4, 30
3.41, 21
3.42, 1
3.43, 5
3.44, 5
3.45, 21
3.46, 21
3.47, 14
3.48, 5
3.49, 10
3.5, 8
3.51, 10
3.52, 46
3.53, 12
3.54, 2
3.55, 23
3.56, 14
3.57, 37
3.58, 12
3.59, 28
3.6, 26
3.61, 32
3.62, 23
3.63, 3
3.64, 17
3.65, 7
3.66, 8
3.67, 17
3.68, 17
3.69, 19
3.7, 1
3.71, 14
3.72, 17
3.73, 28
3.74, 21
3.75, 14
3.76, 27
3.77, 34
3.78, 5
3.79, 34
3.8, 12
3.81, 3
3.82, 7
3.83, 12
3.84, 1
3.85, 23
3.86, 12
3.87, 32
3.88, 1
3.89, 21
3.9, 25
3.91, 16
3.92, 29
3.93, 22
3.94, 22
3.95, 15
3.96, 19
3.97, 17
3.98, 17
3.99, 17
4, 0
4.01, 24
4.02, 26
4.03, 24
4.04, 10
4.05, 30
4.06, 28
4.07, 24
4.08, 10
4.09, 8
4.1, 0
4.11, 4
4.12, 6
4.13, 8
4.14, 1
4.15, 12
4.16, 37
4.17, 3
4.18, 10
4.19, 6
4.2, 8
4.21, 26
4.22, 26
4.23, 17
4.24, 23
4.25, 9
4.26, 21
4.27, 14
4.28, 3
4.29, 12
4.3, 20
4.31, 8
4.32, 14
4.33, 13
4.34, 9
4.35, 2
4.36, 20
4.37, 24
4.38, 4
4.39, 33
4.4, 31
4.41, 17
4.42, 13
4.43, 19
4.44, 30
4.45, 21
4.46, 37
4.47, 15
4.48, 28
4.49, 50
4.5, 30
4.51, 10
4.52, 48
4.53, 8
4.54, 37
4.55, 26
4.56, 6
4.57, 41
4.58, 17
4.59, 28
4.6, 25
4.61, 25
4.62, 39
4.63, 27
4.64, 25
4.65, 34
4.66, 30
4.67, 18
4.68, 45
4.69, 32
4.7, 41
4.71, 78
4.72, 63
4.73, 89
4.74, 80
4.75, 98
4.76, 87
4.77, 129
4.78, 167
4.79, 162
4.8, 182
4.81, 244
4.82, 215
4.83, 184
4.84, 226
4.85, 168
4.86, 61
4.87, 64
4.88, 44
4.89, 8
4.9, 15
4.91, 28
4.92, 8
4.93, 19
4.94, 17
4.95, 39
4.96, 41
4.97, 17
4.98, 19
4.99, 14
5, 3
5.01, 5
5.02, 29
5.03, 18
5.04, 25
5.05, 14
5.06, 25
5.07, 11
5.08, 5
5.09, 31
5.1, 0
5.11, 5
5.12, 1
5.13, 29
5.14, 29
5.15, 27
5.16, 5
5.17, 5
5.18, 34
5.19, 9
5.2, 36
5.21, 36
5.22, 36
5.23, 32
5.24, 10
5.25, 21
5.26, 15
5.27, 30
5.28, 21
5.29, 26
5.3, 46
5.31, 39
5.32, 28
5.33, 30
5.34, 37
5.35, 63
5.36, 12
5.37, 72
5.38, 48
5.39, 74
5.4, 79
5.41, 74
5.42, 101
5.43, 130
5.44, 150
5.45, 176
5.46, 261
5.47, 273
5.48, 402
5.49, 458
5.5, 633
5.51, 728
5.52, 906
5.53, 1000
5.54, 935
5.55, 878
5.56, 711
5.57, 500
5.58, 355
5.59, 169
5.6, 122
5.61, 80
5.62, 80
5.63, 38
5.64, 67
5.65, 38
5.66, 38
5.67, 49
5.68, 27
5.69, 53
5.7, 22
5.71, 42
5.72, 11
5.73, 16
5.74, 27
5.75, 33
5.76, 22
5.77, 16
5.78, 7
5.79, 11
5.8, 25
5.81, 22
5.82, 11
5.83, 3
5.84, 20
5.85, 23
5.86, 0
5.87, 0
5.88, 9
5.89, 1
5.9, 25
5.91, 14
5.92, 18
5.93, 16
5.94, 14
5.95, 7
5.96, 9
5.97, 5
5.98, 23
5.99, 16
6, 12
6.01, 1
6.02, 12
6.03, 21
6.04, 10
6.05, 4
6.06, 15
6.07, 24
6.08, 0
6.09, 6
6.1, 13
6.11, 6
6.12, 0
6.13, 28
6.14, 11
6.15, 22
6.16, 11
6.17, 13
6.18, 13
6.19, 4
6.2, 26
6.21, 11
6.22, 11
6.23, 1
6.24, 22
6.25, 9
6.26, 31
6.27, 20
6.28, 2
6.29, 29
6.3, 20
6.31, 36
6.32, 22
6.33, 1
6.34, 43
6.35, 11
6.36, 0
6.37, 12
6.38, 12
6.39, 38
6.4, 25
6.41, 3
6.42, 12
6.43, 3
6.44, 4
6.45, 11
6.46, 2
6.47, 17
6.48, 11
6.49, 13
6.5, 20
6.51, 13
6.52, 38
6.53, 15
6.54, 24
6.55, 13
6.56, 13
6.57, 29
6.58, 7
6.59, 2
6.6, 16
6.61, 3
6.62, 11
6.63, 40
6.64, 11
6.65, 5
6.66, 5
6.67, 23
6.68, 54
6.69, 9
6.7, 9
6.71, 16
6.72, 23
6.73, 18
6.74, 5
6.75, 30
6.76, 34
6.77, 21
6.78, 3
6.79, 21
6.8, 32
6.81, 19
6.82, 25
6.83, 19
6.84, 10
6.85, 10
6.86, 17
6.87, 28
6.88, 8
6.89, 6
6.9, 24
6.91, 9
6.92, 18
6.93, 13
6.94, 40
6.95, 38
6.96, 5
6.97, 27
6.98, 25
6.99, 16
7, 20
7.01, 7
7.02, 1
7.03, 18
7.04, 5
7.05, 14
7.06, 5
7.07, 18
7.08, 23
7.09, 9
7.1, 16
7.11, 19
7.12, 17
7.13, 21
7.14, 12
7.15, 4
7.16, 26
7.17, 39
7.18, 13
7.19, 13
7.2, 17
7.21, 9
7.22, 19
7.23, 19
7.24, 35
7.25, 19
7.26, 28
7.27, 40
7.28, 24
7.29, 26
7.3, 29
7.31, 9
7.32, 45
7.33, 11
7.34, 20
7.35, 14
7.36, 29
7.37, 14
7.38, 18
7.39, 16
7.4, 34
7.41, 18
7.42, 38
7.43, 47
7.44, 19
7.45, 25
7.46, 16
7.47, 8
7.48, 30
7.49, 28
7.5, 12
7.51, 45
7.52, 37
7.53, 30
7.54, 41
7.55, 19
7.56, 34
7.57, 6
7.58, 6
7.59, 12
7.6, 8
7.61, 50
7.62, 16
7.63, 12
7.64, 16
7.65, 36
7.66, 22
7.67, 0
7.68, 34
7.69, 22
7.7, 7
7.71, 27
7.72, 29
7.73, 22
7.74, 0
7.75, 9
7.76, 20
7.77, 25
7.78, 23
7.79, 18
7.8, 18
7.81, 23
7.82, 27
7.83, 9
7.84, 9
7.85, 22
7.86, 24
7.87, 20
7.88, 11
7.89, 27
7.9, 16
7.91, 13
7.92, 42
7.93, 20
7.94, 22
7.95, 15
7.96, 11
7.97, 15
7.98, 15
7.99, 49
8, 18
8.01, 13
8.02, 11
8.03, 44
8.04, 24
8.05, 24
8.06, 7
8.07, 11
8.08, 4
8.09, 6
8.1, 31
8.11, 13
8.12, 29
8.13, 20
8.14, 7
8.15, 27
8.16, 31
8.17, 22
8.18, 20
8.19, 7
8.2, 33
8.21, 4
8.22, 22
8.23, 18
8.24, 15
8.25, 2
8.26, 15
8.27, 11
8.28, 13
8.29, 15
8.3, 6
8.31, 26
8.32, 0
8.33, 11
8.34, 11
8.35, 18
8.36, 13
8.37, 4
8.38, 9
8.39, 6
8.4, 22
8.41, 19
8.42, 26
8.43, 13
8.44, 6
8.45, 39
8.46, 15
8.47, 4
8.48, 48
8.49, 2
8.5, 2
8.51, 19
8.52, 8
8.53, 17
8.54, 3
8.55, 20
8.56, 2
8.57, 6
8.58, 20
8.59, 44
8.6, 2
8.61, 35
8.62, 8
8.63, 2
8.64, 28
8.65, 26
8.66, 13
8.67, 26
8.68, 19
8.69, 24
8.7, 22
8.71, 22
8.72, 35
8.73, 28
8.74, 35
8.75, 21
8.76, 10
8.77, 19
8.78, 28
8.79, 17
8.8, 15
8.81, 15
8.82, 32
8.83, 25
8.84, 25
8.85, 9
8.86, 34
8.87, 23
8.88, 9
8.89, 27
8.9, 18
8.91, 5
8.92, 14
8.93, 11
8.94, 13
8.95, 20
8.96, 20
8.97, 22
8.98, 3
8.99, 11
9, 2
9.01, 16
9.02, 27
9.03, 22
9.04, 15
9.05, 38
9.06, 13
9.07, 9
9.08, 7
9.09, 29
9.1, 33
9.11, 27
9.12, 31
9.13, 27
9.14, 15
9.15, 6
9.16, 29
9.17, 26
9.18, 2
9.19, 15
9.2, 18
9.21, 13
9.22, 0
9.23, 9
9.24, 20
9.25, 22
9.26, 26
9.27, 11
9.28, 6
9.29, 8
9.3, 32
9.31, 5
9.32, 23
9.33, 8
9.34, 8
9.35, 3
9.36, 8
9.37, 10
9.38, 19
9.39, 41
9.4, 30
9.41, 16
9.42, 21
9.43, 1
9.44, 16
9.45, 3
9.46, 10
9.47, 10
9.48, 27
9.49, 12
9.5, 19
9.51, 5
9.52, 38
9.53, 43
9.54, 14
9.55, 23
9.56, 16
9.57, 23
9.58, 3
9.59, 34
9.6, 14
9.61, 3
9.62, 9
9.63, 27
9.64, 38
9.65, 18
9.66, 16
9.67, 16
9.68, 5
9.69, 27
9.7, 11
9.71, 29
9.72, 13
9.73, 4
9.74, 8
9.75, 1
9.76, 5
9.77, 1
9.78, 5
9.79, 20
9.8, 11
9.81, 27
9.82, 38
9.83, 0
9.84, 16
9.85, 15
9.86, 24
9.87, 2
9.88, 22
9.89, 31
9.9, 20
9.91, 31
9.92, 2
9.93, 15
9.94, 13
9.95, 6
9.96, 35
9.97, 11
9.98, 9
9.99, 7
10, 24
10.01, 13
10.02, 38
10.03, 15
10.04, 0
10.05, 13
10.06, 9
10.07, 14
10.08, 20
10.09, 16
10.1, 13
10.11, 20
10.12, 18
10.13, 11
10.14, 2
10.15, 13
10.16, 16
10.17, 25
10.18, 29
10.19, 13
10.2, 29
10.21, 15
10.22, 4
10.23, 0
10.24, 6
10.25, 15
10.26, 20
10.27, 2
10.28, 2
10.29, 11
10.3, 4
10.31, 37
10.32, 33
10.33, 31
10.34, 4
10.35, 15
10.36, 6
10.37, 17
10.38, 18
10.39, 4
10.4, 27
10.41, 24
10.42, 18
10.43, 0
10.44, 38
10.45, 16
10.46, 2
10.47, 22
10.48, 16
10.49, 16
10.5, 7
10.51, 4
10.52, 13
10.53, 27
10.54, 13
10.55, 13
10.56, 4
10.57, 20
10.58, 3
10.59, 14
10.6, 31
10.61, 23
10.62, 1
10.63, 9
10.64, 16
10.65, 30
10.66, 7
10.67, 16
10.68, 5
10.69, 7
10.7, 7
10.71, 5
10.72, 9
10.73, 14
10.74, 21
10.75, 6
10.76, 6
10.77, 8
10.78, 34
10.79, 6
10.8, 14
10.81, 28
10.82, 14
10.83, 21
10.84, 59
10.85, 30
10.86, 10
10.87, 14
10.88, 10
10.89, 28
10.9, 10
10.91, 1
10.92, 19
10.93, 0
10.94, 30
10.95, 14
10.96, 5
10.97, 7
10.98, 14
10.99, 18
11, 14
11.01, 29
11.02, 18
11.03, 14
11.04, 5
11.05, 0
11.06, 7
11.07, 18
11.08, 27
11.09, 43
11.1, 18
11.11, 11
11.12, 14
11.13, 11
11.14, 11
11.15, 20
11.16, 11
11.17, 23
11.18, 1
11.19, 34
11.2, 9
11.21, 31
11.22, 22
11.23, 20
11.24, 7
11.25, 34
11.26, 5
11.27, 31
11.28, 7
11.29, 20
11.3, 31
11.31, 22
11.32, 9
11.33, 16
11.34, 11
11.35, 27
11.36, 9
11.37, 2
11.38, 20
11.39, 18
11.4, 25
11.41, 40
11.42, 29
11.43, 31
11.44, 9
11.45, 16
11.46, 7
11.47, 20
11.48, 16
11.49, 22
11.5, 42
11.51, 0
11.52, 11
11.53, 2
11.54, 27
11.55, 29
11.56, 22
11.57, 6
11.58, 4
11.59, 2
11.6, 31
11.61, 6
11.62, 11
11.63, 6
11.64, 9
11.65, 15
11.66, 15
11.67, 4
11.68, 6
11.69, 8
11.7, 8
11.71, 2
11.72, 22
11.73, 17
11.74, 8
11.75, 19
11.76, 15
11.77, 6
11.78, 8
11.79, 22
11.8, 39
11.81, 2
11.82, 15
11.83, 19
11.84, 2
11.85, 8
11.86, 8
11.87, 10
11.88, 24
11.89, 21
11.9, 14
11.91, 16
11.92, 25
11.93, 9
11.94, 21
11.95, 14
11.96, 12
11.97, 1
11.98, 18
11.99, 7
12, 9
12.01, 7
12.02, 14
12.03, 23
12.04, 38
12.05, 3
12.06, 3
12.07, 23
12.08, 14
12.09, 11
12.1, 5
12.11, 11
12.12, 3
12.13, 4
12.14, 13
12.15, 20
12.16, 31
12.17, 6
12.18, 8
12.19, 15
12.2, 15
12.21, 19
12.22, 15
12.23, 2
12.24, 15
12.25, 6
12.26, 10
12.27, 10
12.28, 13
12.29, 53
12.3, 33
12.31, 26
12.32, 17
12.33, 19
12.34, 28
12.35, 24
12.36, 28
12.37, 64
12.38, 55
12.39, 35
12.4, 35
12.41, 66
12.42, 70
12.43, 106
12.44, 79
12.45, 152
12.46, 108
12.47, 110
12.48, 83
12.49, 54
12.5, 65
12.51, 65
12.52, 59
12.53, 39
12.54, 47
12.55, 30
12.56, 18
12.57, 12
12.58, 27
12.59, 5
12.6, 45
12.61, 27
12.62, 14
12.63, 21
12.64, 23
12.65, 36
12.66, 14
12.67, 16
12.68, 7
12.69, 18
12.7, 23
12.71, 31
12.72, 27
12.73, 25
12.74, 31
12.75, 16
12.76, 20
12.77, 44
12.78, 18
12.79, 24
12.8, 27
12.81, 49
12.82, 45
12.83, 47
12.84, 20
12.85, 23
12.86, 27
12.87, 36
12.88, 20
12.89, 58
12.9, 60
12.91, 22
12.92, 78
12.93, 56
12.94, 73
12.95, 82
12.96, 51
12.97, 45
12.98, 49
12.99, 27
13, 67
13.01, 56
13.02, 44
13.03, 49
13.04, 37
13.05, 40
13.06, 33
13.07, 51
13.08, 29
13.09, 31
13.1, 31
13.11, 46
13.12, 62
13.13, 30
13.14, 61
13.15, 44
13.16, 68
13.17, 75
13.18, 98
13.19, 106
13.2, 166
13.21, 129
13.22, 202
13.23, 133
13.24, 104
13.25, 106
13.26, 119
13.27, 42
13.28, 48
13.29, 22
13.3, 28
13.31, 26
13.32, 44
13.33, 17
13.34, 42
13.35, 22
13.36, 17
13.37, 11
13.38, 15
13.39, 31
13.4, 15
13.41, 13
13.42, 26
13.43, 28
13.44, 2
13.45, 33
13.46, 11
13.47, 15
13.48, 26
13.49, 6
13.5, 4
13.51, 13
13.52, 24
13.53, 33
13.54, 13
13.55, 10
13.56, 22
13.57, 2
13.58, 37
13.59, 2
13.6, 28
13.61, 35
13.62, 39
13.63, 10
13.64, 19
13.65, 53
13.66, 57
13.67, 50
13.68, 48
13.69, 39
13.7, 33
13.71, 26
13.72, 44
13.73, 44
13.74, 37
13.75, 50
13.76, 15
13.77, 17
13.78, 2
13.79, 22
13.8, 33
13.81, 2
13.82, 35
13.83, 24
13.84, 26
13.85, 30
13.86, 10
13.87, 10
13.88, 19
13.89, 26
13.9, 0
13.91, 21
13.92, 15
13.93, 21
13.94, 2
13.95, 17
13.96, 15
13.97, 1
13.98, 8
13.99, 17
14, 6
14.01, 9
14.02, 6
14.03, 13
14.04, 1
14.05, 8
14.06, 13
14.07, 26
14.08, 10
14.09, 4
14.1, 17
14.11, 6
14.12, 12
14.13, 2
14.14, 2
14.15, 17
14.16, 7
14.17, 10
14.18, 8
14.19, 15
14.2, 0
14.21, 12
14.22, 12
14.23, 17
14.24, 21
14.25, 44
14.26, 2
14.27, 0
14.28, 21
14.29, 13
14.3, 6
14.31, 15
14.32, 10
14.33, 19
14.34, 4
14.35, 8
14.36, 8
14.37, 6
14.38, 4
14.39, 2
14.4, 26
14.41, 4
14.42, 64
14.43, 28
14.44, 28
14.45, 15
14.46, 8
14.47, 44
14.48, 20
14.49, 20
14.5, 6
14.51, 13
14.52, 6
14.53, 35
14.54, 17
14.55, 17
14.56, 11
14.57, 48
14.58, 22
14.59, 46
14.6, 33
14.61, 31
14.62, 57
14.63, 71
14.64, 84
14.65, 124
14.66, 106
14.67, 182
14.68, 122
14.69, 102
14.7, 119
14.71, 82
14.72, 117
14.73, 77
14.74, 50
14.75, 62
14.76, 33
14.77, 28
14.78, 17
14.79, 26
14.8, 26
14.81, 24
14.82, 19
14.83, 13
14.84, 21
14.85, 26
14.86, 17
14.87, 17
14.88, 2
14.89, 1
14.9, 19
14.91, 35
14.92, 39
14.93, 39
14.94, 41
14.95, 30
14.96, 1
14.97, 4
14.98, 33
14.99, 37
15, 4
15.01, 39
15.02, 19
15.03, 28
15.04, 55
15.05, 37
15.06, 4
15.07, 19
15.08, 24
15.09, 24
15.1, 37
15.11, 33
15.12, 39
15.13, 8
15.14, 26
15.15, 26
15.16, 35
15.17, 48
15.18, 28
15.19, 37
15.2, 30
15.21, 30
15.22, 36
15.23, 47
15.24, 36
15.25, 26
15.26, 30
15.27, 14
15.28, 17
15.29, 8
15.3, 17
15.31, 12
15.32, 19
15.33, 32
15.34, 39
15.35, 16
15.36, 23
15.37, 32
15.38, 3
15.39, 18
15.4, 14
15.41, 9
15.42, 18
15.43, 16
15.44, 3
15.45, 15
15.46, 37
15.47, 15
15.48, 32
15.49, 37
15.5, 32
15.51, 26
15.52, 19
15.53, 4
15.54, 17
15.55, 21
15.56, 30
15.57, 23
15.58, 5
15.59, 24
15.6, 46
15.61, 13
15.62, 13
15.63, 22
15.64, 24
15.65, 2
15.66, 33
15.67, 24
15.68, 2
15.69, 4
15.7, 35
15.71, 6
15.72, 50
15.73, 17
15.74, 19
15.75, 19
15.76, 6
15.77, 1
15.78, 15
15.79, 17
15.8, 15
15.81, 0
15.82, 15
15.83, 13
15.84, 4
15.85, 24
15.86, 22
15.87, 33
15.88, 6
15.89, 22
15.9, 37
15.91, 35
15.92, 35
15.93, 13
15.94, 22
15.95, 19
15.96, 24
15.97, 8
15.98, 8
15.99, 30
16, 8
16.01, 13
16.02, 19
16.03, 22
16.04, 19
16.05, 33
16.06, 17
16.07, 48
16.08, 50
16.09, 19
16.1, 46
16.11, 84
16.12, 77
16.13, 95
16.14, 93
16.15, 88
16.16, 66
16.17, 52
16.18, 32
16.19, 48
16.2, 64
16.21, 35
16.22, 26
16.23, 32
16.24, 28
16.25, 39
16.26, 12
16.27, 28
16.28, 35
16.29, 17
16.3, 6
16.31, 17
16.32, 39
16.33, 19
16.34, 4
16.35, 19
16.36, 15
16.37, 30
16.38, 0
16.39, 4
16.4, 8
16.41, 10
16.42, 13
16.43, 4
16.44, 6
16.45, 17
16.46, 13
16.47, 10
16.48, 6
16.49, 26
16.5, 2
16.51, 6
16.52, 8
16.53, 11
16.54, 33
16.55, 20
16.56, 24
16.57, 6
16.58, 24
16.59, 4
16.6, 4
16.61, 13
16.62, 11
16.63, 24
16.64, 15
16.65, 19
16.66, 0
16.67, 8
16.68, 17
16.69, 33
16.7, 15
16.71, 28
16.72, 2
16.73, 15
16.74, 17
16.75, 6
16.76, 33
16.77, 17
16.78, 4
16.79, 23
16.8, 2
16.81, 15
16.82, 12
16.83, 23
16.84, 19
16.85, 10
16.86, 23
16.87, 0
16.88, 0
16.89, 17
16.9, 23
16.91, 26
16.92, 17
16.93, 33
16.94, 13
16.95, 4
16.96, 8
16.97, 17
16.98, 2
16.99, 4
17, 26
17.01, 15
17.02, 6
17.03, 12
17.04, 19
17.05, 17
17.06, 35
17.07, 8
17.08, 26
17.09, 41
17.1, 15
17.11, 30
17.12, 13
17.13, 17
17.14, 17
17.15, 31
17.16, 42
17.17, 31
17.18, 2
17.19, 33
17.2, 17
17.21, 15
17.22, 17
17.23, 22
17.24, 17
17.25, 2
17.26, 44
17.27, 11
17.28, 31
17.29, 48
17.3, 35
17.31, 24
17.32, 29
17.33, 24
17.34, 29
17.35, 0
17.36, 13
17.37, 33
17.38, 22
17.39, 33
17.4, 31
17.41, 24
17.42, 31
17.43, 15
17.44, 20
17.45, 4
17.46, 27
17.47, 38
17.48, 18
17.49, 7
17.5, 33
17.51, 31
17.52, 27
17.53, 20
17.54, 29
17.55, 9
17.56, 22
17.57, 17
17.58, 37
17.59, 26
17.6, 2
17.61, 33
17.62, 20
17.63, 24
17.64, 39
17.65, 8
17.66, 1
17.67, 17
17.68, 8
17.69, 2
17.7, 21
17.71, 17
17.72, 14
17.73, 45
17.74, 17
17.75, 43
17.76, 45
17.77, 19
17.78, 25
17.79, 1
17.8, 8
17.81, 36
17.82, 7
17.83, 26
17.84, 19
17.85, 21
17.86, 52
17.87, 43
17.88, 59
17.89, 54
17.9, 45
17.91, 99
17.92, 74
17.93, 85
17.94, 179
17.95, 231
17.96, 243
17.97, 185
17.98, 111
17.99, 91
18, 124
18.01, 131
18.02, 102
18.03, 71
18.04, 37
18.05, 33
18.06, 33
18.07, 29
18.08, 35
18.09, 6
18.1, 24
18.11, 4
18.12, 4
18.13, 26
18.14, 15
18.15, 32
18.16, 8
18.17, 8
18.18, 23
18.19, 23
18.2, 21
18.21, 12
18.22, 14
18.23, 43
18.24, 12
18.25, 16
18.26, 7
18.27, 27
18.28, 1
18.29, 14
18.3, 25
18.31, 3
18.32, 20
18.33, 0
18.34, 16
18.35, 20
18.36, 2
18.37, 9
18.38, 15
18.39, 35
18.4, 11
18.41, 2
18.42, 33
18.43, 2
18.44, 21
18.45, 10
18.46, 5
18.47, 23
18.48, 3
18.49, 16
18.5, 5
18.51, 7
18.52, 7
18.53, 3
18.54, 5
18.55, 23
18.56, 5
18.57, 25
18.58, 33
18.59, 2
18.6, 15
18.61, 4
18.62, 13
18.63, 40
18.64, 8
18.65, 4
18.66, 6
18.67, 42
18.68, 8
18.69, 17
18.7, 10
18.71, 3
18.72, 19
18.73, 28
18.74, 32
18.75, 34
18.76, 19
18.77, 27
18.78, 18
18.79, 23
18.8, 32
18.81, 3
18.82, 0
18.83, 27
18.84, 29
18.85, 13
18.86, 4
18.87, 16
18.88, 38
18.89, 13
18.9, 13
18.91, 19
18.92, 0
18.93, 2
18.94, 1
18.95, 15
18.96, 6
18.97, 28
18.98, 17
18.99, 1
19, 25
19.01, 27
19.02, 16
19.03, 5
19.04, 36
19.05, 1
19.06, 18
19.07, 7
19.08, 5
19.09, 7
19.1, 13
19.11, 2
19.12, 13
19.13, 4
19.14, 15
19.15, 11
19.16, 8
19.17, 37
19.18, 1
19.19, 21
19.2, 26
19.21, 37
19.22, 5
19.23, 3
19.24, 3
19.25, 16
19.26, 5
19.27, 16
19.28, 32
19.29, 40
19.3, 7
19.31, 18
19.32, 26
19.33, 0
19.34, 17
19.35, 8
19.36, 37
19.37, 10
19.38, 8
19.39, 17
19.4, 10
19.41, 21
19.42, 45
19.43, 41
19.44, 7
19.45, 65
19.46, 38
19.47, 29
19.48, 16
19.49, 51
19.5, 13
19.51, 57
19.52, 28
19.53, 37
19.54, 35
19.55, 44
19.56, 46
19.57, 46
19.58, 43
19.59, 39
19.6, 43
19.61, 67
19.62, 32
19.63, 56
19.64, 89
19.65, 82
19.66, 58
19.67, 66
19.68, 113
19.69, 71
19.7, 117
19.71, 94
19.72, 72
19.73, 75
19.74, 93
19.75, 82
19.76, 102
19.77, 115
19.78, 147
19.79, 151
19.8, 98
19.81, 118
19.82, 104
19.83, 97
19.84, 97
19.85, 120
19.86, 143
19.87, 126
19.88, 119
19.89, 130
19.9, 143
19.91, 103
19.92, 114
19.93, 119
19.94, 123
19.95, 92
19.96, 141
19.97, 154
19.98, 83
19.99, 130
20, 70
20.01, 92
20.02, 87
20.03, 89
20.04, 62
20.05, 85
20.06, 89
20.07, 67
20.08, 49
20.09, 91
20.1, 57
20.11, 53
20.12, 66
20.13, 79
20.14, 77
20.15, 112
20.16, 72
20.17, 65
20.18, 70
20.19, 45
20.2, 58
20.21, 52
20.22, 61
20.23, 81
20.24, 50
20.25, 30
20.26, 67
20.27, 49
20.28, 49
20.29, 45
20.3, 58
20.31, 76
20.32, 64
20.33, 39
20.34, 26
20.35, 66
20.36, 68
20.37, 61
20.38, 39
20.39, 85
20.4, 50
20.41, 56
20.42, 90
20.43, 65
20.44, 96
20.45, 91
20.46, 38
20.47, 55
20.48, 73
20.49, 44
20.5, 66
20.51, 62
20.52, 35
20.53, 73
20.54, 46
20.55, 48
20.56, 23
20.57, 34
20.58, 41
20.59, 17
20.6, 43
20.61, 34
20.62, 41
20.63, 52
20.64, 5
20.65, 34
20.66, 38
20.67, 32
20.68, 43
20.69, 17
20.7, 10
20.71, 14
20.72, 21
20.73, 41
20.74, 23
20.75, 29
20.76, 16
20.77, 31
20.78, 53
20.79, 4
20.8, 49
20.81, 42
20.82, 13
20.83, 24
20.84, 44
20.85, 22
20.86, 33
20.87, 15
20.88, 1
20.89, 10
20.9, 25
20.91, 5
20.92, 18
20.93, 43
20.94, 3
20.95, 34
20.96, 14
20.97, 8
20.98, 7
20.99, 11
21, 29
21.01, 31
21.02, 11
21.03, 9
21.04, 11
21.05, 20
21.06, 4
21.07, 13
21.08, 3
21.09, 32
21.1, 8
21.11, 23
21.12, 7
21.13, 1
21.14, 3
21.15, 11
21.16, 11
21.17, 13
21.18, 13
21.19, 15
21.2, 11
21.21, 15
21.22, 4
21.23, 15
21.24, 0
21.25, 43
21.26, 12
21.27, 19
21.28, 68
21.29, 70
21.3, 43
21.31, 107
21.32, 151
21.33, 202
21.34, 209
21.35, 196
21.36, 235
21.37, 166
21.38, 155
21.39, 179
21.4, 128
21.41, 115
21.42, 146
21.43, 123
21.44, 85
21.45, 23
21.46, 25
21.47, 23
21.48, 1
21.49, 12
21.5, 3
21.51, 5
21.52, 13
21.53, 0
21.54, 20
21.55, 22
21.56, 4
21.57, 17
21.58, 17
21.59, 39
21.6, 15
21.61, 6
21.62, 39
21.63, 1
21.64, 0
21.65, 19
21.66, 23
21.67, 3
21.68, 20
21.69, 11
21.7, 16
21.71, 7
21.72, 1
21.73, 7
21.74, 22
21.75, 26
21.76, 13
21.77, 6
21.78, 19
21.79, 6
21.8, 26
21.81, 0
21.82, 14
21.83, 2
21.84, 36
21.85, 34
21.86, 30
21.87, 10
21.88, 29
21.89, 31
21.9, 56
21.91, 25
21.92, 67
21.93, 27
21.94, 26
21.95, 40
21.96, 44
21.97, 35
21.98, 33
21.99, 31
22, 44
22.01, 53
22.02, 51
22.03, 17
22.04, 33
22.05, 66
22.06, 44
22.07, 52
22.08, 80
22.09, 56
22.1, 76
22.11, 62
22.12, 76
22.13, 76
22.14, 92
22.15, 96
22.16, 130
22.17, 118
22.18, 122
22.19, 216
22.2, 225
22.21, 256
22.22, 271
22.23, 400
22.24, 479
22.25, 444
22.26, 408
22.27, 306
22.28, 322
22.29, 377
22.3, 304
22.31, 412
22.32, 425
22.33, 285
22.34, 325
22.35, 276
22.36, 265
22.37, 240
22.38, 253
22.39, 240
22.4, 258
22.41, 304
22.42, 224
22.43, 278
22.44, 280
22.45, 379
22.46, 291
22.47, 353
22.48, 317
22.49, 379
22.5, 306
22.51, 359
22.52, 310
22.53, 266
22.54, 297
22.55, 279
22.56, 272
22.57, 285
22.58, 330
22.59, 325
22.6, 287
22.61, 232
22.62, 249
22.63, 223
22.64, 260
22.65, 258
22.66, 229
22.67, 189
22.68, 207
22.69, 182
22.7, 169
22.71, 113
22.72, 147
22.73, 147
22.74, 127
22.75, 147
22.76, 129
22.77, 120
22.78, 109
22.79, 124
22.8, 102
22.81, 111
22.82, 100
22.83, 111
22.84, 91
22.85, 39
22.86, 75
22.87, 82
22.88, 86
22.89, 59
22.9, 57
22.91, 66
22.92, 64
22.93, 72
22.94, 68
22.95, 86
22.96, 59
22.97, 34
22.98, 72
22.99, 30
23, 36
23.01, 34
23.02, 5
23.03, 58
23.04, 29
23.05, 3
23.06, 18
23.07, 29
23.08, 49
23.09, 26
23.1, 44
23.11, 13
23.12, 44
23.13, 53
23.14, 40
23.15, 6
23.16, 40
23.17, 11
23.18, 38
23.19, 4
23.2, 1
23.21, 4
23.22, 9
23.23, 4
23.24, 24
23.25, 4
23.26, 26
23.27, 11
23.28, 9
23.29, 27
23.3, 4
23.31, 29
23.32, 11
23.33, 29
23.34, 9
23.35, 17
23.36, 4
23.37, 9
23.38, 4
23.39, 8
23.4, 7
23.41, 13
23.42, 25
23.43, 0
23.44, 45
23.45, 40
23.46, 11
23.47, 27
23.48, 23
23.49, 16
23.5, 49
23.51, 72
23.52, 65
23.53, 118
23.54, 114
23.55, 214
23.56, 290
23.57, 403
23.58, 541
23.59, 748
23.6, 683
23.61, 641
23.62, 439
23.63, 355
23.64, 348
23.65, 393
23.66, 433
23.67, 404
23.68, 404
23.69, 280
23.7, 162
23.71, 184
23.72, 120
23.73, 80
23.74, 56
23.75, 28
23.76, 92
23.77, 48
23.78, 21
23.79, 52
23.8, 28
23.81, 35
23.82, 22
23.83, 33
23.84, 33
23.85, 26
23.86, 2
23.87, 7
23.88, 22
23.89, 23
23.9, 20
23.91, 12
23.92, 5
23.93, 19
23.94, 26
23.95, 8
23.96, 2
23.97, 44
23.98, 44
23.99, 15
24, 2
24.01, 14
24.02, 7
24.03, 12
24.04, 12
24.05, 12
24.06, 30
24.07, 12
24.08, 32
24.09, 0
24.1, 4
24.11, 35
24.12, 30
24.13, 60
24.14, 6
24.15, 13
24.16, 22
24.17, 18
24.18, 20
24.19, 27
24.2, 23
24.21, 12
24.22, 16
24.23, 25
24.24, 23
24.25, 52
24.26, 48
24.27, 30
24.28, 39
24.29, 26
24.3, 20
24.31, 29
24.32, 9
24.33, 18
24.34, 29
24.35, 14
24.36, 52
24.37, 30
24.38, 28
24.39, 46
24.4, 57
24.41, 39
24.42, 50
24.43, 37
24.44, 17
24.45, 75
24.46, 20
24.47, 70
24.48, 43
24.49, 37
24.5, 48
24.51, 68
24.52, 37
24.53, 19
24.54, 57
24.55, 57
24.56, 77
24.57, 62
24.58, 64
24.59, 86
24.6, 82
24.61, 31
24.62, 42
24.63, 58
24.64, 21
24.65, 23
24.66, 28
24.67, 35
24.68, 13
24.69, 24
24.7, 67
24.71, 22
24.72, 18
24.73, 7
24.74, 17
24.75, 26
24.76, 26
24.77, 2
24.78, 8
24.79, 53
24.8, 35
24.81, 27
24.82, 29
24.83, 38
24.84, 10
24.85, 8
24.86, 21
24.87, 10
24.88, 17
24.89, 24
24.9, 28
24.91, 48
24.92, 1
24.93, 13
24.94, 19
24.95, 42
24.96, 13
24.97, 11
24.98, 1
24.99, 9
25, 14
25.01, 7
25.02, 1
25.03, 17
25.04, 4
25.05, 3
25.06, 25
25.07, 32
25.08, 16
25.09, 0
25.1, 5
25.11, 21
25.12, 9
25.13, 6
25.14, 13
25.15, 29
25.16, 1
25.17, 37
25.18, 50
25.19, 0
25.2, 6
25.21, 31
25.22, 38
25.23, 13
25.24, 7
25.25, 25
25.26, 32
25.27, 17
25.28, 15
25.29, 18
25.3, 29
25.31, 14
25.32, 40
25.33, 54
25.34, 61
25.35, 110
25.36, 161
25.37, 181
25.38, 244
25.39, 337
25.4, 348
25.41, 204
25.42, 164
25.43, 173
25.44, 127
25.45, 165
25.46, 169
25.47, 201
25.48, 183
25.49, 108
25.5, 66
25.51, 64
25.52, 57
25.53, 42
25.54, 2
25.55, 15
25.56, 13
25.57, 13
25.58, 18
25.59, 40
25.6, 25
25.61, 5
25.62, 23
25.63, 19
25.64, 17
25.65, 4
25.66, 26
25.67, 29
25.68, 49
25.69, 7
25.7, 20
25.71, 16
25.72, 14
25.73, 14
25.74, 25
25.75, 19
25.76, 10
25.77, 1
25.78, 6
25.79, 26
25.8, 33
25.81, 2
25.82, 20
25.83, 13
25.84, 13
25.85, 34
25.86, 3
25.87, 18
25.88, 1
25.89, 41
25.9, 23
25.91, 2
25.92, 14
25.93, 19
25.94, 10
25.95, 12
25.96, 4
25.97, 10
25.98, 22
25.99, 24
26, 2
26.01, 42
26.02, 9
26.03, 16
26.04, 22
26.05, 22
26.06, 23
26.07, 36
26.08, 3
26.09, 14
26.1, 16
26.11, 25
26.12, 17
26.13, 23
26.14, 32
26.15, 1
26.16, 30
26.17, 24
26.18, 8
26.19, 15
26.2, 15
26.21, 4
26.22, 24
26.23, 4
26.24, 3
26.25, 29
26.26, 4
26.27, 7
26.28, 20
26.29, 9
26.3, 11
26.31, 25
26.32, 13
26.33, 29
26.34, 20
26.35, 11
26.36, 15
26.37, 0
26.38, 11
26.39, 18
26.4, 16
26.41, 18
26.42, 9
26.43, 18
26.44, 16
26.45, 8
26.46, 38
26.47, 5
26.48, 9
26.49, 1
26.5, 29
26.51, 30
26.52, 14
26.53, 27
26.54, 7
26.55, 23
26.56, 45
26.57, 3
26.58, 5
26.59, 12
26.6, 25
26.61, 3
26.62, 46
26.63, 37
26.64, 17
26.65, 21
26.66, 8
26.67, 10
26.68, 15
26.69, 26
26.7, 6
26.71, 32
26.72, 10
26.73, 1
26.74, 50
26.75, 17
26.76, 28
26.77, 30
26.78, 28
26.79, 37
26.8, 44
26.81, 4
26.82, 44
26.83, 39
26.84, 33
26.85, 26
26.86, 39
26.87, 44
26.88, 73
26.89, 77
26.9, 124
26.91, 122
26.92, 124
26.93, 64
26.94, 66
26.95, 57
26.96, 57
26.97, 64
26.98, 64
26.99, 62
27, 46
27.01, 97
27.02, 39
27.03, 35
27.04, 37
27.05, 6
27.06, 14
27.07, 37
27.08, 32
27.09, 1
27.1, 8
27.11, 10
27.12, 23
27.13, 3
27.14, 41
27.15, 23
27.16, 25
27.17, 7
27.18, 16
27.19, 30
27.2, 43
27.21, 7
27.22, 0
27.23, 0
27.24, 23
27.25, 27
27.26, 16
27.27, 12
27.28, 3
27.29, 15
27.3, 37
27.31, 2
27.32, 10
27.33, 13
27.34, 0
27.35, 46
27.36, 28
27.37, 26
27.38, 19
27.39, 26
27.4, 10
27.41, 30
27.42, 54
27.43, 23
27.44, 21
27.45, 30
27.46, 36
27.47, 29
27.48, 32
27.49, 23
27.5, 9
27.51, 5
27.52, 25
27.53, 14
27.54, 32
27.55, 49
27.56, 59
27.57, 39
27.58, 30
27.59, 37
27.6, 33
27.61, 53
27.62, 17
27.63, 44
27.64, 22
27.65, 53
27.66, 46
27.67, 23
27.68, 50
27.69, 41
27.7, 34
27.71, 44
27.72, 28
27.73, 55
27.74, 73
27.75, 88
27.76, 84
27.77, 110
27.78, 121
27.79, 155
27.8, 228
27.81, 237
27.82, 341
27.83, 306
27.84, 188
27.85, 156
27.86, 133
27.87, 149
27.88, 151
27.89, 180
27.9, 255
27.91, 189
27.92, 180
27.93, 118
27.94, 144
27.95, 111
27.96, 104
27.97, 116
27.98, 123
27.99, 99
28, 163
28.01, 145
28.02, 203
28.03, 199
28.04, 274
28.05, 299
28.06, 403
28.07, 501
28.08, 734
28.09, 821
28.1, 525
28.11, 425
28.12, 301
28.13, 252
28.14, 292
28.15, 290
28.16, 448
28.17, 425
28.18, 397
28.19, 316
28.2, 183
28.21, 145
28.22, 108
28.23, 94
28.24, 90
28.25, 99
28.26, 76
28.27, 54
28.28, 74
28.29, 92
28.3, 41
28.31, 56
28.32, 67
28.33, 72
28.34, 27
28.35, 54
28.36, 38
28.37, 41
28.38, 14
28.39, 49
28.4, 56
28.41, 56
28.42, 29
28.43, 45
28.44, 54
28.45, 58
28.46, 40
28.47, 40
28.48, 16
28.49, 25
28.5, 14
28.51, 42
28.52, 3
28.53, 35
28.54, 35
28.55, 22
28.56, 15
28.57, 39
28.58, 0
28.59, 19
28.6, 21
28.61, 18
28.62, 15
28.63, 15
28.64, 15
28.65, 22
28.66, 4
28.67, 26
28.68, 25
28.69, 7
28.7, 13
28.71, 13
28.72, 33
28.73, 16
28.74, 38
28.75, 0
28.76, 2
28.77, 4
28.78, 2
28.79, 9
28.8, 27
28.81, 5
28.82, 10
28.83, 9
28.84, 2
28.85, 29
28.86, 29
28.87, 16
28.88, 11
28.89, 1
28.9, 10
28.91, 27
28.92, 13
28.93, 18
28.94, 7
28.95, 5
28.96, 18
28.97, 29
28.98, 16
28.99, 13
29, 31
29.01, 18
29.02, 20
29.03, 16
29.04, 17
29.05, 7
29.06, 13
29.07, 13
29.08, 20
29.09, 7
29.1, 9
29.11, 7
29.12, 14
29.13, 18
29.14, 3
29.15, 14
29.16, 3
29.17, 10
29.18, 5
29.19, 11
29.2, 23
29.21, 7
29.22, 10
29.23, 2
29.24, 5
29.25, 18
29.26, 14
29.27, 7
29.28, 7
29.29, 5
29.3, 22
29.31, 13
29.32, 1
29.33, 9
29.34, 9
29.35, 2
29.36, 13
29.37, 16
29.38, 0
29.39, 0
29.4, 13
29.41, 27
29.42, 31
29.43, 38
29.44, 0
29.45, 16
29.46, 36
29.47, 24
29.48, 42
29.49, 29
29.5, 51
29.51, 56
29.52, 58
29.53, 60
29.54, 56
29.55, 129
29.56, 142
29.57, 176
29.58, 171
29.59, 140
29.6, 140
29.61, 96
29.62, 80
29.63, 80
29.64, 105
29.65, 118
29.66, 93
29.67, 89
29.68, 116
29.69, 73
29.7, 60
29.71, 47
29.72, 33
29.73, 40
29.74, 27
29.75, 18
29.76, 24
29.77, 40
29.78, 49
29.79, 24
29.8, 8
29.81, 47
29.82, 20
29.83, 16
29.84, 20
29.85, 33
29.86, 9
29.87, 6
29.88, 33
29.89, 5
29.9, 7
29.91, 7
29.92, 11
29.93, 40
29.94, 29
29.95, 38
29.96, 9
29.97, 9
29.98, 5
29.99, 9
30, 27
30.01, 20
30.02, 37
30.03, 22
30.04, 0
30.05, 13
30.06, 26
30.07, 26
30.08, 15
30.09, 29
30.1, 12
30.11, 21
30.12, 77
30.13, 61
30.14, 35
30.15, 33
30.16, 39
30.17, 53
30.18, 59
30.19, 39
30.2, 48
30.21, 37
30.22, 50
30.23, 6
30.24, 16
30.25, 21
30.26, 18
30.27, 30
30.28, 7
30.29, 32
30.3, 35
30.31, 21
30.32, 32
30.33, 41
30.34, 30
30.35, 66
30.36, 37
30.37, 43
30.38, 54
30.39, 58
30.4, 80
30.41, 125
30.42, 115
30.43, 144
30.44, 198
30.45, 146
30.46, 124
30.47, 104
30.48, 62
30.49, 93
30.5, 78
30.51, 72
30.52, 123
30.53, 123
30.54, 107
30.55, 74
30.56, 87
30.57, 59
30.58, 64
30.59, 76
30.6, 47
30.61, 47
30.62, 25
30.63, 48
30.64, 17
30.65, 45
30.66, 52
30.67, 8
30.68, 41
30.69, 32
30.7, 23
30.71, 28
30.72, 52
30.73, 63
30.74, 12
30.75, 11
30.76, 58
30.77, 29
30.78, 43
30.79, 43
30.8, 41
30.81, 43
30.82, 7
30.83, 47
30.84, 12
30.85, 36
30.86, 54
30.87, 30
30.88, 30
30.89, 39
30.9, 45
30.91, 36
30.92, 39
30.93, 32
30.94, 52
30.95, 32
30.96, 30
30.97, 59
30.98, 26
30.99, 32
31, 36
31.01, 18
31.02, 70
31.03, 59
31.04, 30
31.05, 32
31.06, 39
31.07, 4
31.08, 39
31.09, 82
31.1, 39
31.11, 37
31.12, 48
31.13, 35
31.14, 24
31.15, 31
31.16, 64
31.17, 64
31.18, 22
31.19, 13
31.2, 53
31.21, 49
31.22, 51
31.23, 22
31.24, 60
31.25, 26
31.26, 31
31.27, 51
31.28, 22
31.29, 29
31.3, 60
31.31, 22
31.32, 38
31.33, 40
31.34, 18
31.35, 38
31.36, 5
31.37, 7
31.38, 27
31.39, 51
31.4, 27
31.41, 16
31.42, 25
31.43, 18
31.44, 31
31.45, 27
31.46, 7
31.47, 29
31.48, 29
31.49, 2
31.5, 34
31.51, 49
31.52, 20
31.53, 40
31.54, 49
31.55, 9
31.56, 1
31.57, 23
31.58, 27
31.59, 18
31.6, 27
31.61, 1
31.62, 25
31.63, 16
31.64, 25
31.65, 10
31.66, 30
31.67, 23
31.68, 16
31.69, 43
31.7, 9
31.71, 32
31.72, 5
31.73, 0
31.74, 21
31.75, 14
31.76, 9
31.77, 14
31.78, 22
31.79, 41
31.8, 23
31.81, 0
31.82, 8
31.83, 6
31.84, 6
31.85, 37
31.86, 19
31.87, 6
31.88, 8
31.89, 3
31.9, 17
31.91, 21
31.92, 8
31.93, 12
31.94, 11
31.95, 17
31.96, 9
31.97, 6
31.98, 2
31.99, 26
32, 17
32.01, 11
32.02, 4
32.03, 13
32.04, 8
32.05, 8
32.06, 24
32.07, 13
32.08, 8
32.09, 24
32.1, 26
32.11, 17
32.12, 13
32.13, 22
32.14, 22
32.15, 15
32.16, 4
32.17, 8
32.18, 37
32.19, 15
32.2, 6
32.21, 0
32.22, 20
32.23, 15
32.24, 15
32.25, 24
32.26, 13
32.27, 15
32.28, 39
32.29, 11
32.3, 31
32.31, 13
32.32, 17
32.33, 37
32.34, 24
32.35, 22
32.36, 70
32.37, 30
32.38, 13
32.39, 22
32.4, 8
32.41, 19
32.42, 15
32.43, 28
32.44, 44
32.45, 33
32.46, 28
32.47, 39
32.48, 30
32.49, 33
32.5, 24
32.51, 19
32.52, 24
32.53, 35
32.54, 35
32.55, 24
32.56, 52
32.57, 39
32.58, 26
32.59, 46
32.6, 46
32.61, 52
32.62, 32
32.63, 14
32.64, 41
32.65, 14
32.66, 36
32.67, 1
32.68, 38
32.69, 38
32.7, 27
32.71, 27
32.72, 58
32.73, 76
32.74, 56
32.75, 56
32.76, 69
32.77, 62
32.78, 38
32.79, 31
32.8, 33
32.81, 67
32.82, 49
32.83, 44
32.84, 62
32.85, 76
32.86, 50
32.87, 37
32.88, 41
32.89, 41
32.9, 11
32.91, 34
32.92, 22
32.93, 24
32.94, 40
32.95, 0
32.96, 0
32.97, 15
32.98, 29
32.99, 31
33, 24
33.01, 26
33.02, 29
33.03, 15
33.04, 2
33.05, 0
33.06, 6
33.07, 17
33.08, 0
33.09, 20
33.1, 22
33.11, 4
33.12, 13
33.13, 20
33.14, 19
33.15, 39
33.16, 7
33.17, 1
33.18, 20
33.19, 25
33.2, 5
33.21, 9
33.22, 14
33.23, 10
33.24, 43
33.25, 10
33.26, 10
33.27, 23
33.28, 12
33.29, 8
33.3, 8
33.31, 28
33.32, 32
33.33, 4
33.34, 12
33.35, 15
33.36, 15
33.37, 10
33.38, 1
33.39, 26
33.4, 6
33.41, 17
33.42, 14
33.43, 6
33.44, 8
33.45, 39
33.46, 33
33.47, 53
33.48, 71
33.49, 89
33.5, 129
33.51, 164
33.52, 282
33.53, 396
33.54, 400
33.55, 238
33.56, 213
33.57, 120
33.58, 80
33.59, 87
33.6, 69
33.61, 91
33.62, 189
33.63, 191
33.64, 211
33.65, 178
33.66, 98
33.67, 67
33.68, 60
33.69, 42
33.7, 35
33.71, 22
33.72, 53
33.73, 20
33.74, 24
33.75, 29
33.76, 31
33.77, 33
33.78, 60
33.79, 62
33.8, 78
33.81, 89
33.82, 109
33.83, 138
33.84, 158
33.85, 113
33.86, 60
33.87, 42
33.88, 78
33.89, 60
33.9, 71
33.91, 46
33.92, 80
33.93, 93
33.94, 84
33.95, 42
33.96, 58
33.97, 44
33.98, 15
33.99, 24
34, 15
34.01, 11
34.02, 9
34.03, 6
34.04, 9
34.05, 17
34.06, 22
34.07, 24
34.08, 25
34.09, 45
34.1, 31
34.11, 7
34.12, 16
34.13, 56
34.14, 45
34.15, 70
34.16, 107
34.17, 83
34.18, 67
34.19, 56
34.2, 30
34.21, 39
34.22, 28
34.23, 41
34.24, 32
34.25, 32
34.26, 48
34.27, 5
34.28, 48
34.29, 34
34.3, 19
34.31, 10
34.32, 14
34.33, 10
34.34, 1
34.35, 16
34.36, 2
34.37, 17
34.38, 22
34.39, 2
34.4, 9
34.41, 5
34.42, 10
34.43, 9
34.44, 18
34.45, 9
34.46, 18
34.47, 2
34.48, 9
34.49, 29
34.5, 8
34.51, 20
34.52, 14
34.53, 20
34.54, 2
34.55, 5
34.56, 20
34.57, 33
34.58, 11
34.59, 27
34.6, 58
34.61, 67
34.62, 87
34.63, 71
34.64, 85
34.65, 47
34.66, 40
34.67, 45
34.68, 27
34.69, 23
34.7, 38
34.71, 32
34.72, 54
34.73, 58
34.74, 41
34.75, 29
34.76, 18
34.77, 5
34.78, 23
34.79, 10
34.8, 34
34.81, 10
34.82, 27
34.83, 21
34.84, 5
34.85, 3
34.86, 19
34.87, 8
34.88, 0
34.89, 8
34.9, 10
34.91, 10
34.92, 6
34.93, 32
34.94, 19
34.95, 28
34.96, 12
34.97, 4
34.98, 17
34.99, 19
35, 8
35.01, 1
35.02, 10
35.03, 2
35.04, 4
35.05, 6
35.06, 15
35.07, 13
35.08, 28
35.09, 13
35.1, 26
35.11, 15
35.12, 11
35.13, 4
35.14, 9
35.15, 6
35.16, 18
35.17, 4
35.18, 24
35.19, 13
35.2, 4
35.21, 27
35.22, 11
35.23, 2
35.24, 31
35.25, 6
35.26, 0
35.27, 9
35.28, 2
35.29, 13
35.3, 4
35.31, 26
35.32, 28
35.33, 0
35.34, 18
35.35, 9
35.36, 16
35.37, 22
35.38, 20
35.39, 22
35.4, 1
35.41, 29
35.42, 14
35.43, 9
35.44, 18
35.45, 11
35.46, 16
35.47, 7
35.48, 20
35.49, 18
35.5, 29
35.51, 27
35.52, 18
35.53, 18
35.54, 23
35.55, 27
35.56, 21
35.57, 14
35.58, 5
35.59, 25
35.6, 27
35.61, 23
35.62, 22
35.63, 34
35.64, 11
35.65, 27
35.66, 27
35.67, 22
35.68, 25
35.69, 18
35.7, 58
35.71, 44
35.72, 42
35.73, 27
35.74, 11
35.75, 29
35.76, 29
35.77, 18
35.78, 24
35.79, 27
35.8, 45
35.81, 36
35.82, 27
35.83, 30
35.84, 54
35.85, 17
35.86, 26
35.87, 32
35.88, 17
35.89, 21
35.9, 28
35.91, 26
35.92, 29
35.93, 25
35.94, 29
35.95, 27
35.96, 29
35.97, 38
35.98, 20
35.99, 18
36, 38
36.01, 14
36.02, 25
36.03, 38
36.04, 25
36.05, 21
36.06, 18
36.07, 14
36.08, 3
36.09, 12
36.1, 10
36.11, 23
36.12, 34
36.13, 30
36.14, 14
36.15, 14
36.16, 19
36.17, 25
36.18, 41
36.19, 43
36.2, 21
36.21, 28
36.22, 28
36.23, 30
36.24, 23
36.25, 14
36.26, 30
36.27, 30
36.28, 12
36.29, 21
36.3, 14
36.31, 14
36.32, 37
36.33, 43
36.34, 60
36.35, 44
36.36, 35
36.37, 38
36.38, 22
36.39, 40
36.4, 31
36.41, 34
36.42, 32
36.43, 5
36.44, 45
36.45, 18
36.46, 38
36.47, 29
36.48, 33
36.49, 44
36.5, 11
36.51, 22
36.52, 37
36.53, 4
36.54, 31
36.55, 53
36.56, 40
36.57, 27
36.58, 38
36.59, 62
36.6, 6
36.61, 17
36.62, 55
36.63, 42
36.64, 49
36.65, 44
36.66, 44
36.67, 46
36.68, 37
36.69, 73
36.7, 62
36.71, 87
36.72, 107
36.73, 221
36.74, 205
36.75, 190
36.76, 150
36.77, 132
36.78, 65
36.79, 49
36.8, 72
36.81, 54
36.82, 65
36.83, 109
36.84, 125
36.85, 116
36.86, 105
36.87, 109
36.88, 71
36.89, 91
36.9, 42
36.91, 45
36.92, 25
36.93, 16
36.94, 22
36.95, 13
36.96, 5
36.97, 11
36.98, 7
36.99, 20
37, 24
37.01, 2
37.02, 12
37.03, 33
37.04, 24
37.05, 35
37.06, 4
37.07, 11
37.08, 17
37.09, 26
37.1, 0
37.11, 13
37.12, 26
37.13, 24
37.14, 10
37.15, 2
37.16, 4
37.17, 26
37.18, 4
37.19, 30
37.2, 24
37.21, 6
37.22, 15
37.23, 30
37.24, 2
37.25, 12
37.26, 39
37.27, 21
37.28, 14
37.29, 5
37.3, 10
37.31, 32
37.32, 36
37.33, 23
37.34, 1
37.35, 12
37.36, 3
37.37, 29
37.38, 27
37.39, 3
37.4, 18
37.41, 29
37.42, 27
37.43, 2
37.44, 33
37.45, 13
37.46, 17
37.47, 0
37.48, 11
37.49, 8
37.5, 19
37.51, 33
37.52, 8
37.53, 11
37.54, 0
37.55, 12
37.56, 2
37.57, 19
37.58, 8
37.59, 8
37.6, 3
37.61, 1
37.62, 3
37.63, 32
37.64, 14
37.65, 27
37.66, 0
37.67, 22
37.68, 0
37.69, 18
37.7, 7
37.71, 0
37.72, 4
37.73, 46
37.74, 2
37.75, 8
37.76, 8
37.77, 37
37.78, 17
37.79, 12
37.8, 26
37.81, 3
37.82, 14
37.83, 8
37.84, 30
37.85, 12
37.86, 14
37.87, 12
37.88, 5
37.89, 20
37.9, 7
37.91, 47
37.92, 18
37.93, 0
37.94, 0
37.95, 20
37.96, 0
37.97, 29
37.98, 24
37.99, 9
38, 15
38.01, 17
38.02, 2
38.03, 22
38.04, 21
38.05, 1
38.06, 48
38.07, 6
38.08, 21
38.09, 21
38.1, 50
38.11, 25
38.12, 23
38.13, 7
38.14, 0
38.15, 11
38.16, 25
38.17, 31
38.18, 29
38.19, 11
38.2, 9
38.21, 17
38.22, 12
38.23, 18
38.24, 36
38.25, 0
38.26, 43
38.27, 34
38.28, 45
38.29, 24
38.3, 24
38.31, 28
38.32, 50
38.33, 25
38.34, 30
38.35, 36
38.36, 45
38.37, 3
38.38, 22
38.39, 20
38.4, 36
38.41, 38
38.42, 42
38.43, 44
38.44, 35
38.45, 30
38.46, 21
38.47, 37
38.48, 37
38.49, 34
38.5, 28
38.51, 59
38.52, 41
38.53, 34
38.54, 47
38.55, 25
38.56, 25
38.57, 49
38.58, 5
38.59, 64
38.6, 57
38.61, 33
38.62, 30
38.63, 44
38.64, 21
38.65, 15
38.66, 39
38.67, 5
38.68, 16
38.69, 16
38.7, 3
38.71, 1
38.72, 58
38.73, 33
38.74, 4
38.75, 28
38.76, 34
38.77, 17
38.78, 28
38.79, 25
38.8, 16
38.81, 5
38.82, 29
38.83, 5
38.84, 18
38.85, 13
38.86, 27
38.87, 20
38.88, 6
38.89, 22
38.9, 2
38.91, 2
38.92, 11
38.93, 14
38.94, 26
38.95, 0
38.96, 14
38.97, 1
38.98, 19
38.99, 14
39, 21
39.01, 7
39.02, 18
39.03, 20
39.04, 36
39.05, 2
39.06, 18
39.07, 2
39.08, 17
39.09, 6
39.1, 17
39.11, 4
39.12, 24
39.13, 9
39.14, 15
39.15, 1
39.16, 10
39.17, 6
39.18, 26
39.19, 30
39.2, 16
39.21, 12
39.22, 10
39.23, 47
39.24, 58
39.25, 50
39.26, 61
39.27, 74
39.28, 63
39.29, 94
39.3, 83
39.31, 54
39.32, 41
39.33, 23
39.34, 23
39.35, 7
39.36, 36
39.37, 29
39.38, 65
39.39, 56
39.4, 60
39.41, 42
39.42, 67
39.43, 71
39.44, 42
39.45, 41
39.46, 41
39.47, 36
39.48, 18
39.49, 41
39.5, 16
39.51, 32
39.52, 9
39.53, 40
39.54, 9
39.55, 38
39.56, 47
39.57, 11
39.58, 14
39.59, 2
39.6, 25
39.61, 56
39.62, 29
39.63, 45
39.64, 54
39.65, 23
39.66, 25
39.67, 14
39.68, 43
39.69, 60
39.7, 54
39.71, 105
39.72, 80
39.73, 47
39.74, 58
39.75, 83
39.76, 65
39.77, 67
39.78, 60
39.79, 107
39.8, 38
39.81, 71
39.82, 60
39.83, 63
39.84, 69
39.85, 74
39.86, 78
39.87, 100
39.88, 123
39.89, 178
39.9, 163
39.91, 125
39.92, 129
39.93, 156
39.94, 119
39.95, 121
39.96, 112
39.97, 105
39.98, 105
39.99, 119
40, 103
40.01, 157
40.02, 92
40.03, 132
40.04, 123
40.05, 119
40.06, 103
40.07, 81
40.08, 51
40.09, 93
40.1, 38
40.11, 38
40.12, 66
40.13, 46
40.14, 73
40.15, 40
40.16, 20
40.17, 84
40.18, 51
40.19, 64
40.2, 67
40.21, 27
40.22, 58
40.23, 56
40.24, 52
40.25, 58
40.26, 65
40.27, 69
40.28, 92
40.29, 74
40.3, 88
40.31, 90
40.32, 54
40.33, 32
40.34, 56
40.35, 47
40.36, 41
40.37, 68
40.38, 28
40.39, 19
40.4, 61
40.41, 35
40.42, 35
40.43, 50
40.44, 77
40.45, 6
40.46, 31
40.47, 6
40.48, 20
40.49, 37
40.5, 8
40.51, 28
40.52, 30
40.53, 39
40.54, 37
40.55, 20
40.56, 6
40.57, 9
40.58, 31
40.59, 4
40.6, 13
40.61, 13
40.62, 1
40.63, 11
40.64, 10
40.65, 14
40.66, 18
40.67, 29
40.68, 16
40.69, 12
40.7, 27
40.71, 5
40.72, 3
40.73, 23
40.74, 25
40.75, 32
40.76, 0
40.77, 8
40.78, 32
40.79, 1
40.8, 23
40.81, 4
40.82, 8
40.83, 41
40.84, 8
40.85, 4
40.86, 15
40.87, 28
40.88, 8
40.89, 35
40.9, 37
40.91, 15
40.92, 22
40.93, 15
40.94, 4
40.95, 29
40.96, 35
40.97, 22
40.98, 33
40.99, 16
41, 22
41.01, 25
41.02, 29
41.03, 1
41.04, 34
41.05, 9
41.06, 16
41.07, 18
41.08, 32
41.09, 5
41.1, 12
41.11, 14
41.12, 21
41.13, 7
41.14, 10
41.15, 17
41.16, 50
41.17, 32
41.18, 50
41.19, 35
41.2, 24
41.21, 46
41.22, 68
41.23, 68
41.24, 31
41.25, 15
41.26, 33
41.27, 15
41.28, 15
41.29, 35
41.3, 24
41.31, 20
41.32, 2
41.33, 22
41.34, 11
41.35, 31
41.36, 9
41.37, 7
41.38, 16
41.39, 20
41.4, 5
41.41, 3
41.42, 21
41.43, 21
41.44, 14
41.45, 23
41.46, 19
41.47, 23
41.48, 25
41.49, 5
41.5, 14
41.51, 17
41.52, 17
41.53, 26
41.54, 17
41.55, 24
41.56, 13
41.57, 13
41.58, 17
41.59, 4
41.6, 44
41.61, 11
41.62, 28
41.63, 2
41.64, 0
41.65, 19
41.66, 10
41.67, 19
41.68, 22
41.69, 33
41.7, 44
41.71, 4
41.72, 62
41.73, 5
41.74, 3
41.75, 11
41.76, 31
41.77, 27
41.78, 45
41.79, 16
41.8, 20
41.81, 18
41.82, 41
41.83, 32
41.84, 20
41.85, 31
41.86, 36
41.87, 7
41.88, 40
41.89, 47
41.9, 3
41.91, 31
41.92, 31
41.93, 29
41.94, 67
41.95, 49
41.96, 31
41.97, 45
41.98, 56
41.99, 12
42, 60
42.01, 36
42.02, 36
42.03, 38
42.04, 38
42.05, 42
42.06, 56
42.07, 29
42.08, 20
42.09, 34
42.1, 29
42.11, 54
42.12, 58
42.13, 43
42.14, 79
42.15, 41
42.16, 48
42.17, 85
42.18, 48
42.19, 12
42.2, 39
42.21, 39
42.22, 28
42.23, 66
42.24, 52
42.25, 64
42.26, 57
42.27, 22
42.28, 31
42.29, 40
42.3, 75
42.31, 51
42.32, 35
42.33, 55
42.34, 68
42.35, 37
42.36, 35
42.37, 40
42.38, 64
42.39, 37
42.4, 46
42.41, 35
42.42, 53
42.43, 22
42.44, 42
42.45, 17
42.46, 35
42.47, 39
42.48, 39
42.49, 19
42.5, 41
42.51, 59
42.52, 10
42.53, 23
42.54, 41
42.55, 37
42.56, 50
42.57, 14
42.58, 32
42.59, 23
42.6, 1
42.61, 5
42.62, 27
42.63, 18
42.64, 7
42.65, 23
42.66, 16
42.67, 27
42.68, 38
42.69, 0
42.7, 27
42.71, 36
42.72, 20
42.73, 27
42.74, 3
42.75, 27
42.76, 27
42.77, 20
42.78, 25
42.79, 40
42.8, 22
42.81, 31
42.82, 9
42.83, 13
42.84, 29
42.85, 33
42.86, 29
42.87, 4
42.88, 34
42.89, 27
42.9, 7
42.91, 3
42.92, 21
42.93, 16
42.94, 20
42.95, 23
42.96, 50
42.97, 52
42.98, 10
42.99, 8
43, 0
43.01, 3
43.02, 25
43.03, 30
43.04, 28
43.05, 48
43.06, 36
43.07, 45
43.08, 32
43.09, 52
43.1, 97
43.11, 50
43.12, 39
43.13, 37
43.14, 54
43.15, 28
43.16, 21
43.17, 41
43.18, 43
43.19, 32
43.2, 39
43.21, 30
43.22, 32
43.23, 34
43.24, 32
43.25, 28
43.26, 19
43.27, 32
43.28, 17
43.29, 2
43.3, 6
43.31, 23
43.32, 5
43.33, 6
43.34, 3
43.35, 6
43.36, 12
43.37, 6
43.38, 0
43.39, 23
43.4, 2
43.41, 19
43.42, 0
43.43, 32
43.44, 26
43.45, 26
43.46, 7
43.47, 26
43.48, 37
43.49, 17
43.5, 30
43.51, 46
43.52, 17
43.53, 39
43.54, 5
43.55, 19
43.56, 23
43.57, 1
43.58, 34
43.59, 19
43.6, 48
43.61, 28
43.62, 0
43.63, 1
43.64, 17
43.65, 32
43.66, 34
43.67, 41
43.68, 14
43.69, 17
43.7, 17
43.71, 28
43.72, 17
43.73, 26
43.74, 43
43.75, 59
43.76, 61
43.77, 48
43.78, 104
43.79, 64
43.8, 57
43.81, 61
43.82, 32
43.83, 43
43.84, 16
43.85, 36
43.86, 45
43.87, 32
43.88, 59
43.89, 65
43.9, 36
43.91, 76
43.92, 34
43.93, 52
43.94, 45
43.95, 30
43.96, 57
43.97, 46
43.98, 44
43.99, 17
44, 15
44.01, 37
44.02, 37
44.03, 30
44.04, 39
44.05, 21
44.06, 37
44.07, 28
44.08, 44
44.09, 55
44.1, 32
44.11, 27
44.12, 23
44.13, 21
44.14, 7
44.15, 27
44.16, 39
44.17, 19
44.18, 19
44.19, 36
44.2, 3
44.21, 14
44.22, 34
44.23, 23
44.24, 21
44.25, 56
44.26, 23
44.27, 23
44.28, 12
44.29, 19
44.3, 21
44.31, 3
44.32, 41
44.33, 30
44.34, 41
44.35, 21
44.36, 50
44.37, 25
44.38, 28
44.39, 10
44.4, 23
44.41, 5
44.42, 17
44.43, 30
44.44, 8
44.45, 5
44.46, 5
44.47, 19
44.48, 17
44.49, 30
44.5, 32
44.51, 21
44.52, 30
44.53, 21
44.54, 5
44.55, 45
44.56, 25
44.57, 45
44.58, 30
44.59, 19
44.6, 16
44.61, 10
44.62, 18
44.63, 7
44.64, 14
44.65, 27
44.66, 1
44.67, 25
44.68, 22
44.69, 34
44.7, 16
44.71, 43
44.72, 5
44.73, 7
44.74, 20
44.75, 11
44.76, 16
44.77, 9
44.78, 16
44.79, 7
44.8, 23
44.81, 16
44.82, 20
44.83, 9
44.84, 23
44.85, 7
44.86, 9
44.87, 34
44.88, 3
44.89, 18
44.9, 18
44.91, 12
44.92, 25
44.93, 1
44.94, 3
44.95, 1
44.96, 0
44.97, 7
44.98, 23
44.99, 10
45, 3
45.01, 14
45.02, 20
45.03, 2
45.04, 17
45.05, 1
45.06, 10
45.07, 5
45.08, 10
45.09, 17
45.1, 17
45.11, 0
45.12, 14
45.13, 14
45.14, 19
45.15, 7
45.16, 39
45.17, 19
45.18, 21
45.19, 28
45.2, 6
45.21, 8
45.22, 1
45.23, 0
45.24, 39
45.25, 10
45.26, 28
45.27, 48
45.28, 41
45.29, 44
45.3, 35
45.31, 44
45.32, 46
45.33, 64
45.34, 31
45.35, 22
45.36, 29
45.37, 4
45.38, 37
45.39, 0
45.4, 29
45.41, 24
45.42, 29
45.43, 31
45.44, 35
45.45, 15
45.46, 29
45.47, 15
45.48, 15
45.49, 22
45.5, 47
45.51, 18
45.52, 13
45.53, 32
45.54, 25
45.55, 21
45.56, 14
45.57, 12
45.58, 10
45.59, 8
45.6, 12
45.61, 19
45.62, 26
45.63, 3
45.64, 30
45.65, 52
45.66, 26
45.67, 32
45.68, 35
45.69, 28
45.7, 21
45.71, 26
45.72, 4
45.73, 22
45.74, 26
45.75, 10
45.76, 37
45.77, 11
45.78, 17
45.79, 13
45.8, 40
45.81, 37
45.82, 22
45.83, 27
45.84, 44
45.85, 22
45.86, 11
45.87, 33
45.88, 51
45.89, 51
45.9, 36
45.91, 29
45.92, 51
45.93, 70
45.94, 21
45.95, 52
45.96, 30
45.97, 19
45.98, 12
45.99, 43
46, 88
46.01, 35
46.02, 17
46.03, 44
46.04, 39
46.05, 21
46.06, 39
46.07, 46
46.08, 88
46.09, 37
46.1, 64
46.11, 0
46.12, 33
46.13, 49
46.14, 15
46.15, 42
46.16, 44
46.17, 37
46.18, 62
46.19, 64
46.2, 42
46.21, 57
46.22, 32
46.23, 29
46.24, 61
46.25, 23
46.26, 25
46.27, 61
46.28, 41
46.29, 74
46.3, 54
46.31, 41
46.32, 34
46.33, 17
46.34, 39
46.35, 41
46.36, 59
46.37, 19
46.38, 10
46.39, 23
46.4, 19
46.41, 17
46.42, 23
46.43, 14
46.44, 28
46.45, 43
46.46, 37
46.47, 50
46.48, 19
46.49, 2
46.5, 28
46.51, 20
46.52, 10
46.53, 20
46.54, 26
46.55, 13
46.56, 9
46.57, 2
46.58, 7
46.59, 7
46.6, 16
46.61, 34
46.62, 22
46.63, 20
46.64, 18
46.65, 7
46.66, 7
46.67, 9
46.68, 18
46.69, 27
46.7, 36
46.71, 32
46.72, 7
46.73, 39
46.74, 21
46.75, 8
46.76, 0
46.77, 9
46.78, 3
46.79, 16
46.8, 7
46.81, 23
46.82, 19
46.83, 34
46.84, 14
46.85, 23
46.86, 8
46.87, 19
46.88, 8
46.89, 10
46.9, 30
46.91, 10
46.92, 10
46.93, 2
46.94, 2
46.95, 11
46.96, 12
46.97, 36
46.98, 7
46.99, 5
47, 19
47.01, 0
47.02, 28
47.03, 10
47.04, 23
47.05, 17
47.06, 23
47.07, 10
47.08, 0
47.09, 28
47.1, 8
47.11, 19
47.12, 4
47.13, 8
47.14, 1
47.15, 15
47.16, 17
47.17, 8
47.18, 35
47.19, 19
47.2, 31
47.21, 20
47.22, 17
47.23, 20
47.24, 40
47.25, 6
47.26, 6
47.27, 4
47.28, 18
47.29, 9
47.3, 22
47.31, 29
47.32, 11
47.33, 40
47.34, 9
47.35, 16
47.36, 11
47.37, 13
47.38, 25
47.39, 14
47.4, 31
47.41, 34
47.42, 34
47.43, 45
47.44, 36
47.45, 18
47.46, 1
47.47, 14
47.48, 21
47.49, 12
47.5, 14
47.51, 3
47.52, 28
47.53, 36
47.54, 3
47.55, 5
47.56, 32
47.57, 10
47.58, 17
47.59, 32
47.6, 32
47.61, 35
47.62, 35
47.63, 19
47.64, 4
47.65, 19
47.66, 12
47.67, 1
47.68, 20
47.69, 24
47.7, 29
47.71, 31
47.72, 4
47.73, 37
47.74, 15
47.75, 19
47.76, 19
47.77, 8
47.78, 24
47.79, 8
47.8, 2
47.81, 16
47.82, 22
47.83, 20
47.84, 5
47.85, 38
47.86, 20
47.87, 38
47.88, 3
47.89, 9
47.9, 12
47.91, 7
47.92, 22
47.93, 20
47.94, 25
47.95, 18
47.96, 21
47.97, 9
47.98, 25
47.99, 1
48, 22
48.01, 0
48.02, 18
48.03, 42
48.04, 14
48.05, 20
48.06, 18
48.07, 18
48.08, 16
48.09, 20
48.1, 23
48.11, 9
48.12, 23
48.13, 14
48.14, 3
48.15, 10
48.16, 36
48.17, 5
48.18, 16
48.19, 23
48.2, 16
48.21, 31
48.22, 22
48.23, 13
48.24, 7
48.25, 33
48.26, 20
48.27, 16
48.28, 15
48.29, 13
48.3, 20
48.31, 24
48.32, 28
48.33, 42
48.34, 44
48.35, 11
48.36, 42
48.37, 8
48.38, 17
48.39, 26
48.4, 37
48.41, 37
48.42, 15
48.43, 30
48.44, 17
48.45, 33
48.46, 15
48.47, 19
48.48, 1
48.49, 24
48.5, 15
48.51, 17
48.52, 31
48.53, 37
48.54, 13
48.55, 37
48.56, 15
48.57, 33
48.58, 7
48.59, 20
48.6, 25
48.61, 2
48.62, 58
48.63, 11
48.64, 7
48.65, 2
48.66, 49
48.67, 24
48.68, 13
48.69, 31
48.7, 26
48.71, 2
48.72, 30
48.73, 28
48.74, 8
48.75, 30
48.76, 15
48.77, 24
48.78, 35
48.79, 37
48.8, 21
48.81, 17
48.82, 3
48.83, 43
48.84, 3
48.85, 28
48.86, 7
48.87, 30
48.88, 3
48.89, 12
48.9, 23
48.91, 38
48.92, 5
48.93, 18
48.94, 36
48.95, 11
48.96, 25
48.97, 16
48.98, 0
48.99, 62
49, 6
49.01, 22
49.02, 7
49.03, 4
49.04, 7
49.05, 0
49.06, 22
49.07, 2
49.08, 11
49.09, 8
49.1, 19
49.11, 0
49.12, 19
49.13, 2
49.14, 37
49.15, 14
49.16, 4
49.17, 31
49.18, 24
49.19, 10
49.2, 28
49.21, 14
49.22, 19
49.23, 19
49.24, 30
49.25, 18
49.26, 10
49.27, 9
49.28, 3
49.29, 18
49.3, 14
49.31, 25
49.32, 0
49.33, 2
49.34, 26
49.35, 1
49.36, 23
49.37, 34
49.38, 29
49.39, 23
49.4, 36
49.41, 56
49.42, 11
49.43, 51
49.44, 9
49.45, 13
49.46, 20
49.47, 31
49.48, 35
49.49, 31
49.5, 53
49.51, 35
49.52, 53
49.53, 6
49.54, 50
49.55, 21
49.56, 23
49.57, 28
49.58, 14
49.59, 16
49.6, 14
49.61, 14
49.62, 21
49.63, 29
49.64, 20
49.65, 29
49.66, 9
49.67, 27
49.68, 16
49.69, 40
49.7, 10
49.71, 4
49.72, 6
49.73, 26
49.74, 11
49.75, 4
49.76, 10
49.77, 15
49.78, 15
49.79, 17
49.8, 26
49.81, 19
49.82, 23
49.83, 16
49.84, 16
49.85, 27
49.86, 12
49.87, 11
49.88, 16
49.89, 20
49.9, 18
49.91, 11
49.92, 11
49.93, 15
49.94, 24
49.95, 4
49.96, 15
49.97, 28
49.98, 30
49.99, 4
50, 8
50.01, 43
50.02, 28
50.03, 5
50.04, 5
50.05, 19
50.06, 3
50.07, 47
50.08, 6
50.09, 27
50.1, 6
50.11, 29
50.12, 4
50.13, 8
50.14, 24
50.15, 26
50.16, 15
50.17, 4
50.18, 41
50.19, 0
50.2, 30
50.21, 29
50.22, 40
50.23, 49
50.24, 5
50.25, 56
50.26, 25
50.27, 16
50.28, 1
50.29, 27
50.3, 29
50.31, 33
50.32, 40
50.33, 26
50.34, 26
50.35, 10
50.36, 1
50.37, 34
50.38, 19
50.39, 43
50.4, 34
50.41, 52
50.42, 45
50.43, 61
50.44, 43
50.45, 54
50.46, 54
50.47, 58
50.48, 49
50.49, 49
50.5, 31
50.51, 25
50.52, 47
50.53, 60
50.54, 27
50.55, 67
50.56, 69
50.57, 87
50.58, 33
50.59, 62
50.6, 80
50.61, 113
50.62, 91
50.63, 113
50.64, 173
50.65, 184
50.66, 233
50.67, 169
50.68, 191
50.69, 173
50.7, 131
50.71, 102
50.72, 97
50.73, 68
50.74, 84
50.75, 115
50.76, 101
50.77, 99
50.78, 95
50.79, 86
50.8, 79
50.81, 97
50.82, 115
50.83, 90
50.84, 104
50.85, 90
50.86, 88
50.87, 61
50.88, 21
50.89, 37
50.9, 30
50.91, 27
50.92, 14
50.93, 45
50.94, 45
50.95, 34
50.96, 26
50.97, 56
50.98, 25
50.99, 92
51, 38
51.01, 49
51.02, 32
51.03, 14
51.04, 32
51.05, 21
51.06, 14
51.07, 30
51.08, 21
51.09, 56
51.1, 30
51.11, 34
51.12, 41
51.13, 12
51.14, 54
51.15, 59
51.16, 61
51.17, 59
51.18, 54
51.19, 41
51.2, 21
51.21, 21
51.22, 45
51.23, 40
51.24, 20
51.25, 0
51.26, 49
51.27, 33
51.28, 24
51.29, 31
51.3, 60
51.31, 27
51.32, 53
51.33, 62
51.34, 34
51.35, 7
51.36, 16
51.37, 5
51.38, 23
51.39, 34
51.4, 19
51.41, 23
51.42, 55
51.43, 26
51.44, 13
51.45, 39
51.46, 2
51.47, 42
51.48, 11
51.49, 4
51.5, 31
51.51, 37
51.52, 44
51.53, 18
51.54, 7
51.55, 29
51.56, 18
51.57, 10
51.58, 25
51.59, 36
51.6, 36
51.61, 45
51.62, 21
51.63, 50
51.64, 35
51.65, 13
51.66, 49
51.67, 51
51.68, 36
51.69, 45
51.7, 36
51.71, 14
51.72, 36
51.73, 41
51.74, 38
51.75, 19
51.76, 39
51.77, 54
51.78, 23
51.79, 39
51.8, 61
51.81, 32
51.82, 75
51.83, 46
51.84, 55
51.85, 75
51.86, 86
51.87, 46
51.88, 62
51.89, 46
51.9, 20
51.91, 29
51.92, 27
51.93, 20
51.94, 32
51.95, 63
51.96, 27
51.97, 52
51.98, 10
51.99, 32
52, 30
52.01, 50
52.02, 23
52.03, 28
52.04, 10
52.05, 35
52.06, 13
52.07, 51
52.08, 33
52.09, 13
52.1, 27
52.11, 22
52.12, 9
52.13, 22
52.14, 8
52.15, 20
52.16, 16
52.17, 36
52.18, 5
52.19, 47
52.2, 0
52.21, 30
52.22, 14
52.23, 23
52.24, 10
52.25, 41
52.26, 8
52.27, 4
52.28, 4
52.29, 33
52.3, 11
52.31, 2
52.32, 9
52.33, 20
52.34, 25
52.35, 9
52.36, 11
52.37, 34
52.38, 7
52.39, 12
52.4, 23
52.41, 0
52.42, 18
52.43, 19
52.44, 37
52.45, 34
52.46, 10
52.47, 17
52.48, 2
52.49, 6
52.5, 13
52.51, 8
52.52, 11
52.53, 5
52.54, 34
52.55, 27
52.56, 32
52.57, 12
52.58, 10
52.59, 3
52.6, 12
52.61, 21
52.62, 2
52.63, 30
52.64, 24
52.65, 15
52.66, 4
52.67, 46
52.68, 22
52.69, 2
52.7, 22
52.71, 11
52.72, 0
52.73, 8
52.74, 18
52.75, 3
52.76, 25
52.77, 5
52.78, 28
52.79, 8
52.8, 10
52.81, 30
52.82, 4
52.83, 8
52.84, 19
52.85, 6
52.86, 22
52.87, 31
52.88, 22
52.89, 17
52.9, 17
52.91, 6
52.92, 24
52.93, 11
52.94, 1
52.95, 31
52.96, 20
52.97, 7
52.98, 47
52.99, 27
53, 5
53.01, 27
53.02, 14
53.03, 10
53.04, 18
53.05, 10
53.06, 12
53.07, 19
53.08, 23
53.09, 23
53.1, 37
53.11, 0
53.12, 21
53.13, 35
53.14, 39
53.15, 33
53.16, 53
53.17, 37
53.18, 71
53.19, 46
53.2, 35
53.21, 44
53.22, 1
53.23, 33
53.24, 38
53.25, 22
53.26, 33
53.27, 22
53.28, 38
53.29, 27
53.3, 31
53.31, 22
53.32, 49
53.33, 32
53.34, 44
53.35, 40
53.36, 47
53.37, 38
53.38, 29
53.39, 22
53.4, 71
53.41, 38
53.42, 85
53.43, 54
53.44, 60
53.45, 56
53.46, 29
53.47, 40
53.48, 29
53.49, 38
53.5, 18
53.51, 60
53.52, 23
53.53, 23
53.54, 32
53.55, 23
53.56, 50
53.57, 43
53.58, 39
53.59, 59
53.6, 70
53.61, 30
53.62, 7
53.63, 16
53.64, 23
53.65, 19
53.66, 10
53.67, 35
53.68, 19
53.69, 37
53.7, 15
53.71, 48
53.72, 8
53.73, 20
53.74, 27
53.75, 16
53.76, 3
53.77, 22
53.78, 31
53.79, 26
53.8, 13
53.81, 6
53.82, 22
53.83, 27
53.84, 20
53.85, 29
53.86, 22
53.87, 47
53.88, 3
53.89, 9
53.9, 29
53.91, 38
53.92, 0
53.93, 24
53.94, 4
53.95, 27
53.96, 22
53.97, 1
53.98, 33
53.99, 4
54, 7
54.01, 18
54.02, 24
54.03, 26
54.04, 33
54.05, 31
54.06, 37
54.07, 15
54.08, 20
54.09, 13
54.1, 17
54.11, 22
54.12, 28
54.13, 17
54.14, 37
54.15, 17
54.16, 11
54.17, 37
54.18, 19
54.19, 26
54.2, 24
54.21, 4
54.22, 11
54.23, 35
54.24, 20
54.25, 22
54.26, 2
54.27, 28
54.28, 22
54.29, 22
54.3, 22
54.31, 19
54.32, 19
54.33, 26
54.34, 37
54.35, 37
54.36, 17
54.37, 48
54.38, 51
54.39, 37
54.4, 60
54.41, 42
54.42, 41
54.43, 6
54.44, 24
54.45, 48
54.46, 24
54.47, 26
54.48, 24
54.49, 19
54.5, 35
54.51, 19
54.52, 48
54.53, 30
54.54, 22
54.55, 10
54.56, 42
54.57, 0
54.58, 13
54.59, 39
54.6, 28
54.61, 2
54.62, 26
54.63, 26
54.64, 6
54.65, 13
54.66, 20
54.67, 9
54.68, 22
54.69, 31
54.7, 22
54.71, 9
54.72, 11
54.73, 2
54.74, 13
54.75, 20
54.76, 35
54.77, 0
54.78, 0
54.79, 24
54.8, 8
54.81, 22
54.82, 4
54.83, 2
54.84, 6
54.85, 0
54.86, 13
54.87, 6
54.88, 15
54.89, 31
54.9, 15
54.91, 4
54.92, 5
54.93, 5
54.94, 17
54.95, 3
54.96, 3
54.97, 10
54.98, 30
54.99, 3
55, 5
55.01, 7
55.02, 0
55.03, 3
55.04, 0
55.05, 1
55.06, 1
55.07, 5
55.08, 28
55.09, 36
55.1, 0
55.11, 16
55.12, 14
55.13, 7
55.14, 23
55.15, 7
55.16, 3
55.17, 34
55.18, 32
55.19, 5
55.2, 9
55.21, 11
55.22, 16
55.23, 3
55.24, 3
55.25, 7
55.26, 11
55.27, 11
55.28, 20
55.29, 36
55.3, 14
55.31, 25
55.32, 29
55.33, 36
55.34, 31
55.35, 29
55.36, 31
55.37, 11
55.38, 47
55.39, 47
55.4, 38
55.41, 51
55.42, 34
55.43, 54
55.44, 31
55.45, 45
55.46, 40
55.47, 53
55.48, 25
55.49, 27
55.5, 25
55.51, 18
55.52, 7
55.53, 11
55.54, 25
55.55, 45
55.56, 31
55.57, 33
55.58, 25
55.59, 29
55.6, 76
55.61, 33
55.62, 22
55.63, 29
55.64, 27
55.65, 29
55.66, 18
55.67, 16
55.68, 5
55.69, 5
55.7, 13
55.71, 11
55.72, 11
55.73, 22
55.74, 16
55.75, 11
55.76, 2
55.77, 1
55.78, 16
55.79, 0
55.8, 29
55.81, 3
55.82, 16
55.83, 25
55.84, 9
55.85, 27
55.86, 18
55.87, 7
55.88, 23
55.89, 14
55.9, 9
55.91, 32
55.92, 39
55.93, 25
55.94, 8
55.95, 32
55.96, 5
55.97, 36
55.98, 8
55.99, 23
56, 31
56.01, 14
56.02, 20
56.03, 22
56.04, 9
56.05, 26
56.06, 4
56.07, 26
56.08, 35
56.09, 24
56.1, 26
56.11, 28
56.12, 48
56.13, 12
56.14, 14
56.15, 5
56.16, 30
56.17, 43
56.18, 39
56.19, 39
56.2, 34
56.21, 80
56.22, 51
56.23, 76
56.24, 49
56.25, 47
56.26, 32
56.27, 67
56.28, 38
56.29, 29
56.3, 43
56.31, 36
56.32, 34
56.33, 56
56.34, 11
56.35, 41
56.36, 43
56.37, 41
56.38, 30
56.39, 19
56.4, 28
56.41, 61
56.42, 37
56.43, 26
56.44, 6
56.45, 2
56.46, 2
56.47, 22
56.48, 46
56.49, 17
56.5, 33
56.51, 44
56.52, 49
56.53, 42
56.54, 52
56.55, 74
56.56, 69
56.57, 69
56.58, 52
56.59, 52
56.6, 20
56.61, 18
56.62, 36
56.63, 40
56.64, 9
56.65, 43
56.66, 41
56.67, 23
56.68, 14
56.69, 45
56.7, 56
56.71, 54
56.72, 65
56.73, 63
56.74, 27
56.75, 85
56.76, 50
56.77, 45
56.78, 30
56.79, 36
56.8, 41
56.81, 23
56.82, 25
56.83, 28
56.84, 21
56.85, 43
56.86, 52
56.87, 39
56.88, 21
56.89, 23
56.9, 39
56.91, 26
56.92, 15
56.93, 19
56.94, 46
56.95, 17
56.96, 10
56.97, 35
56.98, 21
56.99, 30
57, 24
57.01, 30
57.02, 2
57.03, 26
57.04, 6
57.05, 19
57.06, 2
57.07, 6
57.08, 1
57.09, 19
57.1, 9
57.11, 17
57.12, 19
57.13, 19
57.14, 6
57.15, 19
57.16, 28
57.17, 10
57.18, 37
57.19, 12
57.2, 6
57.21, 15
57.22, 10
57.23, 12
57.24, 12
57.25, 17
57.26, 10
57.27, 35
57.28, 23
57.29, 6
57.3, 12
57.31, 15
57.32, 10
57.33, 30
57.34, 10
57.35, 12
57.36, 12
57.37, 28
57.38, 10
57.39, 19
57.4, 26
57.41, 37
57.42, 0
57.43, 1
57.44, 24
57.45, 2
57.46, 39
57.47, 6
57.48, 6
57.49, 12
57.5, 24
57.51, 10
57.52, 21
57.53, 15
57.54, 6
57.55, 6
57.56, 1
57.57, 4
57.58, 8
57.59, 15
57.6, 8
57.61, 19
57.62, 9
57.63, 8
57.64, 24
57.65, 2
57.66, 26
57.67, 6
57.68, 26
57.69, 30
57.7, 24
57.71, 0
57.72, 17
57.73, 11
57.74, 21
57.75, 8
57.76, 1
57.77, 32
57.78, 32
57.79, 12
57.8, 21
57.81, 12
57.82, 15
57.83, 6
57.84, 2
57.85, 3
57.86, 15
57.87, 30
57.88, 10
57.89, 8
57.9, 6
57.91, 32
57.92, 24
57.93, 17
57.94, 17
57.95, 0
57.96, 17
57.97, 3
57.98, 17
57.99, 15
58, 10
58.01, 10
58.02, 14
58.03, 14
58.04, 14
58.05, 23
58.06, 28
58.07, 4
58.08, 24
58.09, 22
58.1, 15
58.11, 2
58.12, 11
58.13, 15
58.14, 18
58.15, 42
58.16, 38
58.17, 24
58.18, 35
58.19, 55
58.2, 53
58.21, 62
58.22, 19
58.23, 28
58.24, 6
58.25, 13
58.26, 33
58.27, 39
58.28, 57
58.29, 19
58.3, 30
58.31, 34
58.32, 30
58.33, 41
58.34, 47
58.35, 38
58.36, 30
58.37, 14
58.38, 25
58.39, 9
58.4, 32
58.41, 21
58.42, 12
58.43, 36
58.44, 36
58.45, 9
58.46, 25
58.47, 20
58.48, 20
58.49, 27
58.5, 32
58.51, 27
58.52, 0
58.53, 0
58.54, 3
58.55, 29
58.56, 5
58.57, 7
58.58, 9
58.59, 7
58.6, 14
58.61, 9
58.62, 9
58.63, 11
58.64, 38
58.65, 27
58.66, 16
58.67, 11
58.68, 24
58.69, 24
58.7, 22
58.71, 4
58.72, 11
58.73, 36
58.74, 13
58.75, 24
58.76, 19
58.77, 32
58.78, 28
58.79, 44
58.8, 26
58.81, 15
58.82, 21
58.83, 3
58.84, 10
58.85, 9
58.86, 23
58.87, 14
58.88, 0
58.89, 12
58.9, 5
58.91, 34
58.92, 18
58.93, 20
58.94, 15
58.95, 29
58.96, 24
58.97, 4
58.98, 22
58.99, 28
59, 22
59.01, 2
59.02, 8
59.03, 0
59.04, 35
59.05, 4
59.06, 6
59.07, 19
59.08, 24
59.09, 8
59.1, 28
59.11, 33
59.12, 2
59.13, 22
59.14, 22
59.15, 18
59.16, 47
59.17, 69
59.18, 31
59.19, 33
59.2, 31
59.21, 31
59.22, 34
59.23, 16
59.24, 14
59.25, 12
59.26, 14
59.27, 20
59.28, 60
59.29, 15
59.3, 6
59.31, 13
59.32, 31
59.33, 6
59.34, 35
59.35, 9
59.36, 2
59.37, 13
59.38, 29
59.39, 37
59.4, 6
59.41, 9
59.42, 24
59.43, 11
59.44, 31
59.45, 15
59.46, 24
59.47, 35
59.48, 44
59.49, 0
59.5, 33
59.51, 9
59.52, 13
59.53, 29
59.54, 0
59.55, 33
59.56, 22
59.57, 13
59.58, 33
59.59, 4
59.6, 2
59.61, 18
59.62, 20
59.63, 42
59.64, 14
59.65, 18
59.66, 18
59.67, 5
59.68, 27
59.69, 31
59.7, 14
59.71, 14
59.72, 1
59.73, 45
59.74, 18
59.75, 43
59.76, 41
59.77, 64
59.78, 53
59.79, 42
59.8, 82
59.81, 88
59.82, 139
59.83, 151
59.84, 208
59.85, 231
59.86, 235
59.87, 275
59.88, 215
59.89, 202
59.9, 140
59.91, 142
59.92, 86
59.93, 84
59.94, 46
59.95, 64
59.96, 31
59.97, 42
59.98, 53
59.99, 73
60, 60
60.01, 100
60.02, 138
60.03, 138
60.04, 160
60.05, 142
60.06, 125
60.07, 89
60.08, 80
60.09, 49
60.1, 54
60.11, 69
60.12, 11
60.13, 40
60.14, 20
60.15, 27
60.16, 34
60.17, 25
60.18, 29
60.19, 38
60.2, 36
60.21, 14
60.22, 30
60.23, 19
60.24, 16
60.25, 10
60.26, 14
60.27, 12
60.28, 39
60.29, 17
60.3, 21
60.31, 4
60.32, 26
60.33, 17
60.34, 6
60.35, 8
60.36, 4
60.37, 19
60.38, 22
60.39, 28
60.4, 2
60.41, 6
60.42, 31
60.43, 15
60.44, 22
60.45, 8
60.46, 23
60.47, 10
60.48, 19
60.49, 24
60.5, 26
60.51, 15
60.52, 28
60.53, 17
60.54, 8
60.55, 0
60.56, 15
60.57, 8
60.58, 4
60.59, 1
60.6, 10
60.61, 39
60.62, 6
60.63, 0
60.64, 11
60.65, 15
60.66, 24
60.67, 26
60.68, 17
60.69, 4
60.7, 15
60.71, 20
60.72, 22
60.73, 18
60.74, 24
60.75, 18
60.76, 7
60.77, 23
60.78, 27
60.79, 21
60.8, 7
60.81, 8
60.82, 21
60.83, 28
60.84, 3
60.85, 0
60.86, 6
60.87, 17
60.88, 17
60.89, 12
60.9, 30
60.91, 8
60.92, 15
60.93, 28
60.94, 6
60.95, 0
60.96, 11
60.97, 9
60.98, 7
60.99, 11
61, 9
61.01, 23
61.02, 14
61.03, 5
61.04, 18
61.05, 10
61.06, 30
61.07, 14
61.08, 21
61.09, 25
61.1, 32
61.11, 14
61.12, 39
61.13, 25
61.14, 25
61.15, 17
61.16, 28
61.17, 26
61.18, 17
61.19, 15
61.2, 4
61.21, 8
61.22, 1
61.23, 17
61.24, 2
61.25, 17
61.26, 24
61.27, 26
61.28, 2
61.29, 22
61.3, 15
61.31, 40
61.32, 40
61.33, 20
61.34, 15
61.35, 6
61.36, 15
61.37, 4
61.38, 15
61.39, 20
61.4, 16
61.41, 2
61.42, 22
61.43, 33
61.44, 25
61.45, 9
61.46, 14
61.47, 14
61.48, 5
61.49, 29
61.5, 31
61.51, 18
61.52, 27
61.53, 11
61.54, 6
61.55, 24
61.56, 33
61.57, 22
61.58, 16
61.59, 7
61.6, 7
61.61, 7
61.62, 19
61.63, 14
61.64, 32
61.65, 28
61.66, 19
61.67, 17
61.68, 10
61.69, 17
61.7, 43
61.71, 8
61.72, 4
61.73, 17
61.74, 39
61.75, 13
61.76, 17
61.77, 17
61.78, 24
61.79, 19
61.8, 11
61.81, 13
61.82, 28
61.83, 46
61.84, 33
61.85, 24
61.86, 15
61.87, 18
61.88, 9
61.89, 13
61.9, 22
61.91, 44
61.92, 7
61.93, 7
61.94, 3
61.95, 20
61.96, 5
61.97, 1
61.98, 47
61.99, 14
62, 13
62.01, 26
62.02, 20
62.03, 2
62.04, 31
62.05, 4
62.06, 26
62.07, 11
62.08, 9
62.09, 18
62.1, 16
62.11, 20
62.12, 18
62.13, 11
62.14, 9
62.15, 24
62.16, 6
62.17, 17
62.18, 35
62.19, 1
62.2, 4
62.21, 18
62.22, 29
62.23, 31
62.24, 44
62.25, 26
62.26, 15
62.27, 18
62.28, 29
62.29, 11
62.3, 4
62.31, 9
62.32, 22
62.33, 7
62.34, 22
62.35, 16
62.36, 22
62.37, 13
62.38, 24
62.39, 1
62.4, 13
62.41, 2
62.42, 11
62.43, 16
62.44, 7
62.45, 25
62.46, 16
62.47, 9
62.48, 16
62.49, 18
62.5, 38
62.51, 47
62.52, 22
62.53, 7
62.54, 18
62.55, 0
62.56, 11
62.57, 9
62.58, 9
62.59, 22
62.6, 29
62.61, 20
62.62, 16
62.63, 22
62.64, 20
62.65, 11
62.66, 7
62.67, 20
62.68, 29
62.69, 9
62.7, 24
62.71, 9
62.72, 4
62.73, 15
62.74, 2
62.75, 15
62.76, 17
62.77, 24
62.78, 40
62.79, 40
62.8, 6
62.81, 10
62.82, 17
62.83, 13
62.84, 15
62.85, 20
62.86, 28
62.87, 2
62.88, 11
62.89, 2
62.9, 2
62.91, 17
62.92, 17
62.93, 24
62.94, 13
62.95, 19
62.96, 24
62.97, 2
62.98, 13
62.99, 15
63, 6
63.01, 13
63.02, 8
63.03, 15
63.04, 2
63.05, 15
63.06, 4
63.07, 8
63.08, 8
63.09, 26
63.1, 19
63.11, 15
63.12, 13
63.13, 10
63.14, 37
63.15, 21
63.16, 34
63.17, 12
63.18, 23
63.19, 14
63.2, 14
63.21, 14
63.22, 21
63.23, 12
63.24, 12
63.25, 14
63.26, 14
63.27, 21
63.28, 3
63.29, 21
63.3, 30
63.31, 8
63.32, 8
63.33, 39
63.34, 16
63.35, 3
63.36, 20
63.37, 7
63.38, 5
63.39, 18
63.4, 20
63.41, 4
63.42, 26
63.43, 31
63.44, 26
63.45, 15
63.46, 4
63.47, 26
63.48, 22
63.49, 15
63.5, 26
63.51, 19
63.52, 2
63.53, 30
63.54, 19
63.55, 19
63.56, 35
63.57, 19
63.58, 40
63.59, 9
63.6, 11
63.61, 33
63.62, 18
63.63, 16
63.64, 41
63.65, 21
63.66, 56
63.67, 32
63.68, 32
63.69, 74
63.7, 67
63.71, 69
63.72, 45
63.73, 101
63.74, 74
63.75, 76
63.76, 47
63.77, 67
63.78, 47
63.79, 41
63.8, 25
63.81, 9
63.82, 34
63.83, 14
63.84, 16
63.85, 16
63.86, 14
63.87, 54
63.88, 60
63.89, 29
63.9, 36
63.91, 60
63.92, 69
63.93, 42
63.94, 53
63.95, 49
63.96, 31
63.97, 26
63.98, 4
63.99, 26
64, 28
64.01, 32
64.02, 43
64.03, 25
64.04, 10
64.05, 21
64.06, 28
64.07, 21
64.08, 34
64.09, 23
64.1, 31
64.11, 47
64.12, 42
64.13, 42
64.14, 20
64.15, 33
64.16, 18
64.17, 36
64.18, 14
64.19, 14
64.2, 38
64.21, 31
64.22, 16
64.23, 20
64.24, 29
64.25, 22
64.26, 24
64.27, 26
64.28, 29
64.29, 31
64.3, 40
64.31, 37
64.32, 26
64.33, 19
64.34, 37
64.35, 55
64.36, 15
64.37, 48
64.38, 21
64.39, 26
64.4, 35
64.41, 12
64.42, 15
64.43, 41
64.44, 6
64.45, 39
64.46, 17
64.47, 12
64.48, 7
64.49, 12
64.5, 34
64.51, 34
64.52, 38
64.53, 32
64.54, 27
64.55, 16
64.56, 31
64.57, 11
64.58, 28
64.59, 8
64.6, 11
64.61, 15
64.62, 9
64.63, 2
64.64, 29
64.65, 24
64.66, 15
64.67, 0
64.68, 4
64.69, 2
64.7, 9
64.71, 15
64.72, 22
64.73, 8
64.74, 15
64.75, 15
64.76, 2
64.77, 9
64.78, 6
64.79, 15
64.8, 6
64.81, 9
64.82, 15
64.83, 39
64.84, 8
64.85, 0
64.86, 28
64.87, 21
64.88, 17
64.89, 23
64.9, 2
64.91, 21
64.92, 14
64.93, 45
64.94, 23
64.95, 1
64.96, 0
64.97, 21
64.98, 1
64.99, 23
65, 16
65.01, 7
65.02, 38
65.03, 36
65.04, 5
65.05, 31
65.06, 18
65.07, 33
65.08, 33
65.09, 20
65.1, 18
65.11, 15
65.12, 26
65.13, 22
65.14, 19
65.15, 24
65.16, 26
65.17, 44
65.18, 24
65.19, 24
65.2, 52
65.21, 23
65.22, 23
65.23, 39
65.24, 21
65.25, 3
65.26, 21
65.27, 16
65.28, 50
65.29, 34
65.3, 21
65.31, 23
65.32, 23
65.33, 23
65.34, 25
65.35, 14
65.36, 5
65.37, 14
65.38, 43
65.39, 47
65.4, 5
65.41, 16
65.42, 16
65.43, 11
65.44, 47
65.45, 36
65.46, 13
65.47, 18
65.48, 22
65.49, 29
65.5, 42
65.51, 51
65.52, 31
65.53, 44
65.54, 17
65.55, 22
65.56, 26
65.57, 1
65.58, 32
65.59, 21
65.6, 35
65.61, 6
65.62, 19
65.63, 37
65.64, 39
65.65, 25
65.66, 12
65.67, 23
65.68, 36
65.69, 20
65.7, 25
65.71, 38
65.72, 40
65.73, 44
65.74, 13
65.75, 6
65.76, 22
65.77, 22
65.78, 11
65.79, 26
65.8, 6
65.81, 11
65.82, 17
65.83, 15
65.84, 15
65.85, 26
65.86, 17
65.87, 7
65.88, 21
65.89, 0
65.9, 6
65.91, 34
65.92, 21
65.93, 0
65.94, 5
65.95, 1
65.96, 21
65.97, 31
65.98, 8
65.99, 2
66, 17
66.01, 7
66.02, 5
66.03, 0
66.04, 7
66.05, 10
66.06, 12
66.07, 16
66.08, 14
66.09, 18
66.1, 20
66.11, 33
66.12, 20
66.13, 4
66.14, 4
66.15, 31
66.16, 15
66.17, 20
66.18, 31
66.19, 17
66.2, 2
66.21, 26
66.22, 4
66.23, 24
66.24, 30
66.25, 19
66.26, 1
66.27, 1
66.28, 17
66.29, 17
66.3, 21
66.31, 26
66.32, 37
66.33, 5
66.34, 28
66.35, 32
66.36, 22
66.37, 13
66.38, 37
66.39, 33
66.4, 26
66.41, 26
66.42, 22
66.43, 33
66.44, 11
66.45, 24
66.46, 26
66.47, 2
66.48, 11
66.49, 17
66.5, 4
66.51, 6
66.52, 31
66.53, 2
66.54, 4
66.55, 28
66.56, 28
66.57, 10
66.58, 37
66.59, 26
66.6, 3
66.61, 17
66.62, 34
66.63, 12
66.64, 5
66.65, 32
66.66, 48
66.67, 16
66.68, 34
66.69, 14
66.7, 30
66.71, 16
66.72, 23
66.73, 14
66.74, 14
66.75, 21
66.76, 27
66.77, 18
66.78, 25
66.79, 5
66.8, 23
66.81, 16
66.82, 7
66.83, 5
66.84, 25
66.85, 18
66.86, 16
66.87, 12
66.88, 36
66.89, 7
66.9, 38
66.91, 23
66.92, 23
66.93, 0
66.94, 18
66.95, 29
66.96, 47
66.97, 20
66.98, 16
66.99, 5
67, 31
67.01, 31
67.02, 18
67.03, 13
67.04, 47
67.05, 24
67.06, 4
67.07, 31
67.08, 39
67.09, 44
67.1, 24
67.11, 39
67.12, 106
67.13, 77
67.14, 97
67.15, 113
67.16, 135
67.17, 93
67.18, 77
67.19, 77
67.2, 73
67.21, 44
67.22, 17
67.23, 35
67.24, 61
67.25, 30
67.26, 22
67.27, 31
67.28, 44
67.29, 35
67.3, 60
67.31, 35
67.32, 33
67.33, 49
67.34, 51
67.35, 78
67.36, 47
67.37, 60
67.38, 51
67.39, 58
67.4, 47
67.41, 43
67.42, 34
67.43, 32
67.44, 50
67.45, 19
67.46, 36
67.47, 28
67.48, 30
67.49, 37
67.5, 19
67.51, 21
67.52, 17
67.53, 26
67.54, 53
67.55, 17
67.56, 42
67.57, 11
67.58, 27
67.59, 16
67.6, 38
67.61, 24
67.62, 27
67.63, 6
67.64, 13
67.65, 9
67.66, 3
67.67, 29
67.68, 2
67.69, 40
67.7, 22
67.71, 20
67.72, 18
67.73, 5
67.74, 20
67.75, 36
67.76, 7
67.77, 20
67.78, 25
67.79, 29
67.8, 45
67.81, 34
67.82, 27
67.83, 38
67.84, 27
67.85, 38
67.86, 36
67.87, 54
67.88, 27
67.89, 52
67.9, 36
67.91, 65
67.92, 47
67.93, 14
67.94, 23
67.95, 1
67.96, 34
67.97, 12
67.98, 17
67.99, 17
68, 8
68.01, 37
68.02, 30
68.03, 46
68.04, 44
68.05, 46
68.06, 68
68.07, 93
68.08, 73
68.09, 84
68.1, 80
68.11, 57
68.12, 40
68.13, 31
68.14, 13
68.15, 11
68.16, 33
68.17, 18
68.18, 22
68.19, 22
68.2, 13
68.21, 49
68.22, 51
68.23, 16
68.24, 16
68.25, 27
68.26, 36
68.27, 47
68.28, 3
68.29, 14
68.3, 19
68.31, 25
68.32, 3
68.33, 17
68.34, 19
68.35, 15
68.36, 0
68.37, 0
68.38, 17
68.39, 6
68.4, 11
68.41, 22
68.42, 20
68.43, 24
68.44, 18
68.45, 6
68.46, 13
68.47, 20
68.48, 13
68.49, 31
68.5, 31
68.51, 16
68.52, 9
68.53, 16
68.54, 9
68.55, 27
68.56, 14
68.57, 5
68.58, 17
68.59, 9
68.6, 12
68.61, 8
68.62, 17
68.63, 10
68.64, 15
68.65, 4
68.66, 6
68.67, 17
68.68, 6
68.69, 10
68.7, 13
68.71, 6
68.72, 6
68.73, 6
68.74, 31
68.75, 21
68.76, 14
68.77, 0
68.78, 32
68.79, 14
68.8, 30
68.81, 8
68.82, 6
68.83, 25
68.84, 5
68.85, 8
68.86, 41
68.87, 3
68.88, 24
68.89, 19
68.9, 15
68.91, 18
68.92, 5
68.93, 11
68.94, 38
68.95, 2
68.96, 18
68.97, 23
68.98, 29
68.99, 32
69, 25
69.01, 29
69.02, 27
69.03, 27
69.04, 5
69.05, 36
69.06, 21
69.07, 27
69.08, 12
69.09, 15
69.1, 19
69.11, 19
69.12, 37
69.13, 28
69.14, 2
69.15, 15
69.16, 0
69.17, 18
69.18, 2
69.19, 31
69.2, 5
69.21, 20
69.22, 5
69.23, 7
69.24, 45
69.25, 20
69.26, 12
69.27, 12
69.28, 21
69.29, 18
69.3, 27
69.31, 18
69.32, 16
69.33, 30
69.34, 32
69.35, 45
69.36, 32
69.37, 19
69.38, 28
69.39, 21
69.4, 32
69.41, 30
69.42, 17
69.43, 15
69.44, 17
69.45, 15
69.46, 10
69.47, 0
69.48, 24
69.49, 4
69.5, 1
69.51, 35
69.52, 28
69.53, 24
69.54, 4
69.55, 37
69.56, 28
69.57, 19
69.58, 4
69.59, 8
69.6, 22
69.61, 33
69.62, 26
69.63, 2
69.64, 17
69.65, 17
69.66, 13
69.67, 30
69.68, 39
69.69, 2
69.7, 24
69.71, 0
69.72, 35
69.73, 31
69.74, 6
69.75, 13
69.76, 2
69.77, 13
69.78, 6
69.79, 17
69.8, 21
69.81, 12
69.82, 35
69.83, 30
69.84, 21
69.85, 24
69.86, 14
69.87, 14
69.88, 5
69.89, 17
69.9, 30
69.91, 16
69.92, 30
69.93, 34
69.94, 16
69.95, 30
69.96, 14
69.97, 25
69.98, 19
69.99, 5
70, 14
70.01, 21
70.02, 30
70.03, 14
70.04, 8
70.05, 17
70.06, 17
70.07, 7
70.08, 3
70.09, 4
70.1, 4
70.11, 1
70.12, 3
70.13, 6
70.14, 23
70.15, 52
70.16, 21
70.17, 1
70.18, 4
70.19, 24
70.2, 8
70.21, 19
70.22, 13
70.23, 4
70.24, 24
70.25, 8
70.26, 4
70.27, 6
70.28, 28
70.29, 13
70.3, 24
70.31, 2
70.32, 4
70.33, 19
70.34, 15
70.35, 4
70.36, 2
70.37, 15
70.38, 4
70.39, 24
70.4, 6
70.41, 0
70.42, 8
70.43, 35
70.44, 2
70.45, 35
70.46, 4
70.47, 22
70.48, 29
70.49, 2
70.5, 11
70.51, 22
70.52, 22
70.53, 24
70.54, 2
70.55, 15
70.56, 13
70.57, 22
70.58, 6
70.59, 35
70.6, 20
70.61, 0
70.62, 13
70.63, 15
70.64, 9
70.65, 15
70.66, 20
70.67, 33
70.68, 17
70.69, 28
70.7, 22
70.71, 17
70.72, 24
70.73, 13
70.74, 17
70.75, 2
70.76, 6
70.77, 6
70.78, 30
70.79, 28
70.8, 17
70.81, 24
70.82, 24
70.83, 8
70.84, 33
70.85, 28
70.86, 17
70.87, 24
70.88, 39
70.89, 19
70.9, 4
70.91, 19
70.92, 13
70.93, 24
70.94, 26
70.95, 17
70.96, 21
70.97, 39
70.98, 28
70.99, 35
71, 35
71.01, 8
71.02, 39
71.03, 22
71.04, 35
71.05, 26
71.06, 37
71.07, 24
71.08, 28
71.09, 13
71.1, 26
71.11, 2
71.12, 15
71.13, 0
71.14, 31
71.15, 24
71.16, 19
71.17, 33
71.18, 6
71.19, 11
71.2, 11
71.21, 44
71.22, 15
71.23, 18
71.24, 22
71.25, 18
71.26, 22
71.27, 15
71.28, 42
71.29, 12
71.3, 23
71.31, 12
71.32, 28
71.33, 10
71.34, 32
71.35, 12
71.36, 30
71.37, 5
71.38, 28
71.39, 34
71.4, 21
71.41, 30
71.42, 12
71.43, 23
71.44, 26
71.45, 14
71.46, 3
71.47, 34
71.48, 16
71.49, 1
71.5, 36
71.51, 16
71.52, 10
71.53, 21
71.54, 10
71.55, 9
71.56, 34
71.57, 25
71.58, 0
71.59, 20
71.6, 23
71.61, 16
71.62, 5
71.63, 10
71.64, 25
71.65, 5
71.66, 7
71.67, 21
71.68, 5
71.69, 12
71.7, 7
71.71, 27
71.72, 5
71.73, 16
71.74, 16
71.75, 27
71.76, 23
71.77, 4
71.78, 4
71.79, 10
71.8, 17
71.81, 11
71.82, 19
71.83, 8
71.84, 35
71.85, 28
71.86, 11
71.87, 20
71.88, 0
71.89, 29
71.9, 9
71.91, 6
71.92, 11
71.93, 22
71.94, 15
71.95, 26
71.96, 26
71.97, 11
71.98, 18
71.99, 18
72, 20
72.01, 1
72.02, 35
72.03, 1
72.04, 2
72.05, 4
72.06, 11
72.07, 20
72.08, 9
72.09, 20
72.1, 23
72.11, 9
72.12, 23
72.13, 9
72.14, 9
72.15, 12
72.16, 14
72.17, 16
72.18, 5
72.19, 21
72.2, 1
72.21, 9
72.22, 1
72.23, 10
72.24, 10
72.25, 30
72.26, 18
72.27, 23
72.28, 19
72.29, 7
72.3, 1
72.31, 18
72.32, 23
72.33, 10
72.34, 21
72.35, 25
72.36, 34
72.37, 3
72.38, 10
72.39, 3
72.4, 30
72.41, 0
72.42, 21
72.43, 25
72.44, 41
72.45, 41
72.46, 10
72.47, 3
72.48, 5
72.49, 8
72.5, 41
72.51, 12
72.52, 19
72.53, 14
72.54, 14
72.55, 19
72.56, 12
72.57, 21
72.58, 41
72.59, 8
72.6, 19
72.61, 6
72.62, 37
72.63, 35
72.64, 46
72.65, 17
72.66, 4
72.67, 8
72.68, 10
72.69, 1
72.7, 24
72.71, 26
72.72, 33
72.73, 8
72.74, 28
72.75, 15
72.76, 6
72.77, 2
72.78, 2
72.79, 6
72.8, 15
72.81, 6
72.82, 8
72.83, 4
72.84, 22
72.85, 4
72.86, 11
72.87, 24
72.88, 55
72.89, 17
72.9, 0
72.91, 31
72.92, 6
72.93, 4
72.94, 15
72.95, 1
72.96, 8
72.97, 0
72.98, 20
72.99, 1
73, 0
73.01, 18
73.02, 7
73.03, 7
73.04, 1
73.05, 22
73.06, 22
73.07, 1
73.08, 18
73.09, 22
73.1, 22
73.11, 16
73.12, 1
73.13, 18
73.14, 7
73.15, 27
73.16, 5
73.17, 28
73.18, 25
73.19, 23
73.2, 14
73.21, 12
73.22, 10
73.23, 16
73.24, 17
73.25, 21
73.26, 5
73.27, 26
73.28, 19
73.29, 30
73.3, 28
73.31, 1
73.32, 1
73.33, 3
73.34, 17
73.35, 8
73.36, 8
73.37, 12
73.38, 4
73.39, 28
73.4, 13
73.41, 15
73.42, 24
73.43, 22
73.44, 11
73.45, 22
73.46, 0
73.47, 13
73.48, 20
73.49, 11
73.5, 20
73.51, 24
73.52, 26
73.53, 40
73.54, 7
73.55, 33
73.56, 4
73.57, 22
73.58, 33
73.59, 9
73.6, 31
73.61, 27
73.62, 13
73.63, 9
73.64, 13
73.65, 20
73.66, 2
73.67, 18
73.68, 20
73.69, 15
73.7, 20
73.71, 33
73.72, 20
73.73, 33
73.74, 13
73.75, 18
73.76, 0
73.77, 27
73.78, 24
73.79, 16
73.8, 24
73.81, 16
73.82, 42
73.83, 9
73.84, 42
73.85, 13
73.86, 16
73.87, 38
73.88, 38
73.89, 31
73.9, 13
73.91, 30
73.92, 23
73.93, 14
73.94, 21
73.95, 17
73.96, 28
73.97, 26
73.98, 0
73.99, 23
74, 17
74.01, 19
74.02, 23
74.03, 32
74.04, 23
74.05, 17
74.06, 12
74.07, 19
74.08, 3
74.09, 19
74.1, 19
74.11, 28
74.12, 59
74.13, 34
74.14, 12
74.15, 21
74.16, 45
74.17, 12
74.18, 18
74.19, 18
74.2, 16
74.21, 25
74.22, 3
74.23, 45
74.24, 9
74.25, 29
74.26, 16
74.27, 18
74.28, 0
74.29, 36
74.3, 18
74.31, 20
74.32, 1
74.33, 22
74.34, 29
74.35, 18
74.36, 8
74.37, 27
74.38, 16
74.39, 18
74.4, 9
74.41, 7
74.42, 16
74.43, 1
74.44, 4
74.45, 9
74.46, 0
74.47, 0
74.48, 37
74.49, 28
74.5, 15
74.51, 24
74.52, 8
74.53, 6
74.54, 15
74.55, 22
74.56, 15
74.57, 24
74.58, 0
74.59, 8
74.6, 20
74.61, 11
74.62, 15
74.63, 4
74.64, 0
74.65, 19
74.66, 8
74.67, 26
74.68, 6
74.69, 13
74.7, 31
74.71, 19
74.72, 19
74.73, 17
74.74, 2
74.75, 6
74.76, 37
74.77, 6
74.78, 22
74.79, 10
74.8, 24
74.81, 10
74.82, 19
74.83, 28
74.84, 6
74.85, 30
74.86, 15
74.87, 26
74.88, 30
74.89, 4
74.9, 21
74.91, 10
74.92, 26
74.93, 19
74.94, 28
74.95, 33
74.96, 35
74.97, 37
74.98, 75
74.99, 46
75, 61
75.01, 35
75.02, 55
75.03, 59
75.04, 37
75.05, 10
75.06, 35
75.07, 48
75.08, 30
75.09, 20
75.1, 15
75.11, 28
75.12, 13
75.13, 28
75.14, 6
75.15, 24
75.16, 15
75.17, 20
75.18, 30
75.19, 4
75.2, 42
75.21, 55
75.22, 2
75.23, 39
75.24, 44
75.25, 37
75.26, 30
75.27, 17
75.28, 21
75.29, 13
75.3, 10
75.31, 32
75.32, 19
75.33, 26
75.34, 28
75.35, 15
75.36, 28
75.37, 26
75.38, 15
75.39, 35
75.4, 37
75.41, 10
75.42, 43
75.43, 11
75.44, 8
75.45, 24
75.46, 19
75.47, 17
75.48, 33
75.49, 13
75.5, 28
75.51, 26
75.52, 26
75.53, 10
75.54, 15
75.55, 17
75.56, 3
75.57, 7
75.58, 32
75.59, 39
75.6, 14
75.61, 34
75.62, 27
75.63, 23
75.64, 38
75.65, 25
75.66, 16
75.67, 18
75.68, 32
75.69, 41
75.7, 25
75.71, 23
75.72, 25
75.73, 32
75.74, 14
75.75, 27
75.76, 16
75.77, 18
75.78, 47
75.79, 50
75.8, 38
75.81, 25
75.82, 1
75.83, 25
75.84, 47
75.85, 36
75.86, 34
75.87, 30
75.88, 25
75.89, 32
75.9, 19
75.91, 19
75.92, 23
75.93, 23
75.94, 41
75.95, 21
75.96, 25
75.97, 21
75.98, 5
75.99, 25
76, 10
76.01, 7
76.02, 36
76.03, 19
76.04, 30
76.05, 19
76.06, 30
76.07, 21
76.08, 27
76.09, 21
76.1, 30
76.11, 0
76.12, 17
76.13, 8
76.14, 28
76.15, 28
76.16, 52
76.17, 10
76.18, 8
76.19, 25
76.2, 21
76.21, 19
76.22, 43
76.23, 23
76.24, 10
76.25, 12
76.26, 19
76.27, 21
76.28, 7
76.29, 0
76.3, 24
76.31, 2
76.32, 38
76.33, 4
76.34, 1
76.35, 11
76.36, 5
76.37, 25
76.38, 31
76.39, 18
76.4, 13
76.41, 0
76.42, 11
76.43, 9
76.44, 2
76.45, 22
76.46, 20
76.47, 0
76.48, 22
76.49, 2
76.5, 13
76.51, 4
76.52, 33
76.53, 20
76.54, 16
76.55, 7
76.56, 5
76.57, 13
76.58, 14
76.59, 5
76.6, 5
76.61, 5
76.62, 7
76.63, 7
76.64, 27
76.65, 18
76.66, 7
76.67, 7
76.68, 3
76.69, 12
76.7, 3
76.71, 16
76.72, 39
76.73, 6
76.74, 12
76.75, 12
76.76, 26
76.77, 17
76.78, 10
76.79, 8
76.8, 37
76.81, 19
76.82, 8
76.83, 17
76.84, 22
76.85, 2
76.86, 6
76.87, 13
76.88, 13
76.89, 10
76.9, 24
76.91, 22
76.92, 11
76.93, 37
76.94, 6
76.95, 2
76.96, 13
76.97, 15
76.98, 11
76.99, 33
77, 11
77.01, 8
77.02, 2
77.03, 6
77.04, 20
77.05, 4
77.06, 6
77.07, 31
77.08, 17
77.09, 13
77.1, 11
77.11, 15
77.12, 31
77.13, 29
77.14, 11
77.15, 0
77.16, 2
77.17, 11
77.18, 6
77.19, 15
77.2, 22
77.21, 15
77.22, 20
77.23, 11
77.24, 33
77.25, 11
77.26, 27
77.27, 20
77.28, 9
77.29, 20
77.3, 18
77.31, 4
77.32, 18
77.33, 9
77.34, 16
77.35, 7
77.36, 22
77.37, 16
77.38, 20
77.39, 27
77.4, 13
77.41, 20
77.42, 29
77.43, 20
77.44, 2
77.45, 22
77.46, 14
77.47, 11
77.48, 24
77.49, 15
77.5, 13
77.51, 22
77.52, 33
77.53, 13
77.54, 2
77.55, 13
77.56, 9
77.57, 24
77.58, 18
77.59, 9
77.6, 4
77.61, 7
77.62, 7
77.63, 18
77.64, 36
77.65, 7
77.66, 18
77.67, 9
77.68, 25
77.69, 12
77.7, 1
77.71, 21
77.72, 12
77.73, 39
77.74, 32
77.75, 5
77.76, 26
77.77, 6
77.78, 15
77.79, 17
77.8, 24
77.81, 13
77.82, 17
77.83, 15
77.84, 19
77.85, 23
77.86, 12
77.87, 8
77.88, 48
77.89, 19
77.9, 12
77.91, 4
77.92, 2
77.93, 21
77.94, 4
77.95, 2
77.96, 19
77.97, 26
77.98, 33
77.99, 35
78, 46
78.01, 13
78.02, 28
78.03, 35
78.04, 22
78.05, 13
78.06, 6
78.07, 57
78.08, 15
78.09, 57
78.1, 35
78.11, 17
78.12, 0
78.13, 15
78.14, 15
78.15, 6
78.16, 13
78.17, 24
78.18, 30
78.19, 37
78.2, 19
78.21, 17
78.22, 28
78.23, 21
78.24, 39
78.25, 43
78.26, 6
78.27, 1
78.28, 21
78.29, 26
78.3, 17
78.31, 35
78.32, 13
78.33, 20
78.34, 4
78.35, 20
78.36, 26
78.37, 31
78.38, 13
78.39, 37
78.4, 2
78.41, 24
78.42, 31
78.43, 22
78.44, 2
78.45, 20
78.46, 26
78.47, 49
78.48, 31
78.49, 18
78.5, 44
78.51, 15
78.52, 44
78.53, 46
78.54, 17
78.55, 20
78.56, 6
78.57, 44
78.58, 9
78.59, 21
78.6, 21
78.61, 21
78.62, 18
78.63, 25
78.64, 45
78.65, 16
78.66, 14
78.67, 3
78.68, 28
78.69, 30
78.7, 8
78.71, 23
78.72, 8
78.73, 3
78.74, 23
78.75, 28
78.76, 23
78.77, 14
78.78, 14
78.79, 10
78.8, 34
78.81, 45
78.82, 17
78.83, 28
78.84, 12
78.85, 41
78.86, 17
78.87, 19
78.88, 7
78.89, 17
78.9, 3
78.91, 43
78.92, 19
78.93, 19
78.94, 39
78.95, 9
78.96, 28
78.97, 18
78.98, 45
78.99, 36
79, 18
79.01, 32
79.02, 36
79.03, 14
79.04, 19
79.05, 41
79.06, 19
79.07, 19
79.08, 41
79.09, 12
79.1, 1
79.11, 30
79.12, 30
79.13, 41
79.14, 17
79.15, 30
79.16, 5
79.17, 28
79.18, 10
79.19, 37
79.2, 5
79.21, 39
79.22, 5
79.23, 0
79.24, 8
79.25, 23
79.26, 23
79.27, 28
79.28, 28
79.29, 10
79.3, 10
79.31, 17
79.32, 23
79.33, 14
79.34, 28
79.35, 41
79.36, 10
79.37, 26
79.38, 10
79.39, 17
79.4, 46
79.41, 6
79.42, 26
79.43, 12
79.44, 32
79.45, 44
79.46, 21
79.47, 24
79.48, 15
79.49, 19
79.5, 6
79.51, 26
79.52, 15
79.53, 10
79.54, 6
79.55, 13
79.56, 19
79.57, 37
79.58, 19
79.59, 8
79.6, 22
79.61, 2
79.62, 26
79.63, 13
79.64, 24
79.65, 2
79.66, 4
79.67, 15
79.68, 6
79.69, 8
79.7, 4
79.71, 22
79.72, 11
79.73, 11
79.74, 24
79.75, 24
79.76, 8
79.77, 9
79.78, 2
79.79, 22
79.8, 26
79.81, 28
79.82, 4
79.83, 0
79.84, 17
79.85, 24
79.86, 33
79.87, 6
79.88, 8
79.89, 30
79.9, 8
79.91, 10
79.92, 10
79.93, 24
79.94, 26
79.95, 0
79.96, 21
79.97, 21
79.98, 8
79.99, 4
80, 4
80.01, 4
80.02, 35
80.03, 30
80.04, 17
80.05, 32
80.06, 15
80.07, 4
80.08, 14
80.09, 1
80.1, 3
80.11, 19
80.12, 21
80.13, 19
80.14, 16
80.15, 18
80.16, 7
80.17, 11
80.18, 11
80.19, 22
80.2, 13
80.21, 18
80.22, 3
80.23, 18
80.24, 1
80.25, 11
80.26, 2
80.27, 9
80.28, 4
80.29, 4
80.3, 1
80.31, 31
80.32, 29
80.33, 11
80.34, 11
80.35, 13
80.36, 15
80.37, 9
80.38, 11
80.39, 0
80.4, 24
80.41, 2
80.42, 31
80.43, 6
80.44, 20
80.45, 20
80.46, 11
80.47, 22
80.48, 4
80.49, 15
80.5, 2
80.51, 8
80.52, 10
80.53, 10
80.54, 22
80.55, 13
80.56, 24
80.57, 19
80.58, 17
80.59, 39
80.6, 2
80.61, 6
80.62, 28
80.63, 10
80.64, 26
80.65, 1
80.66, 19
80.67, 8
80.68, 2
80.69, 6
80.7, 12
80.71, 23
80.72, 0
80.73, 16
80.74, 21
80.75, 19
80.76, 1
80.77, 12
80.78, 34
80.79, 27
80.8, 18
80.81, 7
80.82, 12
80.83, 7
80.84, 25
80.85, 7
80.86, 12
80.87, 20
80.88, 29
80.89, 9
80.9, 1
80.91, 25
80.92, 12
80.93, 9
80.94, 11
80.95, 34
80.96, 25
80.97, 2
80.98, 28
80.99, 15
81, 17
81.01, 13
81.02, 33
81.03, 8
81.04, 17
81.05, 35
81.06, 17
81.07, 24
81.08, 21
81.09, 10
81.1, 39
81.11, 32
81.12, 6
81.13, 39
81.14, 21
81.15, 15
81.16, 10
81.17, 19
81.18, 32
81.19, 17
81.2, 10
81.21, 23
81.22, 28
81.23, 10
81.24, 30
81.25, 2
81.26, 12
81.27, 21
81.28, 19
81.29, 1
81.3, 25
81.31, 8
81.32, 28
81.33, 28
81.34, 30
81.35, 25
81.36, 21
81.37, 21
81.38, 43
81.39, 30
81.4, 16
81.41, 25
81.42, 32
81.43, 56
81.44, 5
81.45, 40
81.46, 25
81.47, 38
81.48, 16
81.49, 16
81.5, 4
81.51, 33
81.52, 31
81.53, 15
81.54, 18
81.55, 4
81.56, 31
81.57, 4
81.58, 33
81.59, 11
81.6, 18
81.61, 40
81.62, 13
81.63, 15
81.64, 40
81.65, 31
81.66, 33
81.67, 15
81.68, 13
81.69, 35
81.7, 22
81.71, 15
81.72, 11
81.73, 16
81.74, 25
81.75, 23
81.76, 14
81.77, 23
81.78, 27
81.79, 18
81.8, 25
81.81, 5
81.82, 16
81.83, 40
81.84, 3
81.85, 29
81.86, 11
81.87, 14
81.88, 38
81.89, 20
81.9, 25
81.91, 9
81.92, 29
81.93, 7
81.94, 31
81.95, 2
81.96, 38
81.97, 2
81.98, 13
81.99, 1
82, 16
82.01, 36
82.02, 18
82.03, 11
82.04, 25
82.05, 27
82.06, 36
82.07, 1
82.08, 29
82.09, 14
82.1, 9
82.11, 25
82.12, 7
82.13, 5
82.14, 34
82.15, 27
82.16, 25
82.17, 14
82.18, 9
82.19, 3
82.2, 9
82.21, 29
82.22, 3
82.23, 18
82.24, 16
82.25, 18
82.26, 9
82.27, 18
82.28, 7
82.29, 9
82.3, 14
82.31, 25
82.32, 3
82.33, 7
82.34, 10
82.35, 0
82.36, 14
82.37, 5
82.38, 3
82.39, 10
82.4, 12
82.41, 25
82.42, 23
82.43, 21
82.44, 8
82.45, 25
82.46, 17
82.47, 10
82.48, 3
82.49, 3
82.5, 8
82.51, 3
82.52, 26
82.53, 15
82.54, 15
82.55, 19
82.56, 10
82.57, 26
82.58, 26
82.59, 19
82.6, 10
82.61, 15
82.62, 15
82.63, 2
82.64, 8
82.65, 4
82.66, 22
82.67, 8
82.68, 22
82.69, 8
82.7, 6
82.71, 9
82.72, 20
82.73, 1
82.74, 22
82.75, 7
82.76, 22
82.77, 16
82.78, 24
82.79, 2
82.8, 13
82.81, 18
82.82, 29
82.83, 14
82.84, 0
82.85, 1
82.86, 14
82.87, 5
82.88, 29
82.89, 12
82.9, 1
82.91, 12
82.92, 9
82.93, 3
82.94, 1
82.95, 12
82.96, 28
82.97, 17
82.98, 41
82.99, 26
83, 6
83.01, 8
83.02, 2
83.03, 0
83.04, 1
83.05, 4
83.06, 8
83.07, 19
83.08, 2
83.09, 33
83.1, 13
83.11, 33
83.12, 37
83.13, 22
83.14, 16
83.15, 29
83.16, 22
83.17, 7
83.18, 5
83.19, 11
83.2, 14
83.21, 20
83.22, 16
83.23, 3
83.24, 16
83.25, 7
83.26, 7
83.27, 14
83.28, 25
83.29, 16
83.3, 18
83.31, 10
83.32, 5
83.33, 10
83.34, 19
83.35, 36
83.36, 19
83.37, 19
83.38, 1
83.39, 14
83.4, 10
83.41, 15
83.42, 10
83.43, 4
83.44, 15
83.45, 8
83.46, 30
83.47, 39
83.48, 8
83.49, 8
83.5, 4
83.51, 20
83.52, 26
83.53, 33
83.54, 26
83.55, 22
83.56, 6
83.57, 24
83.58, 24
83.59, 9
83.6, 22
83.61, 31
83.62, 13
83.63, 20
83.64, 1
83.65, 18
83.66, 16
83.67, 11
83.68, 36
83.69, 7
83.7, 18
83.71, 20
83.72, 14
83.73, 14
83.74, 34
83.75, 29
83.76, 23
83.77, 8
83.78, 21
83.79, 23
83.8, 1
83.81, 19
83.82, 8
83.83, 14
83.84, 5
83.85, 19
83.86, 19
83.87, 19
83.88, 17
83.89, 10
83.9, 0
83.91, 33
83.92, 2
83.93, 17
83.94, 17
83.95, 0
83.96, 2
83.97, 1
83.98, 28
83.99, 4
84, 26
84.01, 2
84.02, 13
84.03, 13
84.04, 19
84.05, 15
84.06, 19
84.07, 31
84.08, 29
84.09, 11
84.1, 9
84.11, 7
84.12, 20
84.13, 2
84.14, 26
84.15, 18
84.16, 29
84.17, 27
84.18, 31
84.19, 1
84.2, 36
84.21, 27
84.22, 11
84.23, 20
84.24, 1
84.25, 5
84.26, 30
84.27, 16
84.28, 50
84.29, 23
84.3, 19
84.31, 32
84.32, 37
84.33, 5
84.34, 34
84.35, 15
84.36, 12
84.37, 26
84.38, 37
84.39, 35
84.4, 28
84.41, 19
84.42, 26
84.43, 31
84.44, 20
84.45, 29
84.46, 4
84.47, 8
84.48, 26
84.49, 22
84.5, 15
84.51, 26
84.52, 15
84.53, 13
84.54, 15
84.55, 8
84.56, 8
84.57, 33
84.58, 35
84.59, 9
84.6, 35
84.61, 40
84.62, 9
84.63, 17
84.64, 13
84.65, 20
84.66, 13
84.67, 1
84.68, 14
84.69, 16
84.7, 7
84.71, 12
84.72, 21
84.73, 18
84.74, 9
84.75, 27
84.76, 7
84.77, 32
84.78, 25
84.79, 5
84.8, 27
84.81, 21
84.82, 12
84.83, 16
84.84, 26
84.85, 22
84.86, 33
84.87, 40
84.88, 24
84.89, 35
84.9, 10
84.91, 26
84.92, 13
84.93, 10
84.94, 8
84.95, 0
84.96, 0
84.97, 8
84.98, 13
84.99, 13
85, 0
85.01, 0
85.02, 0
85.03, 0
85.04, 0
85.05, 0
85.06, 0
85.07, 0
85.08, 0
85.09, 0
85.1, 0
85.11, 0
85.12, 0
85.13, 0
85.14, 0
85.15, 0
85.16, 0
85.17, 0
85.18, 0
85.19, 0
85.2, 0
85.21, 0
85.22, 0
85.23, 0
85.24, 0
85.25, 0
85.26, 0
85.27, 0
85.28, 0
85.29, 0
85.3, 0
85.31, 0
85.32, 0
85.33, 0
85.34, 0
85.35, 0
85.36, 0
85.37, 0
85.38, 0
85.39, 0
85.4, 0
85.41, 0
85.42, 0
85.43, 0
85.44, 0
85.45, 0
85.46, 0
85.47, 0
85.48, 0
85.49, 0
85.5, 0
85.51, 0
85.52, 0
85.53, 0
85.54, 0
85.55, 0
85.56, 0
85.57, 0
85.58, 0
85.59, 0
85.6, 0
85.61, 0
85.62, 0
85.63, 0
85.64, 0
85.65, 0
85.66, 0
85.67, 0
85.68, 0
85.69, 0
85.7, 0
85.71, 0
85.72, 0
85.73, 0
85.74, 0
85.75, 0
85.76, 0
85.77, 0
85.78, 0
85.79, 0
85.8, 0
85.81, 0
85.82, 0
85.83, 0
85.84, 0
85.85, 0
85.86, 0
85.87, 0
85.88, 0
85.89, 0
85.9, 0
85.91, 0
85.92, 0
85.93, 0
85.94, 0
85.95, 0
85.96, 0
85.97, 0
85.98, 0
85.99, 0
86, 0
86.01, 0
86.02, 0
86.03, 0
86.04, 0
86.05, 0
86.06, 0
86.07, 0
86.08, 0
86.09, 0
86.1, 0
86.11, 0
86.12, 0
86.13, 0
86.14, 0
86.15, 0
86.16, 0
86.17, 0
86.18, 0
86.19, 0
86.2, 0
86.21, 0
86.22, 0
86.23, 0
86.24, 0
86.25, 0
86.26, 0
86.27, 0
86.28, 0
86.29, 0
86.3, 0
86.31, 0
86.32, 0
86.33, 0
86.34, 0
86.35, 0
86.36, 0
86.37, 0
86.38, 0
86.39, 0
86.4, 0
86.41, 0
86.42, 0
86.43, 0
86.44, 0
86.45, 0
86.46, 0
86.47, 0
86.48, 0
86.49, 0
86.5, 0
86.51, 0
86.52, 0
86.53, 0
86.54, 0
86.55, 0
86.56, 0
86.57, 0
86.58, 0
86.59, 0
86.6, 0
86.61, 0
86.62, 0
86.63, 0
86.64, 0
86.65, 0
86.66, 0
86.67, 0
86.68, 0
86.69, 0
86.7, 0
86.71, 0
86.72, 0
86.73, 0
86.74, 0
86.75, 0
86.76, 0
86.77, 0
86.78, 0
86.79, 0
86.8, 0
86.81, 0
86.82, 0
86.83, 0
86.84, 0
86.85, 0
86.86, 0
86.87, 0
86.88, 0
86.89, 0
86.9, 0
86.91, 0
86.92, 0
86.93, 0
86.94, 0
86.95, 0
86.96, 0
86.97, 0
86.98, 0
86.99, 0
87, 0
87.01, 0
87.02, 0
87.03, 0
87.04, 0
87.05, 0
87.06, 0
87.07, 0
87.08, 0
87.09, 0
87.1, 0
87.11, 0
87.12, 0
87.13, 0
87.14, 0
87.15, 0
87.16, 0
87.17, 0
87.18, 0
87.19, 0
87.2, 0
87.21, 0
87.22, 0
87.23, 0
87.24, 0
87.25, 0
87.26, 0
87.27, 0
87.28, 0
87.29, 0
87.3, 0
87.31, 0
87.32, 0
87.33, 0
87.34, 0
87.35, 0
87.36, 0
87.37, 0
87.38, 0
87.39, 0
87.4, 0
87.41, 0
87.42, 0
87.43, 0
87.44, 0
87.45, 0
87.46, 0
87.47, 0
87.48, 0
87.49, 0
87.5, 0
87.51, 0
87.52, 0
87.53, 0
87.54, 0
87.55, 0
87.56, 0
87.57, 0
87.58, 0
87.59, 0
87.6, 0
87.61, 0
87.62, 0
87.63, 0
87.64, 0
87.65, 0
87.66, 0
87.67, 0
87.68, 0
87.69, 0
87.7, 0
87.71, 0
87.72, 0
87.73, 0
87.74, 0
87.75, 0
87.76, 0
87.77, 0
87.78, 0
87.79, 0
87.8, 0
87.81, 0
87.82, 0
87.83, 0
87.84, 0
87.85, 0
87.86, 0
87.87, 0
87.88, 0
87.89, 0
87.9, 0
87.91, 0
87.92, 0
87.93, 0
87.94, 0
87.95, 0
87.96, 0
87.97, 0
87.98, 0
87.99, 0
88, 0
88.01, 0
88.02, 0
88.03, 0
88.04, 0
88.05, 0
88.06, 0
88.07, 0
88.08, 0
88.09, 0
88.1, 0
88.11, 0
88.12, 0
88.13, 0
88.14, 0
88.15, 0
88.16, 0
88.17, 0
88.18, 0
88.19, 0
88.2, 0
88.21, 0
88.22, 0
88.23, 0
88.24, 0
88.25, 0
88.26, 0
88.27, 0
88.28, 0
88.29, 0
88.3, 0
88.31, 0
88.32, 0
88.33, 0
88.34, 0
88.35, 0
88.36, 0
88.37, 0
88.38, 0
88.39, 0
88.4, 0
88.41, 0
88.42, 0
88.43, 0
88.44, 0
88.45, 0
88.46, 0
88.47, 0
88.48, 0
88.49, 0
88.5, 0
88.51, 0
88.52, 0
88.53, 0
88.54, 0
88.55, 0
88.56, 0
88.57, 0
88.58, 0
88.59, 0
88.6, 0
88.61, 0
88.62, 0
88.63, 0
88.64, 0
88.65, 0
88.66, 0
88.67, 0
88.68, 0
88.69, 0
88.7, 0
88.71, 0
88.72, 0
88.73, 0
88.74, 0
88.75, 0
88.76, 0
88.77, 0
88.78, 0
88.79, 0
88.8, 0
88.81, 0
88.82, 0
88.83, 0
88.84, 0
88.85, 0
88.86, 0
88.87, 0
88.88, 0
88.89, 0
88.9, 0
88.91, 0
88.92, 0
88.93, 0
88.94, 0
88.95, 0
88.96, 0
88.97, 0
88.98, 0
88.99, 0
89, 0
89.01, 0
89.02, 0
89.03, 0
89.04, 0
89.05, 0
89.06, 0
89.07, 0
89.08, 0
89.09, 0
89.1, 0
89.11, 0
89.12, 0
89.13, 0
89.14, 0
89.15, 0
89.16, 0
89.17, 0
89.18, 0
89.19, 0
89.2, 0
89.21, 0
89.22, 0
89.23, 0
89.24, 0
89.25, 0
89.26, 0
89.27, 0
89.28, 0
89.29, 0
89.3, 0
89.31, 0
89.32, 0
89.33, 0
89.34, 0
89.35, 0
89.36, 0
89.37, 0
89.38, 0
89.39, 0
89.4, 0
89.41, 0
89.42, 0
89.43, 0
89.44, 0
89.45, 0
89.46, 0
89.47, 0
89.48, 0
89.49, 0
89.5, 0
89.51, 0
89.52, 0
89.53, 0
89.54, 0
89.55, 0
89.56, 0
89.57, 0
89.58, 0
89.59, 0
89.6, 0
89.61, 0
89.62, 0
89.63, 0
89.64, 0
89.65, 0
89.66, 0
89.67, 0
89.68, 0
89.69, 0
89.7, 0
89.71, 0
89.72, 0
89.73, 0
89.74, 0
89.75, 0
89.76, 0
89.77, 0
89.78, 0
89.79, 0
89.8, 0
89.81, 0
89.82, 0
89.83, 0
89.84, 0
89.85, 0
89.86, 0
89.87, 0
89.88, 0
89.89, 0
89.9, 0
89.91, 0
89.92, 0
89.93, 0
89.94, 0
89.95, 0
89.96, 0
89.97, 0
89.98, 0
89.99, 0
90, 0
90.01, 0
90.02, 0
90.03, 0
90.04, 0
90.05, 0
90.06, 0
90.07, 0
90.08, 0
90.09, 0
90.1, 0
90.11, 0
90.12, 0
90.13, 0
90.14, 0
90.15, 0
90.16, 0
90.17, 0
90.18, 0
90.19, 0
90.2, 0
90.21, 0
90.22, 0
90.23, 0
90.24, 0
90.25, 0
90.26, 0
90.27, 0
90.28, 0
90.29, 0
90.3, 0
90.31, 0
90.32, 0
90.33, 0
90.34, 0
90.35, 0
90.36, 0
90.37, 0
90.38, 0
90.39, 0
90.4, 0
90.41, 0
90.42, 0
90.43, 0
90.44, 0
90.45, 0
90.46, 0
90.47, 0
90.48, 0
90.49, 0
90.5, 0
90.51, 0
90.52, 0
90.53, 0
90.54, 0
90.55, 0
90.56, 0
90.57, 0
90.58, 0
90.59, 0
90.6, 0
90.61, 0
90.62, 0
90.63, 0
90.64, 0
90.65, 0
90.66, 0
90.67, 0
90.68, 0
90.69, 0
90.7, 0
90.71, 0
90.72, 0
90.73, 0
90.74, 0
90.75, 0
90.76, 0
90.77, 0
90.78, 0
90.79, 0
90.8, 0
90.81, 0
90.82, 0
90.83, 0
90.84, 0
90.85, 0
90.86, 0
90.87, 0
90.88, 0
90.89, 0
90.9, 0
90.91, 0
90.92, 0
90.93, 0
90.94, 0
90.95, 0
90.96, 0
90.97, 0
90.98, 0
90.99, 0
91, 0
91.01, 0
91.02, 0
91.03, 0
91.04, 0
91.05, 0
91.06, 0
91.07, 0
91.08, 0
91.09, 0
91.1, 0
91.11, 0
91.12, 0
91.13, 0
91.14, 0
91.15, 0
91.16, 0
91.17, 0
91.18, 0
91.19, 0
91.2, 0
91.21, 0
91.22, 0
91.23, 0
91.24, 0
91.25, 0
91.26, 0
91.27, 0
91.28, 0
91.29, 0
91.3, 0
91.31, 0
91.32, 0
91.33, 0
91.34, 0
91.35, 0
91.36, 0
91.37, 0
91.38, 0
91.39, 0
91.4, 0
91.41, 0
91.42, 0
91.43, 0
91.44, 0
91.45, 0
91.46, 0
91.47, 0
91.48, 0
91.49, 0
91.5, 0
91.51, 0
91.52, 0
91.53, 0
91.54, 0
91.55, 0
91.56, 0
91.57, 0
91.58, 0
91.59, 0
91.6, 0
91.61, 0
91.62, 0
91.63, 0
91.64, 0
91.65, 0
91.66, 0
91.67, 0
91.68, 0
91.69, 0
91.7, 0
91.71, 0
91.72, 0
91.73, 0
91.74, 0
91.75, 0
91.76, 0
91.77, 0
91.78, 0
91.79, 0
91.8, 0
91.81, 0
91.82, 0
91.83, 0
91.84, 0
91.85, 0
91.86, 0
91.87, 0
91.88, 0
91.89, 0
91.9, 0
91.91, 0
91.92, 0
91.93, 0
91.94, 0
91.95, 0
91.96, 0
91.97, 0
91.98, 0
91.99, 0
92, 0
92.01, 0
92.02, 0
92.03, 0
92.04, 0
92.05, 0
92.06, 0
92.07, 0
92.08, 0
92.09, 0
92.1, 0
92.11, 0
92.12, 0
92.13, 0
92.14, 0
92.15, 0
92.16, 0
92.17, 0
92.18, 0
92.19, 0
92.2, 0
92.21, 0
92.22, 0
92.23, 0
92.24, 0
92.25, 0
92.26, 0
92.27, 0
92.28, 0
92.29, 0
92.3, 0
92.31, 0
92.32, 0
92.33, 0
92.34, 0
92.35, 0
92.36, 0
92.37, 0
92.38, 0
92.39, 0
92.4, 0
92.41, 0
92.42, 0
92.43, 0
92.44, 0
92.45, 0
92.46, 0
92.47, 0
92.48, 0
92.49, 0
92.5, 0
92.51, 0
92.52, 0
92.53, 0
92.54, 0
92.55, 0
92.56, 0
92.57, 0
92.58, 0
92.59, 0
92.6, 0
92.61, 0
92.62, 0
92.63, 0
92.64, 0
92.65, 0
92.66, 0
92.67, 0
92.68, 0
92.69, 0
92.7, 0
92.71, 0
92.72, 0
92.73, 0
92.74, 0
92.75, 0
92.76, 0
92.77, 0
92.78, 0
92.79, 0
92.8, 0
92.81, 0
92.82, 0
92.83, 0
92.84, 0
92.85, 0
92.86, 0
92.87, 0
92.88, 0
92.89, 0
92.9, 0
92.91, 0
92.92, 0
92.93, 0
92.94, 0
92.95, 0
92.96, 0
92.97, 0
92.98, 0
92.99, 0
93, 0
93.01, 0
93.02, 0
93.03, 0
93.04, 0
93.05, 0
93.06, 0
93.07, 0
93.08, 0
93.09, 0
93.1, 0
93.11, 0
93.12, 0
93.13, 0
93.14, 0
93.15, 0
93.16, 0
93.17, 0
93.18, 0
93.19, 0
93.2, 0
93.21, 0
93.22, 0
93.23, 0
93.24, 0
93.25, 0
93.26, 0
93.27, 0
93.28, 0
93.29, 0
93.3, 0
93.31, 0
93.32, 0
93.33, 0
93.34, 0
93.35, 0
93.36, 0
93.37, 0
93.38, 0
93.39, 0
93.4, 0
93.41, 0
93.42, 0
93.43, 0
93.44, 0
93.45, 0
93.46, 0
93.47, 0
93.48, 0
93.49, 0
93.5, 0
93.51, 0
93.52, 0
93.53, 0
93.54, 0
93.55, 0
93.56, 0
93.57, 0
93.58, 0
93.59, 0
93.6, 0
93.61, 0
93.62, 0
93.63, 0
93.64, 0
93.65, 0
93.66, 0
93.67, 0
93.68, 0
93.69, 0
93.7, 0
93.71, 0
93.72, 0
93.73, 0
93.74, 0
93.75, 0
93.76, 0
93.77, 0
93.78, 0
93.79, 0
93.8, 0
93.81, 0
93.82, 0
93.83, 0
93.84, 0
93.85, 0
93.86, 0
93.87, 0
93.88, 0
93.89, 0
93.9, 0
93.91, 0
93.92, 0
93.93, 0
93.94, 0
93.95, 0
93.96, 0
93.97, 0
93.98, 0
93.99, 0
94, 0
94.01, 0
94.02, 0
94.03, 0
94.04, 0
94.05, 0
94.06, 0
94.07, 0
94.08, 0
94.09, 0
94.1, 0
94.11, 0
94.12, 0
94.13, 0
94.14, 0
94.15, 0
94.16, 0
94.17, 0
94.18, 0
94.19, 0
94.2, 0
94.21, 0
94.22, 0
94.23, 0
94.24, 0
94.25, 0
94.26, 0
94.27, 0
94.28, 0
94.29, 0
94.3, 0
94.31, 0
94.32, 0
94.33, 0
94.34, 0
94.35, 0
94.36, 0
94.37, 0
94.38, 0
94.39, 0
94.4, 0
94.41, 0
94.42, 0
94.43, 0
94.44, 0
94.45, 0
94.46, 0
94.47, 0
94.48, 0
94.49, 0
94.5, 0
94.51, 0
94.52, 0
94.53, 0
94.54, 0
94.55, 0
94.56, 0
94.57, 0
94.58, 0
94.59, 0
94.6, 0
94.61, 0
94.62, 0
94.63, 0
94.64, 0
94.65, 0
94.66, 0
94.67, 0
94.68, 0
94.69, 0
94.7, 0
94.71, 0
94.72, 0
94.73, 0
94.74, 0
94.75, 0
94.76, 0
94.77, 0
94.78, 0
94.79, 0
94.8, 0
94.81, 0
94.82, 0
94.83, 0
94.84, 0
94.85, 0
94.86, 0
94.87, 0
94.88, 0
94.89, 0
94.9, 0
94.91, 0
94.92, 0
94.93, 0
94.94, 0
94.95, 0
94.96, 0
94.97, 0
94.98, 0
94.99, 0
95, 0
95.01, 0
95.02, 0
95.03, 0
95.04, 0
95.05, 0
95.06, 0
95.07, 0
95.08, 0
95.09, 0
95.1, 0
95.11, 0
95.12, 0
95.13, 0
95.14, 0
95.15, 0
95.16, 0
95.17, 0
95.18, 0
95.19, 0
95.2, 0
95.21, 0
95.22, 0
95.23, 0
95.24, 0
95.25, 0
95.26, 0
95.27, 0
95.28, 0
95.29, 0
95.3, 0
95.31, 0
95.32, 0
95.33, 0
95.34, 0
95.35, 0
95.36, 0
95.37, 0
95.38, 0
95.39, 0
95.4, 0
95.41, 0
95.42, 0
95.43, 0
95.44, 0
95.45, 0
95.46, 0
95.47, 0
95.48, 0
95.49, 0
95.5, 0
95.51, 0
95.52, 0
95.53, 0
95.54, 0
95.55, 0
95.56, 0
95.57, 0
95.58, 0
95.59, 0
95.6, 0
95.61, 0
95.62, 0
95.63, 0
95.64, 0
95.65, 0
95.66, 0
95.67, 0
95.68, 0
95.69, 0
95.7, 0
95.71, 0
95.72, 0
95.73, 0
95.74, 0
95.75, 0
95.76, 0
95.77, 0
95.78, 0
95.79, 0
95.8, 0
95.81, 0
95.82, 0
95.83, 0
95.84, 0
95.85, 0
95.86, 0
95.87, 0
95.88, 0
95.89, 0
95.9, 0
95.91, 0
95.92, 0
95.93, 0
95.94, 0
95.95, 0
95.96, 0
95.97, 0
95.98, 0
95.99, 0
96, 0
96.01, 0
96.02, 0
96.03, 0
96.04, 0
96.05, 0
96.06, 0
96.07, 0
96.08, 0
96.09, 0
96.1, 0
96.11, 0
96.12, 0
96.13, 0
96.14, 0
96.15, 0
96.16, 0
96.17, 0
96.18, 0
96.19, 0
96.2, 0
96.21, 0
96.22, 0
96.23, 0
96.24, 0
96.25, 0
96.26, 0
96.27, 0
96.28, 0
96.29, 0
96.3, 0
96.31, 0
96.32, 0
96.33, 0
96.34, 0
96.35, 0
96.36, 0
96.37, 0
96.38, 0
96.39, 0
96.4, 0
96.41, 0
96.42, 0
96.43, 0
96.44, 0
96.45, 0
96.46, 0
96.47, 0
96.48, 0
96.49, 0
96.5, 0
96.51, 0
96.52, 0
96.53, 0
96.54, 0
96.55, 0
96.56, 0
96.57, 0
96.58, 0
96.59, 0
96.6, 0
96.61, 0
96.62, 0
96.63, 0
96.64, 0
96.65, 0
96.66, 0
96.67, 0
96.68, 0
96.69, 0
96.7, 0
96.71, 0
96.72, 0
96.73, 0
96.74, 0
96.75, 0
96.76, 0
96.77, 0
96.78, 0
96.79, 0
96.8, 0
96.81, 0
96.82, 0
96.83, 0
96.84, 0
96.85, 0
96.86, 0
96.87, 0
96.88, 0
96.89, 0
96.9, 0
96.91, 0
96.92, 0
96.93, 0
96.94, 0
96.95, 0
96.96, 0
96.97, 0
96.98, 0
96.99, 0
97, 0
97.01, 0
97.02, 0
97.03, 0
97.04, 0
97.05, 0
97.06, 0
97.07, 0
97.08, 0
97.09, 0
97.1, 0
97.11, 0
97.12, 0
97.13, 0
97.14, 0
97.15, 0
97.16, 0
97.17, 0
97.18, 0
97.19, 0
97.2, 0
97.21, 0
97.22, 0
97.23, 0
97.24, 0
97.25, 0
97.26, 0
97.27, 0
97.28, 0
97.29, 0
97.3, 0
97.31, 0
97.32, 0
97.33, 0
97.34, 0
97.35, 0
97.36, 0
97.37, 0
97.38, 0
97.39, 0
97.4, 0
97.41, 0
97.42, 0
97.43, 0
97.44, 0
97.45, 0
97.46, 0
97.47, 0
97.48, 0
97.49, 0
97.5, 0
97.51, 0
97.52, 0
97.53, 0
97.54, 0
97.55, 0
97.56, 0
97.57, 0
97.58, 0
97.59, 0
97.6, 0
97.61, 0
97.62, 0
97.63, 0
97.64, 0
97.65, 0
97.66, 0
97.67, 0
97.68, 0
97.69, 0
97.7, 0
97.71, 0
97.72, 0
97.73, 0
97.74, 0
97.75, 0
97.76, 0
97.77, 0
97.78, 0
97.79, 0
97.8, 0
97.81, 0
97.82, 0
97.83, 0
97.84, 0
97.85, 0
97.86, 0
97.87, 0
97.88, 0
97.89, 0
97.9, 0
97.91, 0
97.92, 0
97.93, 0
97.94, 0
97.95, 0
97.96, 0
97.97, 0
97.98, 0
97.99, 0
98, 0
98.01, 0
98.02, 0
98.03, 0
98.04, 0
98.05, 0
98.06, 0
98.07, 0
98.08, 0
98.09, 0
98.1, 0
98.11, 0
98.12, 0
98.13, 0
98.14, 0
98.15, 0
98.16, 0
98.17, 0
98.18, 0
98.19, 0
98.2, 0
98.21, 0
98.22, 0
98.23, 0
98.24, 0
98.25, 0
98.26, 0
98.27, 0
98.28, 0
98.29, 0
98.3, 0
98.31, 0
98.32, 0
98.33, 0
98.34, 0
98.35, 0
98.36, 0
98.37, 0
98.38, 0
98.39, 0
98.4, 0
98.41, 0
98.42, 0
98.43, 0
98.44, 0
98.45, 0
98.46, 0
98.47, 0
98.48, 0
98.49, 0
98.5, 0
98.51, 0
98.52, 0
98.53, 0
98.54, 0
98.55, 0
98.56, 0
98.57, 0
98.58, 0
98.59, 0
98.6, 0
98.61, 0
98.62, 0
98.63, 0
98.64, 0
98.65, 0
98.66, 0
98.67, 0
98.68, 0
98.69, 0
98.7, 0
98.71, 0
98.72, 0
98.73, 0
98.74, 0
98.75, 0
98.76, 0
98.77, 0
98.78, 0
98.79, 0
98.8, 0
98.81, 0
98.82, 0
98.83, 0
98.84, 0
98.85, 0
98.86, 0
98.87, 0
98.88, 0
98.89, 0
98.9, 0
98.91, 0
98.92, 0
98.93, 0
98.94, 0
98.95, 0
98.96, 0
98.97, 0
98.98, 0
98.99, 0
99, 0
99.01, 0
99.02, 0
99.03, 0
99.04, 0
99.05, 0
99.06, 0
99.07, 0
99.08, 0
99.09, 0
99.1, 0
99.11, 0
99.12, 0
99.13, 0
99.14, 0
99.15, 0
99.16, 0
99.17, 0
99.18, 0
99.19, 0
99.2, 0
99.21, 0
99.22, 0
99.23, 0
99.24, 0
99.25, 0
99.26, 0
99.27, 0
99.28, 0
99.29, 0
99.3, 0
99.31, 0
99.32, 0
99.33, 0
99.34, 0
99.35, 0
99.36, 0
99.37, 0
99.38, 0
99.39, 0
99.4, 0
99.41, 0
99.42, 0
99.43, 0
99.44, 0
99.45, 0
99.46, 0
99.47, 0
99.48, 0
99.49, 0
99.5, 0
99.51, 0
99.52, 0
99.53, 0
99.54, 0
99.55, 0
99.56, 0
99.57, 0
99.58, 0
99.59, 0
99.6, 0
99.61, 0
99.62, 0
99.63, 0
99.64, 0
99.65, 0
99.66, 0
99.67, 0
99.68, 0
99.69, 0
99.7, 0
99.71, 0
99.72, 0
99.73, 0
99.74, 0
99.75, 0
99.76, 0
99.77, 0
99.78, 0
99.79, 0
99.8, 0
99.81, 0
99.82, 0
99.83, 0
99.84, 0
99.85, 0
99.86, 0
99.87, 0
99.88, 0
99.89, 0
99.9, 0
99.91, 0
99.92, 0
99.93, 0
99.94, 0
99.95, 0
99.96, 0
99.97, 0
99.98, 0
99.99, 0
100, 0
100.01, 0
100.02, 0
100.03, 0
100.04, 0
100.05, 0
100.06, 0
100.07, 0
100.08, 0
100.09, 0
100.1, 0
100.11, 0
100.12, 0
100.13, 0
100.14, 0
100.15, 0
100.16, 0
100.17, 0
100.18, 0
100.19, 0
100.2, 0
100.21, 0
100.22, 0
100.23, 0
100.24, 0
100.25, 0
100.26, 0
100.27, 0
100.28, 0
100.29, 0
100.3, 0
100.31, 0
100.32, 0
100.33, 0
100.34, 0
100.35, 0
100.36, 0
100.37, 0
100.38, 0
100.39, 0
100.4, 0
100.41, 0
100.42, 0
100.43, 0
100.44, 0
100.45, 0
100.46, 0
100.47, 0
100.48, 0
100.49, 0
100.5, 0
100.51, 0
100.52, 0
100.53, 0
100.54, 0
100.55, 0
100.56, 0
100.57, 0
100.58, 0
100.59, 0
100.6, 0
100.61, 0
100.62, 0
100.63, 0
100.64, 0
100.65, 0
100.66, 0
100.67, 0
100.68, 0
100.69, 0
100.7, 0
100.71, 0
100.72, 0
100.73, 0
100.74, 0
100.75, 0
100.76, 0
100.77, 0
100.78, 0
100.79, 0
100.8, 0
100.81, 0
100.82, 0
100.83, 0
100.84, 0
100.85, 0
100.86, 0
100.87, 0
100.88, 0
100.89, 0
100.9, 0
100.91, 0
100.92, 0
100.93, 0
100.94, 0
100.95, 0
100.96, 0
100.97, 0
100.98, 0
100.99, 0
101, 0
101.01, 0
101.02, 0
101.03, 0
101.04, 0
101.05, 0
101.06, 0
101.07, 0
101.08, 0
101.09, 0
101.1, 0
101.11, 0
101.12, 0
101.13, 0
101.14, 0
101.15, 0
101.16, 0
101.17, 0
101.18, 0
101.19, 0
101.2, 0
101.21, 0
101.22, 0
101.23, 0
101.24, 0
101.25, 0
101.26, 0
101.27, 0
101.28, 0
101.29, 0
101.3, 0
101.31, 0
101.32, 0
101.33, 0
101.34, 0
101.35, 0
101.36, 0
101.37, 0
101.38, 0
101.39, 0
101.4, 0
101.41, 0
101.42, 0
101.43, 0
101.44, 0
101.45, 0
101.46, 0
101.47, 0
101.48, 0
101.49, 0
101.5, 0
101.51, 0
101.52, 0
101.53, 0
101.54, 0
101.55, 0
101.56, 0
101.57, 0
101.58, 0
101.59, 0
101.6, 0
101.61, 0
101.62, 0
101.63, 0
101.64, 0
101.65, 0
101.66, 0
101.67, 0
101.68, 0
101.69, 0
101.7, 0
101.71, 0
101.72, 0
101.73, 0
101.74, 0
101.75, 0
101.76, 0
101.77, 0
101.78, 0
101.79, 0
101.8, 0
101.81, 0
101.82, 0
101.83, 0
101.84, 0
101.85, 0
101.86, 0
101.87, 0
101.88, 0
101.89, 0
101.9, 0
101.91, 0
101.92, 0
101.93, 0
101.94, 0
101.95, 0
101.96, 0
101.97, 0
101.98, 0
101.99, 0
102, 0
102.01, 0
102.02, 0
102.03, 0
102.04, 0
102.05, 0
102.06, 0
102.07, 0
102.08, 0
102.09, 0
102.1, 0
102.11, 0
102.12, 0
102.13, 0
102.14, 0
102.15, 0
102.16, 0
102.17, 0
102.18, 0
102.19, 0
102.2, 0
102.21, 0
102.22, 0
102.23, 0
102.24, 0
102.25, 0
102.26, 0
102.27, 0
102.28, 0
102.29, 0
102.3, 0
102.31, 0
102.32, 0
102.33, 0
102.34, 0
102.35, 0
102.36, 0
102.37, 0
102.38, 0
102.39, 0
102.4, 0
102.41, 0
102.42, 0
102.43, 0
102.44, 0
102.45, 0
102.46, 0
102.47, 0
102.48, 0
102.49, 0
102.5, 0
102.51, 0
102.52, 0
102.53, 0
102.54, 0
102.55, 0
102.56, 0
102.57, 0
102.58, 0
102.59, 0
102.6, 0
102.61, 0
102.62, 0
102.63, 0
102.64, 0
102.65, 0
102.66, 0
102.67, 0
102.68, 0
102.69, 0
102.7, 0
102.71, 0
102.72, 0
102.73, 0
102.74, 0
102.75, 0
102.76, 0
102.77, 0
102.78, 0
102.79, 0
102.8, 0
102.81, 0
102.82, 0
102.83, 0
102.84, 0
102.85, 0
102.86, 0
102.87, 0
102.88, 0
102.89, 0
102.9, 0
102.91, 0
102.92, 0
102.93, 0
102.94, 0
102.95, 0
102.96, 0
102.97, 0
102.98, 0
102.99, 0
103, 0
103.01, 0
103.02, 0
103.03, 0
103.04, 0
103.05, 0
103.06, 0
103.07, 0
103.08, 0
103.09, 0
103.1, 0
103.11, 0
103.12, 0
103.13, 0
103.14, 0
103.15, 0
103.16, 0
103.17, 0
103.18, 0
103.19, 0
103.2, 0
103.21, 0
103.22, 0
103.23, 0
103.24, 0
103.25, 0
103.26, 0
103.27, 0
103.28, 0
103.29, 0
103.3, 0
103.31, 0
103.32, 0
103.33, 0
103.34, 0
103.35, 0
103.36, 0
103.37, 0
103.38, 0
103.39, 0
103.4, 0
103.41, 0
103.42, 0
103.43, 0
103.44, 0
103.45, 0
103.46, 0
103.47, 0
103.48, 0
103.49, 0
103.5, 0
103.51, 0
103.52, 0
103.53, 0
103.54, 0
103.55, 0
103.56, 0
103.57, 0
103.58, 0
103.59, 0
103.6, 0
103.61, 0
103.62, 0
103.63, 0
103.64, 0
103.65, 0
103.66, 0
103.67, 0
103.68, 0
103.69, 0
103.7, 0
103.71, 0
103.72, 0
103.73, 0
103.74, 0
103.75, 0
103.76, 0
103.77, 0
103.78, 0
103.79, 0
103.8, 0
103.81, 0
103.82, 0
103.83, 0
103.84, 0
103.85, 0
103.86, 0
103.87, 0
103.88, 0
103.89, 0
103.9, 0
103.91, 0
103.92, 0
103.93, 0
103.94, 0
103.95, 0
103.96, 0
103.97, 0
103.98, 0
103.99, 0
104, 0
104.01, 0
104.02, 0
104.03, 0
104.04, 0
104.05, 0
104.06, 0
104.07, 0
104.08, 0
104.09, 0
104.1, 0
104.11, 0
104.12, 0
104.13, 0
104.14, 0
104.15, 0
104.16, 0
104.17, 0
104.18, 0
104.19, 0
104.2, 0
104.21, 0
104.22, 0
104.23, 0
104.24, 0
104.25, 0
104.26, 0
104.27, 0
104.28, 0
104.29, 0
104.3, 0
104.31, 0
104.32, 0
104.33, 0
104.34, 0
104.35, 0
104.36, 0
104.37, 0
104.38, 0
104.39, 0
104.4, 0
104.41, 0
104.42, 0
104.43, 0
104.44, 0
104.45, 0
104.46, 0
104.47, 0
104.48, 0
104.49, 0
104.5, 0
104.51, 0
104.52, 0
104.53, 0
104.54, 0
104.55, 0
104.56, 0
104.57, 0
104.58, 0
104.59, 0
104.6, 0
104.61, 0
104.62, 0
104.63, 0
104.64, 0
104.65, 0
104.66, 0
104.67, 0
104.68, 0
104.69, 0
104.7, 0
104.71, 0
104.72, 0
104.73, 0
104.74, 0
104.75, 0
104.76, 0
104.77, 0
104.78, 0
104.79, 0
104.8, 0
104.81, 0
104.82, 0
104.83, 0
104.84, 0
104.85, 0
104.86, 0
104.87, 0
104.88, 0
104.89, 0
104.9, 0
104.91, 0
104.92, 0
104.93, 0
104.94, 0
104.95, 0
104.96, 0
104.97, 0
104.98, 0
104.99, 0
105, 0
105.01, 0
105.02, 0
105.03, 0
105.04, 0
105.05, 0
105.06, 0
105.07, 0
105.08, 0
105.09, 0
105.1, 0
105.11, 0
105.12, 0
105.13, 0
105.14, 0
105.15, 0
105.16, 0
105.17, 0
105.18, 0
105.19, 0
105.2, 0
105.21, 0
105.22, 0
105.23, 0
105.24, 0
105.25, 0
105.26, 0
105.27, 0
105.28, 0
105.29, 0
105.3, 0
105.31, 0
105.32, 0
105.33, 0
105.34, 0
105.35, 0
105.36, 0
105.37, 0
105.38, 0
105.39, 0
105.4, 0
105.41, 0
105.42, 0
105.43, 0
105.44, 0
105.45, 0
105.46, 0
105.47, 0
105.48, 0
105.49, 0
105.5, 0
105.51, 0
105.52, 0
105.53, 0
105.54, 0
105.55, 0
105.56, 0
105.57, 0
105.58, 0
105.59, 0
105.6, 0
105.61, 0
105.62, 0
105.63, 0
105.64, 0
105.65, 0
105.66, 0
105.67, 0
105.68, 0
105.69, 0
105.7, 0
105.71, 0
105.72, 0
105.73, 0
105.74, 0
105.75, 0
105.76, 0
105.77, 0
105.78, 0
105.79, 0
105.8, 0
105.81, 0
105.82, 0
105.83, 0
105.84, 0
105.85, 0
105.86, 0
105.87, 0
105.88, 0
105.89, 0
105.9, 0
105.91, 0
105.92, 0
105.93, 0
105.94, 0
105.95, 0
105.96, 0
105.97, 0
105.98, 0
105.99, 0
106, 0
106.01, 0
106.02, 0
106.03, 0
106.04, 0
106.05, 0
106.06, 0
106.07, 0
106.08, 0
106.09, 0
106.1, 0
106.11, 0
106.12, 0
106.13, 0
106.14, 0
106.15, 0
106.16, 0
106.17, 0
106.18, 0
106.19, 0
106.2, 0
106.21, 0
106.22, 0
106.23, 0
106.24, 0
106.25, 0
106.26, 0
106.27, 0
106.28, 0
106.29, 0
106.3, 0
106.31, 0
106.32, 0
106.33, 0
106.34, 0
106.35, 0
106.36, 0
106.37, 0
106.38, 0
106.39, 0
106.4, 0
106.41, 0
106.42, 0
106.43, 0
106.44, 0
106.45, 0
106.46, 0
106.47, 0
106.48, 0
106.49, 0
106.5, 0
106.51, 0
106.52, 0
106.53, 0
106.54, 0
106.55, 0
106.56, 0
106.57, 0
106.58, 0
106.59, 0
106.6, 0
106.61, 0
106.62, 0
106.63, 0
106.64, 0
106.65, 0
106.66, 0
106.67, 0
106.68, 0
106.69, 0
106.7, 0
106.71, 0
106.72, 0
106.73, 0
106.74, 0
106.75, 0
106.76, 0
106.77, 0
106.78, 0
106.79, 0
106.8, 0
106.81, 0
106.82, 0
106.83, 0
106.84, 0
106.85, 0
106.86, 0
106.87, 0
106.88, 0
106.89, 0
106.9, 0
106.91, 0
106.92, 0
106.93, 0
106.94, 0
106.95, 0
106.96, 0
106.97, 0
106.98, 0
106.99, 0
107, 0
107.01, 0
107.02, 0
107.03, 0
107.04, 0
107.05, 0
107.06, 0
107.07, 0
107.08, 0
107.09, 0
107.1, 0
107.11, 0
107.12, 0
107.13, 0
107.14, 0
107.15, 0
107.16, 0
107.17, 0
107.18, 0
107.19, 0
107.2, 0
107.21, 0
107.22, 0
107.23, 0
107.24, 0
107.25, 0
107.26, 0
107.27, 0
107.28, 0
107.29, 0
107.3, 0
107.31, 0
107.32, 0
107.33, 0
107.34, 0
107.35, 0
107.36, 0
107.37, 0
107.38, 0
107.39, 0
107.4, 0
107.41, 0
107.42, 0
107.43, 0
107.44, 0
107.45, 0
107.46, 0
107.47, 0
107.48, 0
107.49, 0
107.5, 0
107.51, 0
107.52, 0
107.53, 0
107.54, 0
107.55, 0
107.56, 0
107.57, 0
107.58, 0
107.59, 0
107.6, 0
107.61, 0
107.62, 0
107.63, 0
107.64, 0
107.65, 0
107.66, 0
107.67, 0
107.68, 0
107.69, 0
107.7, 0
107.71, 0
107.72, 0
107.73, 0
107.74, 0
107.75, 0
107.76, 0
107.77, 0
107.78, 0
107.79, 0
107.8, 0
107.81, 0
107.82, 0
107.83, 0
107.84, 0
107.85, 0
107.86, 0
107.87, 0
107.88, 0
107.89, 0
107.9, 0
107.91, 0
107.92, 0
107.93, 0
107.94, 0
107.95, 0
107.96, 0
107.97, 0
107.98, 0
107.99, 0
108, 0
108.01, 0
108.02, 0
108.03, 0
108.04, 0
108.05, 0
108.06, 0
108.07, 0
108.08, 0
108.09, 0
108.1, 0
108.11, 0
108.12, 0
108.13, 0
108.14, 0
108.15, 0
108.16, 0
108.17, 0
108.18, 0
108.19, 0
108.2, 0
108.21, 0
108.22, 0
108.23, 0
108.24, 0
108.25, 0
108.26, 0
108.27, 0
108.28, 0
108.29, 0
108.3, 0
108.31, 0
108.32, 0
108.33, 0
108.34, 0
108.35, 0
108.36, 0
108.37, 0
108.38, 0
108.39, 0
108.4, 0
108.41, 0
108.42, 0
108.43, 0
108.44, 0
108.45, 0
108.46, 0
108.47, 0
108.48, 0
108.49, 0
108.5, 0
108.51, 0
108.52, 0
108.53, 0
108.54, 0
108.55, 0
108.56, 0
108.57, 0
108.58, 0
108.59, 0
108.6, 0
108.61, 0
108.62, 0
108.63, 0
108.64, 0
108.65, 0
108.66, 0
108.67, 0
108.68, 0
108.69, 0
108.7, 0
108.71, 0
108.72, 0
108.73, 0
108.74, 0
108.75, 0
108.76, 0
108.77, 0
108.78, 0
108.79, 0
108.8, 0
108.81, 0
108.82, 0
108.83, 0
108.84, 0
108.85, 0
108.86, 0
108.87, 0
108.88, 0
108.89, 0
108.9, 0
108.91, 0
108.92, 0
108.93, 0
108.94, 0
108.95, 0
108.96, 0
108.97, 0
108.98, 0
108.99, 0
109, 0
109.01, 0
109.02, 0
109.03, 0
109.04, 0
109.05, 0
109.06, 0
109.07, 0
109.08, 0
109.09, 0
109.1, 0
109.11, 0
109.12, 0
109.13, 0
109.14, 0
109.15, 0
109.16, 0
109.17, 0
109.18, 0
109.19, 0
109.2, 0
109.21, 0
109.22, 0
109.23, 0
109.24, 0
109.25, 0
109.26, 0
109.27, 0
109.28, 0
109.29, 0
109.3, 0
109.31, 0
109.32, 0
109.33, 0
109.34, 0
109.35, 0
109.36, 0
109.37, 0
109.38, 0
109.39, 0
109.4, 0
109.41, 0
109.42, 0
109.43, 0
109.44, 0
109.45, 0
109.46, 0
109.47, 0
109.48, 0
109.49, 0
109.5, 0
109.51, 0
109.52, 0
109.53, 0
109.54, 0
109.55, 0
109.56, 0
109.57, 0
109.58, 0
109.59, 0
109.6, 0
109.61, 0
109.62, 0
109.63, 0
109.64, 0
109.65, 0
109.66, 0
109.67, 0
109.68, 0
109.69, 0
109.7, 0
109.71, 0
109.72, 0
109.73, 0
109.74, 0
109.75, 0
109.76, 0
109.77, 0
109.78, 0
109.79, 0
109.8, 0
109.81, 0
109.82, 0
109.83, 0
109.84, 0
109.85, 0
109.86, 0
109.87, 0
109.88, 0
109.89, 0
109.9, 0
109.91, 0
109.92, 0
109.93, 0
109.94, 0
109.95, 0
109.96, 0
109.97, 0
109.98, 0
109.99, 0
110, 0
110.01, 0
110.02, 0
110.03, 0
110.04, 0
110.05, 0
110.06, 0
110.07, 0
110.08, 0
110.09, 0
110.1, 0
110.11, 0
110.12, 0
110.13, 0
110.14, 0
110.15, 0
110.16, 0
110.17, 0
110.18, 0
110.19, 0
110.2, 0
110.21, 0
110.22, 0
110.23, 0
110.24, 0
110.25, 0
110.26, 0
110.27, 0
110.28, 0
110.29, 0
110.3, 0
110.31, 0
110.32, 0
110.33, 0
110.34, 0
110.35, 0
110.36, 0
110.37, 0
110.38, 0
110.39, 0
110.4, 0
110.41, 0
110.42, 0
110.43, 0
110.44, 0
110.45, 0
110.46, 0
110.47, 0
110.48, 0
110.49, 0
110.5, 0
110.51, 0
110.52, 0
110.53, 0
110.54, 0
110.55, 0
110.56, 0
110.57, 0
110.58, 0
110.59, 0
110.6, 0
110.61, 0
110.62, 0
110.63, 0
110.64, 0
110.65, 0
110.66, 0
110.67, 0
110.68, 0
110.69, 0
110.7, 0
110.71, 0
110.72, 0
110.73, 0
110.74, 0
110.75, 0
110.76, 0
110.77, 0
110.78, 0
110.79, 0
110.8, 0
110.81, 0
110.82, 0
110.83, 0
110.84, 0
110.85, 0
110.86, 0
110.87, 0
110.88, 0
110.89, 0
110.9, 0
110.91, 0
110.92, 0
110.93, 0
110.94, 0
110.95, 0
110.96, 0
110.97, 0
110.98, 0
110.99, 0
111, 0
111.01, 0
111.02, 0
111.03, 0
111.04, 0
111.05, 0
111.06, 0
111.07, 0
111.08, 0
111.09, 0
111.1, 0
111.11, 0
111.12, 0
111.13, 0
111.14, 0
111.15, 0
111.16, 0
111.17, 0
111.18, 0
111.19, 0
111.2, 0
111.21, 0
111.22, 0
111.23, 0
111.24, 0
111.25, 0
111.26, 0
111.27, 0
111.28, 0
111.29, 0
111.3, 0
111.31, 0
111.32, 0
111.33, 0
111.34, 0
111.35, 0
111.36, 0
111.37, 0
111.38, 0
111.39, 0
111.4, 0
111.41, 0
111.42, 0
111.43, 0
111.44, 0
111.45, 0
111.46, 0
111.47, 0
111.48, 0
111.49, 0
111.5, 0
111.51, 0
111.52, 0
111.53, 0
111.54, 0
111.55, 0
111.56, 0
111.57, 0
111.58, 0
111.59, 0
111.6, 0
111.61, 0
111.62, 0
111.63, 0
111.64, 0
111.65, 0
111.66, 0
111.67, 0
111.68, 0
111.69, 0
111.7, 0
111.71, 0
111.72, 0
111.73, 0
111.74, 0
111.75, 0
111.76, 0
111.77, 0
111.78, 0
111.79, 0
111.8, 0
111.81, 0
111.82, 0
111.83, 0
111.84, 0
111.85, 0
111.86, 0
111.87, 0
111.88, 0
111.89, 0
111.9, 0
111.91, 0
111.92, 0
111.93, 0
111.94, 0
111.95, 0
111.96, 0
111.97, 0
111.98, 0
111.99, 0
112, 0
112.01, 0
112.02, 0
112.03, 0
112.04, 0
112.05, 0
112.06, 0
112.07, 0
112.08, 0
112.09, 0
112.1, 0
112.11, 0
112.12, 0
112.13, 0
112.14, 0
112.15, 0
112.16, 0
112.17, 0
112.18, 0
112.19, 0
112.2, 0
112.21, 0
112.22, 0
112.23, 0
112.24, 0
112.25, 0
112.26, 0
112.27, 0
112.28, 0
112.29, 0
112.3, 0
112.31, 0
112.32, 0
112.33, 0
112.34, 0
112.35, 0
112.36, 0
112.37, 0
112.38, 0
112.39, 0
112.4, 0
112.41, 0
112.42, 0
112.43, 0
112.44, 0
112.45, 0
112.46, 0
112.47, 0
112.48, 0
112.49, 0
112.5, 0
112.51, 0
112.52, 0
112.53, 0
112.54, 0
112.55, 0
112.56, 0
112.57, 0
112.58, 0
112.59, 0
112.6, 0
112.61, 0
112.62, 0
112.63, 0
112.64, 0
112.65, 0
112.66, 0
112.67, 0
112.68, 0
112.69, 0
112.7, 0
112.71, 0
112.72, 0
112.73, 0
112.74, 0
112.75, 0
112.76, 0
112.77, 0
112.78, 0
112.79, 0
112.8, 0
112.81, 0
112.82, 0
112.83, 0
112.84, 0
112.85, 0
112.86, 0
112.87, 0
112.88, 0
112.89, 0
112.9, 0
112.91, 0
112.92, 0
112.93, 0
112.94, 0
112.95, 0
112.96, 0
112.97, 0
112.98, 0
112.99, 0
113, 0
113.01, 0
113.02, 0
113.03, 0
113.04, 0
113.05, 0
113.06, 0
113.07, 0
113.08, 0
113.09, 0
113.1, 0
113.11, 0
113.12, 0
113.13, 0
113.14, 0
113.15, 0
113.16, 0
113.17, 0
113.18, 0
113.19, 0
113.2, 0
113.21, 0
113.22, 0
113.23, 0
113.24, 0
113.25, 0
113.26, 0
113.27, 0
113.28, 0
113.29, 0
113.3, 0
113.31, 0
113.32, 0
113.33, 0
113.34, 0
113.35, 0
113.36, 0
113.37, 0
113.38, 0
113.39, 0
113.4, 0
113.41, 0
113.42, 0
113.43, 0
113.44, 0
113.45, 0
113.46, 0
113.47, 0
113.48, 0
113.49, 0
113.5, 0
113.51, 0
113.52, 0
113.53, 0
113.54, 0
113.55, 0
113.56, 0
113.57, 0
113.58, 0
113.59, 0
113.6, 0
113.61, 0
113.62, 0
113.63, 0
113.64, 0
113.65, 0
113.66, 0
113.67, 0
113.68, 0
113.69, 0
113.7, 0
113.71, 0
113.72, 0
113.73, 0
113.74, 0
113.75, 0
113.76, 0
113.77, 0
113.78, 0
113.79, 0
113.8, 0
113.81, 0
113.82, 0
113.83, 0
113.84, 0
113.85, 0
113.86, 0
113.87, 0
113.88, 0
113.89, 0
113.9, 0
113.91, 0
113.92, 0
113.93, 0
113.94, 0
113.95, 0
113.96, 0
113.97, 0
113.98, 0
113.99, 0
114, 0
114.01, 0
114.02, 0
114.03, 0
114.04, 0
114.05, 0
114.06, 0
114.07, 0
114.08, 0
114.09, 0
114.1, 0
114.11, 0
114.12, 0
114.13, 0
114.14, 0
114.15, 0
114.16, 0
114.17, 0
114.18, 0
114.19, 0
114.2, 0
114.21, 0
114.22, 0
114.23, 0
114.24, 0
114.25, 0
114.26, 0
114.27, 0
114.28, 0
114.29, 0
114.3, 0
114.31, 0
114.32, 0
114.33, 0
114.34, 0
114.35, 0
114.36, 0
114.37, 0
114.38, 0
114.39, 0
114.4, 0
114.41, 0
114.42, 0
114.43, 0
114.44, 0
114.45, 0
114.46, 0
114.47, 0
114.48, 0
114.49, 0
114.5, 0
114.51, 0
114.52, 0
114.53, 0
114.54, 0
114.55, 0
114.56, 0
114.57, 0
114.58, 0
114.59, 0
114.6, 0
114.61, 0
114.62, 0
114.63, 0
114.64, 0
114.65, 0
114.66, 0
114.67, 0
114.68, 0
114.69, 0
114.7, 0
114.71, 0
114.72, 0
114.73, 0
114.74, 0
114.75, 0
114.76, 0
114.77, 0
114.78, 0
114.79, 0
114.8, 0
114.81, 0
114.82, 0
114.83, 0
114.84, 0
114.85, 0
114.86, 0
114.87, 0
114.88, 0
114.89, 0
114.9, 0
114.91, 0
114.92, 0
114.93, 0
114.94, 0
114.95, 0
114.96, 0
114.97, 0
114.98, 0
114.99, 0
115, 0
115.01, 0
115.02, 0
115.03, 0
115.04, 0
115.05, 0
115.06, 0
115.07, 0
115.08, 0
115.09, 0
115.1, 0
115.11, 0
115.12, 0
115.13, 0
115.14, 0
115.15, 0
115.16, 0
115.17, 0
115.18, 0
115.19, 0
115.2, 0
115.21, 0
115.22, 0
115.23, 0
115.24, 0
115.25, 0
115.26, 0
115.27, 0
115.28, 0
115.29, 0
115.3, 0
115.31, 0
115.32, 0
115.33, 0
115.34, 0
115.35, 0
115.36, 0
115.37, 0
115.38, 0
115.39, 0
115.4, 0
115.41, 0
115.42, 0
115.43, 0
115.44, 0
115.45, 0
115.46, 0
115.47, 0
115.48, 0
115.49, 0
115.5, 0
115.51, 0
115.52, 0
115.53, 0
115.54, 0
115.55, 0
115.56, 0
115.57, 0
115.58, 0
115.59, 0
115.6, 0
115.61, 0
115.62, 0
115.63, 0
115.64, 0
115.65, 0
115.66, 0
115.67, 0
115.68, 0
115.69, 0
115.7, 0
115.71, 0
115.72, 0
115.73, 0
115.74, 0
115.75, 0
115.76, 0
115.77, 0
115.78, 0
115.79, 0
115.8, 0
115.81, 0
115.82, 0
115.83, 0
115.84, 0
115.85, 0
115.86, 0
115.87, 0
115.88, 0
115.89, 0
115.9, 0
115.91, 0
115.92, 0
115.93, 0
115.94, 0
115.95, 0
115.96, 0
115.97, 0
115.98, 0
115.99, 0
116, 0
116.01, 0
116.02, 0
116.03, 0
116.04, 0
116.05, 0
116.06, 0
116.07, 0
116.08, 0
116.09, 0
116.1, 0
116.11, 0
116.12, 0
116.13, 0
116.14, 0
116.15, 0
116.16, 0
116.17, 0
116.18, 0
116.19, 0
116.2, 0
116.21, 0
116.22, 0
116.23, 0
116.24, 0
116.25, 0
116.26, 0
116.27, 0
116.28, 0
116.29, 0
116.3, 0
116.31, 0
116.32, 0
116.33, 0
116.34, 0
116.35, 0
116.36, 0
116.37, 0
116.38, 0
116.39, 0
116.4, 0
116.41, 0
116.42, 0
116.43, 0
116.44, 0
116.45, 0
116.46, 0
116.47, 0
116.48, 0
116.49, 0
116.5, 0
116.51, 0
116.52, 0
116.53, 0
116.54, 0
116.55, 0
116.56, 0
116.57, 0
116.58, 0
116.59, 0
116.6, 0
116.61, 0
116.62, 0
116.63, 0
116.64, 0
116.65, 0
116.66, 0
116.67, 0
116.68, 0
116.69, 0
116.7, 0
116.71, 0
116.72, 0
116.73, 0
116.74, 0
116.75, 0
116.76, 0
116.77, 0
116.78, 0
116.79, 0
116.8, 0
116.81, 0
116.82, 0
116.83, 0
116.84, 0
116.85, 0
116.86, 0
116.87, 0
116.88, 0
116.89, 0
116.9, 0
116.91, 0
116.92, 0
116.93, 0
116.94, 0
116.95, 0
116.96, 0
116.97, 0
116.98, 0
116.99, 0
117, 0
117.01, 0
117.02, 0
117.03, 0
117.04, 0
117.05, 0
117.06, 0
117.07, 0
117.08, 0
117.09, 0
117.1, 0
117.11, 0
117.12, 0
117.13, 0
117.14, 0
117.15, 0
117.16, 0
117.17, 0
117.18, 0
117.19, 0
117.2, 0
117.21, 0
117.22, 0
117.23, 0
117.24, 0
117.25, 0
117.26, 0
117.27, 0
117.28, 0
117.29, 0
117.3, 0
117.31, 0
117.32, 0
117.33, 0
117.34, 0
117.35, 0
117.36, 0
117.37, 0
117.38, 0
117.39, 0
117.4, 0
117.41, 0
117.42, 0
117.43, 0
117.44, 0
117.45, 0
117.46, 0
117.47, 0
117.48, 0
117.49, 0
117.5, 0
117.51, 0
117.52, 0
117.53, 0
117.54, 0
117.55, 0
117.56, 0
117.57, 0
117.58, 0
117.59, 0
117.6, 0
117.61, 0
117.62, 0
117.63, 0
117.64, 0
117.65, 0
117.66, 0
117.67, 0
117.68, 0
117.69, 0
117.7, 0
117.71, 0
117.72, 0
117.73, 0
117.74, 0
117.75, 0
117.76, 0
117.77, 0
117.78, 0
117.79, 0
117.8, 0
117.81, 0
117.82, 0
117.83, 0
117.84, 0
117.85, 0
117.86, 0
117.87, 0
117.88, 0
117.89, 0
117.9, 0
117.91, 0
117.92, 0
117.93, 0
117.94, 0
117.95, 0
117.96, 0
117.97, 0
117.98, 0
117.99, 0
118, 0
118.01, 0
118.02, 0
118.03, 0
118.04, 0
118.05, 0
118.06, 0
118.07, 0
118.08, 0
118.09, 0
118.1, 0
118.11, 0
118.12, 0
118.13, 0
118.14, 0
118.15, 0
118.16, 0
118.17, 0
118.18, 0
118.19, 0
118.2, 0
118.21, 0
118.22, 0
118.23, 0
118.24, 0
118.25, 0
118.26, 0
118.27, 0
118.28, 0
118.29, 0
118.3, 0
118.31, 0
118.32, 0
118.33, 0
118.34, 0
118.35, 0
118.36, 0
118.37, 0
118.38, 0
118.39, 0
118.4, 0
118.41, 0
118.42, 0
118.43, 0
118.44, 0
118.45, 0
118.46, 0
118.47, 0
118.48, 0
118.49, 0
118.5, 0
118.51, 0
118.52, 0
118.53, 0
118.54, 0
118.55, 0
118.56, 0
118.57, 0
118.58, 0
118.59, 0
118.6, 0
118.61, 0
118.62, 0
118.63, 0
118.64, 0
118.65, 0
118.66, 0
118.67, 0
118.68, 0
118.69, 0
118.7, 0
118.71, 0
118.72, 0
118.73, 0
118.74, 0
118.75, 0
118.76, 0
118.77, 0
118.78, 0
118.79, 0
118.8, 0
118.81, 0
118.82, 0
118.83, 0
118.84, 0
118.85, 0
118.86, 0
118.87, 0
118.88, 0
118.89, 0
118.9, 0
118.91, 0
118.92, 0
118.93, 0
118.94, 0
118.95, 0
118.96, 0
118.97, 0
118.98, 0
118.99, 0
119, 0
119.01, 0
119.02, 0
119.03, 0
119.04, 0
119.05, 0
119.06, 0
119.07, 0
119.08, 0
119.09, 0
119.1, 0
119.11, 0
119.12, 0
119.13, 0
119.14, 0
119.15, 0
119.16, 0
119.17, 0
119.18, 0
119.19, 0
119.2, 0
119.21, 0
119.22, 0
119.23, 0
119.24, 0
119.25, 0
119.26, 0
119.27, 0
119.28, 0
119.29, 0
119.3, 0
119.31, 0
119.32, 0
119.33, 0
119.34, 0
119.35, 0
119.36, 0
119.37, 0
119.38, 0
119.39, 0
119.4, 0
119.41, 0
119.42, 0
119.43, 0
119.44, 0
119.45, 0
119.46, 0
119.47, 0
119.48, 0
119.49, 0
119.5, 0
119.51, 0
119.52, 0
119.53, 0
119.54, 0
119.55, 0
119.56, 0
119.57, 0
119.58, 0
119.59, 0
119.6, 0
119.61, 0
119.62, 0
119.63, 0
119.64, 0
119.65, 0
119.66, 0
119.67, 0
119.68, 0
119.69, 0
119.7, 0
119.71, 0
119.72, 0
119.73, 0
119.74, 0
119.75, 0
119.76, 0
119.77, 0
119.78, 0
119.79, 0
119.8, 0
119.81, 0
119.82, 0
119.83, 0
119.84, 0
119.85, 0
119.86, 0
119.87, 0
119.88, 0
119.89, 0
119.9, 0
119.91, 0
119.92, 0
119.93, 0
119.94, 0
119.95, 0
119.96, 0
119.97, 0
119.98, 0
119.99, 0
120, 0
120.01, 0
120.02, 0
120.03, 0
120.04, 0
120.05, 0
120.06, 0
120.07, 0
120.08, 0
120.09, 0
120.1, 0
120.11, 0
120.12, 0
120.13, 0
120.14, 0
120.15, 0
120.16, 0
120.17, 0
120.18, 0
120.19, 0
120.2, 0
120.21, 0
120.22, 0
120.23, 0
120.24, 0
120.25, 0
120.26, 0
120.27, 0
120.28, 0
120.29, 0
120.3, 0
120.31, 0
120.32, 0
120.33, 0
120.34, 0
120.35, 0
120.36, 0
120.37, 0
120.38, 0
120.39, 0
120.4, 0
120.41, 0
120.42, 0
120.43, 0
120.44, 0
120.45, 0
120.46, 0
120.47, 0
120.48, 0
120.49, 0
120.5, 0
120.51, 0
120.52, 0
120.53, 0
120.54, 0
120.55, 0
120.56, 0
120.57, 0
120.58, 0
120.59, 0
120.6, 0
120.61, 0
120.62, 0
120.63, 0
120.64, 0
120.65, 0
120.66, 0
120.67, 0
120.68, 0
120.69, 0
120.7, 0
120.71, 0
120.72, 0
120.73, 0
120.74, 0
120.75, 0
120.76, 0
120.77, 0
120.78, 0
120.79, 0
120.8, 0
120.81, 0
120.82, 0
120.83, 0
120.84, 0
120.85, 0
120.86, 0
120.87, 0
120.88, 0
120.89, 0
120.9, 0
120.91, 0
120.92, 0
120.93, 0
120.94, 0
120.95, 0
120.96, 0
120.97, 0
120.98, 0
120.99, 0
121, 0
121.01, 0
121.02, 0
121.03, 0
121.04, 0
121.05, 0
121.06, 0
121.07, 0
121.08, 0
121.09, 0
121.1, 0
121.11, 0
121.12, 0
121.13, 0
121.14, 0
121.15, 0
121.16, 0
121.17, 0
121.18, 0
121.19, 0
121.2, 0
121.21, 0
121.22, 0
121.23, 0
121.24, 0
121.25, 0
121.26, 0
121.27, 0
121.28, 0
121.29, 0
121.3, 0
121.31, 0
121.32, 0
121.33, 0
121.34, 0
121.35, 0
121.36, 0
121.37, 0
121.38, 0
121.39, 0
121.4, 0
121.41, 0
121.42, 0
121.43, 0
121.44, 0
121.45, 0
121.46, 0
121.47, 0
121.48, 0
121.49, 0
121.5, 0
121.51, 0
121.52, 0
121.53, 0
121.54, 0
121.55, 0
121.56, 0
121.57, 0
121.58, 0
121.59, 0
121.6, 0
121.61, 0
121.62, 0
121.63, 0
121.64, 0
121.65, 0
121.66, 0
121.67, 0
121.68, 0
121.69, 0
121.7, 0
121.71, 0
121.72, 0
121.73, 0
121.74, 0
121.75, 0
121.76, 0
121.77, 0
121.78, 0
121.79, 0
121.8, 0
121.81, 0
121.82, 0
121.83, 0
121.84, 0
121.85, 0
121.86, 0
121.87, 0
121.88, 0
121.89, 0
121.9, 0
121.91, 0
121.92, 0
121.93, 0
121.94, 0
121.95, 0
121.96, 0
121.97, 0
121.98, 0
121.99, 0
122, 0
122.01, 0
122.02, 0
122.03, 0
122.04, 0
122.05, 0
122.06, 0
122.07, 0
122.08, 0
122.09, 0
122.1, 0
122.11, 0
122.12, 0
122.13, 0
122.14, 0
122.15, 0
122.16, 0
122.17, 0
122.18, 0
122.19, 0
122.2, 0
122.21, 0
122.22, 0
122.23, 0
122.24, 0
122.25, 0
122.26, 0
122.27, 0
122.28, 0
122.29, 0
122.3, 0
122.31, 0
122.32, 0
122.33, 0
122.34, 0
122.35, 0
122.36, 0
122.37, 0
122.38, 0
122.39, 0
122.4, 0
122.41, 0
122.42, 0
122.43, 0
122.44, 0
122.45, 0
122.46, 0
122.47, 0
122.48, 0
122.49, 0
122.5, 0
122.51, 0
122.52, 0
122.53, 0
122.54, 0
122.55, 0
122.56, 0
122.57, 0
122.58, 0
122.59, 0
122.6, 0
122.61, 0
122.62, 0
122.63, 0
122.64, 0
122.65, 0
122.66, 0
122.67, 0
122.68, 0
122.69, 0
122.7, 0
122.71, 0
122.72, 0
122.73, 0
122.74, 0
122.75, 0
122.76, 0
122.77, 0
122.78, 0
122.79, 0
122.8, 0
122.81, 0
122.82, 0
122.83, 0
122.84, 0
122.85, 0
122.86, 0
122.87, 0
122.88, 0
122.89, 0
122.9, 0
122.91, 0
122.92, 0
122.93, 0
122.94, 0
122.95, 0
122.96, 0
122.97, 0
122.98, 0
122.99, 0
123, 0
123.01, 0
123.02, 0
123.03, 0
123.04, 0
123.05, 0
123.06, 0
123.07, 0
123.08, 0
123.09, 0
123.1, 0
123.11, 0
123.12, 0
123.13, 0
123.14, 0
123.15, 0
123.16, 0
123.17, 0
123.18, 0
123.19, 0
123.2, 0
123.21, 0
123.22, 0
123.23, 0
123.24, 0
123.25, 0
123.26, 0
123.27, 0
123.28, 0
123.29, 0
123.3, 0
123.31, 0
123.32, 0
123.33, 0
123.34, 0
123.35, 0
123.36, 0
123.37, 0
123.38, 0
123.39, 0
123.4, 0
123.41, 0
123.42, 0
123.43, 0
123.44, 0
123.45, 0
123.46, 0
123.47, 0
123.48, 0
123.49, 0
123.5, 0
123.51, 0
123.52, 0
123.53, 0
123.54, 0
123.55, 0
123.56, 0
123.57, 0
123.58, 0
123.59, 0
123.6, 0
123.61, 0
123.62, 0
123.63, 0
123.64, 0
123.65, 0
123.66, 0
123.67, 0
123.68, 0
123.69, 0
123.7, 0
123.71, 0
123.72, 0
123.73, 0
123.74, 0
123.75, 0
123.76, 0
123.77, 0
123.78, 0
123.79, 0
123.8, 0
123.81, 0
123.82, 0
123.83, 0
123.84, 0
123.85, 0
123.86, 0
123.87, 0
123.88, 0
123.89, 0
123.9, 0
123.91, 0
123.92, 0
123.93, 0
123.94, 0
123.95, 0
123.96, 0
123.97, 0
123.98, 0
123.99, 0
124, 0
124.01, 0
124.02, 0
124.03, 0
124.04, 0
124.05, 0
124.06, 0
124.07, 0
124.08, 0
124.09, 0
124.1, 0
124.11, 0
124.12, 0
124.13, 0
124.14, 0
124.15, 0
124.16, 0
124.17, 0
124.18, 0
124.19, 0
124.2, 0
124.21, 0
124.22, 0
124.23, 0
124.24, 0
124.25, 0
124.26, 0
124.27, 0
124.28, 0
124.29, 0
124.3, 0
124.31, 0
124.32, 0
124.33, 0
124.34, 0
124.35, 0
124.36, 0
124.37, 0
124.38, 0
124.39, 0
124.4, 0
124.41, 0
124.42, 0
124.43, 0
124.44, 0
124.45, 0
124.46, 0
124.47, 0
124.48, 0
124.49, 0
124.5, 0
124.51, 0
124.52, 0
124.53, 0
124.54, 0
124.55, 0
124.56, 0
124.57, 0
124.58, 0
124.59, 0
124.6, 0
124.61, 0
124.62, 0
124.63, 0
124.64, 0
124.65, 0
124.66, 0
124.67, 0
124.68, 0
124.69, 0
124.7, 0
124.71, 0
124.72, 0
124.73, 0
124.74, 0
124.75, 0
124.76, 0
124.77, 0
124.78, 0
124.79, 0
124.8, 0
124.81, 0
124.82, 0
124.83, 0
124.84, 0
124.85, 0
124.86, 0
124.87, 0
124.88, 0
124.89, 0
124.9, 0
124.91, 0
124.92, 0
124.93, 0
124.94, 0
124.95, 0
124.96, 0
124.97, 0
124.98, 0
124.99, 0
125, 0
125.01, 0
125.02, 0
125.03, 0
125.04, 0
125.05, 0
125.06, 0
125.07, 0
125.08, 0
125.09, 0
125.1, 0
125.11, 0
125.12, 0
125.13, 0
125.14, 0
125.15, 0
125.16, 0
125.17, 0
125.18, 0
125.19, 0
125.2, 0
125.21, 0
125.22, 0
125.23, 0
125.24, 0
125.25, 0
125.26, 0
125.27, 0
125.28, 0
125.29, 0
125.3, 0
125.31, 0
125.32, 0
125.33, 0
125.34, 0
125.35, 0
125.36, 0
125.37, 0
125.38, 0
125.39, 0
125.4, 0
125.41, 0
125.42, 0
125.43, 0
125.44, 0
125.45, 0
125.46, 0
125.47, 0
125.48, 0
125.49, 0
125.5, 0
125.51, 0
125.52, 0
125.53, 0
125.54, 0
125.55, 0
125.56, 0
125.57, 0
125.58, 0
125.59, 0
125.6, 0
125.61, 0
125.62, 0
125.63, 0
125.64, 0
125.65, 0
125.66, 0
125.67, 0
125.68, 0
125.69, 0
125.7, 0
125.71, 0
125.72, 0
125.73, 0
125.74, 0
125.75, 0
125.76, 0
125.77, 0
125.78, 0
125.79, 0
125.8, 0
125.81, 0
125.82, 0
125.83, 0
125.84, 0
125.85, 0
125.86, 0
125.87, 0
125.88, 0
125.89, 0
125.9, 0
125.91, 0
125.92, 0
125.93, 0
125.94, 0
125.95, 0
125.96, 0
125.97, 0
125.98, 0
125.99, 0
126, 0
126.01, 0
126.02, 0
126.03, 0
126.04, 0
126.05, 0
126.06, 0
126.07, 0
126.08, 0
126.09, 0
126.1, 0
126.11, 0
126.12, 0
126.13, 0
126.14, 0
126.15, 0
126.16, 0
126.17, 0
126.18, 0
126.19, 0
126.2, 0
126.21, 0
126.22, 0
126.23, 0
126.24, 0
126.25, 0
126.26, 0
126.27, 0
126.28, 0
126.29, 0
126.3, 0
126.31, 0
126.32, 0
126.33, 0
126.34, 0
126.35, 0
126.36, 0
126.37, 0
126.38, 0
126.39, 0
126.4, 0
126.41, 0
126.42, 0
126.43, 0
126.44, 0
126.45, 0
126.46, 0
126.47, 0
126.48, 0
126.49, 0
126.5, 0
126.51, 0
126.52, 0
126.53, 0
126.54, 0
126.55, 0
126.56, 0
126.57, 0
126.58, 0
126.59, 0
126.6, 0
126.61, 0
126.62, 0
126.63, 0
126.64, 0
126.65, 0
126.66, 0
126.67, 0
126.68, 0
126.69, 0
126.7, 0
126.71, 0
126.72, 0
126.73, 0
126.74, 0
126.75, 0
126.76, 0
126.77, 0
126.78, 0
126.79, 0
126.8, 0
126.81, 0
126.82, 0
126.83, 0
126.84, 0
126.85, 0
126.86, 0
126.87, 0
126.88, 0
126.89, 0
126.9, 0
126.91, 0
126.92, 0
126.93, 0
126.94, 0
126.95, 0
126.96, 0
126.97, 0
126.98, 0
126.99, 0
127, 0
127.01, 0
127.02, 0
127.03, 0
127.04, 0
127.05, 0
127.06, 0
127.07, 0
127.08, 0
127.09, 0
127.1, 0
127.11, 0
127.12, 0
127.13, 0
127.14, 0
127.15, 0
127.16, 0
127.17, 0
127.18, 0
127.19, 0
127.2, 0
127.21, 0
127.22, 0
127.23, 0
127.24, 0
127.25, 0
127.26, 0
127.27, 0
127.28, 0
127.29, 0
127.3, 0
127.31, 0
127.32, 0
127.33, 0
127.34, 0
127.35, 0
127.36, 0
127.37, 0
127.38, 0
127.39, 0
127.4, 0
127.41, 0
127.42, 0
127.43, 0
127.44, 0
127.45, 0
127.46, 0
127.47, 0
127.48, 0
127.49, 0
127.5, 0
127.51, 0
127.52, 0
127.53, 0
127.54, 0
127.55, 0
127.56, 0
127.57, 0
127.58, 0
127.59, 0
127.6, 0
127.61, 0
127.62, 0
127.63, 0
127.64, 0
127.65, 0
127.66, 0
127.67, 0
127.68, 0
127.69, 0
127.7, 0
127.71, 0
127.72, 0
127.73, 0
127.74, 0
127.75, 0
127.76, 0
127.77, 0
127.78, 0
127.79, 0
127.8, 0
127.81, 0
127.82, 0
127.83, 0
127.84, 0
127.85, 0
127.86, 0
127.87, 0
127.88, 0
127.89, 0
127.9, 0
127.91, 0
127.92, 0
127.93, 0
127.94, 0
127.95, 0
127.96, 0
127.97, 0
127.98, 0
127.99, 0
128, 0
128.01, 0
128.02, 0
128.03, 0
128.04, 0
128.05, 0
128.06, 0
128.07, 0
128.08, 0
128.09, 0
128.1, 0
128.11, 0
128.12, 0
128.13, 0
128.14, 0
128.15, 0
128.16, 0
128.17, 0
128.18, 0
128.19, 0
128.2, 0
128.21, 0
128.22, 0
128.23, 0
128.24, 0
128.25, 0
128.26, 0
128.27, 0
128.28, 0
128.29, 0
128.3, 0
128.31, 0
128.32, 0
128.33, 0
128.34, 0
128.35, 0
128.36, 0
128.37, 0
128.38, 0
128.39, 0
128.4, 0
128.41, 0
128.42, 0
128.43, 0
128.44, 0
128.45, 0
128.46, 0
128.47, 0
128.48, 0
128.49, 0
128.5, 0
128.51, 0
128.52, 0
128.53, 0
128.54, 0
128.55, 0
128.56, 0
128.57, 0
128.58, 0
128.59, 0
128.6, 0
128.61, 0
128.62, 0
128.63, 0
128.64, 0
128.65, 0
128.66, 0
128.67, 0
128.68, 0
128.69, 0
128.7, 0
128.71, 0
128.72, 0
128.73, 0
128.74, 0
128.75, 0
128.76, 0
128.77, 0
128.78, 0
128.79, 0
128.8, 0
128.81, 0
128.82, 0
128.83, 0
128.84, 0
128.85, 0
128.86, 0
128.87, 0
128.88, 0
128.89, 0
128.9, 0
128.91, 0
128.92, 0
128.93, 0
128.94, 0
128.95, 0
128.96, 0
128.97, 0
128.98, 0
128.99, 0
129, 0
129.01, 0
129.02, 0
129.03, 0
129.04, 0
129.05, 0
129.06, 0
129.07, 0
129.08, 0
129.09, 0
129.1, 0
129.11, 0
129.12, 0
129.13, 0
129.14, 0
129.15, 0
129.16, 0
129.17, 0
129.18, 0
129.19, 0
129.2, 0
129.21, 0
129.22, 0
129.23, 0
129.24, 0
129.25, 0
129.26, 0
129.27, 0
129.28, 0
129.29, 0
129.3, 0
129.31, 0
129.32, 0
129.33, 0
129.34, 0
129.35, 0
129.36, 0
129.37, 0
129.38, 0
129.39, 0
129.4, 0
129.41, 0
129.42, 0
129.43, 0
129.44, 0
129.45, 0
129.46, 0
129.47, 0
129.48, 0
129.49, 0
129.5, 0
129.51, 0
129.52, 0
129.53, 0
129.54, 0
129.55, 0
129.56, 0
129.57, 0
129.58, 0
129.59, 0
129.6, 0
129.61, 0
129.62, 0
129.63, 0
129.64, 0
129.65, 0
129.66, 0
129.67, 0
129.68, 0
129.69, 0
129.7, 0
129.71, 0
129.72, 0
129.73, 0
129.74, 0
129.75, 0
129.76, 0
129.77, 0
129.78, 0
129.79, 0
129.8, 0
129.81, 0
129.82, 0
129.83, 0
129.84, 0
129.85, 0
129.86, 0
129.87, 0
129.88, 0
129.89, 0
129.9, 0
129.91, 0
129.92, 0
129.93, 0
129.94, 0
129.95, 0
129.96, 0
129.97, 0
129.98, 0
129.99, 0
130, 0
130.01, 0
130.02, 0
130.03, 0
130.04, 0
130.05, 0
130.06, 0
130.07, 0
130.08, 0
130.09, 0
130.1, 0
130.11, 0
130.12, 0
130.13, 0
130.14, 0
130.15, 0
130.16, 0
130.17, 0
130.18, 0
130.19, 0
130.2, 0
130.21, 0
130.22, 0
130.23, 0
130.24, 0
130.25, 0
130.26, 0
130.27, 0
130.28, 0
130.29, 0
130.3, 0
130.31, 0
130.32, 0
130.33, 0
130.34, 0
130.35, 0
130.36, 0
130.37, 0
130.38, 0
130.39, 0
130.4, 0
130.41, 0
130.42, 0
130.43, 0
130.44, 0
130.45, 0
130.46, 0
130.47, 0
130.48, 0
130.49, 0
130.5, 0
130.51, 0
130.52, 0
130.53, 0
130.54, 0
130.55, 0
130.56, 0
130.57, 0
130.58, 0
130.59, 0
130.6, 0
130.61, 0
130.62, 0
130.63, 0
130.64, 0
130.65, 0
130.66, 0
130.67, 0
130.68, 0
130.69, 0
130.7, 0
130.71, 0
130.72, 0
130.73, 0
130.74, 0
130.75, 0
130.76, 0
130.77, 0
130.78, 0
130.79, 0
130.8, 0
130.81, 0
130.82, 0
130.83, 0
130.84, 0
130.85, 0
130.86, 0
130.87, 0
130.88, 0
130.89, 0
130.9, 0
130.91, 0
130.92, 0
130.93, 0
130.94, 0
130.95, 0
130.96, 0
130.97, 0
130.98, 0
130.99, 0
131, 0
131.01, 0
131.02, 0
131.03, 0
131.04, 0
131.05, 0
131.06, 0
131.07, 0
131.08, 0
131.09, 0
131.1, 0
131.11, 0
131.12, 0
131.13, 0
131.14, 0
131.15, 0
131.16, 0
131.17, 0
131.18, 0
131.19, 0
131.2, 0
131.21, 0
131.22, 0
131.23, 0
131.24, 0
131.25, 0
131.26, 0
131.27, 0
131.28, 0
131.29, 0
131.3, 0
131.31, 0
131.32, 0
131.33, 0
131.34, 0
131.35, 0
131.36, 0
131.37, 0
131.38, 0
131.39, 0
131.4, 0
131.41, 0
131.42, 0
131.43, 0
131.44, 0
131.45, 0
131.46, 0
131.47, 0
131.48, 0
131.49, 0
131.5, 0
131.51, 0
131.52, 0
131.53, 0
131.54, 0
131.55, 0
131.56, 0
131.57, 0
131.58, 0
131.59, 0
131.6, 0
131.61, 0
131.62, 0
131.63, 0
131.64, 0
131.65, 0
131.66, 0
131.67, 0
131.68, 0
131.69, 0
131.7, 0
131.71, 0
131.72, 0
131.73, 0
131.74, 0
131.75, 0
131.76, 0
131.77, 0
131.78, 0
131.79, 0
131.8, 0
131.81, 0
131.82, 0
131.83, 0
131.84, 0
131.85, 0
131.86, 0
131.87, 0
131.88, 0
131.89, 0
131.9, 0
131.91, 0
131.92, 0
131.93, 0
131.94, 0
131.95, 0
131.96, 0
131.97, 0
131.98, 0
131.99, 0
132, 0
132.01, 0
132.02, 0
132.03, 0
132.04, 0
132.05, 0
132.06, 0
132.07, 0
132.08, 0
132.09, 0
132.1, 0
132.11, 0
132.12, 0
132.13, 0
132.14, 0
132.15, 0
132.16, 0
132.17, 0
132.18, 0
132.19, 0
132.2, 0
132.21, 0
132.22, 0
132.23, 0
132.24, 0
132.25, 0
132.26, 0
132.27, 0
132.28, 0
132.29, 0
132.3, 0
132.31, 0
132.32, 0
132.33, 0
132.34, 0
132.35, 0
132.36, 0
132.37, 0
132.38, 0
132.39, 0
132.4, 0
132.41, 0
132.42, 0
132.43, 0
132.44, 0
132.45, 0
132.46, 0
132.47, 0
132.48, 0
132.49, 0
132.5, 0
132.51, 0
132.52, 0
132.53, 0
132.54, 0
132.55, 0
132.56, 0
132.57, 0
132.58, 0
132.59, 0
132.6, 0
132.61, 0
132.62, 0
132.63, 0
132.64, 0
132.65, 0
132.66, 0
132.67, 0
132.68, 0
132.69, 0
132.7, 0
132.71, 0
132.72, 0
132.73, 0
132.74, 0
132.75, 0
132.76, 0
132.77, 0
132.78, 0
132.79, 0
132.8, 0
132.81, 0
132.82, 0
132.83, 0
132.84, 0
132.85, 0
132.86, 0
132.87, 0
132.88, 0
132.89, 0
132.9, 0
132.91, 0
132.92, 0
132.93, 0
132.94, 0
132.95, 0
132.96, 0
132.97, 0
132.98, 0
132.99, 0
133, 0
133.01, 0
133.02, 0
133.03, 0
133.04, 0
133.05, 0
133.06, 0
133.07, 0
133.08, 0
133.09, 0
133.1, 0
133.11, 0
133.12, 0
133.13, 0
133.14, 0
133.15, 0
133.16, 0
133.17, 0
133.18, 0
133.19, 0
133.2, 0
133.21, 0
133.22, 0
133.23, 0
133.24, 0
133.25, 0
133.26, 0
133.27, 0
133.28, 0
133.29, 0
133.3, 0
133.31, 0
133.32, 0
133.33, 0
133.34, 0
133.35, 0
133.36, 0
133.37, 0
133.38, 0
133.39, 0
133.4, 0
133.41, 0
133.42, 0
133.43, 0
133.44, 0
133.45, 0
133.46, 0
133.47, 0
133.48, 0
133.49, 0
133.5, 0
133.51, 0
133.52, 0
133.53, 0
133.54, 0
133.55, 0
133.56, 0
133.57, 0
133.58, 0
133.59, 0
133.6, 0
133.61, 0
133.62, 0
133.63, 0
133.64, 0
133.65, 0
133.66, 0
133.67, 0
133.68, 0
133.69, 0
133.7, 0
133.71, 0
133.72, 0
133.73, 0
133.74, 0
133.75, 0
133.76, 0
133.77, 0
133.78, 0
133.79, 0
133.8, 0
133.81, 0
133.82, 0
133.83, 0
133.84, 0
133.85, 0
133.86, 0
133.87, 0
133.88, 0
133.89, 0
133.9, 0
133.91, 0
133.92, 0
133.93, 0
133.94, 0
133.95, 0
133.96, 0
133.97, 0
133.98, 0
133.99, 0
134, 0
134.01, 0
134.02, 0
134.03, 0
134.04, 0
134.05, 0
134.06, 0
134.07, 0
134.08, 0
134.09, 0
134.1, 0
134.11, 0
134.12, 0
134.13, 0
134.14, 0
134.15, 0
134.16, 0
134.17, 0
134.18, 0
134.19, 0
134.2, 0
134.21, 0
134.22, 0
134.23, 0
134.24, 0
134.25, 0
134.26, 0
134.27, 0
134.28, 0
134.29, 0
134.3, 0
134.31, 0
134.32, 0
134.33, 0
134.34, 0
134.35, 0
134.36, 0
134.37, 0
134.38, 0
134.39, 0
134.4, 0
134.41, 0
134.42, 0
134.43, 0
134.44, 0
134.45, 0
134.46, 0
134.47, 0
134.48, 0
134.49, 0
134.5, 0
134.51, 0
134.52, 0
134.53, 0
134.54, 0
134.55, 0
134.56, 0
134.57, 0
134.58, 0
134.59, 0
134.6, 0
134.61, 0
134.62, 0
134.63, 0
134.64, 0
134.65, 0
134.66, 0
134.67, 0
134.68, 0
134.69, 0
134.7, 0
134.71, 0
134.72, 0
134.73, 0
134.74, 0
134.75, 0
134.76, 0
134.77, 0
134.78, 0
134.79, 0
134.8, 0
134.81, 0
134.82, 0
134.83, 0
134.84, 0
134.85, 0
134.86, 0
134.87, 0
134.88, 0
134.89, 0
134.9, 0
134.91, 0
134.92, 0
134.93, 0
134.94, 0
134.95, 0
134.96, 0
134.97, 0
134.98, 0
134.99, 0
135, 0
135.01, 0
135.02, 0
135.03, 0
135.04, 0
135.05, 0
135.06, 0
135.07, 0
135.08, 0
135.09, 0
135.1, 0
135.11, 0
135.12, 0
135.13, 0
135.14, 0
135.15, 0
135.16, 0
135.17, 0
135.18, 0
135.19, 0
135.2, 0
135.21, 0
135.22, 0
135.23, 0
135.24, 0
135.25, 0
135.26, 0
135.27, 0
135.28, 0
135.29, 0
135.3, 0
135.31, 0
135.32, 0
135.33, 0
135.34, 0
135.35, 0
135.36, 0
135.37, 0
135.38, 0
135.39, 0
135.4, 0
135.41, 0
135.42, 0
135.43, 0
135.44, 0
135.45, 0
135.46, 0
135.47, 0
135.48, 0
135.49, 0
135.5, 0
135.51, 0
135.52, 0
135.53, 0
135.54, 0
135.55, 0
135.56, 0
135.57, 0
135.58, 0
135.59, 0
135.6, 0
135.61, 0
135.62, 0
135.63, 0
135.64, 0
135.65, 0
135.66, 0
135.67, 0
135.68, 0
135.69, 0
135.7, 0
135.71, 0
135.72, 0
135.73, 0
135.74, 0
135.75, 0
135.76, 0
135.77, 0
135.78, 0
135.79, 0
135.8, 0
135.81, 0
135.82, 0
135.83, 0
135.84, 0
135.85, 0
135.86, 0
135.87, 0
135.88, 0
135.89, 0
135.9, 0
135.91, 0
135.92, 0
135.93, 0
135.94, 0
135.95, 0
135.96, 0
135.97, 0
135.98, 0
135.99, 0
136, 0
136.01, 0
136.02, 0
136.03, 0
136.04, 0
136.05, 0
136.06, 0
136.07, 0
136.08, 0
136.09, 0
136.1, 0
136.11, 0
136.12, 0
136.13, 0
136.14, 0
136.15, 0
136.16, 0
136.17, 0
136.18, 0
136.19, 0
136.2, 0
136.21, 0
136.22, 0
136.23, 0
136.24, 0
136.25, 0
136.26, 0
136.27, 0
136.28, 0
136.29, 0
136.3, 0
136.31, 0
136.32, 0
136.33, 0
136.34, 0
136.35, 0
136.36, 0
136.37, 0
136.38, 0
136.39, 0
136.4, 0
136.41, 0
136.42, 0
136.43, 0
136.44, 0
136.45, 0
136.46, 0
136.47, 0
136.48, 0
136.49, 0
136.5, 0
136.51, 0
136.52, 0
136.53, 0
136.54, 0
136.55, 0
136.56, 0
136.57, 0
136.58, 0
136.59, 0
136.6, 0
136.61, 0
136.62, 0
136.63, 0
136.64, 0
136.65, 0
136.66, 0
136.67, 0
136.68, 0
136.69, 0
136.7, 0
136.71, 0
136.72, 0
136.73, 0
136.74, 0
136.75, 0
136.76, 0
136.77, 0
136.78, 0
136.79, 0
136.8, 0
136.81, 0
136.82, 0
136.83, 0
136.84, 0
136.85, 0
136.86, 0
136.87, 0
136.88, 0
136.89, 0
136.9, 0
136.91, 0
136.92, 0
136.93, 0
136.94, 0
136.95, 0
136.96, 0
136.97, 0
136.98, 0
136.99, 0
137, 0
137.01, 0
137.02, 0
137.03, 0
137.04, 0
137.05, 0
137.06, 0
137.07, 0
137.08, 0
137.09, 0
137.1, 0
137.11, 0
137.12, 0
137.13, 0
137.14, 0
137.15, 0
137.16, 0
137.17, 0
137.18, 0
137.19, 0
137.2, 0
137.21, 0
137.22, 0
137.23, 0
137.24, 0
137.25, 0
137.26, 0
137.27, 0
137.28, 0
137.29, 0
137.3, 0
137.31, 0
137.32, 0
137.33, 0
137.34, 0
137.35, 0
137.36, 0
137.37, 0
137.38, 0
137.39, 0
137.4, 0
137.41, 0
137.42, 0
137.43, 0
137.44, 0
137.45, 0
137.46, 0
137.47, 0
137.48, 0
137.49, 0
137.5, 0
137.51, 0
137.52, 0
137.53, 0
137.54, 0
137.55, 0
137.56, 0
137.57, 0
137.58, 0
137.59, 0
137.6, 0
137.61, 0
137.62, 0
137.63, 0
137.64, 0
137.65, 0
137.66, 0
137.67, 0
137.68, 0
137.69, 0
137.7, 0
137.71, 0
137.72, 0
137.73, 0
137.74, 0
137.75, 0
137.76, 0
137.77, 0
137.78, 0
137.79, 0
137.8, 0
137.81, 0
137.82, 0
137.83, 0
137.84, 0
137.85, 0
137.86, 0
137.87, 0
137.88, 0
137.89, 0
137.9, 0
137.91, 0
137.92, 0
137.93, 0
137.94, 0
137.95, 0
137.96, 0
137.97, 0
137.98, 0
137.99, 0
138, 0
138.01, 0
138.02, 0
138.03, 0
138.04, 0
138.05, 0
138.06, 0
138.07, 0
138.08, 0
138.09, 0
138.1, 0
138.11, 0
138.12, 0
138.13, 0
138.14, 0
138.15, 0
138.16, 0
138.17, 0
138.18, 0
138.19, 0
138.2, 0
138.21, 0
138.22, 0
138.23, 0
138.24, 0
138.25, 0
138.26, 0
138.27, 0
138.28, 0
138.29, 0
138.3, 0
138.31, 0
138.32, 0
138.33, 0
138.34, 0
138.35, 0
138.36, 0
138.37, 0
138.38, 0
138.39, 0
138.4, 0
138.41, 0
138.42, 0
138.43, 0
138.44, 0
138.45, 0
138.46, 0
138.47, 0
138.48, 0
138.49, 0
138.5, 0
138.51, 0
138.52, 0
138.53, 0
138.54, 0
138.55, 0
138.56, 0
138.57, 0
138.58, 0
138.59, 0
138.6, 0
138.61, 0
138.62, 0
138.63, 0
138.64, 0
138.65, 0
138.66, 0
138.67, 0
138.68, 0
138.69, 0
138.7, 0
138.71, 0
138.72, 0
138.73, 0
138.74, 0
138.75, 0
138.76, 0
138.77, 0
138.78, 0
138.79, 0
138.8, 0
138.81, 0
138.82, 0
138.83, 0
138.84, 0
138.85, 0
138.86, 0
138.87, 0
138.88, 0
138.89, 0
138.9, 0
138.91, 0
138.92, 0
138.93, 0
138.94, 0
138.95, 0
138.96, 0
138.97, 0
138.98, 0
138.99, 0
139, 0
139.01, 0
139.02, 0
139.03, 0
139.04, 0
139.05, 0
139.06, 0
139.07, 0
139.08, 0
139.09, 0
139.1, 0
139.11, 0
139.12, 0
139.13, 0
139.14, 0
139.15, 0
139.16, 0
139.17, 0
139.18, 0
139.19, 0
139.2, 0
139.21, 0
139.22, 0
139.23, 0
139.24, 0
139.25, 0
139.26, 0
139.27, 0
139.28, 0
139.29, 0
139.3, 0
139.31, 0
139.32, 0
139.33, 0
139.34, 0
139.35, 0
139.36, 0
139.37, 0
139.38, 0
139.39, 0
139.4, 0
139.41, 0
139.42, 0
139.43, 0
139.44, 0
139.45, 0
139.46, 0
139.47, 0
139.48, 0
139.49, 0
139.5, 0
139.51, 0
139.52, 0
139.53, 0
139.54, 0
139.55, 0
139.56, 0
139.57, 0
139.58, 0
139.59, 0
139.6, 0
139.61, 0
139.62, 0
139.63, 0
139.64, 0
139.65, 0
139.66, 0
139.67, 0
139.68, 0
139.69, 0
139.7, 0
139.71, 0
139.72, 0
139.73, 0
139.74, 0
139.75, 0
139.76, 0
139.77, 0
139.78, 0
139.79, 0
139.8, 0
139.81, 0
139.82, 0
139.83, 0
139.84, 0
139.85, 0
139.86, 0
139.87, 0
139.88, 0
139.89, 0
139.9, 0
139.91, 0
139.92, 0
139.93, 0
139.94, 0
139.95, 0
139.96, 0
139.97, 0
139.98, 0
139.99, 0
140, 0
140.01, 0
140.02, 0
140.03, 0
140.04, 0
140.05, 0
140.06, 0
140.07, 0
140.08, 0
140.09, 0
140.1, 0
140.11, 0
140.12, 0
140.13, 0
140.14, 0
140.15, 0
140.16, 0
140.17, 0
140.18, 0
140.19, 0
140.2, 0
140.21, 0
140.22, 0
140.23, 0
140.24, 0
140.25, 0
140.26, 0
140.27, 0
140.28, 0
140.29, 0
140.3, 0
140.31, 0
140.32, 0
140.33, 0
140.34, 0
140.35, 0
140.36, 0
140.37, 0
140.38, 0
140.39, 0
140.4, 0
140.41, 0
140.42, 0
140.43, 0
140.44, 0
140.45, 0
140.46, 0
140.47, 0
140.48, 0
140.49, 0
140.5, 0
140.51, 0
140.52, 0
140.53, 0
140.54, 0
140.55, 0
140.56, 0
140.57, 0
140.58, 0
140.59, 0
140.6, 0
140.61, 0
140.62, 0
140.63, 0
140.64, 0
140.65, 0
140.66, 0
140.67, 0
140.68, 0
140.69, 0
140.7, 0
140.71, 0
140.72, 0
140.73, 0
140.74, 0
140.75, 0
140.76, 0
140.77, 0
140.78, 0
140.79, 0
140.8, 0
140.81, 0
140.82, 0
140.83, 0
140.84, 0
140.85, 0
140.86, 0
140.87, 0
140.88, 0
140.89, 0
140.9, 0
140.91, 0
140.92, 0
140.93, 0
140.94, 0
140.95, 0
140.96, 0
140.97, 0
140.98, 0
140.99, 0
141, 0
141.01, 0
141.02, 0
141.03, 0
141.04, 0
141.05, 0
141.06, 0
141.07, 0
141.08, 0
141.09, 0
141.1, 0
141.11, 0
141.12, 0
141.13, 0
141.14, 0
141.15, 0
141.16, 0
141.17, 0
141.18, 0
141.19, 0
141.2, 0
141.21, 0
141.22, 0
141.23, 0
141.24, 0
141.25, 0
141.26, 0
141.27, 0
141.28, 0
141.29, 0
141.3, 0
141.31, 0
141.32, 0
141.33, 0
141.34, 0
141.35, 0
141.36, 0
141.37, 0
141.38, 0
141.39, 0
141.4, 0
141.41, 0
141.42, 0
141.43, 0
141.44, 0
141.45, 0
141.46, 0
141.47, 0
141.48, 0
141.49, 0
141.5, 0
141.51, 0
141.52, 0
141.53, 0
141.54, 0
141.55, 0
141.56, 0
141.57, 0
141.58, 0
141.59, 0
141.6, 0
141.61, 0
141.62, 0
141.63, 0
141.64, 0
141.65, 0
141.66, 0
141.67, 0
141.68, 0
141.69, 0
141.7, 0
141.71, 0
141.72, 0
141.73, 0
141.74, 0
141.75, 0
141.76, 0
141.77, 0
141.78, 0
141.79, 0
141.8, 0
141.81, 0
141.82, 0
141.83, 0
141.84, 0
141.85, 0
141.86, 0
141.87, 0
141.88, 0
141.89, 0
141.9, 0
141.91, 0
141.92, 0
141.93, 0
141.94, 0
141.95, 0
141.96, 0
141.97, 0
141.98, 0
141.99, 0
142, 0
142.01, 0
142.02, 0
142.03, 0
142.04, 0
142.05, 0
142.06, 0
142.07, 0
142.08, 0
142.09, 0
142.1, 0
142.11, 0
142.12, 0
142.13, 0
142.14, 0
142.15, 0
142.16, 0
142.17, 0
142.18, 0
142.19, 0
142.2, 0
142.21, 0
142.22, 0
142.23, 0
142.24, 0
142.25, 0
142.26, 0
142.27, 0
142.28, 0
142.29, 0
142.3, 0
142.31, 0
142.32, 0
142.33, 0
142.34, 0
142.35, 0
142.36, 0
142.37, 0
142.38, 0
142.39, 0
142.4, 0
142.41, 0
142.42, 0
142.43, 0
142.44, 0
142.45, 0
142.46, 0
142.47, 0
142.48, 0
142.49, 0
142.5, 0
142.51, 0
142.52, 0
142.53, 0
142.54, 0
142.55, 0
142.56, 0
142.57, 0
142.58, 0
142.59, 0
142.6, 0
142.61, 0
142.62, 0
142.63, 0
142.64, 0
142.65, 0
142.66, 0
142.67, 0
142.68, 0
142.69, 0
142.7, 0
142.71, 0
142.72, 0
142.73, 0
142.74, 0
142.75, 0
142.76, 0
142.77, 0
142.78, 0
142.79, 0
142.8, 0
142.81, 0
142.82, 0
142.83, 0
142.84, 0
142.85, 0
142.86, 0
142.87, 0
142.88, 0
142.89, 0
142.9, 0
142.91, 0
142.92, 0
142.93, 0
142.94, 0
142.95, 0
142.96, 0
142.97, 0
142.98, 0
142.99, 0
143, 0
143.01, 0
143.02, 0
143.03, 0
143.04, 0
143.05, 0
143.06, 0
143.07, 0
143.08, 0
143.09, 0
143.1, 0
143.11, 0
143.12, 0
143.13, 0
143.14, 0
143.15, 0
143.16, 0
143.17, 0
143.18, 0
143.19, 0
143.2, 0
143.21, 0
143.22, 0
143.23, 0
143.24, 0
143.25, 0
143.26, 0
143.27, 0
143.28, 0
143.29, 0
143.3, 0
143.31, 0
143.32, 0
143.33, 0
143.34, 0
143.35, 0
143.36, 0
143.37, 0
143.38, 0
143.39, 0
143.4, 0
143.41, 0
143.42, 0
143.43, 0
143.44, 0
143.45, 0
143.46, 0
143.47, 0
143.48, 0
143.49, 0
143.5, 0
143.51, 0
143.52, 0
143.53, 0
143.54, 0
143.55, 0
143.56, 0
143.57, 0
143.58, 0
143.59, 0
143.6, 0
143.61, 0
143.62, 0
143.63, 0
143.64, 0
143.65, 0
143.66, 0
143.67, 0
143.68, 0
143.69, 0
143.7, 0
143.71, 0
143.72, 0
143.73, 0
143.74, 0
143.75, 0
143.76, 0
143.77, 0
143.78, 0
143.79, 0
143.8, 0
143.81, 0
143.82, 0
143.83, 0
143.84, 0
143.85, 0
143.86, 0
143.87, 0
143.88, 0
143.89, 0
143.9, 0
143.91, 0
143.92, 0
143.93, 0
143.94, 0
143.95, 0
143.96, 0
143.97, 0
143.98, 0
143.99, 0
144, 0
144.01, 0
144.02, 0
144.03, 0
144.04, 0
144.05, 0
144.06, 0
144.07, 0
144.08, 0
144.09, 0
144.1, 0
144.11, 0
144.12, 0
144.13, 0
144.14, 0
144.15, 0
144.16, 0
144.17, 0
144.18, 0
144.19, 0
144.2, 0
144.21, 0
144.22, 0
144.23, 0
144.24, 0
144.25, 0
144.26, 0
144.27, 0
144.28, 0
144.29, 0
144.3, 0
144.31, 0
144.32, 0
144.33, 0
144.34, 0
144.35, 0
144.36, 0
144.37, 0
144.38, 0
144.39, 0
144.4, 0
144.41, 0
144.42, 0
144.43, 0
144.44, 0
144.45, 0
144.46, 0
144.47, 0
144.48, 0
144.49, 0
144.5, 0
144.51, 0
144.52, 0
144.53, 0
144.54, 0
144.55, 0
144.56, 0
144.57, 0
144.58, 0
144.59, 0
144.6, 0
144.61, 0
144.62, 0
144.63, 0
144.64, 0
144.65, 0
144.66, 0
144.67, 0
144.68, 0
144.69, 0
144.7, 0
144.71, 0
144.72, 0
144.73, 0
144.74, 0
144.75, 0
144.76, 0
144.77, 0
144.78, 0
144.79, 0
144.8, 0
144.81, 0
144.82, 0
144.83, 0
144.84, 0
144.85, 0
144.86, 0
144.87, 0
144.88, 0
144.89, 0
144.9, 0
144.91, 0
144.92, 0
144.93, 0
144.94, 0
144.95, 0
144.96, 0
144.97, 0
144.98, 0
144.99, 0
145, 0
145.01, 0
145.02, 0
145.03, 0
145.04, 0
145.05, 0
145.06, 0
145.07, 0
145.08, 0
145.09, 0
145.1, 0
145.11, 0
145.12, 0
145.13, 0
145.14, 0
145.15, 0
145.16, 0
145.17, 0
145.18, 0
145.19, 0
145.2, 0
145.21, 0
145.22, 0
145.23, 0
145.24, 0
145.25, 0
145.26, 0
145.27, 0
145.28, 0
145.29, 0
145.3, 0
145.31, 0
145.32, 0
145.33, 0
145.34, 0
145.35, 0
145.36, 0
145.37, 0
145.38, 0
145.39, 0
145.4, 0
145.41, 0
145.42, 0
145.43, 0
145.44, 0
145.45, 0
145.46, 0
145.47, 0
145.48, 0
145.49, 0
145.5, 0
145.51, 0
145.52, 0
145.53, 0
145.54, 0
145.55, 0
145.56, 0
145.57, 0
145.58, 0
145.59, 0
145.6, 0
145.61, 0
145.62, 0
145.63, 0
145.64, 0
145.65, 0
145.66, 0
145.67, 0
145.68, 0
145.69, 0
145.7, 0
145.71, 0
145.72, 0
145.73, 0
145.74, 0
145.75, 0
145.76, 0
145.77, 0
145.78, 0
145.79, 0
145.8, 0
145.81, 0
145.82, 0
145.83, 0
145.84, 0
145.85, 0
145.86, 0
145.87, 0
145.88, 0
145.89, 0
145.9, 0
145.91, 0
145.92, 0
145.93, 0
145.94, 0
145.95, 0
145.96, 0
145.97, 0
145.98, 0
145.99, 0
146, 0
146.01, 0
146.02, 0
146.03, 0
146.04, 0
146.05, 0
146.06, 0
146.07, 0
146.08, 0
146.09, 0
146.1, 0
146.11, 0
146.12, 0
146.13, 0
146.14, 0
146.15, 0
146.16, 0
146.17, 0
146.18, 0
146.19, 0
146.2, 0
146.21, 0
146.22, 0
146.23, 0
146.24, 0
146.25, 0
146.26, 0
146.27, 0
146.28, 0
146.29, 0
146.3, 0
146.31, 0
146.32, 0
146.33, 0
146.34, 0
146.35, 0
146.36, 0
146.37, 0
146.38, 0
146.39, 0
146.4, 0
146.41, 0
146.42, 0
146.43, 0
146.44, 0
146.45, 0
146.46, 0
146.47, 0
146.48, 0
146.49, 0
146.5, 0
146.51, 0
146.52, 0
146.53, 0
146.54, 0
146.55, 0
146.56, 0
146.57, 0
146.58, 0
146.59, 0
146.6, 0
146.61, 0
146.62, 0
146.63, 0
146.64, 0
146.65, 0
146.66, 0
146.67, 0
146.68, 0
146.69, 0
146.7, 0
146.71, 0
146.72, 0
146.73, 0
146.74, 0
146.75, 0
146.76, 0
146.77, 0
146.78, 0
146.79, 0
146.8, 0
146.81, 0
146.82, 0
146.83, 0
146.84, 0
146.85, 0
146.86, 0
146.87, 0
146.88, 0
146.89, 0
146.9, 0
146.91, 0
146.92, 0
146.93, 0
146.94, 0
146.95, 0
146.96, 0
146.97, 0
146.98, 0
146.99, 0
147, 0
147.01, 0
147.02, 0
147.03, 0
147.04, 0
147.05, 0
147.06, 0
147.07, 0
147.08, 0
147.09, 0
147.1, 0
147.11, 0
147.12, 0
147.13, 0
147.14, 0
147.15, 0
147.16, 0
147.17, 0
147.18, 0
147.19, 0
147.2, 0
147.21, 0
147.22, 0
147.23, 0
147.24, 0
147.25, 0
147.26, 0
147.27, 0
147.28, 0
147.29, 0
147.3, 0
147.31, 0
147.32, 0
147.33, 0
147.34, 0
147.35, 0
147.36, 0
147.37, 0
147.38, 0
147.39, 0
147.4, 0
147.41, 0
147.42, 0
147.43, 0
147.44, 0
147.45, 0
147.46, 0
147.47, 0
147.48, 0
147.49, 0
147.5, 0
147.51, 0
147.52, 0
147.53, 0
147.54, 0
147.55, 0
147.56, 0
147.57, 0
147.58, 0
147.59, 0
147.6, 0
147.61, 0
147.62, 0
147.63, 0
147.64, 0
147.65, 0
147.66, 0
147.67, 0
147.68, 0
147.69, 0
147.7, 0
147.71, 0
147.72, 0
147.73, 0
147.74, 0
147.75, 0
147.76, 0
147.77, 0
147.78, 0
147.79, 0
147.8, 0
147.81, 0
147.82, 0
147.83, 0
147.84, 0
147.85, 0
147.86, 0
147.87, 0
147.88, 0
147.89, 0
147.9, 0
147.91, 0
147.92, 0
147.93, 0
147.94, 0
147.95, 0
147.96, 0
147.97, 0
147.98, 0
147.99, 0
148, 0
148.01, 0
148.02, 0
148.03, 0
148.04, 0
148.05, 0
148.06, 0
148.07, 0
148.08, 0
148.09, 0
148.1, 0
148.11, 0
148.12, 0
148.13, 0
148.14, 0
148.15, 0
148.16, 0
148.17, 0
148.18, 0
148.19, 0
148.2, 0
148.21, 0
148.22, 0
148.23, 0
148.24, 0
148.25, 0
148.26, 0
148.27, 0
148.28, 0
148.29, 0
148.3, 0
148.31, 0
148.32, 0
148.33, 0
148.34, 0
148.35, 0
148.36, 0
148.37, 0
148.38, 0
148.39, 0
148.4, 0
148.41, 0
148.42, 0
148.43, 0
148.44, 0
148.45, 0
148.46, 0
148.47, 0
148.48, 0
148.49, 0
148.5, 0
148.51, 0
148.52, 0
148.53, 0
148.54, 0
148.55, 0
148.56, 0
148.57, 0
148.58, 0
148.59, 0
148.6, 0
148.61, 0
148.62, 0
148.63, 0
148.64, 0
148.65, 0
148.66, 0
148.67, 0
148.68, 0
148.69, 0
148.7, 0
148.71, 0
148.72, 0
148.73, 0
148.74, 0
148.75, 0
148.76, 0
148.77, 0
148.78, 0
148.79, 0
148.8, 0
148.81, 0
148.82, 0
148.83, 0
148.84, 0
148.85, 0
148.86, 0
148.87, 0
148.88, 0
148.89, 0
148.9, 0
148.91, 0
148.92, 0
148.93, 0
148.94, 0
148.95, 0
148.96, 0
148.97, 0
148.98, 0
148.99, 0
149, 0
149.01, 0
149.02, 0
149.03, 0
149.04, 0
149.05, 0
149.06, 0
149.07, 0
149.08, 0
149.09, 0
149.1, 0
149.11, 0
149.12, 0
149.13, 0
149.14, 0
149.15, 0
149.16, 0
149.17, 0
149.18, 0
149.19, 0
149.2, 0
149.21, 0
149.22, 0
149.23, 0
149.24, 0
149.25, 0
149.26, 0
149.27, 0
149.28, 0
149.29, 0
149.3, 0
149.31, 0
149.32, 0
149.33, 0
149.34, 0
149.35, 0
149.36, 0
149.37, 0
149.38, 0
149.39, 0
149.4, 0
149.41, 0
149.42, 0
149.43, 0
149.44, 0
149.45, 0
149.46, 0
149.47, 0
149.48, 0
149.49, 0
149.5, 0
149.51, 0
149.52, 0
149.53, 0
149.54, 0
149.55, 0
149.56, 0
149.57, 0
149.58, 0
149.59, 0
149.6, 0
149.61, 0
149.62, 0
149.63, 0
149.64, 0
149.65, 0
149.66, 0
149.67, 0
149.68, 0
149.69, 0
149.7, 0
149.71, 0
149.72, 0
149.73, 0
149.74, 0
149.75, 0
149.76, 0
149.77, 0
149.78, 0
149.79, 0
149.8, 0
149.81, 0
149.82, 0
149.83, 0
149.84, 0
149.85, 0
149.86, 0
149.87, 0
149.88, 0
149.89, 0
149.9, 0
149.91, 0
149.92, 0
149.93, 0
149.94, 0
149.95, 0
149.96, 0
149.97, 0
149.98, 0
149.99, 0
150, 0
150.01, 0
150.02, 0
150.03, 0
150.04, 0
150.05, 0
150.06, 0
150.07, 0
150.08, 0
150.09, 0
150.1, 0
150.11, 0
150.12, 0
150.13, 0
150.14, 0
150.15, 0
150.16, 0
150.17, 0
150.18, 0
150.19, 0
150.2, 0
150.21, 0
150.22, 0
150.23, 0
150.24, 0
150.25, 0
150.26, 0
150.27, 0
150.28, 0
150.29, 0
150.3, 0
150.31, 0
150.32, 0
150.33, 0
150.34, 0
150.35, 0
150.36, 0
150.37, 0
150.38, 0
150.39, 0
150.4, 0
150.41, 0
150.42, 0
150.43, 0
150.44, 0
150.45, 0
150.46, 0
150.47, 0
150.48, 0
150.49, 0
150.5, 0
150.51, 0
150.52, 0
150.53, 0
150.54, 0
150.55, 0
150.56, 0
150.57, 0
150.58, 0
150.59, 0
150.6, 0
150.61, 0
150.62, 0
150.63, 0
150.64, 0
150.65, 0
150.66, 0
150.67, 0
150.68, 0
150.69, 0
150.7, 0
150.71, 0
150.72, 0
150.73, 0
150.74, 0
150.75, 0
150.76, 0
150.77, 0
150.78, 0
150.79, 0
150.8, 0
150.81, 0
150.82, 0
150.83, 0
150.84, 0
150.85, 0
150.86, 0
150.87, 0
150.88, 0
150.89, 0
150.9, 0
150.91, 0
150.92, 0
150.93, 0
150.94, 0
150.95, 0
150.96, 0
150.97, 0
150.98, 0
150.99, 0
151, 0
151.01, 0
151.02, 0
151.03, 0
151.04, 0
151.05, 0
151.06, 0
151.07, 0
151.08, 0
151.09, 0
151.1, 0
151.11, 0
151.12, 0
151.13, 0
151.14, 0
151.15, 0
151.16, 0
151.17, 0
151.18, 0
151.19, 0
151.2, 0
151.21, 0
151.22, 0
151.23, 0
151.24, 0
151.25, 0
151.26, 0
151.27, 0
151.28, 0
151.29, 0
151.3, 0
151.31, 0
151.32, 0
151.33, 0
151.34, 0
151.35, 0
151.36, 0
151.37, 0
151.38, 0
151.39, 0
151.4, 0
151.41, 0
151.42, 0
151.43, 0
151.44, 0
151.45, 0
151.46, 0
151.47, 0
151.48, 0
151.49, 0
151.5, 0
151.51, 0
151.52, 0
151.53, 0
151.54, 0
151.55, 0
151.56, 0
151.57, 0
151.58, 0
151.59, 0
151.6, 0
151.61, 0
151.62, 0
151.63, 0
151.64, 0
151.65, 0
151.66, 0
151.67, 0
151.68, 0
151.69, 0
151.7, 0
151.71, 0
151.72, 0
151.73, 0
151.74, 0
151.75, 0
151.76, 0
151.77, 0
151.78, 0
151.79, 0
151.8, 0
151.81, 0
151.82, 0
151.83, 0
151.84, 0
151.85, 0
151.86, 0
151.87, 0
151.88, 0
151.89, 0
151.9, 0
151.91, 0
151.92, 0
151.93, 0
151.94, 0
151.95, 0
151.96, 0
151.97, 0
151.98, 0
151.99, 0
152, 0
152.01, 0
152.02, 0
152.03, 0
152.04, 0
152.05, 0
152.06, 0
152.07, 0
152.08, 0
152.09, 0
152.1, 0
152.11, 0
152.12, 0
152.13, 0
152.14, 0
152.15, 0
152.16, 0
152.17, 0
152.18, 0
152.19, 0
152.2, 0
152.21, 0
152.22, 0
152.23, 0
152.24, 0
152.25, 0
152.26, 0
152.27, 0
152.28, 0
152.29, 0
152.3, 0
152.31, 0
152.32, 0
152.33, 0
152.34, 0
152.35, 0
152.36, 0
152.37, 0
152.38, 0
152.39, 0
152.4, 0
152.41, 0
152.42, 0
152.43, 0
152.44, 0
152.45, 0
152.46, 0
152.47, 0
152.48, 0
152.49, 0
152.5, 0
152.51, 0
152.52, 0
152.53, 0
152.54, 0
152.55, 0
152.56, 0
152.57, 0
152.58, 0
152.59, 0
152.6, 0
152.61, 0
152.62, 0
152.63, 0
152.64, 0
152.65, 0
152.66, 0
152.67, 0
152.68, 0
152.69, 0
152.7, 0
152.71, 0
152.72, 0
152.73, 0
152.74, 0
152.75, 0
152.76, 0
152.77, 0
152.78, 0
152.79, 0
152.8, 0
152.81, 0
152.82, 0
152.83, 0
152.84, 0
152.85, 0
152.86, 0
152.87, 0
152.88, 0
152.89, 0
152.9, 0
152.91, 0
152.92, 0
152.93, 0
152.94, 0
152.95, 0
152.96, 0
152.97, 0
152.98, 0
152.99, 0
153, 0
153.01, 0
153.02, 0
153.03, 0
153.04, 0
153.05, 0
153.06, 0
153.07, 0
153.08, 0
153.09, 0
153.1, 0
153.11, 0
153.12, 0
153.13, 0
153.14, 0
153.15, 0
153.16, 0
153.17, 0
153.18, 0
153.19, 0
153.2, 0
153.21, 0
153.22, 0
153.23, 0
153.24, 0
153.25, 0
153.26, 0
153.27, 0
153.28, 0
153.29, 0
153.3, 0
153.31, 0
153.32, 0
153.33, 0
153.34, 0
153.35, 0
153.36, 0
153.37, 0
153.38, 0
153.39, 0
153.4, 0
153.41, 0
153.42, 0
153.43, 0
153.44, 0
153.45, 0
153.46, 0
153.47, 0
153.48, 0
153.49, 0
153.5, 0
153.51, 0
153.52, 0
153.53, 0
153.54, 0
153.55, 0
153.56, 0
153.57, 0
153.58, 0
153.59, 0
153.6, 0
153.61, 0
153.62, 0
153.63, 0
153.64, 0
153.65, 0
153.66, 0
153.67, 0
153.68, 0
153.69, 0
153.7, 0
153.71, 0
153.72, 0
153.73, 0
153.74, 0
153.75, 0
153.76, 0
153.77, 0
153.78, 0
153.79, 0
153.8, 0
153.81, 0
153.82, 0
153.83, 0
153.84, 0
153.85, 0
153.86, 0
153.87, 0
153.88, 0
153.89, 0
153.9, 0
153.91, 0
153.92, 0
153.93, 0
153.94, 0
153.95, 0
153.96, 0
153.97, 0
153.98, 0
153.99, 0
154, 0
154.01, 0
154.02, 0
154.03, 0
154.04, 0
154.05, 0
154.06, 0
154.07, 0
154.08, 0
154.09, 0
154.1, 0
154.11, 0
154.12, 0
154.13, 0
154.14, 0
154.15, 0
154.16, 0
154.17, 0
154.18, 0
154.19, 0
154.2, 0
154.21, 0
154.22, 0
154.23, 0
154.24, 0
154.25, 0
154.26, 0
154.27, 0
154.28, 0
154.29, 0
154.3, 0
154.31, 0
154.32, 0
154.33, 0
154.34, 0
154.35, 0
154.36, 0
154.37, 0
154.38, 0
154.39, 0
154.4, 0
154.41, 0
154.42, 0
154.43, 0
154.44, 0
154.45, 0
154.46, 0
154.47, 0
154.48, 0
154.49, 0
154.5, 0
154.51, 0
154.52, 0
154.53, 0
154.54, 0
154.55, 0
154.56, 0
154.57, 0
154.58, 0
154.59, 0
154.6, 0
154.61, 0
154.62, 0
154.63, 0
154.64, 0
154.65, 0
154.66, 0
154.67, 0
154.68, 0
154.69, 0
154.7, 0
154.71, 0
154.72, 0
154.73, 0
154.74, 0
154.75, 0
154.76, 0
154.77, 0
154.78, 0
154.79, 0
154.8, 0
154.81, 0
154.82, 0
154.83, 0
154.84, 0
154.85, 0
154.86, 0
154.87, 0
154.88, 0
154.89, 0
154.9, 0
154.91, 0
154.92, 0
154.93, 0
154.94, 0
154.95, 0
154.96, 0
154.97, 0
154.98, 0
154.99, 0
155, 0
155.01, 0
155.02, 0
155.03, 0
155.04, 0
155.05, 0
155.06, 0
155.07, 0
155.08, 0
155.09, 0
155.1, 0
155.11, 0
155.12, 0
155.13, 0
155.14, 0
155.15, 0
155.16, 0
155.17, 0
155.18, 0
155.19, 0
155.2, 0
155.21, 0
155.22, 0
155.23, 0
155.24, 0
155.25, 0
155.26, 0
155.27, 0
155.28, 0
155.29, 0
155.3, 0
155.31, 0
155.32, 0
155.33, 0
155.34, 0
155.35, 0
155.36, 0
155.37, 0
155.38, 0
155.39, 0
155.4, 0
155.41, 0
155.42, 0
155.43, 0
155.44, 0
155.45, 0
155.46, 0
155.47, 0
155.48, 0
155.49, 0
155.5, 0
155.51, 0
155.52, 0
155.53, 0
155.54, 0
155.55, 0
155.56, 0
155.57, 0
155.58, 0
155.59, 0
155.6, 0
155.61, 0
155.62, 0
155.63, 0
155.64, 0
155.65, 0
155.66, 0
155.67, 0
155.68, 0
155.69, 0
155.7, 0
155.71, 0
155.72, 0
155.73, 0
155.74, 0
155.75, 0
155.76, 0
155.77, 0
155.78, 0
155.79, 0
155.8, 0
155.81, 0
155.82, 0
155.83, 0
155.84, 0
155.85, 0
155.86, 0
155.87, 0
155.88, 0
155.89, 0
155.9, 0
155.91, 0
155.92, 0
155.93, 0
155.94, 0
155.95, 0
155.96, 0
155.97, 0
155.98, 0
155.99, 0
156, 0
156.01, 0
156.02, 0
156.03, 0
156.04, 0
156.05, 0
156.06, 0
156.07, 0
156.08, 0
156.09, 0
156.1, 0
156.11, 0
156.12, 0
156.13, 0
156.14, 0
156.15, 0
156.16, 0
156.17, 0
156.18, 0
156.19, 0
156.2, 0
156.21, 0
156.22, 0
156.23, 0
156.24, 0
156.25, 0
156.26, 0
156.27, 0
156.28, 0
156.29, 0
156.3, 0
156.31, 0
156.32, 0
156.33, 0
156.34, 0
156.35, 0
156.36, 0
156.37, 0
156.38, 0
156.39, 0
156.4, 0
156.41, 0
156.42, 0
156.43, 0
156.44, 0
156.45, 0
156.46, 0
156.47, 0
156.48, 0
156.49, 0
156.5, 0
156.51, 0
156.52, 0
156.53, 0
156.54, 0
156.55, 0
156.56, 0
156.57, 0
156.58, 0
156.59, 0
156.6, 0
156.61, 0
156.62, 0
156.63, 0
156.64, 0
156.65, 0
156.66, 0
156.67, 0
156.68, 0
156.69, 0
156.7, 0
156.71, 0
156.72, 0
156.73, 0
156.74, 0
156.75, 0
156.76, 0
156.77, 0
156.78, 0
156.79, 0
156.8, 0
156.81, 0
156.82, 0
156.83, 0
156.84, 0
156.85, 0
156.86, 0
156.87, 0
156.88, 0
156.89, 0
156.9, 0
156.91, 0
156.92, 0
156.93, 0
156.94, 0
156.95, 0
156.96, 0
156.97, 0
156.98, 0
156.99, 0
157, 0
157.01, 0
157.02, 0
157.03, 0
157.04, 0
157.05, 0
157.06, 0
157.07, 0
157.08, 0
157.09, 0
157.1, 0
157.11, 0
157.12, 0
157.13, 0
157.14, 0
157.15, 0
157.16, 0
157.17, 0
157.18, 0
157.19, 0
157.2, 0
157.21, 0
157.22, 0
157.23, 0
157.24, 0
157.25, 0
157.26, 0
157.27, 0
157.28, 0
157.29, 0
157.3, 0
157.31, 0
157.32, 0
157.33, 0
157.34, 0
157.35, 0
157.36, 0
157.37, 0
157.38, 0
157.39, 0
157.4, 0
157.41, 0
157.42, 0
157.43, 0
157.44, 0
157.45, 0
157.46, 0
157.47, 0
157.48, 0
157.49, 0
157.5, 0
157.51, 0
157.52, 0
157.53, 0
157.54, 0
157.55, 0
157.56, 0
157.57, 0
157.58, 0
157.59, 0
157.6, 0
157.61, 0
157.62, 0
157.63, 0
157.64, 0
157.65, 0
157.66, 0
157.67, 0
157.68, 0
157.69, 0
157.7, 0
157.71, 0
157.72, 0
157.73, 0
157.74, 0
157.75, 0
157.76, 0
157.77, 0
157.78, 0
157.79, 0
157.8, 0
157.81, 0
157.82, 0
157.83, 0
157.84, 0
157.85, 0
157.86, 0
157.87, 0
157.88, 0
157.89, 0
157.9, 0
157.91, 0
157.92, 0
157.93, 0
157.94, 0
157.95, 0
157.96, 0
157.97, 0
157.98, 0
157.99, 0
158, 0
158.01, 0
158.02, 0
158.03, 0
158.04, 0
158.05, 0
158.06, 0
158.07, 0
158.08, 0
158.09, 0
158.1, 0
158.11, 0
158.12, 0
158.13, 0
158.14, 0
158.15, 0
158.16, 0
158.17, 0
158.18, 0
158.19, 0
158.2, 0
158.21, 0
158.22, 0
158.23, 0
158.24, 0
158.25, 0
158.26, 0
158.27, 0
158.28, 0
158.29, 0
158.3, 0
158.31, 0
158.32, 0
158.33, 0
158.34, 0
158.35, 0
158.36, 0
158.37, 0
158.38, 0
158.39, 0
158.4, 0
158.41, 0
158.42, 0
158.43, 0
158.44, 0
158.45, 0
158.46, 0
158.47, 0
158.48, 0
158.49, 0
158.5, 0
158.51, 0
158.52, 0
158.53, 0
158.54, 0
158.55, 0
158.56, 0
158.57, 0
158.58, 0
158.59, 0
158.6, 0
158.61, 0
158.62, 0
158.63, 0
158.64, 0
158.65, 0
158.66, 0
158.67, 0
158.68, 0
158.69, 0
158.7, 0
158.71, 0
158.72, 0
158.73, 0
158.74, 0
158.75, 0
158.76, 0
158.77, 0
158.78, 0
158.79, 0
158.8, 0
158.81, 0
158.82, 0
158.83, 0
158.84, 0
158.85, 0
158.86, 0
158.87, 0
158.88, 0
158.89, 0
158.9, 0
158.91, 0
158.92, 0
158.93, 0
158.94, 0
158.95, 0
158.96, 0
158.97, 0
158.98, 0
158.99, 0
159, 0
159.01, 0
159.02, 0
159.03, 0
159.04, 0
159.05, 0
159.06, 0
159.07, 0
159.08, 0
159.09, 0
159.1, 0
159.11, 0
159.12, 0
159.13, 0
159.14, 0
159.15, 0
159.16, 0
159.17, 0
159.18, 0
159.19, 0
159.2, 0
159.21, 0
159.22, 0
159.23, 0
159.24, 0
159.25, 0
159.26, 0
159.27, 0
159.28, 0
159.29, 0
159.3, 0
159.31, 0
159.32, 0
159.33, 0
159.34, 0
159.35, 0
159.36, 0
159.37, 0
159.38, 0
159.39, 0
159.4, 0
159.41, 0
159.42, 0
159.43, 0
159.44, 0
159.45, 0
159.46, 0
159.47, 0
159.48, 0
159.49, 0
159.5, 0
159.51, 0
159.52, 0
159.53, 0
159.54, 0
159.55, 0
159.56, 0
159.57, 0
159.58, 0
159.59, 0
159.6, 0
159.61, 0
159.62, 0
159.63, 0
159.64, 0
159.65, 0
159.66, 0
159.67, 0
159.68, 0
159.69, 0
159.7, 0
159.71, 0
159.72, 0
159.73, 0
159.74, 0
159.75, 0
159.76, 0
159.77, 0
159.78, 0
159.79, 0
159.8, 0
159.81, 0
159.82, 0
159.83, 0
159.84, 0
159.85, 0
159.86, 0
159.87, 0
159.88, 0
159.89, 0
159.9, 0
159.91, 0
159.92, 0
159.93, 0
159.94, 0
159.95, 0
159.96, 0
159.97, 0
159.98, 0
159.99, 0
160, 0
160.01, 0
160.02, 0
160.03, 0
160.04, 0
160.05, 0
160.06, 0
160.07, 0
160.08, 0
160.09, 0
160.1, 0
160.11, 0
160.12, 0
160.13, 0
160.14, 0
160.15, 0
160.16, 0
160.17, 0
160.18, 0
160.19, 0
160.2, 0
160.21, 0
160.22, 0
160.23, 0
160.24, 0
160.25, 0
160.26, 0
160.27, 0
160.28, 0
160.29, 0
160.3, 0
160.31, 0
160.32, 0
160.33, 0
160.34, 0
160.35, 0
160.36, 0
160.37, 0
160.38, 0
160.39, 0
160.4, 0
160.41, 0
160.42, 0
160.43, 0
160.44, 0
160.45, 0
160.46, 0
160.47, 0
160.48, 0
160.49, 0
160.5, 0
160.51, 0
160.52, 0
160.53, 0
160.54, 0
160.55, 0
160.56, 0
160.57, 0
160.58, 0
160.59, 0
160.6, 0
160.61, 0
160.62, 0
160.63, 0
160.64, 0
160.65, 0
160.66, 0
160.67, 0
160.68, 0
160.69, 0
160.7, 0
160.71, 0
160.72, 0
160.73, 0
160.74, 0
160.75, 0
160.76, 0
160.77, 0
160.78, 0
160.79, 0
160.8, 0
160.81, 0
160.82, 0
160.83, 0
160.84, 0
160.85, 0
160.86, 0
160.87, 0
160.88, 0
160.89, 0
160.9, 0
160.91, 0
160.92, 0
160.93, 0
160.94, 0
160.95, 0
160.96, 0
160.97, 0
160.98, 0
160.99, 0
161, 0
161.01, 0
161.02, 0
161.03, 0
161.04, 0
161.05, 0
161.06, 0
161.07, 0
161.08, 0
161.09, 0
161.1, 0
161.11, 0
161.12, 0
161.13, 0
161.14, 0
161.15, 0
161.16, 0
161.17, 0
161.18, 0
161.19, 0
161.2, 0
161.21, 0
161.22, 0
161.23, 0
161.24, 0
161.25, 0
161.26, 0
161.27, 0
161.28, 0
161.29, 0
161.3, 0
161.31, 0
161.32, 0
161.33, 0
161.34, 0
161.35, 0
161.36, 0
161.37, 0
161.38, 0
161.39, 0
161.4, 0
161.41, 0
161.42, 0
161.43, 0
161.44, 0
161.45, 0
161.46, 0
161.47, 0
161.48, 0
161.49, 0
161.5, 0
161.51, 0
161.52, 0
161.53, 0
161.54, 0
161.55, 0
161.56, 0
161.57, 0
161.58, 0
161.59, 0
161.6, 0
161.61, 0
161.62, 0
161.63, 0
161.64, 0
161.65, 0
161.66, 0
161.67, 0
161.68, 0
161.69, 0
161.7, 0
161.71, 0
161.72, 0
161.73, 0
161.74, 0
161.75, 0
161.76, 0
161.77, 0
161.78, 0
161.79, 0
161.8, 0
161.81, 0
161.82, 0
161.83, 0
161.84, 0
161.85, 0
161.86, 0
161.87, 0
161.88, 0
161.89, 0
161.9, 0
161.91, 0
161.92, 0
161.93, 0
161.94, 0
161.95, 0
161.96, 0
161.97, 0
161.98, 0
161.99, 0
162, 0
162.01, 0
162.02, 0
162.03, 0
162.04, 0
162.05, 0
162.06, 0
162.07, 0
162.08, 0
162.09, 0
162.1, 0
162.11, 0
162.12, 0
162.13, 0
162.14, 0
162.15, 0
162.16, 0
162.17, 0
162.18, 0
162.19, 0
162.2, 0
162.21, 0
162.22, 0
162.23, 0
162.24, 0
162.25, 0
162.26, 0
162.27, 0
162.28, 0
162.29, 0
162.3, 0
162.31, 0
162.32, 0
162.33, 0
162.34, 0
162.35, 0
162.36, 0
162.37, 0
162.38, 0
162.39, 0
162.4, 0
162.41, 0
162.42, 0
162.43, 0
162.44, 0
162.45, 0
162.46, 0
162.47, 0
162.48, 0
162.49, 0
162.5, 0
162.51, 0
162.52, 0
162.53, 0
162.54, 0
162.55, 0
162.56, 0
162.57, 0
162.58, 0
162.59, 0
162.6, 0
162.61, 0
162.62, 0
162.63, 0
162.64, 0
162.65, 0
162.66, 0
162.67, 0
162.68, 0
162.69, 0
162.7, 0
162.71, 0
162.72, 0
162.73, 0
162.74, 0
162.75, 0
162.76, 0
162.77, 0
162.78, 0
162.79, 0
162.8, 0
162.81, 0
162.82, 0
162.83, 0
162.84, 0
162.85, 0
162.86, 0
162.87, 0
162.88, 0
162.89, 0
162.9, 0
162.91, 0
162.92, 0
162.93, 0
162.94, 0
162.95, 0
162.96, 0
162.97, 0
162.98, 0
162.99, 0
163, 0
163.01, 0
163.02, 0
163.03, 0
163.04, 0
163.05, 0
163.06, 0
163.07, 0
163.08, 0
163.09, 0
163.1, 0
163.11, 0
163.12, 0
163.13, 0
163.14, 0
163.15, 0
163.16, 0
163.17, 0
163.18, 0
163.19, 0
163.2, 0
163.21, 0
163.22, 0
163.23, 0
163.24, 0
163.25, 0
163.26, 0
163.27, 0
163.28, 0
163.29, 0
163.3, 0
163.31, 0
163.32, 0
163.33, 0
163.34, 0
163.35, 0
163.36, 0
163.37, 0
163.38, 0
163.39, 0
163.4, 0
163.41, 0
163.42, 0
163.43, 0
163.44, 0
163.45, 0
163.46, 0
163.47, 0
163.48, 0
163.49, 0
163.5, 0
163.51, 0
163.52, 0
163.53, 0
163.54, 0
163.55, 0
163.56, 0
163.57, 0
163.58, 0
163.59, 0
163.6, 0
163.61, 0
163.62, 0
163.63, 0
163.64, 0
163.65, 0
163.66, 0
163.67, 0
163.68, 0
163.69, 0
163.7, 0
163.71, 0
163.72, 0
163.73, 0
163.74, 0
163.75, 0
163.76, 0
163.77, 0
163.78, 0
163.79, 0
163.8, 0
163.81, 0
163.82, 0
163.83, 0
163.84, 0
163.85, 0
163.86, 0
163.87, 0
163.88, 0
163.89, 0
163.9, 0
163.91, 0
163.92, 0
163.93, 0
163.94, 0
163.95, 0
163.96, 0
163.97, 0
163.98, 0
163.99, 0
164, 0
164.01, 0
164.02, 0
164.03, 0
164.04, 0
164.05, 0
164.06, 0
164.07, 0
164.08, 0
164.09, 0
164.1, 0
164.11, 0
164.12, 0
164.13, 0
164.14, 0
164.15, 0
164.16, 0
164.17, 0
164.18, 0
164.19, 0
164.2, 0
164.21, 0
164.22, 0
164.23, 0
164.24, 0
164.25, 0
164.26, 0
164.27, 0
164.28, 0
164.29, 0
164.3, 0
164.31, 0
164.32, 0
164.33, 0
164.34, 0
164.35, 0
164.36, 0
164.37, 0
164.38, 0
164.39, 0
164.4, 0
164.41, 0
164.42, 0
164.43, 0
164.44, 0
164.45, 0
164.46, 0
164.47, 0
164.48, 0
164.49, 0
164.5, 0
164.51, 0
164.52, 0
164.53, 0
164.54, 0
164.55, 0
164.56, 0
164.57, 0
164.58, 0
164.59, 0
164.6, 0
164.61, 0
164.62, 0
164.63, 0
164.64, 0
164.65, 0
164.66, 0
164.67, 0
164.68, 0
164.69, 0
164.7, 0
164.71, 0
164.72, 0
164.73, 0
164.74, 0
164.75, 0
164.76, 0
164.77, 0
164.78, 0
164.79, 0
164.8, 0
164.81, 0
164.82, 0
164.83, 0
164.84, 0
164.85, 0
164.86, 0
164.87, 0
164.88, 0
164.89, 0
164.9, 0
164.91, 0
164.92, 0
164.93, 0
164.94, 0
164.95, 0
164.96, 0
164.97, 0
164.98, 0
164.99, 0
165, 0
165.01, 0
165.02, 0
165.03, 0
165.04, 0
165.05, 0
165.06, 0
165.07, 0
165.08, 0
165.09, 0
165.1, 0
165.11, 0
165.12, 0
165.13, 0
165.14, 0
165.15, 0
165.16, 0
165.17, 0
165.18, 0
165.19, 0
165.2, 0
165.21, 0
165.22, 0
165.23, 0
165.24, 0
165.25, 0
165.26, 0
165.27, 0
165.28, 0
165.29, 0
165.3, 0
165.31, 0
165.32, 0
165.33, 0
165.34, 0
165.35, 0
165.36, 0
165.37, 0
165.38, 0
165.39, 0
165.4, 0
165.41, 0
165.42, 0
165.43, 0
165.44, 0
165.45, 0
165.46, 0
165.47, 0
165.48, 0
165.49, 0
165.5, 0
165.51, 0
165.52, 0
165.53, 0
165.54, 0
165.55, 0
165.56, 0
165.57, 0
165.58, 0
165.59, 0
165.6, 0
165.61, 0
165.62, 0
165.63, 0
165.64, 0
165.65, 0
165.66, 0
165.67, 0
165.68, 0
165.69, 0
165.7, 0
165.71, 0
165.72, 0
165.73, 0
165.74, 0
165.75, 0
165.76, 0
165.77, 0
165.78, 0
165.79, 0
165.8, 0
165.81, 0
165.82, 0
165.83, 0
165.84, 0
165.85, 0
165.86, 0
165.87, 0
165.88, 0
165.89, 0
165.9, 0
165.91, 0
165.92, 0
165.93, 0
165.94, 0
165.95, 0
165.96, 0
165.97, 0
165.98, 0
165.99, 0
166, 0
166.01, 0
166.02, 0
166.03, 0
166.04, 0
166.05, 0
166.06, 0
166.07, 0
166.08, 0
166.09, 0
166.1, 0
166.11, 0
166.12, 0
166.13, 0
166.14, 0
166.15, 0
166.16, 0
166.17, 0
166.18, 0
166.19, 0
166.2, 0
166.21, 0
166.22, 0
166.23, 0
166.24, 0
166.25, 0
166.26, 0
166.27, 0
166.28, 0
166.29, 0
166.3, 0
166.31, 0
166.32, 0
166.33, 0
166.34, 0
166.35, 0
166.36, 0
166.37, 0
166.38, 0
166.39, 0
166.4, 0
166.41, 0
166.42, 0
166.43, 0
166.44, 0
166.45, 0
166.46, 0
166.47, 0
166.48, 0
166.49, 0
166.5, 0
166.51, 0
166.52, 0
166.53, 0
166.54, 0
166.55, 0
166.56, 0
166.57, 0
166.58, 0
166.59, 0
166.6, 0
166.61, 0
166.62, 0
166.63, 0
166.64, 0
166.65, 0
166.66, 0
166.67, 0
166.68, 0
166.69, 0
166.7, 0
166.71, 0
166.72, 0
166.73, 0
166.74, 0
166.75, 0
166.76, 0
166.77, 0
166.78, 0
166.79, 0
166.8, 0
166.81, 0
166.82, 0
166.83, 0
166.84, 0
166.85, 0
166.86, 0
166.87, 0
166.88, 0
166.89, 0
166.9, 0
166.91, 0
166.92, 0
166.93, 0
166.94, 0
166.95, 0
166.96, 0
166.97, 0
166.98, 0
166.99, 0
167, 0
167.01, 0
167.02, 0
167.03, 0
167.04, 0
167.05, 0
167.06, 0
167.07, 0
167.08, 0
167.09, 0
167.1, 0
167.11, 0
167.12, 0
167.13, 0
167.14, 0
167.15, 0
167.16, 0
167.17, 0
167.18, 0
167.19, 0
167.2, 0
167.21, 0
167.22, 0
167.23, 0
167.24, 0
167.25, 0
167.26, 0
167.27, 0
167.28, 0
167.29, 0
167.3, 0
167.31, 0
167.32, 0
167.33, 0
167.34, 0
167.35, 0
167.36, 0
167.37, 0
167.38, 0
167.39, 0
167.4, 0
167.41, 0
167.42, 0
167.43, 0
167.44, 0
167.45, 0
167.46, 0
167.47, 0
167.48, 0
167.49, 0
167.5, 0
167.51, 0
167.52, 0
167.53, 0
167.54, 0
167.55, 0
167.56, 0
167.57, 0
167.58, 0
167.59, 0
167.6, 0
167.61, 0
167.62, 0
167.63, 0
167.64, 0
167.65, 0
167.66, 0
167.67, 0
167.68, 0
167.69, 0
167.7, 0
167.71, 0
167.72, 0
167.73, 0
167.74, 0
167.75, 0
167.76, 0
167.77, 0
167.78, 0
167.79, 0
167.8, 0
167.81, 0
167.82, 0
167.83, 0
167.84, 0
167.85, 0
167.86, 0
167.87, 0
167.88, 0
167.89, 0
167.9, 0
167.91, 0
167.92, 0
167.93, 0
167.94, 0
167.95, 0
167.96, 0
167.97, 0
167.98, 0
167.99, 0
168, 0
168.01, 0
168.02, 0
168.03, 0
168.04, 0
168.05, 0
168.06, 0
168.07, 0
168.08, 0
168.09, 0
168.1, 0
168.11, 0
168.12, 0
168.13, 0
168.14, 0
168.15, 0
168.16, 0
168.17, 0
168.18, 0
168.19, 0
168.2, 0
168.21, 0
168.22, 0
168.23, 0
168.24, 0
168.25, 0
168.26, 0
168.27, 0
168.28, 0
168.29, 0
168.3, 0
168.31, 0
168.32, 0
168.33, 0
168.34, 0
168.35, 0
168.36, 0
168.37, 0
168.38, 0
168.39, 0
168.4, 0
168.41, 0
168.42, 0
168.43, 0
168.44, 0
168.45, 0
168.46, 0
168.47, 0
168.48, 0
168.49, 0
168.5, 0
168.51, 0
168.52, 0
168.53, 0
168.54, 0
168.55, 0
168.56, 0
168.57, 0
168.58, 0
168.59, 0
168.6, 0
168.61, 0
168.62, 0
168.63, 0
168.64, 0
168.65, 0
168.66, 0
168.67, 0
168.68, 0
168.69, 0
168.7, 0
168.71, 0
168.72, 0
168.73, 0
168.74, 0
168.75, 0
168.76, 0
168.77, 0
168.78, 0
168.79, 0
168.8, 0
168.81, 0
168.82, 0
168.83, 0
168.84, 0
168.85, 0
168.86, 0
168.87, 0
168.88, 0
168.89, 0
168.9, 0
168.91, 0
168.92, 0
168.93, 0
168.94, 0
168.95, 0
168.96, 0
168.97, 0
168.98, 0
168.99, 0
169, 0
169.01, 0
169.02, 0
169.03, 0
169.04, 0
169.05, 0
169.06, 0
169.07, 0
169.08, 0
169.09, 0
169.1, 0
169.11, 0
169.12, 0
169.13, 0
169.14, 0
169.15, 0
169.16, 0
169.17, 0
169.18, 0
169.19, 0
169.2, 0
169.21, 0
169.22, 0
169.23, 0
169.24, 0
169.25, 0
169.26, 0
169.27, 0
169.28, 0
169.29, 0
169.3, 0
169.31, 0
169.32, 0
169.33, 0
169.34, 0
169.35, 0
169.36, 0
169.37, 0
169.38, 0
169.39, 0
169.4, 0
169.41, 0
169.42, 0
169.43, 0
169.44, 0
169.45, 0
169.46, 0
169.47, 0
169.48, 0
169.49, 0
169.5, 0
169.51, 0
169.52, 0
169.53, 0
169.54, 0
169.55, 0
169.56, 0
169.57, 0
169.58, 0
169.59, 0
169.6, 0
169.61, 0
169.62, 0
169.63, 0
169.64, 0
169.65, 0
169.66, 0
169.67, 0
169.68, 0
169.69, 0
169.7, 0
169.71, 0
169.72, 0
169.73, 0
169.74, 0
169.75, 0
169.76, 0
169.77, 0
169.78, 0
169.79, 0
169.8, 0
169.81, 0
169.82, 0
169.83, 0
169.84, 0
169.85, 0
169.86, 0
169.87, 0
169.88, 0
169.89, 0
169.9, 0
169.91, 0
169.92, 0
169.93, 0
169.94, 0
169.95, 0
169.96, 0
169.97, 0
169.98, 0
169.99, 0
170, 0
170.01, 0
170.02, 0
170.03, 0
170.04, 0
170.05, 0
170.06, 0
170.07, 0
170.08, 0
170.09, 0
170.1, 0
170.11, 0
170.12, 0
170.13, 0
170.14, 0
170.15, 0
170.16, 0
170.17, 0
170.18, 0
170.19, 0
170.2, 0
170.21, 0
170.22, 0
170.23, 0
170.24, 0
170.25, 0
170.26, 0
170.27, 0
170.28, 0
170.29, 0
170.3, 0
170.31, 0
170.32, 0
170.33, 0
170.34, 0
170.35, 0
170.36, 0
170.37, 0
170.38, 0
170.39, 0
170.4, 0
170.41, 0
170.42, 0
170.43, 0
170.44, 0
170.45, 0
170.46, 0
170.47, 0
170.48, 0
170.49, 0
170.5, 0
170.51, 0
170.52, 0
170.53, 0
170.54, 0
170.55, 0
170.56, 0
170.57, 0
170.58, 0
170.59, 0
170.6, 0
170.61, 0
170.62, 0
170.63, 0
170.64, 0
170.65, 0
170.66, 0
170.67, 0
170.68, 0
170.69, 0
170.7, 0
170.71, 0
170.72, 0
170.73, 0
170.74, 0
170.75, 0
170.76, 0
170.77, 0
170.78, 0
170.79, 0
170.8, 0
170.81, 0
170.82, 0
170.83, 0
170.84, 0
170.85, 0
170.86, 0
170.87, 0
170.88, 0
170.89, 0
170.9, 0
170.91, 0
170.92, 0
170.93, 0
170.94, 0
170.95, 0
170.96, 0
170.97, 0
170.98, 0
170.99, 0
171, 0
171.01, 0
171.02, 0
171.03, 0
171.04, 0
171.05, 0
171.06, 0
171.07, 0
171.08, 0
171.09, 0
171.1, 0
171.11, 0
171.12, 0
171.13, 0
171.14, 0
171.15, 0
171.16, 0
171.17, 0
171.18, 0
171.19, 0
171.2, 0
171.21, 0
171.22, 0
171.23, 0
171.24, 0
171.25, 0
171.26, 0
171.27, 0
171.28, 0
171.29, 0
171.3, 0
171.31, 0
171.32, 0
171.33, 0
171.34, 0
171.35, 0
171.36, 0
171.37, 0
171.38, 0
171.39, 0
171.4, 0
171.41, 0
171.42, 0
171.43, 0
171.44, 0
171.45, 0
171.46, 0
171.47, 0
171.48, 0
171.49, 0
171.5, 0
171.51, 0
171.52, 0
171.53, 0
171.54, 0
171.55, 0
171.56, 0
171.57, 0
171.58, 0
171.59, 0
171.6, 0
171.61, 0
171.62, 0
171.63, 0
171.64, 0
171.65, 0
171.66, 0
171.67, 0
171.68, 0
171.69, 0
171.7, 0
171.71, 0
171.72, 0
171.73, 0
171.74, 0
171.75, 0
171.76, 0
171.77, 0
171.78, 0
171.79, 0
171.8, 0
171.81, 0
171.82, 0
171.83, 0
171.84, 0
171.85, 0
171.86, 0
171.87, 0
171.88, 0
171.89, 0
171.9, 0
171.91, 0
171.92, 0
171.93, 0
171.94, 0
171.95, 0
171.96, 0
171.97, 0
171.98, 0
171.99, 0
172, 0
172.01, 0
172.02, 0
172.03, 0
172.04, 0
172.05, 0
172.06, 0
172.07, 0
172.08, 0
172.09, 0
172.1, 0
172.11, 0
172.12, 0
172.13, 0
172.14, 0
172.15, 0
172.16, 0
172.17, 0
172.18, 0
172.19, 0
172.2, 0
172.21, 0
172.22, 0
172.23, 0
172.24, 0
172.25, 0
172.26, 0
172.27, 0
172.28, 0
172.29, 0
172.3, 0
172.31, 0
172.32, 0
172.33, 0
172.34, 0
172.35, 0
172.36, 0
172.37, 0
172.38, 0
172.39, 0
172.4, 0
172.41, 0
172.42, 0
172.43, 0
172.44, 0
172.45, 0
172.46, 0
172.47, 0
172.48, 0
172.49, 0
172.5, 0
172.51, 0
172.52, 0
172.53, 0
172.54, 0
172.55, 0
172.56, 0
172.57, 0
172.58, 0
172.59, 0
172.6, 0
172.61, 0
172.62, 0
172.63, 0
172.64, 0
172.65, 0
172.66, 0
172.67, 0
172.68, 0
172.69, 0
172.7, 0
172.71, 0
172.72, 0
172.73, 0
172.74, 0
172.75, 0
172.76, 0
172.77, 0
172.78, 0
172.79, 0
172.8, 0
172.81, 0
172.82, 0
172.83, 0
172.84, 0
172.85, 0
172.86, 0
172.87, 0
172.88, 0
172.89, 0
172.9, 0
172.91, 0
172.92, 0
172.93, 0
172.94, 0
172.95, 0
172.96, 0
172.97, 0
172.98, 0
172.99, 0
173, 0
173.01, 0
173.02, 0
173.03, 0
173.04, 0
173.05, 0
173.06, 0
173.07, 0
173.08, 0
173.09, 0
173.1, 0
173.11, 0
173.12, 0
173.13, 0
173.14, 0
173.15, 0
173.16, 0
173.17, 0
173.18, 0
173.19, 0
173.2, 0
173.21, 0
173.22, 0
173.23, 0
173.24, 0
173.25, 0
173.26, 0
173.27, 0
173.28, 0
173.29, 0
173.3, 0
173.31, 0
173.32, 0
173.33, 0
173.34, 0
173.35, 0
173.36, 0
173.37, 0
173.38, 0
173.39, 0
173.4, 0
173.41, 0
173.42, 0
173.43, 0
173.44, 0
173.45, 0
173.46, 0
173.47, 0
173.48, 0
173.49, 0
173.5, 0
173.51, 0
173.52, 0
173.53, 0
173.54, 0
173.55, 0
173.56, 0
173.57, 0
173.58, 0
173.59, 0
173.6, 0
173.61, 0
173.62, 0
173.63, 0
173.64, 0
173.65, 0
173.66, 0
173.67, 0
173.68, 0
173.69, 0
173.7, 0
173.71, 0
173.72, 0
173.73, 0
173.74, 0
173.75, 0
173.76, 0
173.77, 0
173.78, 0
173.79, 0
173.8, 0
173.81, 0
173.82, 0
173.83, 0
173.84, 0
173.85, 0
173.86, 0
173.87, 0
173.88, 0
173.89, 0
173.9, 0
173.91, 0
173.92, 0
173.93, 0
173.94, 0
173.95, 0
173.96, 0
173.97, 0
173.98, 0
173.99, 0
174, 0
174.01, 0
174.02, 0
174.03, 0
174.04, 0
174.05, 0
174.06, 0
174.07, 0
174.08, 0
174.09, 0
174.1, 0
174.11, 0
174.12, 0
174.13, 0
174.14, 0
174.15, 0
174.16, 0
174.17, 0
174.18, 0
174.19, 0
174.2, 0
174.21, 0
174.22, 0
174.23, 0
174.24, 0
174.25, 0
174.26, 0
174.27, 0
174.28, 0
174.29, 0
174.3, 0
174.31, 0
174.32, 0
174.33, 0
174.34, 0
174.35, 0
174.36, 0
174.37, 0
174.38, 0
174.39, 0
174.4, 0
174.41, 0
174.42, 0
174.43, 0
174.44, 0
174.45, 0
174.46, 0
174.47, 0
174.48, 0
174.49, 0
174.5, 0
174.51, 0
174.52, 0
174.53, 0
174.54, 0
174.55, 0
174.56, 0
174.57, 0
174.58, 0
174.59, 0
174.6, 0
174.61, 0
174.62, 0
174.63, 0
174.64, 0
174.65, 0
174.66, 0
174.67, 0
174.68, 0
174.69, 0
174.7, 0
174.71, 0
174.72, 0
174.73, 0
174.74, 0
174.75, 0
174.76, 0
174.77, 0
174.78, 0
174.79, 0
174.8, 0
174.81, 0
174.82, 0
174.83, 0
174.84, 0
174.85, 0
174.86, 0
174.87, 0
174.88, 0
174.89, 0
174.9, 0
174.91, 0
174.92, 0
174.93, 0
174.94, 0
174.95, 0
174.96, 0
174.97, 0
174.98, 0
174.99, 0
175, 0
175.01, 0
175.02, 0
175.03, 0
175.04, 0
175.05, 0
175.06, 0
175.07, 0
175.08, 0
175.09, 0
175.1, 0
175.11, 0
175.12, 0
175.13, 0
175.14, 0
175.15, 0
175.16, 0
175.17, 0
175.18, 0
175.19, 0
175.2, 0
175.21, 0
175.22, 0
175.23, 0
175.24, 0
175.25, 0
175.26, 0
175.27, 0
175.28, 0
175.29, 0
175.3, 0
175.31, 0
175.32, 0
175.33, 0
175.34, 0
175.35, 0
175.36, 0
175.37, 0
175.38, 0
175.39, 0
175.4, 0
175.41, 0
175.42, 0
175.43, 0
175.44, 0
175.45, 0
175.46, 0
175.47, 0
175.48, 0
175.49, 0
175.5, 0
175.51, 0
175.52, 0
175.53, 0
175.54, 0
175.55, 0
175.56, 0
175.57, 0
175.58, 0
175.59, 0
175.6, 0
175.61, 0
175.62, 0
175.63, 0
175.64, 0
175.65, 0
175.66, 0
175.67, 0
175.68, 0
175.69, 0
175.7, 0
175.71, 0
175.72, 0
175.73, 0
175.74, 0
175.75, 0
175.76, 0
175.77, 0
175.78, 0
175.79, 0
175.8, 0
175.81, 0
175.82, 0
175.83, 0
175.84, 0
175.85, 0
175.86, 0
175.87, 0
175.88, 0
175.89, 0
175.9, 0
175.91, 0
175.92, 0
175.93, 0
175.94, 0
175.95, 0
175.96, 0
175.97, 0
175.98, 0
175.99, 0
176, 0
176.01, 0
176.02, 0
176.03, 0
176.04, 0
176.05, 0
176.06, 0
176.07, 0
176.08, 0
176.09, 0
176.1, 0
176.11, 0
176.12, 0
176.13, 0
176.14, 0
176.15, 0
176.16, 0
176.17, 0
176.18, 0
176.19, 0
176.2, 0
176.21, 0
176.22, 0
176.23, 0
176.24, 0
176.25, 0
176.26, 0
176.27, 0
176.28, 0
176.29, 0
176.3, 0
176.31, 0
176.32, 0
176.33, 0
176.34, 0
176.35, 0
176.36, 0
176.37, 0
176.38, 0
176.39, 0
176.4, 0
176.41, 0
176.42, 0
176.43, 0
176.44, 0
176.45, 0
176.46, 0
176.47, 0
176.48, 0
176.49, 0
176.5, 0
176.51, 0
176.52, 0
176.53, 0
176.54, 0
176.55, 0
176.56, 0
176.57, 0
176.58, 0
176.59, 0
176.6, 0
176.61, 0
176.62, 0
176.63, 0
176.64, 0
176.65, 0
176.66, 0
176.67, 0
176.68, 0
176.69, 0
176.7, 0
176.71, 0
176.72, 0
176.73, 0
176.74, 0
176.75, 0
176.76, 0
176.77, 0
176.78, 0
176.79, 0
176.8, 0
176.81, 0
176.82, 0
176.83, 0
176.84, 0
176.85, 0
176.86, 0
176.87, 0
176.88, 0
176.89, 0
176.9, 0
176.91, 0
176.92, 0
176.93, 0
176.94, 0
176.95, 0
176.96, 0
176.97, 0
176.98, 0
176.99, 0
177, 0
177.01, 0
177.02, 0
177.03, 0
177.04, 0
177.05, 0
177.06, 0
177.07, 0
177.08, 0
177.09, 0
177.1, 0
177.11, 0
177.12, 0
177.13, 0
177.14, 0
177.15, 0
177.16, 0
177.17, 0
177.18, 0
177.19, 0
177.2, 0
177.21, 0
177.22, 0
177.23, 0
177.24, 0
177.25, 0
177.26, 0
177.27, 0
177.28, 0
177.29, 0
177.3, 0
177.31, 0
177.32, 0
177.33, 0
177.34, 0
177.35, 0
177.36, 0
177.37, 0
177.38, 0
177.39, 0
177.4, 0
177.41, 0
177.42, 0
177.43, 0
177.44, 0
177.45, 0
177.46, 0
177.47, 0
177.48, 0
177.49, 0
177.5, 0
177.51, 0
177.52, 0
177.53, 0
177.54, 0
177.55, 0
177.56, 0
177.57, 0
177.58, 0
177.59, 0
177.6, 0
177.61, 0
177.62, 0
177.63, 0
177.64, 0
177.65, 0
177.66, 0
177.67, 0
177.68, 0
177.69, 0
177.7, 0
177.71, 0
177.72, 0
177.73, 0
177.74, 0
177.75, 0
177.76, 0
177.77, 0
177.78, 0
177.79, 0
177.8, 0
177.81, 0
177.82, 0
177.83, 0
177.84, 0
177.85, 0
177.86, 0
177.87, 0
177.88, 0
177.89, 0
177.9, 0
177.91, 0
177.92, 0
177.93, 0
177.94, 0
177.95, 0
177.96, 0
177.97, 0
177.98, 0
177.99, 0
178, 0
178.01, 0
178.02, 0
178.03, 0
178.04, 0
178.05, 0
178.06, 0
178.07, 0
178.08, 0
178.09, 0
178.1, 0
178.11, 0
178.12, 0
178.13, 0
178.14, 0
178.15, 0
178.16, 0
178.17, 0
178.18, 0
178.19, 0
178.2, 0
178.21, 0
178.22, 0
178.23, 0
178.24, 0
178.25, 0
178.26, 0
178.27, 0
178.28, 0
178.29, 0
178.3, 0
178.31, 0
178.32, 0
178.33, 0
178.34, 0
178.35, 0
178.36, 0
178.37, 0
178.38, 0
178.39, 0
178.4, 0
178.41, 0
178.42, 0
178.43, 0
178.44, 0
178.45, 0
178.46, 0
178.47, 0
178.48, 0
178.49, 0
178.5, 0
178.51, 0
178.52, 0
178.53, 0
178.54, 0
178.55, 0
178.56, 0
178.57, 0
178.58, 0
178.59, 0
178.6, 0
178.61, 0
178.62, 0
178.63, 0
178.64, 0
178.65, 0
178.66, 0
178.67, 0
178.68, 0
178.69, 0
178.7, 0
178.71, 0
178.72, 0
178.73, 0
178.74, 0
178.75, 0
178.76, 0
178.77, 0
178.78, 0
178.79, 0
178.8, 0
178.81, 0
178.82, 0
178.83, 0
178.84, 0
178.85, 0
178.86, 0
178.87, 0
178.88, 0
178.89, 0
178.9, 0
178.91, 0
178.92, 0
178.93, 0
178.94, 0
178.95, 0
178.96, 0
178.97, 0
178.98, 0
178.99, 0
179, 0
179.01, 0
179.02, 0
179.03, 0
179.04, 0
179.05, 0
179.06, 0
179.07, 0
179.08, 0
179.09, 0
179.1, 0
179.11, 0
179.12, 0
179.13, 0
179.14, 0
179.15, 0
179.16, 0
179.17, 0
179.18, 0
179.19, 0
179.2, 0
179.21, 0
179.22, 0
179.23, 0
179.24, 0
179.25, 0
179.26, 0
179.27, 0
179.28, 0
179.29, 0
179.3, 0
179.31, 0
179.32, 0
179.33, 0
179.34, 0
179.35, 0
179.36, 0
179.37, 0
179.38, 0
179.39, 0
179.4, 0
179.41, 0
179.42, 0
179.43, 0
179.44, 0
179.45, 0
179.46, 0
179.47, 0
179.48, 0
179.49, 0
179.5, 0
179.51, 0
179.52, 0
179.53, 0
179.54, 0
179.55, 0
179.56, 0
179.57, 0
179.58, 0
179.59, 0
179.6, 0
179.61, 0
179.62, 0
179.63, 0
179.64, 0
179.65, 0
179.66, 0
179.67, 0
179.68, 0
179.69, 0
179.7, 0
179.71, 0
179.72, 0
179.73, 0
179.74, 0
179.75, 0
179.76, 0
179.77, 0
179.78, 0
179.79, 0
179.8, 0
179.81, 0
179.82, 0
179.83, 0
179.84, 0
179.85, 0
179.86, 0
179.87, 0
179.88, 0
179.89, 0
179.9, 0
179.91, 0
179.92, 0
179.93, 0
179.94, 0
179.95, 0
179.96, 0
179.97, 0
179.98, 0
179.99, 0
