Fairfieldite
crystal_structure 1
space_group 2
0, 0
0.01, 87
0.02, 0
0.03, 59
0.04, 78
0.05, 2
0.06, 48
0.07, 58
0.08, 21
0.09, 21
0.1, 89
0.11, 6
0.12, 80
0.13, 80
0.14, 28
0.15, 87
0.16, 78
0.17, 33
0.18, 24
0.19, 14
0.2, 75
0.21, 55
0.22, 50
0.23, 46
0.24, 15
0.25, 68
0.26, 32
0.27, 22
0.28, 1
0.29, 13
0.3, 20
0.31, 9
0.32, 42
0.33, 0
0.34, 46
0.35, 72
0.36, 72
0.37, 93
0.38, 40
0.39, 1
0.4, 2
0.41, 13
0.42, 55
0.43, 50
0.44, 102
0.45, 49
0.46, 39
0.47, 49
0.48, 18
0.49, 7
0.5, 8
0.51, 55
0.52, 81
0.53, 45
0.54, 40
0.55, 61
0.56, 61
0.57, 77
0.58, 6
0.59, 22
0.6, 62
0.61, 83
0.62, 20
0.63, 47
0.64, 5
0.65, 126
0.66, 21
0.67, 42
0.68, 48
0.69, 11
0.7, 64
0.71, 69
0.72, 91
0.73, 49
0.74, 96
0.75, 33
0.76, 7
0.77, 71
0.78, 3
0.79, 14
0.8, 30
0.81, 93
0.82, 93
0.83, 36
0.84, 46
0.85, 52
0.86, 36
0.87, 21
0.88, 53
0.89, 70
0.9, 28
0.91, 109
0.92, 61
0.93, 93
0.94, 33
0.95, 180
0.96, 22
0.97, 70
0.98, 70
0.99, 81
1, 18
1.01, 35
1.02, 77
1.03, 20
1.04, 26
1.05, 79
1.06, 48
1.07, 38
1.08, 43
1.09, 12
1.1, 60
1.11, 2
1.12, 61
1.13, 66
1.14, 14
1.15, 78
1.16, 36
1.17, 25
1.18, 47
1.19, 10
1.2, 68
1.21, 26
1.22, 74
1.23, 69
1.24, 32
1.25, 23
1.26, 50
1.27, 40
1.28, 36
1.29, 47
1.3, 100
1.31, 27
1.32, 59
1.33, 33
1.34, 76
1.35, 50
1.36, 34
1.37, 40
1.38, 30
1.39, 14
1.4, 99
1.41, 57
1.42, 52
1.43, 79
1.44, 63
1.45, 21
1.46, 17
1.47, 80
1.48, 101
1.49, 2
1.5, 34
1.51, 71
1.52, 92
1.53, 18
1.54, 71
1.55, 45
1.56, 4
1.57, 56
1.58, 0
1.59, 83
1.6, 52
1.61, 47
1.62, 63
1.63, 69
1.64, 6
1.65, 69
1.66, 75
1.67, 28
1.68, 75
1.69, 34
1.7, 50
1.71, 34
1.72, 61
1.73, 51
1.74, 14
1.75, 20
1.76, 130
1.77, 7
1.78, 15
1.79, 81
1.8, 4
1.81, 7
1.82, 36
1.83, 4
1.84, 62
1.85, 73
1.86, 18
1.87, 15
1.88, 45
1.89, 55
1.9, 98
1.91, 45
1.92, 25
1.93, 99
1.94, 62
1.95, 52
1.96, 16
1.97, 79
1.98, 21
1.99, 4
2, 6
2.01, 64
2.02, 8
2.03, 22
2.04, 49
2.05, 33
2.06, 4
2.07, 44
2.08, 2
2.09, 2
2.1, 24
2.11, 24
2.12, 4
2.13, 88
2.14, 20
2.15, 20
2.16, 57
2.17, 107
2.18, 12
2.19, 7
2.2, 24
2.21, 45
2.22, 19
2.23, 92
2.24, 1
2.25, 30
2.26, 56
2.27, 14
2.28, 6
2.29, 78
2.3, 25
2.31, 20
2.32, 10
2.33, 57
2.34, 73
2.35, 47
2.36, 79
2.37, 0
2.38, 85
2.39, 138
2.4, 107
2.41, 75
2.42, 28
2.43, 33
2.44, 5
2.45, 49
2.46, 55
2.47, 15
2.48, 66
2.49, 29
2.5, 76
2.51, 35
2.52, 4
2.53, 20
2.54, 30
2.55, 52
2.56, 62
2.57, 52
2.58, 36
2.59, 47
2.6, 57
2.61, 110
2.62, 58
2.63, 84
2.64, 79
2.65, 26
2.66, 48
2.67, 85
2.68, 54
2.69, 54
2.7, 106
2.71, 75
2.72, 33
2.73, 70
2.74, 44
2.75, 2
2.76, 102
2.77, 44
2.78, 44
2.79, 107
2.8, 2
2.81, 76
2.82, 18
2.83, 3
2.84, 24
2.85, 34
2.86, 19
2.87, 13
2.88, 40
2.89, 1
2.9, 77
2.91, 62
2.92, 94
2.93, 67
2.94, 36
2.95, 31
2.96, 31
2.97, 98
2.98, 19
2.99, 16
3, 25
3.01, 98
3.02, 61
3.03, 61
3.04, 98
3.05, 29
3.06, 72
3.07, 2
3.08, 7
3.09, 44
3.1, 39
3.11, 1
3.12, 60
3.13, 55
3.14, 23
3.15, 34
3.16, 23
3.17, 50
3.18, 34
3.19, 18
3.2, 24
3.21, 45
3.22, 49
3.23, 44
3.24, 34
3.25, 55
3.26, 91
3.27, 49
3.28, 75
3.29, 38
3.3, 75
3.31, 1
3.32, 37
3.33, 6
3.34, 24
3.35, 50
3.36, 19
3.37, 39
3.38, 40
3.39, 2
3.4, 50
3.41, 45
3.42, 45
3.43, 40
3.44, 18
3.45, 40
3.46, 34
3.47, 13
3.48, 29
3.49, 18
3.5, 24
3.51, 24
3.52, 34
3.53, 24
3.54, 66
3.55, 3
3.56, 34
3.57, 8
3.58, 2
3.59, 34
3.6, 55
3.61, 24
3.62, 34
3.63, 66
3.64, 49
3.65, 34
3.66, 7
3.67, 74
3.68, 53
3.69, 95
3.7, 7
3.71, 54
3.72, 39
3.73, 50
3.74, 24
3.75, 3
3.76, 14
3.77, 35
3.78, 3
3.79, 45
3.8, 19
3.81, 3
3.82, 35
3.83, 35
3.84, 45
3.85, 7
3.86, 8
3.87, 56
3.88, 1
3.89, 14
3.9, 45
3.91, 14
3.92, 61
3.93, 92
3.94, 35
3.95, 18
3.96, 50
3.97, 13
3.98, 34
3.99, 71
4, 39
4.01, 3
4.02, 65
4.03, 49
4.04, 60
4.05, 55
4.06, 39
4.07, 34
4.08, 86
4.09, 7
4.1, 1
4.11, 60
4.12, 39
4.13, 18
4.14, 18
4.15, 28
4.16, 70
4.17, 39
4.18, 81
4.19, 32
4.2, 53
4.21, 74
4.22, 105
4.23, 63
4.24, 11
4.25, 48
4.26, 4
4.27, 85
4.28, 32
4.29, 38
4.3, 16
4.31, 10
4.32, 53
4.33, 53
4.34, 32
4.35, 47
4.36, 21
4.37, 4
4.38, 42
4.39, 11
4.4, 11
4.41, 11
4.42, 32
4.43, 16
4.44, 53
4.45, 27
4.46, 85
4.47, 69
4.48, 43
4.49, 6
4.5, 59
4.51, 32
4.52, 21
4.53, 58
4.54, 32
4.55, 38
4.56, 20
4.57, 20
4.58, 84
4.59, 1
4.6, 41
4.61, 31
4.62, 52
4.63, 36
4.64, 67
4.65, 41
4.66, 25
4.67, 57
4.68, 5
4.69, 46
4.7, 41
4.71, 73
4.72, 10
4.73, 84
4.74, 16
4.75, 5
4.76, 31
4.77, 57
4.78, 67
4.79, 9
4.8, 62
4.81, 20
4.82, 25
4.83, 73
4.84, 30
4.85, 20
4.86, 30
4.87, 15
4.88, 26
4.89, 78
4.9, 3
4.91, 17
4.92, 4
4.93, 6
4.94, 62
4.95, 10
4.96, 21
4.97, 73
4.98, 0
4.99, 42
5, 53
5.01, 53
5.02, 31
5.03, 21
5.04, 63
5.05, 31
5.06, 52
5.07, 37
5.08, 15
5.09, 31
5.1, 52
5.11, 42
5.12, 21
5.13, 21
5.14, 21
5.15, 78
5.16, 57
5.17, 31
5.18, 26
5.19, 16
5.2, 47
5.21, 31
5.22, 16
5.23, 2
5.24, 21
5.25, 79
5.26, 74
5.27, 6
5.28, 37
5.29, 6
5.3, 31
5.31, 36
5.32, 57
5.33, 42
5.34, 15
5.35, 68
5.36, 22
5.37, 32
5.38, 33
5.39, 49
5.4, 101
5.41, 59
5.42, 22
5.43, 7
5.44, 28
5.45, 54
5.46, 117
5.47, 38
5.48, 23
5.49, 17
5.5, 2
5.51, 39
5.52, 60
5.53, 28
5.54, 44
5.55, 23
5.56, 3
5.57, 44
5.58, 3
5.59, 44
5.6, 23
5.61, 7
5.62, 28
5.63, 3
5.64, 33
5.65, 102
5.66, 18
5.67, 23
5.68, 44
5.69, 13
5.7, 76
5.71, 92
5.72, 79
5.73, 4
5.74, 5
5.75, 37
5.76, 0
5.77, 32
5.78, 16
5.79, 15
5.8, 84
5.81, 36
5.82, 94
5.83, 15
5.84, 15
5.85, 42
5.86, 53
5.87, 21
5.88, 5
5.89, 42
5.9, 26
5.91, 6
5.92, 37
5.93, 37
5.94, 37
5.95, 16
5.96, 68
5.97, 47
5.98, 11
5.99, 42
6, 16
6.01, 58
6.02, 32
6.03, 37
6.04, 47
6.05, 37
6.06, 42
6.07, 4
6.08, 37
6.09, 74
6.1, 5
6.11, 46
6.12, 46
6.13, 3
6.14, 14
6.15, 1
6.16, 56
6.17, 40
6.18, 9
6.19, 6
6.2, 19
6.21, 24
6.22, 35
6.23, 61
6.24, 6
6.25, 46
6.26, 9
6.27, 40
6.28, 19
6.29, 25
6.3, 72
6.31, 9
6.32, 9
6.33, 35
6.34, 19
6.35, 19
6.36, 19
6.37, 6
6.38, 4
6.39, 14
6.4, 30
6.41, 88
6.42, 9
6.43, 45
6.44, 29
6.45, 4
6.46, 35
6.47, 50
6.48, 45
6.49, 29
6.5, 30
6.51, 56
6.52, 20
6.53, 46
6.54, 62
6.55, 14
6.56, 16
6.57, 2
6.58, 48
6.59, 26
6.6, 16
6.61, 42
6.62, 32
6.63, 5
6.64, 52
6.65, 58
6.66, 68
6.67, 5
6.68, 21
6.69, 42
6.7, 126
6.71, 105
6.72, 21
6.73, 58
6.74, 32
6.75, 26
6.76, 16
6.77, 32
6.78, 38
6.79, 91
6.8, 27
6.81, 17
6.82, 54
6.83, 53
6.84, 3
6.85, 90
6.86, 48
6.87, 17
6.88, 91
6.89, 33
6.9, 49
6.91, 48
6.92, 27
6.93, 11
6.94, 11
6.95, 58
6.96, 0
6.97, 27
6.98, 21
6.99, 27
7, 32
7.01, 11
7.02, 63
7.03, 11
7.04, 53
7.05, 4
7.06, 39
7.07, 81
7.08, 23
7.09, 44
7.1, 60
7.11, 3
7.12, 1
7.13, 49
7.14, 28
7.15, 59
7.16, 22
7.17, 23
7.18, 44
7.19, 23
7.2, 7
7.21, 70
7.22, 7
7.23, 12
7.24, 38
7.25, 23
7.26, 23
7.27, 39
7.28, 28
7.29, 75
7.3, 3
7.31, 23
7.32, 81
7.33, 54
7.34, 43
7.35, 32
7.36, 6
7.37, 12
7.38, 22
7.39, 6
7.4, 32
7.41, 11
7.42, 27
7.43, 16
7.44, 0
7.45, 90
7.46, 79
7.47, 32
7.48, 53
7.49, 0
7.5, 6
7.51, 27
7.52, 0
7.53, 42
7.54, 58
7.55, 74
7.56, 0
7.57, 79
7.58, 58
7.59, 31
7.6, 84
7.61, 42
7.62, 42
7.63, 21
7.64, 63
7.65, 31
7.66, 25
7.67, 57
7.68, 52
7.69, 6
7.7, 73
7.71, 36
7.72, 47
7.73, 4
7.74, 36
7.75, 17
7.76, 29
7.77, 61
7.78, 66
7.79, 2
7.8, 3
7.81, 34
7.82, 18
7.83, 2
7.84, 71
7.85, 23
7.86, 39
7.87, 18
7.88, 2
7.89, 81
7.9, 8
7.91, 70
7.92, 18
7.93, 60
7.94, 18
7.95, 60
7.96, 6
7.97, 4
7.98, 39
7.99, 18
8, 7
8.01, 18
8.02, 54
8.03, 44
8.04, 22
8.05, 70
8.06, 4
8.07, 12
8.08, 59
8.09, 22
8.1, 54
8.11, 49
8.12, 12
8.13, 4
8.14, 38
8.15, 3
8.16, 28
8.17, 1
8.18, 65
8.19, 7
8.2, 22
8.21, 59
8.22, 12
8.23, 12
8.24, 33
8.25, 21
8.26, 59
8.27, 38
8.28, 43
8.29, 76
8.3, 50
8.31, 28
8.32, 18
8.33, 18
8.34, 18
8.35, 50
8.36, 7
8.37, 13
8.38, 2
8.39, 34
8.4, 92
8.41, 92
8.42, 55
8.43, 39
8.44, 6
8.45, 65
8.46, 60
8.47, 44
8.48, 71
8.49, 61
8.5, 55
8.51, 23
8.52, 61
8.53, 24
8.54, 61
8.55, 55
8.56, 5
8.57, 40
8.58, 40
8.59, 3
8.6, 29
8.61, 45
8.62, 82
8.63, 82
8.64, 19
8.65, 30
8.66, 72
8.67, 1
8.68, 56
8.69, 41
8.7, 9
8.71, 57
8.72, 73
8.73, 120
8.74, 52
8.75, 136
8.76, 62
8.77, 204
8.78, 215
8.79, 146
8.8, 299
8.81, 525
8.82, 588
8.83, 593
8.84, 820
8.85, 851
8.86, 899
8.87, 699
8.88, 630
8.89, 594
8.9, 620
8.91, 325
8.92, 352
8.93, 243
8.94, 274
8.95, 231
8.96, 173
8.97, 167
8.98, 131
8.99, 109
9, 78
9.01, 115
9.02, 41
9.03, 68
9.04, 89
9.05, 53
9.06, 100
9.07, 121
9.08, 110
9.09, 74
9.1, 21
9.11, 68
9.12, 37
9.13, 68
9.14, 37
9.15, 53
9.16, 62
9.17, 62
9.18, 20
9.19, 14
9.2, 9
9.21, 36
9.22, 57
9.23, 20
9.24, 20
9.25, 4
9.26, 30
9.27, 30
9.28, 15
9.29, 5
9.3, 37
9.31, 37
9.32, 16
9.33, 31
9.34, 105
9.35, 10
9.36, 36
9.37, 26
9.38, 26
9.39, 47
9.4, 5
9.41, 89
9.42, 69
9.43, 48
9.44, 16
9.45, 46
9.46, 88
9.47, 40
9.48, 15
9.49, 56
9.5, 9
9.51, 14
9.52, 25
9.53, 6
9.54, 4
9.55, 9
9.56, 61
9.57, 51
9.58, 30
9.59, 9
9.6, 46
9.61, 40
9.62, 3
9.63, 4
9.64, 40
9.65, 77
9.66, 35
9.67, 98
9.68, 6
9.69, 77
9.7, 29
9.71, 6
9.72, 71
9.73, 29
9.74, 8
9.75, 6
9.76, 19
9.77, 30
9.78, 25
9.79, 109
9.8, 19
9.81, 67
9.82, 68
9.83, 32
9.84, 1
9.85, 32
9.86, 58
9.87, 16
9.88, 48
9.89, 21
9.9, 3
9.91, 32
9.92, 53
9.93, 95
9.94, 74
9.95, 64
9.96, 43
9.97, 53
9.98, 22
9.99, 74
10, 32
10.01, 80
10.02, 27
10.03, 60
10.04, 7
10.05, 33
10.06, 39
10.07, 18
10.08, 5
10.09, 60
10.1, 18
10.11, 23
10.12, 10
10.13, 2
10.14, 28
10.15, 23
10.16, 2
10.17, 50
10.18, 29
10.19, 2
10.2, 29
10.21, 8
10.22, 5
10.23, 19
10.24, 61
10.25, 40
10.26, 13
10.27, 51
10.28, 46
10.29, 25
10.3, 35
10.31, 6
10.32, 30
10.33, 40
10.34, 51
10.35, 9
10.36, 35
10.37, 19
10.38, 19
10.39, 51
10.4, 35
10.41, 40
10.42, 67
10.43, 61
10.44, 40
10.45, 30
10.46, 6
10.47, 19
10.48, 6
10.49, 3
10.5, 45
10.51, 29
10.52, 77
10.53, 93
10.54, 8
10.55, 56
10.56, 56
10.57, 24
10.58, 8
10.59, 50
10.6, 35
10.61, 6
10.62, 35
10.63, 56
10.64, 8
10.65, 29
10.66, 40
10.67, 50
10.68, 55
10.69, 13
10.7, 8
10.71, 39
10.72, 39
10.73, 18
10.74, 23
10.75, 34
10.76, 34
10.77, 2
10.78, 76
10.79, 66
10.8, 29
10.81, 87
10.82, 45
10.83, 50
10.84, 81
10.85, 113
10.86, 103
10.87, 66
10.88, 71
10.89, 40
10.9, 134
10.91, 23
10.92, 29
10.93, 60
10.94, 60
10.95, 3
10.96, 50
10.97, 61
10.98, 51
10.99, 51
11, 24
11.01, 13
11.02, 45
11.03, 6
11.04, 39
11.05, 71
11.06, 55
11.07, 55
11.08, 29
11.09, 8
11.1, 44
11.11, 71
11.12, 24
11.13, 76
11.14, 24
11.15, 60
11.16, 39
11.17, 60
11.18, 45
11.19, 60
11.2, 13
11.21, 76
11.22, 8
11.23, 34
11.24, 3
11.25, 66
11.26, 24
11.27, 29
11.28, 3
11.29, 12
11.3, 33
11.31, 2
11.32, 22
11.33, 0
11.34, 16
11.35, 58
11.36, 16
11.37, 32
11.38, 53
11.39, 0
11.4, 69
11.41, 11
11.42, 10
11.43, 31
11.44, 36
11.45, 52
11.46, 0
11.47, 26
11.48, 26
11.49, 47
11.5, 26
11.51, 10
11.52, 21
11.53, 21
11.54, 63
11.55, 73
11.56, 21
11.57, 21
11.58, 5
11.59, 52
11.6, 37
11.61, 37
11.62, 31
11.63, 5
11.64, 0
11.65, 74
11.66, 15
11.67, 68
11.68, 15
11.69, 40
11.7, 51
11.71, 3
11.72, 3
11.73, 3
11.74, 51
11.75, 9
11.76, 35
11.77, 4
11.78, 30
11.79, 51
11.8, 56
11.81, 56
11.82, 3
11.83, 40
11.84, 19
11.85, 24
11.86, 19
11.87, 10
11.88, 51
11.89, 30
11.9, 14
11.91, 51
11.92, 61
11.93, 46
11.94, 5
11.95, 20
11.96, 73
11.97, 52
11.98, 27
11.99, 27
12, 79
12.01, 17
12.02, 33
12.03, 22
12.04, 80
12.05, 1
12.06, 1
12.07, 8
12.08, 3
12.09, 22
12.1, 33
12.11, 1
12.12, 44
12.13, 28
12.14, 17
12.15, 4
12.16, 5
12.17, 22
12.18, 1
12.19, 27
12.2, 43
12.21, 12
12.22, 2
12.23, 48
12.24, 27
12.25, 38
12.26, 12
12.27, 49
12.28, 12
12.29, 54
12.3, 1
12.31, 28
12.32, 49
12.33, 34
12.34, 55
12.35, 24
12.36, 24
12.37, 56
12.38, 72
12.39, 20
12.4, 62
12.41, 57
12.42, 93
12.43, 93
12.44, 93
12.45, 104
12.46, 62
12.47, 125
12.48, 156
12.49, 172
12.5, 214
12.51, 98
12.52, 130
12.53, 146
12.54, 99
12.55, 100
12.56, 89
12.57, 79
12.58, 16
12.59, 52
12.6, 41
12.61, 63
12.62, 26
12.63, 52
12.64, 63
12.65, 26
12.66, 31
12.67, 4
12.68, 37
12.69, 11
12.7, 58
12.71, 42
12.72, 42
12.73, 53
12.74, 27
12.75, 79
12.76, 42
12.77, 74
12.78, 63
12.79, 6
12.8, 6
12.81, 43
12.82, 11
12.83, 37
12.84, 69
12.85, 58
12.86, 48
12.87, 32
12.88, 11
12.89, 32
12.9, 11
12.91, 1
12.92, 90
12.93, 1
12.94, 38
12.95, 17
12.96, 33
12.97, 33
12.98, 75
12.99, 23
13, 44
13.01, 38
13.02, 17
13.03, 33
13.04, 29
13.05, 13
13.06, 50
13.07, 39
13.08, 49
13.09, 23
13.1, 18
13.11, 13
13.12, 13
13.13, 19
13.14, 2
13.15, 7
13.16, 34
13.17, 8
13.18, 2
13.19, 76
13.2, 2
13.21, 29
13.22, 34
13.23, 29
13.24, 18
13.25, 60
13.26, 45
13.27, 139
13.28, 60
13.29, 23
13.3, 70
13.31, 33
13.32, 54
13.33, 33
13.34, 54
13.35, 49
13.36, 4
13.37, 38
13.38, 11
13.39, 48
13.4, 23
13.41, 6
13.42, 27
13.43, 1
13.44, 48
13.45, 27
13.46, 64
13.47, 6
13.48, 2
13.49, 27
13.5, 42
13.51, 11
13.52, 7
13.53, 27
13.54, 63
13.55, 3
13.56, 0
13.57, 32
13.58, 1
13.59, 4
13.6, 21
13.61, 48
13.62, 4
13.63, 42
13.64, 4
13.65, 32
13.66, 42
13.67, 11
13.68, 63
13.69, 6
13.7, 58
13.71, 37
13.72, 21
13.73, 3
13.74, 6
13.75, 6
13.76, 32
13.77, 6
13.78, 21
13.79, 48
13.8, 42
13.81, 137
13.82, 69
13.83, 32
13.84, 4
13.85, 32
13.86, 5
13.87, 3
13.88, 47
13.89, 36
13.9, 5
13.91, 5
13.92, 10
13.93, 15
13.94, 5
13.95, 26
13.96, 58
13.97, 16
13.98, 70
13.99, 34
14, 34
14.01, 24
14.02, 50
14.03, 60
14.04, 81
14.05, 8
14.06, 2
14.07, 50
14.08, 34
14.09, 50
14.1, 50
14.11, 66
14.12, 18
14.13, 55
14.14, 76
14.15, 50
14.16, 23
14.17, 29
14.18, 2
14.19, 34
14.2, 18
14.21, 29
14.22, 92
14.23, 0
14.24, 39
14.25, 18
14.26, 23
14.27, 49
14.28, 65
14.29, 60
14.3, 34
14.31, 13
14.32, 4
14.33, 55
14.34, 112
14.35, 54
14.36, 80
14.37, 100
14.38, 84
14.39, 26
14.4, 52
14.41, 36
14.42, 62
14.43, 83
14.44, 41
14.45, 36
14.46, 63
14.47, 105
14.48, 68
14.49, 115
14.5, 36
14.51, 110
14.52, 168
14.53, 110
14.54, 115
14.55, 100
14.56, 121
14.57, 105
14.58, 68
14.59, 89
14.6, 71
14.61, 92
14.62, 82
14.63, 39
14.64, 87
14.65, 50
14.66, 82
14.67, 103
14.68, 118
14.69, 128
14.7, 102
14.71, 160
14.72, 128
14.73, 92
14.74, 171
14.75, 49
14.76, 134
14.77, 103
14.78, 112
14.79, 60
14.8, 23
14.81, 49
14.82, 49
14.83, 81
14.84, 96
14.85, 43
14.86, 3
14.87, 28
14.88, 28
14.89, 49
14.9, 49
14.91, 38
14.92, 33
14.93, 64
14.94, 53
14.95, 33
14.96, 28
14.97, 28
14.98, 49
14.99, 60
15, 23
15.01, 2
15.02, 81
15.03, 18
15.04, 7
15.05, 86
15.06, 2
15.07, 1
15.08, 43
15.09, 33
15.1, 64
15.11, 111
15.12, 38
15.13, 38
15.14, 54
15.15, 3
15.16, 48
15.17, 11
15.18, 11
15.19, 43
15.2, 27
15.21, 43
15.22, 38
15.23, 38
15.24, 80
15.25, 7
15.26, 55
15.27, 18
15.28, 18
15.29, 102
15.3, 23
15.31, 44
15.32, 29
15.33, 71
15.34, 81
15.35, 81
15.36, 45
15.37, 60
15.38, 50
15.39, 44
15.4, 102
15.41, 71
15.42, 92
15.43, 91
15.44, 107
15.45, 122
15.46, 133
15.47, 222
15.48, 207
15.49, 143
15.5, 112
15.51, 175
15.52, 59
15.53, 85
15.54, 127
15.55, 106
15.56, 69
15.57, 74
15.58, 48
15.59, 90
15.6, 64
15.61, 59
15.62, 96
15.63, 43
15.64, 6
15.65, 17
15.66, 28
15.67, 3
15.68, 43
15.69, 59
15.7, 43
15.71, 3
15.72, 59
15.73, 28
15.74, 3
15.75, 54
15.76, 28
15.77, 60
15.78, 13
15.79, 60
15.8, 34
15.81, 92
15.82, 23
15.83, 23
15.84, 13
15.85, 23
15.86, 71
15.87, 29
15.88, 23
15.89, 13
15.9, 18
15.91, 1
15.92, 4
15.93, 55
15.94, 13
15.95, 6
15.96, 6
15.97, 45
15.98, 66
15.99, 29
16, 1
16.01, 1
16.02, 35
16.03, 3
16.04, 24
16.05, 61
16.06, 34
16.07, 8
16.08, 61
16.09, 14
16.1, 19
16.11, 6
16.12, 56
16.13, 0
16.14, 4
16.15, 2
16.16, 0
16.17, 5
16.18, 0
16.19, 73
16.2, 10
16.21, 31
16.22, 5
16.23, 58
16.24, 21
16.25, 52
16.26, 31
16.27, 63
16.28, 21
16.29, 21
16.3, 16
16.31, 68
16.32, 31
16.33, 16
16.34, 47
16.35, 73
16.36, 42
16.37, 25
16.38, 50
16.39, 71
16.4, 18
16.41, 39
16.42, 1
16.43, 2
16.44, 2
16.45, 1
16.46, 24
16.47, 3
16.48, 24
16.49, 18
16.5, 45
16.51, 2
16.52, 13
16.53, 35
16.54, 61
16.55, 19
16.56, 35
16.57, 35
16.58, 40
16.59, 66
16.6, 9
16.61, 93
16.62, 56
16.63, 30
16.64, 57
16.65, 67
16.66, 57
16.67, 20
16.68, 68
16.69, 10
16.7, 78
16.71, 62
16.72, 26
16.73, 0
16.74, 47
16.75, 10
16.76, 31
16.77, 52
16.78, 20
16.79, 31
16.8, 42
16.81, 5
16.82, 3
16.83, 42
16.84, 36
16.85, 26
16.86, 36
16.87, 15
16.88, 47
16.89, 52
16.9, 26
16.91, 31
16.92, 31
16.93, 36
16.94, 36
16.95, 5
16.96, 4
16.97, 9
16.98, 62
16.99, 0
17, 67
17.01, 25
17.02, 67
17.03, 93
17.04, 62
17.05, 93
17.06, 36
17.07, 41
17.08, 20
17.09, 46
17.1, 41
17.11, 15
17.12, 56
17.13, 84
17.14, 63
17.15, 36
17.16, 94
17.17, 15
17.18, 5
17.19, 52
17.2, 15
17.21, 62
17.22, 36
17.23, 25
17.24, 30
17.25, 41
17.26, 30
17.27, 57
17.28, 1
17.29, 15
17.3, 46
17.31, 35
17.32, 103
17.33, 45
17.34, 14
17.35, 39
17.36, 7
17.37, 18
17.38, 70
17.39, 91
17.4, 70
17.41, 86
17.42, 65
17.43, 49
17.44, 86
17.45, 65
17.46, 2
17.47, 81
17.48, 2
17.49, 23
17.5, 70
17.51, 70
17.52, 3
17.53, 49
17.54, 39
17.55, 75
17.56, 3
17.57, 2
17.58, 13
17.59, 55
17.6, 2
17.61, 71
17.62, 18
17.63, 70
17.64, 23
17.65, 44
17.66, 38
17.67, 54
17.68, 38
17.69, 49
17.7, 96
17.71, 23
17.72, 0
17.73, 33
17.74, 22
17.75, 33
17.76, 34
17.77, 2
17.78, 97
17.79, 66
17.8, 0
17.81, 18
17.82, 40
17.83, 2
17.84, 18
17.85, 92
17.86, 5
17.87, 34
17.88, 40
17.89, 71
17.9, 19
17.91, 19
17.92, 13
17.93, 92
17.94, 92
17.95, 97
17.96, 18
17.97, 29
17.98, 55
17.99, 23
18, 4
18.01, 49
18.02, 91
18.03, 44
18.04, 91
18.05, 38
18.06, 49
18.07, 54
18.08, 85
18.09, 38
18.1, 38
18.11, 54
18.12, 48
18.13, 43
18.14, 80
18.15, 42
18.16, 31
18.17, 10
18.18, 5
18.19, 21
18.2, 42
18.21, 53
18.22, 21
18.23, 68
18.24, 68
18.25, 52
18.26, 5
18.27, 42
18.28, 42
18.29, 2
18.3, 73
18.31, 36
18.32, 23
18.33, 42
18.34, 57
18.35, 26
18.36, 100
18.37, 37
18.38, 26
18.39, 52
18.4, 31
18.41, 15
18.42, 31
18.43, 10
18.44, 36
18.45, 78
18.46, 0
18.47, 0
18.48, 30
18.49, 30
18.5, 72
18.51, 51
18.52, 25
18.53, 72
18.54, 5
18.55, 18
18.56, 49
18.57, 70
18.58, 107
18.59, 91
18.6, 17
18.61, 17
18.62, 23
18.63, 70
18.64, 65
18.65, 1
18.66, 22
18.67, 49
18.68, 33
18.69, 12
18.7, 12
18.71, 27
18.72, 17
18.73, 0
18.74, 43
18.75, 48
18.76, 27
18.77, 0
18.78, 63
18.79, 4
18.8, 47
18.81, 21
18.82, 26
18.83, 4
18.84, 5
18.85, 47
18.86, 4
18.87, 42
18.88, 31
18.89, 15
18.9, 4
18.91, 52
18.92, 41
18.93, 41
18.94, 51
18.95, 6
18.96, 9
18.97, 6
18.98, 25
18.99, 3
19, 61
19.01, 3
19.02, 8
19.03, 50
19.04, 13
19.05, 2
19.06, 23
19.07, 8
19.08, 18
19.09, 18
19.1, 49
19.11, 23
19.12, 55
19.13, 23
19.14, 23
19.15, 29
19.16, 71
19.17, 87
19.18, 55
19.19, 2
19.2, 38
19.21, 28
19.22, 2
19.23, 33
19.24, 49
19.25, 49
19.26, 34
19.27, 28
19.28, 49
19.29, 39
19.3, 44
19.31, 54
19.32, 33
19.33, 75
19.34, 49
19.35, 44
19.36, 38
19.37, 59
19.38, 64
19.39, 1
19.4, 28
19.41, 43
19.42, 22
19.43, 17
19.44, 6
19.45, 17
19.46, 27
19.47, 33
19.48, 22
19.49, 58
19.5, 21
19.51, 6
19.52, 51
19.53, 4
19.54, 67
19.55, 6
19.56, 56
19.57, 35
19.58, 6
19.59, 115
19.6, 20
19.61, 31
19.62, 57
19.63, 63
19.64, 5
19.65, 21
19.66, 31
19.67, 0
19.68, 47
19.69, 21
19.7, 57
19.71, 106
19.72, 90
19.73, 69
19.74, 179
19.75, 110
19.76, 126
19.77, 137
19.78, 105
19.79, 147
19.8, 84
19.81, 69
19.82, 85
19.83, 111
19.84, 142
19.85, 121
19.86, 79
19.87, 100
19.88, 137
19.89, 60
19.9, 102
19.91, 60
19.92, 97
19.93, 81
19.94, 107
19.95, 81
19.96, 44
19.97, 44
19.98, 59
19.99, 80
20, 64
20.01, 12
20.02, 60
20.03, 22
20.04, 54
20.05, 38
20.06, 49
20.07, 33
20.08, 87
20.09, 56
20.1, 92
20.11, 76
20.12, 18
20.13, 39
20.14, 23
20.15, 44
20.16, 17
20.17, 48
20.18, 43
20.19, 59
20.2, 43
20.21, 69
20.22, 37
20.23, 37
20.24, 22
20.25, 22
20.26, 6
20.27, 8
20.28, 68
20.29, 90
20.3, 64
20.31, 7
20.32, 17
20.33, 64
20.34, 69
20.35, 38
20.36, 3
20.37, 60
20.38, 28
20.39, 28
20.4, 81
20.41, 33
20.42, 44
20.43, 18
20.44, 2
20.45, 65
20.46, 7
20.47, 49
20.48, 86
20.49, 70
20.5, 60
20.51, 17
20.52, 54
20.53, 60
20.54, 76
20.55, 76
20.56, 160
20.57, 86
20.58, 136
20.59, 104
20.6, 62
20.61, 57
20.62, 53
20.63, 110
20.64, 95
20.65, 27
20.66, 53
20.67, 69
20.68, 38
20.69, 38
20.7, 101
20.71, 0
20.72, 4
20.73, 79
20.74, 84
20.75, 26
20.76, 70
20.77, 70
20.78, 5
20.79, 49
20.8, 38
20.81, 3
20.82, 5
20.83, 7
20.84, 43
20.85, 43
20.86, 12
20.87, 64
20.88, 38
20.89, 38
20.9, 4
20.91, 22
20.92, 38
20.93, 11
20.94, 43
20.95, 22
20.96, 74
20.97, 95
20.98, 6
20.99, 32
21, 0
21.01, 53
21.02, 22
21.03, 17
21.04, 48
21.05, 48
21.06, 11
21.07, 27
21.08, 26
21.09, 69
21.1, 74
21.11, 0
21.12, 58
21.13, 21
21.14, 11
21.15, 58
21.16, 95
21.17, 26
21.18, 31
21.19, 37
21.2, 5
21.21, 84
21.22, 31
21.23, 99
21.24, 36
21.25, 0
21.26, 20
21.27, 15
21.28, 46
21.29, 30
21.3, 9
21.31, 4
21.32, 20
21.33, 14
21.34, 9
21.35, 9
21.36, 25
21.37, 3
21.38, 61
21.39, 40
21.4, 3
21.41, 24
21.42, 19
21.43, 8
21.44, 40
21.45, 66
21.46, 40
21.47, 29
21.48, 7
21.49, 18
21.5, 7
21.51, 1
21.52, 70
21.53, 75
21.54, 38
21.55, 85
21.56, 5
21.57, 69
21.58, 16
21.59, 16
21.6, 43
21.61, 37
21.62, 4
21.63, 42
21.64, 42
21.65, 57
21.66, 89
21.67, 68
21.68, 68
21.69, 68
21.7, 10
21.71, 52
21.72, 9
21.73, 4
21.74, 15
21.75, 120
21.76, 9
21.77, 21
21.78, 41
21.79, 9
21.8, 35
21.81, 0
21.82, 19
21.83, 6
21.84, 51
21.85, 6
21.86, 14
21.87, 29
21.88, 1
21.89, 40
21.9, 24
21.91, 45
21.92, 39
21.93, 39
21.94, 34
21.95, 16
21.96, 33
21.97, 4
21.98, 43
21.99, 54
22, 22
22.01, 16
22.02, 37
22.03, 21
22.04, 52
22.05, 41
22.06, 10
22.07, 73
22.08, 15
22.09, 30
22.1, 119
22.11, 29
22.12, 13
22.13, 34
22.14, 87
22.15, 97
22.16, 97
22.17, 60
22.18, 60
22.19, 50
22.2, 49
22.21, 8
22.22, 17
22.23, 59
22.24, 90
22.25, 59
22.26, 111
22.27, 65
22.28, 46
22.29, 125
22.3, 0
22.31, 9
22.32, 46
22.33, 41
22.34, 93
22.35, 35
22.36, 77
22.37, 72
22.38, 62
22.39, 67
22.4, 62
22.41, 10
22.42, 31
22.43, 41
22.44, 10
22.45, 72
22.46, 61
22.47, 65
22.48, 107
22.49, 39
22.5, 65
22.51, 54
22.52, 118
22.53, 197
22.54, 140
22.55, 150
22.56, 229
22.57, 346
22.58, 425
22.59, 452
22.6, 694
22.61, 794
22.62, 1000
22.63, 957
22.64, 794
22.65, 568
22.66, 479
22.67, 447
22.68, 599
22.69, 541
22.7, 451
22.71, 509
22.72, 319
22.73, 261
22.74, 211
22.75, 226
22.76, 210
22.77, 220
22.78, 167
22.79, 257
22.8, 116
22.81, 158
22.82, 217
22.83, 185
22.84, 244
22.85, 255
22.86, 223
22.87, 391
22.88, 318
22.89, 454
22.9, 317
22.91, 407
22.92, 327
22.93, 416
22.94, 495
22.95, 490
22.96, 406
22.97, 425
22.98, 335
22.99, 313
23, 358
23.01, 336
23.02, 210
23.03, 393
23.04, 225
23.05, 230
23.06, 235
23.07, 188
23.08, 114
23.09, 135
23.1, 150
23.11, 208
23.12, 129
23.13, 140
23.14, 213
23.15, 243
23.16, 117
23.17, 137
23.18, 142
23.19, 153
23.2, 153
23.21, 132
23.22, 105
23.23, 121
23.24, 126
23.25, 147
23.26, 137
23.27, 79
23.28, 84
23.29, 126
23.3, 121
23.31, 84
23.32, 84
23.33, 121
23.34, 84
23.35, 31
23.36, 58
23.37, 31
23.38, 63
23.39, 5
23.4, 147
23.41, 62
23.42, 52
23.43, 52
23.44, 31
23.45, 83
23.46, 12
23.47, 10
23.48, 57
23.49, 41
23.5, 20
23.51, 89
23.52, 68
23.53, 31
23.54, 62
23.55, 84
23.56, 99
23.57, 11
23.58, 90
23.59, 6
23.6, 1
23.61, 0
23.62, 37
23.63, 0
23.64, 6
23.65, 43
23.66, 74
23.67, 16
23.68, 11
23.69, 85
23.7, 37
23.71, 1
23.72, 58
23.73, 6
23.74, 33
23.75, 38
23.76, 4
23.77, 75
23.78, 4
23.79, 85
23.8, 22
23.81, 11
23.82, 69
23.83, 11
23.84, 11
23.85, 3
23.86, 32
23.87, 27
23.88, 11
23.89, 32
23.9, 53
23.91, 17
23.92, 4
23.93, 15
23.94, 22
23.95, 48
23.96, 64
23.97, 43
23.98, 8
23.99, 11
24, 29
24.01, 9
24.02, 13
24.03, 11
24.04, 18
24.05, 81
24.06, 76
24.07, 8
24.08, 60
24.09, 39
24.1, 34
24.11, 81
24.12, 39
24.13, 34
24.14, 2
24.15, 81
24.16, 86
24.17, 2
24.18, 86
24.19, 26
24.2, 39
24.21, 2
24.22, 86
24.23, 13
24.24, 39
24.25, 8
24.26, 24
24.27, 24
24.28, 18
24.29, 45
24.3, 81
24.31, 50
24.32, 165
24.33, 55
24.34, 130
24.35, 66
24.36, 166
24.37, 157
24.38, 178
24.39, 231
24.4, 357
24.41, 367
24.42, 399
24.43, 415
24.44, 494
24.45, 415
24.46, 273
24.47, 236
24.48, 326
24.49, 347
24.5, 289
24.51, 337
24.52, 268
24.53, 253
24.54, 216
24.55, 196
24.56, 165
24.57, 112
24.58, 144
24.59, 123
24.6, 149
24.61, 71
24.62, 71
24.63, 128
24.64, 128
24.65, 92
24.66, 92
24.67, 60
24.68, 102
24.69, 97
24.7, 76
24.71, 23
24.72, 44
24.73, 102
24.74, 86
24.75, 72
24.76, 7
24.77, 97
24.78, 3
24.79, 81
24.8, 74
24.81, 64
24.82, 32
24.83, 43
24.84, 27
24.85, 53
24.86, 11
24.87, 53
24.88, 27
24.89, 32
24.9, 32
24.91, 21
24.92, 4
24.93, 25
24.94, 41
24.95, 36
24.96, 24
24.97, 14
24.98, 23
24.99, 55
25, 13
25.01, 54
25.02, 49
25.03, 43
25.04, 12
25.05, 17
25.06, 33
25.07, 17
25.08, 75
25.09, 38
25.1, 54
25.11, 27
25.12, 59
25.13, 9
25.14, 94
25.15, 15
25.16, 36
25.17, 11
25.18, 1
25.19, 50
25.2, 34
25.21, 43
25.22, 44
25.23, 2
25.24, 2
25.25, 70
25.26, 7
25.27, 28
25.28, 39
25.29, 44
25.3, 113
25.31, 34
25.32, 28
25.33, 55
25.34, 13
25.35, 13
25.36, 34
25.37, 34
25.38, 23
25.39, 68
25.4, 47
25.41, 36
25.42, 5
25.43, 42
25.44, 5
25.45, 73
25.46, 10
25.47, 73
25.48, 31
25.49, 5
25.5, 5
25.51, 21
25.52, 79
25.53, 5
25.54, 10
25.55, 5
25.56, 5
25.57, 47
25.58, 58
25.59, 16
25.6, 10
25.61, 84
25.62, 26
25.63, 21
25.64, 4
25.65, 26
25.66, 47
25.67, 10
25.68, 26
25.69, 15
25.7, 21
25.71, 31
25.72, 15
25.73, 42
25.74, 10
25.75, 15
25.76, 47
25.77, 5
25.78, 31
25.79, 5
25.8, 10
25.81, 20
25.82, 10
25.83, 52
25.84, 52
25.85, 5
25.86, 31
25.87, 4
25.88, 36
25.89, 5
25.9, 36
25.91, 73
25.92, 83
25.93, 46
25.94, 5
25.95, 32
25.96, 125
25.97, 41
25.98, 67
25.99, 46
26, 25
26.01, 15
26.02, 42
26.03, 5
26.04, 52
26.05, 11
26.06, 0
26.07, 48
26.08, 116
26.09, 27
26.1, 4
26.11, 59
26.12, 48
26.13, 32
26.14, 69
26.15, 49
26.16, 149
26.17, 185
26.18, 222
26.19, 165
26.2, 213
26.21, 387
26.22, 351
26.23, 293
26.24, 267
26.25, 193
26.26, 205
26.27, 157
26.28, 189
26.29, 163
26.3, 184
26.31, 100
26.32, 191
26.33, 133
26.34, 91
26.35, 117
26.36, 43
26.37, 48
26.38, 105
26.39, 78
26.4, 38
26.41, 9
26.42, 7
26.43, 50
26.44, 66
26.45, 45
26.46, 98
26.47, 93
26.48, 87
26.49, 30
26.5, 114
26.51, 72
26.52, 88
26.53, 125
26.54, 72
26.55, 88
26.56, 146
26.57, 104
26.58, 95
26.59, 215
26.6, 152
26.61, 137
26.62, 257
26.63, 130
26.64, 226
26.65, 163
26.66, 99
26.67, 152
26.68, 231
26.69, 105
26.7, 184
26.71, 147
26.72, 84
26.73, 198
26.74, 56
26.75, 82
26.76, 65
26.77, 129
26.78, 134
26.79, 55
26.8, 102
26.81, 39
26.82, 92
26.83, 60
26.84, 102
26.85, 81
26.86, 81
26.87, 117
26.88, 48
26.89, 106
26.9, 43
26.91, 106
26.92, 64
26.93, 122
26.94, 210
26.95, 147
26.96, 36
26.97, 46
26.98, 135
26.99, 40
27, 135
27.01, 93
27.02, 61
27.03, 124
27.04, 77
27.05, 124
27.06, 50
27.07, 39
27.08, 71
27.09, 44
27.1, 2
27.11, 97
27.12, 65
27.13, 91
27.14, 0
27.15, 32
27.16, 43
27.17, 43
27.18, 64
27.19, 6
27.2, 4
27.21, 22
27.22, 6
27.23, 64
27.24, 0
27.25, 69
27.26, 32
27.27, 32
27.28, 42
27.29, 11
27.3, 4
27.31, 11
27.32, 32
27.33, 68
27.34, 10
27.35, 42
27.36, 47
27.37, 68
27.38, 9
27.39, 0
27.4, 3
27.41, 1
27.42, 0
27.43, 31
27.44, 31
27.45, 3
27.46, 5
27.47, 31
27.48, 47
27.49, 25
27.5, 8
27.51, 8
27.52, 20
27.53, 15
27.54, 57
27.55, 72
27.56, 4
27.57, 9
27.58, 51
27.59, 18
27.6, 2
27.61, 13
27.62, 44
27.63, 65
27.64, 28
27.65, 7
27.66, 7
27.67, 33
27.68, 8
27.69, 64
27.7, 38
27.71, 22
27.72, 32
27.73, 22
27.74, 48
27.75, 0
27.76, 5
27.77, 9
27.78, 16
27.79, 26
27.8, 10
27.81, 42
27.82, 47
27.83, 10
27.84, 31
27.85, 20
27.86, 4
27.87, 36
27.88, 0
27.89, 67
27.9, 41
27.91, 25
27.92, 14
27.93, 19
27.94, 93
27.95, 29
27.96, 61
27.97, 3
27.98, 82
27.99, 50
28, 24
28.01, 103
28.02, 92
28.03, 50
28.04, 60
28.05, 39
28.06, 44
28.07, 55
28.08, 91
28.09, 33
28.1, 23
28.11, 70
28.12, 2
28.13, 102
28.14, 24
28.15, 97
28.16, 39
28.17, 71
28.18, 102
28.19, 113
28.2, 87
28.21, 66
28.22, 66
28.23, 108
28.24, 50
28.25, 60
28.26, 92
28.27, 129
28.28, 92
28.29, 76
28.3, 124
28.31, 118
28.32, 134
28.33, 119
28.34, 113
28.35, 112
28.36, 218
28.37, 244
28.38, 312
28.39, 260
28.4, 270
28.41, 249
28.42, 186
28.43, 286
28.44, 190
28.45, 143
28.46, 195
28.47, 222
28.48, 203
28.49, 255
28.5, 175
28.51, 186
28.52, 181
28.53, 134
28.54, 34
28.55, 123
28.56, 128
28.57, 176
28.58, 143
28.59, 111
28.6, 137
28.61, 147
28.62, 162
28.63, 115
28.64, 136
28.65, 115
28.66, 157
28.67, 210
28.68, 246
28.69, 215
28.7, 372
28.71, 287
28.72, 197
28.73, 297
28.74, 129
28.75, 213
28.76, 250
28.77, 134
28.78, 144
28.79, 184
28.8, 157
28.81, 299
28.82, 199
28.83, 204
28.84, 204
28.85, 108
28.86, 114
28.87, 161
28.88, 76
28.89, 118
28.9, 119
28.91, 161
28.92, 130
28.93, 151
28.94, 82
28.95, 140
28.96, 125
28.97, 155
28.98, 165
28.99, 113
29, 186
29.01, 260
29.02, 334
29.03, 244
29.04, 291
29.05, 475
29.06, 349
29.07, 433
29.08, 386
29.09, 202
29.1, 265
29.11, 255
29.12, 208
29.13, 223
29.14, 197
29.15, 319
29.16, 245
29.17, 198
29.18, 135
29.19, 124
29.2, 104
29.21, 46
29.22, 57
29.23, 67
29.24, 36
29.25, 67
29.26, 62
29.27, 31
29.28, 104
29.29, 20
29.3, 3
29.31, 0
29.32, 5
29.33, 3
29.34, 0
29.35, 41
29.36, 26
29.37, 63
29.38, 26
29.39, 1
29.4, 21
29.41, 21
29.42, 21
29.43, 69
29.44, 11
29.45, 3
29.46, 33
29.47, 3
29.48, 3
29.49, 33
29.5, 8
29.51, 6
29.52, 40
29.53, 1
29.54, 14
29.55, 40
29.56, 8
29.57, 1
29.58, 14
29.59, 6
29.6, 9
29.61, 6
29.62, 25
29.63, 25
29.64, 83
29.65, 84
29.66, 63
29.67, 24
29.68, 36
29.69, 48
29.7, 1
29.71, 4
29.72, 2
29.73, 43
29.74, 38
29.75, 22
29.76, 32
29.77, 22
29.78, 23
29.79, 7
29.8, 39
29.81, 33
29.82, 12
29.83, 49
29.84, 2
29.85, 39
29.86, 2
29.87, 55
29.88, 66
29.89, 34
29.9, 24
29.91, 66
29.92, 51
29.93, 41
29.94, 52
29.95, 120
29.96, 217
29.97, 159
29.98, 70
29.99, 107
30, 86
30.01, 70
30.02, 49
30.03, 92
30.04, 123
30.05, 97
30.06, 113
30.07, 92
30.08, 56
30.09, 3
30.1, 40
30.11, 9
30.12, 19
30.13, 56
30.14, 20
30.15, 0
30.16, 9
30.17, 20
30.18, 47
30.19, 57
30.2, 26
30.21, 63
30.22, 68
30.23, 32
30.24, 37
30.25, 16
30.26, 79
30.27, 37
30.28, 59
30.29, 3
30.3, 27
30.31, 70
30.32, 1
30.33, 23
30.34, 4
30.35, 49
30.36, 39
30.37, 2
30.38, 55
30.39, 0
30.4, 97
30.41, 87
30.42, 150
30.43, 14
30.44, 19
30.45, 77
30.46, 46
30.47, 9
30.48, 72
30.49, 57
30.5, 72
30.51, 72
30.52, 25
30.53, 24
30.54, 125
30.55, 56
30.56, 62
30.57, 46
30.58, 94
30.59, 72
30.6, 94
30.61, 52
30.62, 6
30.63, 36
30.64, 31
30.65, 10
30.66, 36
30.67, 31
30.68, 68
30.69, 15
30.7, 21
30.71, 20
30.72, 57
30.73, 10
30.74, 94
30.75, 31
30.76, 16
30.77, 81
30.78, 8
30.79, 45
30.8, 1
30.81, 39
30.82, 50
30.83, 50
30.84, 19
30.85, 19
30.86, 61
30.87, 107
30.88, 5
30.89, 33
30.9, 75
30.91, 12
30.92, 7
30.93, 18
30.94, 18
30.95, 23
30.96, 29
30.97, 7
30.98, 45
30.99, 44
31, 55
31.01, 24
31.02, 45
31.03, 8
31.04, 13
31.05, 18
31.06, 39
31.07, 13
31.08, 45
31.09, 7
31.1, 40
31.11, 3
31.12, 46
31.13, 5
31.14, 52
31.15, 22
31.16, 95
31.17, 32
31.18, 106
31.19, 22
31.2, 54
31.21, 1
31.22, 7
31.23, 3
31.24, 44
31.25, 102
31.26, 60
31.27, 49
31.28, 44
31.29, 49
31.3, 13
31.31, 97
31.32, 55
31.33, 13
31.34, 124
31.35, 82
31.36, 8
31.37, 71
31.38, 82
31.39, 71
31.4, 66
31.41, 45
31.42, 114
31.43, 109
31.44, 136
31.45, 173
31.46, 173
31.47, 268
31.48, 242
31.49, 294
31.5, 231
31.51, 395
31.52, 285
31.53, 311
31.54, 285
31.55, 269
31.56, 186
31.57, 286
31.58, 197
31.59, 207
31.6, 213
31.61, 155
31.62, 223
31.63, 76
31.64, 150
31.65, 97
31.66, 66
31.67, 103
31.68, 56
31.69, 89
31.7, 110
31.71, 89
31.72, 99
31.73, 120
31.74, 63
31.75, 105
31.76, 63
31.77, 74
31.78, 74
31.79, 117
31.8, 71
31.81, 92
31.82, 80
31.83, 38
31.84, 49
31.85, 70
31.86, 49
31.87, 28
31.88, 39
31.89, 38
31.9, 1
31.91, 59
31.92, 38
31.93, 85
31.94, 64
31.95, 43
31.96, 13
31.97, 12
31.98, 7
31.99, 122
32, 6
32.01, 54
32.02, 33
32.03, 12
32.04, 44
32.05, 34
32.06, 13
32.07, 55
32.08, 44
32.09, 44
32.1, 86
32.11, 8
32.12, 28
32.13, 23
32.14, 60
32.15, 28
32.16, 34
32.17, 12
32.18, 76
32.19, 23
32.2, 44
32.21, 44
32.22, 34
32.23, 34
32.24, 65
32.25, 23
32.26, 44
32.27, 39
32.28, 18
32.29, 28
32.3, 60
32.31, 8
32.32, 8
32.33, 7
32.34, 0
32.35, 31
32.36, 5
32.37, 26
32.38, 26
32.39, 0
32.4, 16
32.41, 53
32.42, 74
32.43, 32
32.44, 11
32.45, 42
32.46, 79
32.47, 74
32.48, 8
32.49, 27
32.5, 11
32.51, 11
32.52, 43
32.53, 43
32.54, 11
32.55, 23
32.56, 23
32.57, 71
32.58, 34
32.59, 50
32.6, 13
32.61, 7
32.62, 60
32.63, 6
32.64, 8
32.65, 76
32.66, 24
32.67, 61
32.68, 45
32.69, 66
32.7, 0
32.71, 19
32.72, 3
32.73, 1
32.74, 1
32.75, 4
32.76, 51
32.77, 5
32.78, 73
32.79, 20
32.8, 57
32.81, 20
32.82, 0
32.83, 52
32.84, 26
32.85, 5
32.86, 57
32.87, 10
32.88, 5
32.89, 21
32.9, 63
32.91, 36
32.92, 15
32.93, 68
32.94, 120
32.95, 42
32.96, 42
32.97, 5
32.98, 0
32.99, 10
33, 47
33.01, 58
33.02, 26
33.03, 21
33.04, 21
33.05, 10
33.06, 47
33.07, 78
33.08, 52
33.09, 26
33.1, 15
33.11, 4
33.12, 4
33.13, 31
33.14, 31
33.15, 57
33.16, 50
33.17, 1
33.18, 12
33.19, 12
33.2, 2
33.21, 23
33.22, 2
33.23, 34
33.24, 12
33.25, 7
33.26, 2
33.27, 23
33.28, 23
33.29, 39
33.3, 91
33.31, 33
33.32, 33
33.33, 85
33.34, 38
33.35, 22
33.36, 43
33.37, 22
33.38, 32
33.39, 11
33.4, 53
33.41, 1
33.42, 74
33.43, 58
33.44, 32
33.45, 42
33.46, 32
33.47, 53
33.48, 58
33.49, 16
33.5, 84
33.51, 10
33.52, 25
33.53, 0
33.54, 19
33.55, 50
33.56, 8
33.57, 82
33.58, 61
33.59, 71
33.6, 29
33.61, 13
33.62, 7
33.63, 71
33.64, 24
33.65, 24
33.66, 18
33.67, 13
33.68, 3
33.69, 33
33.7, 49
33.71, 38
33.72, 34
33.73, 28
33.74, 11
33.75, 2
33.76, 18
33.77, 33
33.78, 18
33.79, 23
33.8, 75
33.81, 38
33.82, 33
33.83, 2
33.84, 48
33.85, 32
33.86, 12
33.87, 38
33.88, 3
33.89, 18
33.9, 22
33.91, 43
33.92, 38
33.93, 64
33.94, 48
33.95, 74
33.96, 7
33.97, 52
33.98, 20
33.99, 46
34, 51
34.01, 30
34.02, 2
34.03, 20
34.04, 67
34.05, 14
34.06, 14
34.07, 50
34.08, 44
34.09, 29
34.1, 39
34.11, 13
34.12, 2
34.13, 70
34.14, 7
34.15, 44
34.16, 128
34.17, 127
34.18, 69
34.19, 105
34.2, 84
34.21, 73
34.22, 89
34.23, 89
34.24, 52
34.25, 94
34.26, 99
34.27, 110
34.28, 41
34.29, 0
34.3, 10
34.31, 46
34.32, 73
34.33, 41
34.34, 5
34.35, 41
34.36, 1
34.37, 57
34.38, 10
34.39, 26
34.4, 6
34.41, 20
34.42, 35
34.43, 26
34.44, 5
34.45, 31
34.46, 115
34.47, 25
34.48, 73
34.49, 99
34.5, 104
34.51, 151
34.52, 46
34.53, 110
34.54, 146
34.55, 104
34.56, 173
34.57, 236
34.58, 209
34.59, 167
34.6, 104
34.61, 99
34.62, 130
34.63, 114
34.64, 41
34.65, 119
34.66, 120
34.67, 157
34.68, 62
34.69, 114
34.7, 67
34.71, 110
34.72, 20
34.73, 27
34.74, 33
34.75, 54
34.76, 69
34.77, 85
34.78, 33
34.79, 33
34.8, 86
34.81, 49
34.82, 32
34.83, 43
34.84, 43
34.85, 32
34.86, 64
34.87, 27
34.88, 16
34.89, 27
34.9, 53
34.91, 7
34.92, 27
34.93, 58
34.94, 15
34.95, 46
34.96, 41
34.97, 41
34.98, 0
34.99, 62
35, 94
35.01, 73
35.02, 47
35.03, 5
35.04, 30
35.05, 5
35.06, 53
35.07, 89
35.08, 3
35.09, 26
35.1, 63
35.11, 32
35.12, 58
35.13, 37
35.14, 105
35.15, 10
35.16, 9
35.17, 105
35.18, 21
35.19, 37
35.2, 95
35.21, 58
35.22, 110
35.23, 15
35.24, 67
35.25, 89
35.26, 110
35.27, 78
35.28, 167
35.29, 36
35.3, 20
35.31, 100
35.32, 5
35.33, 68
35.34, 94
35.35, 83
35.36, 79
35.37, 89
35.38, 73
35.39, 5
35.4, 79
35.41, 100
35.42, 42
35.43, 10
35.44, 105
35.45, 42
35.46, 4
35.47, 37
35.48, 21
35.49, 10
35.5, 10
35.51, 63
35.52, 16
35.53, 4
35.54, 5
35.55, 26
35.56, 26
35.57, 3
35.58, 31
35.59, 26
35.6, 0
35.61, 52
35.62, 6
35.63, 31
35.64, 25
35.65, 72
35.66, 9
35.67, 42
35.68, 20
35.69, 78
35.7, 20
35.71, 5
35.72, 47
35.73, 57
35.74, 26
35.75, 57
35.76, 78
35.77, 5
35.78, 21
35.79, 42
35.8, 63
35.81, 0
35.82, 31
35.83, 68
35.84, 68
35.85, 5
35.86, 63
35.87, 68
35.88, 6
35.89, 4
35.9, 4
35.91, 11
35.92, 26
35.93, 43
35.94, 32
35.95, 117
35.96, 22
35.97, 3
35.98, 7
35.99, 3
36, 44
36.01, 2
36.02, 2
36.03, 34
36.04, 28
36.05, 65
36.06, 45
36.07, 34
36.08, 97
36.09, 55
36.1, 66
36.11, 81
36.12, 13
36.13, 87
36.14, 71
36.15, 29
36.16, 60
36.17, 108
36.18, 71
36.19, 34
36.2, 6
36.21, 39
36.22, 50
36.23, 12
36.24, 33
36.25, 10
36.26, 64
36.27, 59
36.28, 21
36.29, 90
36.3, 4
36.31, 16
36.32, 63
36.33, 63
36.34, 11
36.35, 6
36.36, 11
36.37, 79
36.38, 58
36.39, 17
36.4, 80
36.41, 48
36.42, 80
36.43, 43
36.44, 28
36.45, 17
36.46, 49
36.47, 33
36.48, 17
36.49, 133
36.5, 4
36.51, 54
36.52, 17
36.53, 3
36.54, 64
36.55, 4
36.56, 12
36.57, 33
36.58, 48
36.59, 111
36.6, 181
36.61, 55
36.62, 103
36.63, 129
36.64, 108
36.65, 108
36.66, 76
36.67, 91
36.68, 76
36.69, 70
36.7, 34
36.71, 70
36.72, 60
36.73, 33
36.74, 91
36.75, 43
36.76, 70
36.77, 74
36.78, 85
36.79, 11
36.8, 60
36.81, 23
36.82, 38
36.83, 6
36.84, 75
36.85, 27
36.86, 1
36.87, 54
36.88, 17
36.89, 17
36.9, 6
36.91, 48
36.92, 0
36.93, 48
36.94, 21
36.95, 0
36.96, 90
36.97, 27
36.98, 63
36.99, 79
37, 6
37.01, 79
37.02, 37
37.03, 5
37.04, 26
37.05, 79
37.06, 68
37.07, 8
37.08, 31
37.09, 78
37.1, 20
37.11, 30
37.12, 12
37.13, 2
37.14, 44
37.15, 39
37.16, 4
37.17, 70
37.18, 91
37.19, 80
37.2, 27
37.21, 48
37.22, 9
37.23, 48
37.24, 48
37.25, 9
37.26, 17
37.27, 16
37.28, 32
37.29, 79
37.3, 0
37.31, 0
37.32, 54
37.33, 69
37.34, 32
37.35, 48
37.36, 95
37.37, 74
37.38, 43
37.39, 32
37.4, 5
37.41, 16
37.42, 37
37.43, 58
37.44, 32
37.45, 78
37.46, 36
37.47, 42
37.48, 116
37.49, 27
37.5, 80
37.51, 48
37.52, 3
37.53, 48
37.54, 4
37.55, 11
37.56, 15
37.57, 31
37.58, 5
37.59, 21
37.6, 21
37.61, 53
37.62, 3
37.63, 27
37.64, 100
37.65, 42
37.66, 37
37.67, 79
37.68, 43
37.69, 11
37.7, 27
37.71, 33
37.72, 38
37.73, 90
37.74, 58
37.75, 53
37.76, 37
37.77, 31
37.78, 31
37.79, 18
37.8, 0
37.81, 16
37.82, 37
37.83, 47
37.84, 84
37.85, 26
37.86, 68
37.87, 47
37.88, 78
37.89, 57
37.9, 20
37.91, 68
37.92, 57
37.93, 10
37.94, 83
37.95, 94
37.96, 73
37.97, 10
37.98, 104
37.99, 12
38, 53
38.01, 5
38.02, 31
38.03, 152
38.04, 89
38.05, 21
38.06, 57
38.07, 10
38.08, 120
38.09, 88
38.1, 31
38.11, 109
38.12, 120
38.13, 104
38.14, 73
38.15, 199
38.16, 146
38.17, 230
38.18, 104
38.19, 199
38.2, 136
38.21, 141
38.22, 141
38.23, 88
38.24, 188
38.25, 135
38.26, 162
38.27, 129
38.28, 45
38.29, 182
38.3, 118
38.31, 124
38.32, 24
38.33, 55
38.34, 34
38.35, 8
38.36, 2
38.37, 33
38.38, 44
38.39, 33
38.4, 107
38.41, 28
38.42, 38
38.43, 75
38.44, 59
38.45, 75
38.46, 22
38.47, 70
38.48, 1
38.49, 38
38.5, 8
38.51, 16
38.52, 43
38.53, 74
38.54, 80
38.55, 28
38.56, 49
38.57, 59
38.58, 64
38.59, 33
38.6, 33
38.61, 44
38.62, 8
38.63, 23
38.64, 49
38.65, 8
38.66, 54
38.67, 7
38.68, 81
38.69, 2
38.7, 86
38.71, 2
38.72, 50
38.73, 34
38.74, 2
38.75, 123
38.76, 55
38.77, 28
38.78, 9
38.79, 39
38.8, 9
38.81, 29
38.82, 71
38.83, 92
38.84, 86
38.85, 57
38.86, 20
38.87, 10
38.88, 47
38.89, 21
38.9, 10
38.91, 26
38.92, 63
38.93, 105
38.94, 32
38.95, 10
38.96, 53
38.97, 111
38.98, 21
38.99, 25
39, 98
39.01, 56
39.02, 83
39.03, 93
39.04, 35
39.05, 46
39.06, 56
39.07, 77
39.08, 93
39.09, 120
39.1, 62
39.11, 14
39.12, 88
39.13, 157
39.14, 51
39.15, 84
39.16, 64
39.17, 32
39.18, 53
39.19, 4
39.2, 58
39.21, 73
39.22, 58
39.23, 74
39.24, 121
39.25, 105
39.26, 84
39.27, 111
39.28, 226
39.29, 226
39.3, 295
39.31, 264
39.32, 322
39.33, 159
39.34, 159
39.35, 143
39.36, 106
39.37, 143
39.38, 238
39.39, 175
39.4, 206
39.41, 228
39.42, 212
39.43, 264
39.44, 202
39.45, 128
39.46, 113
39.47, 102
39.48, 102
39.49, 123
39.5, 60
39.51, 76
39.52, 71
39.53, 45
39.54, 71
39.55, 76
39.56, 124
39.57, 87
39.58, 50
39.59, 71
39.6, 66
39.61, 34
39.62, 56
39.63, 66
39.64, 1
39.65, 14
39.66, 51
39.67, 51
39.68, 56
39.69, 51
39.7, 50
39.71, 82
39.72, 8
39.73, 2
39.74, 14
39.75, 51
39.76, 62
39.77, 10
39.78, 47
39.79, 31
39.8, 31
39.81, 63
39.82, 105
39.83, 68
39.84, 89
39.85, 15
39.86, 2
39.87, 35
39.88, 9
39.89, 29
39.9, 39
39.91, 1
39.92, 50
39.93, 87
39.94, 40
39.95, 56
39.96, 93
39.97, 3
39.98, 2
39.99, 1
40, 57
40.01, 20
40.02, 57
40.03, 47
40.04, 21
40.05, 73
40.06, 26
40.07, 4
40.08, 4
40.09, 51
40.1, 61
40.11, 14
40.12, 66
40.13, 40
40.14, 45
40.15, 35
40.16, 1
40.17, 10
40.18, 62
40.19, 31
40.2, 31
40.21, 52
40.22, 0
40.23, 58
40.24, 16
40.25, 58
40.26, 21
40.27, 37
40.28, 105
40.29, 21
40.3, 21
40.31, 0
40.32, 11
40.33, 0
40.34, 5
40.35, 5
40.36, 21
40.37, 27
40.38, 3
40.39, 5
40.4, 58
40.41, 4
40.42, 26
40.43, 42
40.44, 37
40.45, 16
40.46, 32
40.47, 32
40.48, 48
40.49, 59
40.5, 4
40.51, 48
40.52, 53
40.53, 27
40.54, 17
40.55, 1
40.56, 59
40.57, 32
40.58, 17
40.59, 32
40.6, 22
40.61, 74
40.62, 11
40.63, 3
40.64, 6
40.65, 101
40.66, 22
40.67, 75
40.68, 80
40.69, 101
40.7, 54
40.71, 69
40.72, 132
40.73, 54
40.74, 43
40.75, 106
40.76, 54
40.77, 59
40.78, 54
40.79, 27
40.8, 101
40.81, 59
40.82, 69
40.83, 27
40.84, 21
40.85, 90
40.86, 85
40.87, 48
40.88, 95
40.89, 27
40.9, 95
40.91, 58
40.92, 74
40.93, 7
40.94, 31
40.95, 7
40.96, 10
40.97, 16
40.98, 10
40.99, 21
41, 2
41.01, 63
41.02, 21
41.03, 84
41.04, 5
41.05, 68
41.06, 52
41.07, 25
41.08, 83
41.09, 36
41.1, 5
41.11, 62
41.12, 52
41.13, 36
41.14, 57
41.15, 62
41.16, 10
41.17, 36
41.18, 28
41.19, 30
41.2, 93
41.21, 61
41.22, 35
41.23, 35
41.24, 75
41.25, 65
41.26, 80
41.27, 158
41.28, 74
41.29, 106
41.3, 106
41.31, 27
41.32, 27
41.33, 27
41.34, 75
41.35, 3
41.36, 8
41.37, 12
41.38, 54
41.39, 75
41.4, 28
41.41, 75
41.42, 6
41.43, 149
41.44, 65
41.45, 39
41.46, 24
41.47, 34
41.48, 2
41.49, 39
41.5, 76
41.51, 2
41.52, 2
41.53, 82
41.54, 28
41.55, 43
41.56, 3
41.57, 64
41.58, 1
41.59, 74
41.6, 64
41.61, 22
41.62, 32
41.63, 48
41.64, 74
41.65, 7
41.66, 37
41.67, 16
41.68, 37
41.69, 1
41.7, 52
41.71, 43
41.72, 43
41.73, 28
41.74, 1
41.75, 33
41.76, 80
41.77, 49
41.78, 25
41.79, 31
41.8, 57
41.81, 25
41.82, 57
41.83, 72
41.84, 61
41.85, 56
41.86, 125
41.87, 25
41.88, 4
41.89, 72
41.9, 83
41.91, 119
41.92, 30
41.93, 40
41.94, 105
41.95, 68
41.96, 131
41.97, 84
41.98, 115
41.99, 84
42, 89
42.01, 131
42.02, 84
42.03, 73
42.04, 147
42.05, 36
42.06, 121
42.07, 210
42.08, 94
42.09, 142
42.1, 131
42.11, 94
42.12, 53
42.13, 42
42.14, 116
42.15, 26
42.16, 63
42.17, 105
42.18, 111
42.19, 42
42.2, 131
42.21, 41
42.22, 141
42.23, 105
42.24, 110
42.25, 73
42.26, 73
42.27, 15
42.28, 110
42.29, 78
42.3, 94
42.31, 131
42.32, 63
42.33, 63
42.34, 10
42.35, 85
42.36, 28
42.37, 33
42.38, 67
42.39, 46
42.4, 99
42.41, 94
42.42, 52
42.43, 62
42.44, 41
42.45, 20
42.46, 68
42.47, 47
42.48, 94
42.49, 57
42.5, 0
42.51, 5
42.52, 84
42.53, 68
42.54, 68
42.55, 52
42.56, 31
42.57, 46
42.58, 78
42.59, 5
42.6, 0
42.61, 47
42.62, 0
42.63, 47
42.64, 5
42.65, 0
42.66, 47
42.67, 99
42.68, 41
42.69, 10
42.7, 10
42.71, 31
42.72, 5
42.73, 0
42.74, 26
42.75, 47
42.76, 88
42.77, 52
42.78, 20
42.79, 31
42.8, 46
42.81, 36
42.82, 37
42.83, 1
42.84, 11
42.85, 42
42.86, 90
42.87, 54
42.88, 33
42.89, 59
42.9, 7
42.91, 6
42.92, 2
42.93, 3
42.94, 38
42.95, 86
42.96, 2
42.97, 23
42.98, 17
42.99, 7
43, 2
43.01, 59
43.02, 17
43.03, 49
43.04, 70
43.05, 70
43.06, 44
43.07, 54
43.08, 17
43.09, 17
43.1, 75
43.11, 44
43.12, 33
43.13, 7
43.14, 12
43.15, 28
43.16, 44
43.17, 28
43.18, 117
43.19, 44
43.2, 54
43.21, 22
43.22, 49
43.23, 49
43.24, 38
43.25, 22
43.26, 33
43.27, 38
43.28, 7
43.29, 1
43.3, 122
43.31, 2
43.32, 3
43.33, 7
43.34, 101
43.35, 7
43.36, 22
43.37, 6
43.38, 1
43.39, 54
43.4, 59
43.41, 17
43.42, 12
43.43, 80
43.44, 12
43.45, 49
43.46, 59
43.47, 33
43.48, 7
43.49, 54
43.5, 2
43.51, 23
43.52, 54
43.53, 54
43.54, 13
43.55, 43
43.56, 80
43.57, 1
43.58, 43
43.59, 3
43.6, 54
43.61, 1
43.62, 28
43.63, 22
43.64, 17
43.65, 49
43.66, 55
43.67, 13
43.68, 102
43.69, 3
43.7, 71
43.71, 86
43.72, 50
43.73, 2
43.74, 107
43.75, 28
43.76, 34
43.77, 39
43.78, 76
43.79, 3
43.8, 70
43.81, 3
43.82, 38
43.83, 69
43.84, 16
43.85, 21
43.86, 32
43.87, 106
43.88, 6
43.89, 16
43.9, 42
43.91, 95
43.92, 0
43.93, 5
43.94, 47
43.95, 36
43.96, 0
43.97, 21
43.98, 47
43.99, 85
44, 32
44.01, 12
44.02, 11
44.03, 37
44.04, 6
44.05, 1
44.06, 63
44.07, 32
44.08, 121
44.09, 37
44.1, 11
44.11, 22
44.12, 5
44.13, 5
44.14, 84
44.15, 52
44.16, 36
44.17, 39
44.18, 65
44.19, 71
44.2, 65
44.21, 18
44.22, 144
44.23, 60
44.24, 39
44.25, 70
44.26, 28
44.27, 97
44.28, 87
44.29, 18
44.3, 55
44.31, 118
44.32, 29
44.33, 106
44.34, 12
44.35, 117
44.36, 59
44.37, 59
44.38, 96
44.39, 49
44.4, 64
44.41, 1
44.42, 17
44.43, 38
44.44, 27
44.45, 69
44.46, 22
44.47, 90
44.48, 1
44.49, 64
44.5, 80
44.51, 5
44.52, 47
44.53, 100
44.54, 52
44.55, 36
44.56, 52
44.57, 9
44.58, 78
44.59, 36
44.6, 20
44.61, 36
44.62, 94
44.63, 8
44.64, 72
44.65, 36
44.66, 0
44.67, 20
44.68, 46
44.69, 36
44.7, 35
44.71, 19
44.72, 19
44.73, 40
44.74, 81
44.75, 39
44.76, 33
44.77, 44
44.78, 18
44.79, 54
44.8, 96
44.81, 3
44.82, 38
44.83, 38
44.84, 2
44.85, 9
44.86, 38
44.87, 54
44.88, 6
44.89, 12
44.9, 38
44.91, 28
44.92, 65
44.93, 49
44.94, 1
44.95, 43
44.96, 43
44.97, 12
44.98, 48
44.99, 59
45, 123
45.01, 101
45.02, 59
45.03, 101
45.04, 80
45.05, 91
45.06, 43
45.07, 96
45.08, 54
45.09, 49
45.1, 55
45.11, 107
45.12, 66
45.13, 108
45.14, 92
45.15, 6
45.16, 71
45.17, 40
45.18, 1
45.19, 40
45.2, 56
45.21, 70
45.22, 65
45.23, 38
45.24, 86
45.25, 106
45.26, 22
45.27, 54
45.28, 3
45.29, 7
45.3, 22
45.31, 17
45.32, 22
45.33, 64
45.34, 1
45.35, 22
45.36, 27
45.37, 1
45.38, 17
45.39, 53
45.4, 22
45.41, 53
45.42, 43
45.43, 11
45.44, 11
45.45, 59
45.46, 8
45.47, 54
45.48, 33
45.49, 43
45.5, 43
45.51, 22
45.52, 38
45.53, 2
45.54, 75
45.55, 17
45.56, 70
45.57, 23
45.58, 34
45.59, 18
45.6, 91
45.61, 39
45.62, 45
45.63, 50
45.64, 45
45.65, 35
45.66, 82
45.67, 51
45.68, 146
45.69, 77
45.7, 82
45.71, 82
45.72, 46
45.73, 99
45.74, 88
45.75, 136
45.76, 109
45.77, 121
45.78, 184
45.79, 158
45.8, 116
45.81, 116
45.82, 122
45.83, 95
45.84, 106
45.85, 137
45.86, 153
45.87, 164
45.88, 86
45.89, 102
45.9, 155
45.91, 102
45.92, 155
45.93, 97
45.94, 29
45.95, 150
45.96, 60
45.97, 103
45.98, 24
45.99, 2
46, 171
46.01, 77
46.02, 56
46.03, 104
46.04, 109
46.05, 76
46.06, 60
46.07, 29
46.08, 55
46.09, 76
46.1, 76
46.11, 82
46.12, 61
46.13, 103
46.14, 92
46.15, 29
46.16, 40
46.17, 61
46.18, 24
46.19, 5
46.2, 46
46.21, 25
46.22, 9
46.23, 61
46.24, 0
46.25, 30
46.26, 51
46.27, 41
46.28, 4
46.29, 4
46.3, 30
46.31, 4
46.32, 57
46.33, 4
46.34, 5
46.35, 83
46.36, 67
46.37, 46
46.38, 1
46.39, 66
46.4, 24
46.41, 61
46.42, 40
46.43, 5
46.44, 19
46.45, 35
46.46, 3
46.47, 40
46.48, 56
46.49, 34
46.5, 13
46.51, 50
46.52, 13
46.53, 13
46.54, 23
46.55, 39
46.56, 50
46.57, 44
46.58, 13
46.59, 71
46.6, 8
46.61, 41
46.62, 26
46.63, 20
46.64, 26
46.65, 31
46.66, 21
46.67, 4
46.68, 37
46.69, 26
46.7, 16
46.71, 26
46.72, 26
46.73, 42
46.74, 63
46.75, 47
46.76, 42
46.77, 2
46.78, 42
46.79, 47
46.8, 31
46.81, 4
46.82, 21
46.83, 26
46.84, 2
46.85, 21
46.86, 4
46.87, 5
46.88, 0
46.89, 74
46.9, 11
46.91, 21
46.92, 2
46.93, 27
46.94, 42
46.95, 42
46.96, 3
46.97, 4
46.98, 42
46.99, 6
47, 1
47.01, 69
47.02, 0
47.03, 1
47.04, 16
47.05, 0
47.06, 11
47.07, 12
47.08, 4
47.09, 37
47.1, 5
47.11, 26
47.12, 0
47.13, 16
47.14, 16
47.15, 63
47.16, 21
47.17, 37
47.18, 47
47.19, 4
47.2, 0
47.21, 94
47.22, 58
47.23, 36
47.24, 15
47.25, 37
47.26, 42
47.27, 21
47.28, 32
47.29, 21
47.3, 4
47.31, 47
47.32, 42
47.33, 16
47.34, 21
47.35, 5
47.36, 42
47.37, 0
47.38, 58
47.39, 36
47.4, 20
47.41, 10
47.42, 20
47.43, 36
47.44, 35
47.45, 30
47.46, 1
47.47, 9
47.48, 45
47.49, 55
47.5, 2
47.51, 18
47.52, 44
47.53, 65
47.54, 24
47.55, 103
47.56, 103
47.57, 113
47.58, 129
47.59, 109
47.6, 82
47.61, 46
47.62, 72
47.63, 84
47.64, 52
47.65, 28
47.66, 43
47.67, 49
47.68, 43
47.69, 85
47.7, 34
47.71, 29
47.72, 44
47.73, 55
47.74, 61
47.75, 108
47.76, 77
47.77, 45
47.78, 87
47.79, 1
47.8, 20
47.81, 66
47.82, 19
47.83, 1
47.84, 45
47.85, 7
47.86, 55
47.87, 92
47.88, 44
47.89, 8
47.9, 50
47.91, 50
47.92, 65
47.93, 134
47.94, 108
47.95, 135
47.96, 187
47.97, 92
47.98, 92
47.99, 123
48, 50
48.01, 102
48.02, 91
48.03, 23
48.04, 85
48.05, 96
48.06, 27
48.07, 90
48.08, 85
48.09, 53
48.1, 85
48.11, 132
48.12, 84
48.13, 68
48.14, 163
48.15, 115
48.16, 57
48.17, 20
48.18, 83
48.19, 46
48.2, 93
48.21, 56
48.22, 87
48.23, 150
48.24, 134
48.25, 23
48.26, 129
48.27, 85
48.28, 169
48.29, 127
48.3, 111
48.31, 132
48.32, 11
48.33, 48
48.34, 74
48.35, 58
48.36, 163
48.37, 127
48.38, 200
48.39, 110
48.4, 94
48.41, 94
48.42, 78
48.43, 63
48.44, 10
48.45, 120
48.46, 31
48.47, 57
48.48, 26
48.49, 78
48.5, 26
48.51, 68
48.52, 36
48.53, 47
48.54, 68
48.55, 68
48.56, 31
48.57, 57
48.58, 36
48.59, 57
48.6, 62
48.61, 16
48.62, 11
48.63, 69
48.64, 32
48.65, 116
48.66, 53
48.67, 27
48.68, 42
48.69, 37
48.7, 37
48.71, 21
48.72, 121
48.73, 9
48.74, 85
48.75, 6
48.76, 38
48.77, 59
48.78, 7
48.79, 53
48.8, 9
48.81, 69
48.82, 8
48.83, 4
48.84, 8
48.85, 63
48.86, 27
48.87, 37
48.88, 32
48.89, 1
48.9, 39
48.91, 13
48.92, 28
48.93, 8
48.94, 123
48.95, 65
48.96, 70
48.97, 7
48.98, 28
48.99, 38
49, 120
49.01, 10
49.02, 26
49.03, 52
49.04, 31
49.05, 62
49.06, 115
49.07, 20
49.08, 20
49.09, 52
49.1, 36
49.11, 31
49.12, 89
49.13, 10
49.14, 5
49.15, 31
49.16, 68
49.17, 25
49.18, 83
49.19, 62
49.2, 115
49.21, 78
49.22, 115
49.23, 104
49.24, 135
49.25, 199
49.26, 135
49.27, 125
49.28, 98
49.29, 109
49.3, 98
49.31, 83
49.32, 140
49.33, 130
49.34, 172
49.35, 72
49.36, 62
49.37, 130
49.38, 72
49.39, 93
49.4, 141
49.41, 130
49.42, 156
49.43, 109
49.44, 172
49.45, 72
49.46, 88
49.47, 146
49.48, 51
49.49, 25
49.5, 36
49.51, 88
49.52, 30
49.53, 20
49.54, 35
49.55, 9
49.56, 25
49.57, 67
49.58, 41
49.59, 99
49.6, 6
49.61, 51
49.62, 20
49.63, 62
49.64, 61
49.65, 19
49.66, 9
49.67, 9
49.68, 35
49.69, 10
49.7, 35
49.71, 14
49.72, 0
49.73, 20
49.74, 4
49.75, 57
49.76, 9
49.77, 15
49.78, 52
49.79, 36
49.8, 17
49.81, 52
49.82, 15
49.83, 26
49.84, 99
49.85, 31
49.86, 36
49.87, 68
49.88, 47
49.89, 47
49.9, 68
49.91, 5
49.92, 21
49.93, 3
49.94, 19
49.95, 61
49.96, 14
49.97, 35
49.98, 50
49.99, 45
50, 33
50.01, 49
50.02, 79
50.03, 11
50.04, 36
50.05, 36
50.06, 26
50.07, 4
50.08, 20
50.09, 0
50.1, 31
50.11, 115
50.12, 4
50.13, 35
50.14, 9
50.15, 62
50.16, 40
50.17, 62
50.18, 78
50.19, 10
50.2, 3
50.21, 68
50.22, 4
50.23, 47
50.24, 0
50.25, 17
50.26, 75
50.27, 64
50.28, 8
50.29, 1
50.3, 54
50.31, 38
50.32, 39
50.33, 3
50.34, 80
50.35, 17
50.36, 85
50.37, 59
50.38, 101
50.39, 65
50.4, 70
50.41, 96
50.42, 23
50.43, 81
50.44, 81
50.45, 39
50.46, 40
50.47, 68
50.48, 68
50.49, 94
50.5, 78
50.51, 84
50.52, 68
50.53, 89
50.54, 47
50.55, 4
50.56, 42
50.57, 105
50.58, 84
50.59, 0
50.6, 11
50.61, 32
50.62, 53
50.63, 4
50.64, 53
50.65, 100
50.66, 27
50.67, 48
50.68, 59
50.69, 43
50.7, 22
50.71, 32
50.72, 80
50.73, 48
50.74, 54
50.75, 33
50.76, 75
50.77, 33
50.78, 1
50.79, 33
50.8, 54
50.81, 59
50.82, 22
50.83, 38
50.84, 33
50.85, 59
50.86, 44
50.87, 23
50.88, 7
50.89, 17
50.9, 17
50.91, 8
50.92, 18
50.93, 39
50.94, 49
50.95, 34
50.96, 10
50.97, 13
50.98, 29
50.99, 66
51, 32
51.01, 85
51.02, 27
51.03, 54
51.04, 43
51.05, 27
51.06, 60
51.07, 18
51.08, 29
51.09, 34
51.1, 18
51.11, 108
51.12, 29
51.13, 7
51.14, 7
51.15, 55
51.16, 81
51.17, 28
51.18, 55
51.19, 8
51.2, 40
51.21, 66
51.22, 30
51.23, 25
51.24, 51
51.25, 0
51.26, 6
51.27, 32
51.28, 9
51.29, 99
51.3, 15
51.31, 52
51.32, 52
51.33, 21
51.34, 0
51.35, 58
51.36, 9
51.37, 53
51.38, 47
51.39, 11
51.4, 26
51.41, 31
51.42, 63
51.43, 26
51.44, 21
51.45, 21
51.46, 58
51.47, 63
51.48, 42
51.49, 142
51.5, 58
51.51, 5
51.52, 37
51.53, 5
51.54, 16
51.55, 90
51.56, 42
51.57, 64
51.58, 16
51.59, 32
51.6, 4
51.61, 32
51.62, 32
51.63, 22
51.64, 38
51.65, 13
51.66, 8
51.67, 22
51.68, 80
51.69, 13
51.7, 28
51.71, 50
51.72, 55
51.73, 50
51.74, 1
51.75, 66
51.76, 45
51.77, 98
51.78, 98
51.79, 126
51.8, 89
51.81, 10
51.82, 79
51.83, 52
51.84, 100
51.85, 43
51.86, 43
51.87, 80
51.88, 80
51.89, 17
51.9, 69
51.91, 43
51.92, 22
51.93, 106
51.94, 70
51.95, 28
51.96, 60
51.97, 81
51.98, 97
51.99, 39
52, 2
52.01, 45
52.02, 24
52.03, 39
52.04, 2
52.05, 92
52.06, 77
52.07, 40
52.08, 40
52.09, 61
52.1, 6
52.11, 50
52.12, 71
52.13, 13
52.14, 40
52.15, 55
52.16, 18
52.17, 29
52.18, 2
52.19, 23
52.2, 34
52.21, 50
52.22, 39
52.23, 24
52.24, 66
52.25, 2
52.26, 66
52.27, 1
52.28, 9
52.29, 24
52.3, 30
52.31, 67
52.32, 35
52.33, 19
52.34, 67
52.35, 20
52.36, 30
52.37, 46
52.38, 41
52.39, 2
52.4, 25
52.41, 5
52.42, 37
52.43, 6
52.44, 43
52.45, 12
52.46, 20
52.47, 5
52.48, 31
52.49, 57
52.5, 5
52.51, 52
52.52, 41
52.53, 15
52.54, 20
52.55, 43
52.56, 37
52.57, 37
52.58, 53
52.59, 26
52.6, 58
52.61, 42
52.62, 53
52.63, 53
52.64, 67
52.65, 46
52.66, 99
52.67, 89
52.68, 10
52.69, 36
52.7, 57
52.71, 62
52.72, 36
52.73, 99
52.74, 20
52.75, 15
52.76, 104
52.77, 99
52.78, 47
52.79, 20
52.8, 41
52.81, 31
52.82, 20
52.83, 20
52.84, 26
52.85, 82
52.86, 39
52.87, 49
52.88, 8
52.89, 39
52.9, 39
52.91, 76
52.92, 23
52.93, 3
52.94, 13
52.95, 29
52.96, 71
52.97, 66
52.98, 16
52.99, 34
53, 66
53.01, 13
53.02, 29
53.03, 24
53.04, 0
53.05, 24
53.06, 8
53.07, 1
53.08, 40
53.09, 61
53.1, 24
53.11, 45
53.12, 24
53.13, 9
53.14, 24
53.15, 56
53.16, 19
53.17, 35
53.18, 40
53.19, 72
53.2, 98
53.21, 61
53.22, 56
53.23, 1
53.24, 82
53.25, 35
53.26, 30
53.27, 93
53.28, 51
53.29, 56
53.3, 118
53.31, 50
53.32, 55
53.33, 55
53.34, 30
53.35, 56
53.36, 56
53.37, 40
53.38, 30
53.39, 82
53.4, 40
53.41, 77
53.42, 46
53.43, 1
53.44, 77
53.45, 67
53.46, 6
53.47, 35
53.48, 30
53.49, 35
53.5, 35
53.51, 57
53.52, 0
53.53, 57
53.54, 9
53.55, 57
53.56, 52
53.57, 41
53.58, 5
53.59, 30
53.6, 57
53.61, 4
53.62, 4
53.63, 35
53.64, 25
53.65, 92
53.66, 34
53.67, 28
53.68, 44
53.69, 97
53.7, 91
53.71, 28
53.72, 29
53.73, 31
53.74, 3
53.75, 78
53.76, 10
53.77, 62
53.78, 52
53.79, 4
53.8, 54
53.81, 49
53.82, 96
53.83, 80
53.84, 102
53.85, 8
53.86, 7
53.87, 33
53.88, 33
53.89, 91
53.9, 60
53.91, 70
53.92, 33
53.93, 65
53.94, 50
53.95, 14
53.96, 45
53.97, 40
53.98, 14
53.99, 29
54, 66
54.01, 150
54.02, 56
54.03, 82
54.04, 14
54.05, 40
54.06, 3
54.07, 61
54.08, 76
54.09, 29
54.1, 1
54.11, 4
54.12, 40
54.13, 55
54.14, 24
54.15, 40
54.16, 29
54.17, 40
54.18, 43
54.19, 33
54.2, 1
54.21, 33
54.22, 27
54.23, 59
54.24, 37
54.25, 79
54.26, 4
54.27, 58
54.28, 53
54.29, 32
54.3, 90
54.31, 37
54.32, 26
54.33, 36
54.34, 47
54.35, 52
54.36, 0
54.37, 58
54.38, 27
54.39, 27
54.4, 27
54.41, 53
54.42, 58
54.43, 65
54.44, 39
54.45, 34
54.46, 28
54.47, 34
54.48, 12
54.49, 39
54.5, 7
54.51, 23
54.52, 23
54.53, 7
54.54, 28
54.55, 55
54.56, 97
54.57, 55
54.58, 18
54.59, 44
54.6, 7
54.61, 34
54.62, 34
54.63, 55
54.64, 8
54.65, 81
54.66, 12
54.67, 28
54.68, 12
54.69, 75
54.7, 23
54.71, 70
54.72, 54
54.73, 3
54.74, 33
54.75, 17
54.76, 17
54.77, 38
54.78, 2
54.79, 12
54.8, 70
54.81, 105
54.82, 26
54.83, 37
54.84, 11
54.85, 26
54.86, 53
54.87, 16
54.88, 42
54.89, 42
54.9, 26
54.91, 6
54.92, 19
54.93, 16
54.94, 52
54.95, 10
54.96, 4
54.97, 31
54.98, 10
54.99, 21
55, 94
55.01, 78
55.02, 5
55.03, 10
55.04, 36
55.05, 83
55.06, 94
55.07, 62
55.08, 20
55.09, 4
55.1, 20
55.11, 62
55.12, 25
55.13, 5
55.14, 25
55.15, 36
55.16, 30
55.17, 9
55.18, 25
55.19, 4
55.2, 51
55.21, 6
55.22, 41
55.23, 19
55.24, 35
55.25, 56
55.26, 4
55.27, 30
55.28, 62
55.29, 0
55.3, 8
55.31, 67
55.32, 9
55.33, 46
55.34, 25
55.35, 51
55.36, 57
55.37, 51
55.38, 25
55.39, 72
55.4, 78
55.41, 114
55.42, 4
55.43, 41
55.44, 36
55.45, 20
55.46, 30
55.47, 19
55.48, 14
55.49, 46
55.5, 51
55.51, 82
55.52, 25
55.53, 77
55.54, 6
55.55, 3
55.56, 35
55.57, 8
55.58, 24
55.59, 72
55.6, 67
55.61, 67
55.62, 13
55.63, 35
55.64, 51
55.65, 41
55.66, 41
55.67, 51
55.68, 4
55.69, 30
55.7, 14
55.71, 93
55.72, 20
55.73, 14
55.74, 14
55.75, 77
55.76, 61
55.77, 3
55.78, 1
55.79, 29
55.8, 24
55.81, 8
55.82, 71
55.83, 71
55.84, 17
55.85, 28
55.86, 59
55.87, 54
55.88, 54
55.89, 34
55.9, 34
55.91, 34
55.92, 50
55.93, 55
55.94, 71
55.95, 18
55.96, 7
55.97, 18
55.98, 1
55.99, 33
56, 91
56.01, 49
56.02, 49
56.03, 75
56.04, 8
56.05, 55
56.06, 13
56.07, 35
56.08, 19
56.09, 35
56.1, 4
56.11, 51
56.12, 60
56.13, 49
56.14, 49
56.15, 23
56.16, 28
56.17, 39
56.18, 60
56.19, 105
56.2, 2
56.21, 63
56.22, 74
56.23, 21
56.24, 5
56.25, 5
56.26, 31
56.27, 31
56.28, 0
56.29, 68
56.3, 42
56.31, 10
56.32, 100
56.33, 109
56.34, 62
56.35, 36
56.36, 88
56.37, 188
56.38, 62
56.39, 88
56.4, 78
56.41, 41
56.42, 46
56.43, 130
56.44, 130
56.45, 41
56.46, 6
56.47, 30
56.48, 14
56.49, 30
56.5, 40
56.51, 71
56.52, 51
56.53, 25
56.54, 46
56.55, 2
56.56, 120
56.57, 93
56.58, 46
56.59, 30
56.6, 67
56.61, 78
56.62, 0
56.63, 4
56.64, 46
56.65, 46
56.66, 88
56.67, 78
56.68, 41
56.69, 41
56.7, 52
56.71, 57
56.72, 62
56.73, 57
56.74, 20
56.75, 14
56.76, 57
56.77, 40
56.78, 8
56.79, 35
56.8, 1
56.81, 51
56.82, 2
56.83, 18
56.84, 76
56.85, 28
56.86, 65
56.87, 29
56.88, 23
56.89, 44
56.9, 34
56.91, 7
56.92, 44
56.93, 8
56.94, 18
56.95, 39
56.96, 71
56.97, 29
56.98, 8
56.99, 97
57, 29
57.01, 66
57.02, 8
57.03, 8
57.04, 29
57.05, 13
57.06, 45
57.07, 24
57.08, 13
57.09, 87
57.1, 8
57.11, 8
57.12, 51
57.13, 19
57.14, 51
57.15, 67
57.16, 25
57.17, 4
57.18, 30
57.19, 9
57.2, 1
57.21, 7
57.22, 14
57.23, 2
57.24, 9
57.25, 4
57.26, 2
57.27, 36
57.28, 16
57.29, 8
57.3, 8
57.31, 28
57.32, 38
57.33, 12
57.34, 28
57.35, 23
57.36, 70
57.37, 28
57.38, 39
57.39, 7
57.4, 44
57.41, 2
57.42, 117
57.43, 12
57.44, 70
57.45, 33
57.46, 59
57.47, 33
57.48, 17
57.49, 23
57.5, 13
57.51, 7
57.52, 28
57.53, 8
57.54, 40
57.55, 87
57.56, 61
57.57, 61
57.58, 61
57.59, 30
57.6, 67
57.61, 46
57.62, 56
57.63, 46
57.64, 30
57.65, 51
57.66, 35
57.67, 19
57.68, 51
57.69, 35
57.7, 46
57.71, 4
57.72, 57
57.73, 25
57.74, 31
57.75, 41
57.76, 72
57.77, 9
57.78, 0
57.79, 18
57.8, 86
57.81, 49
57.82, 49
57.83, 76
57.84, 86
57.85, 34
57.86, 28
57.87, 2
57.88, 71
57.89, 76
57.9, 13
57.91, 18
57.92, 55
57.93, 76
57.94, 102
57.95, 29
57.96, 66
57.97, 97
57.98, 18
57.99, 61
58, 13
58.01, 34
58.02, 50
58.03, 1
58.04, 66
58.05, 19
58.06, 3
58.07, 72
58.08, 61
58.09, 61
58.1, 30
58.11, 50
58.12, 45
58.13, 4
58.14, 67
58.15, 51
58.16, 20
58.17, 73
58.18, 78
58.19, 69
58.2, 37
58.21, 42
58.22, 22
58.23, 49
58.24, 85
58.25, 29
58.26, 23
58.27, 60
58.28, 64
58.29, 6
58.3, 80
58.31, 3
58.32, 117
58.33, 70
58.34, 101
58.35, 43
58.36, 64
58.37, 12
58.38, 1
58.39, 1
58.4, 17
58.41, 17
58.42, 59
58.43, 42
58.44, 0
58.45, 6
58.46, 58
58.47, 4
58.48, 89
58.49, 5
58.5, 5
58.51, 9
58.52, 61
58.53, 1
58.54, 9
58.55, 9
58.56, 41
58.57, 30
58.58, 15
58.59, 36
58.6, 73
58.61, 46
58.62, 14
58.63, 14
58.64, 19
58.65, 14
58.66, 14
58.67, 30
58.68, 62
58.69, 6
58.7, 4
58.71, 72
58.72, 4
58.73, 3
58.74, 29
58.75, 61
58.76, 61
58.77, 87
58.78, 52
58.79, 21
58.8, 57
58.81, 57
58.82, 58
58.83, 84
58.84, 10
58.85, 79
58.86, 73
58.87, 57
58.88, 73
58.89, 47
58.9, 21
58.91, 2
58.92, 67
58.93, 26
58.94, 22
58.95, 43
58.96, 48
58.97, 9
58.98, 22
58.99, 11
59, 63
59.01, 42
59.02, 42
59.03, 69
59.04, 16
59.05, 32
59.06, 0
59.07, 53
59.08, 58
59.09, 11
59.1, 32
59.11, 63
59.12, 16
59.13, 21
59.14, 26
59.15, 10
59.16, 26
59.17, 42
59.18, 9
59.19, 84
59.2, 58
59.21, 47
59.22, 15
59.23, 0
59.24, 36
59.25, 31
59.26, 62
59.27, 20
59.28, 31
59.29, 20
59.3, 31
59.31, 26
59.32, 4
59.33, 57
59.34, 52
59.35, 36
59.36, 10
59.37, 25
59.38, 6
59.39, 88
59.4, 46
59.41, 9
59.42, 41
59.43, 20
59.44, 1
59.45, 20
59.46, 67
59.47, 115
59.48, 41
59.49, 51
59.5, 72
59.51, 56
59.52, 35
59.53, 93
59.54, 25
59.55, 45
59.56, 77
59.57, 35
59.58, 51
59.59, 108
59.6, 35
59.61, 19
59.62, 29
59.63, 55
59.64, 97
59.65, 18
59.66, 70
59.67, 54
59.68, 17
59.69, 64
59.7, 10
59.71, 42
59.72, 26
59.73, 21
59.74, 4
59.75, 48
59.76, 4
59.77, 37
59.78, 5
59.79, 42
59.8, 42
59.81, 37
59.82, 42
59.83, 79
59.84, 42
59.85, 15
59.86, 21
59.87, 0
59.88, 10
59.89, 36
59.9, 57
59.91, 46
59.92, 14
59.93, 40
59.94, 66
59.95, 8
59.96, 71
59.97, 13
59.98, 103
59.99, 66
60, 82
60.01, 2
60.02, 24
60.03, 92
60.04, 2
60.05, 8
60.06, 82
60.07, 40
60.08, 40
60.09, 30
60.1, 3
60.11, 18
60.12, 0
60.13, 5
60.14, 19
60.15, 103
60.16, 61
60.17, 70
60.18, 10
60.19, 79
60.2, 0
60.21, 52
60.22, 17
60.23, 74
60.24, 48
60.25, 16
60.26, 43
60.27, 48
60.28, 127
60.29, 27
60.3, 21
60.31, 64
60.32, 58
60.33, 11
60.34, 42
60.35, 21
60.36, 16
60.37, 53
60.38, 95
60.39, 52
60.4, 31
60.41, 142
60.42, 131
60.43, 52
60.44, 36
60.45, 84
60.46, 52
60.47, 89
60.48, 4
60.49, 32
60.5, 68
60.51, 37
60.52, 83
60.53, 67
60.54, 78
60.55, 20
60.56, 9
60.57, 51
60.58, 34
60.59, 98
60.6, 87
60.61, 60
60.62, 60
60.63, 76
60.64, 1
60.65, 69
60.66, 48
60.67, 69
60.68, 85
60.69, 85
60.7, 22
60.71, 22
60.72, 11
60.73, 38
60.74, 6
60.75, 17
60.76, 54
60.77, 64
60.78, 112
60.79, 170
60.8, 118
60.81, 75
60.82, 12
60.83, 12
60.84, 33
60.85, 49
60.86, 75
60.87, 2
60.88, 65
60.89, 23
60.9, 39
60.91, 54
60.92, 8
60.93, 8
60.94, 33
60.95, 7
60.96, 96
60.97, 17
60.98, 102
60.99, 86
61, 81
61.01, 49
61.02, 7
61.03, 44
61.04, 12
61.05, 2
61.06, 39
61.07, 39
61.08, 81
61.09, 2
61.1, 13
61.11, 34
61.12, 3
61.13, 55
61.14, 40
61.15, 30
61.16, 9
61.17, 75
61.18, 14
61.19, 30
61.2, 24
61.21, 35
61.22, 57
61.23, 46
61.24, 9
61.25, 10
61.26, 5
61.27, 78
61.28, 20
61.29, 47
61.3, 31
61.31, 10
61.32, 46
61.33, 3
61.34, 8
61.35, 45
61.36, 56
61.37, 45
61.38, 40
61.39, 56
61.4, 35
61.41, 14
61.42, 19
61.43, 3
61.44, 46
61.45, 20
61.46, 79
61.47, 58
61.48, 68
61.49, 5
61.5, 26
61.51, 106
61.52, 38
61.53, 1
61.54, 64
61.55, 4
61.56, 6
61.57, 17
61.58, 12
61.59, 43
61.6, 38
61.61, 23
61.62, 34
61.63, 76
61.64, 50
61.65, 55
61.66, 7
61.67, 71
61.68, 92
61.69, 65
61.7, 2
61.71, 102
61.72, 34
61.73, 55
61.74, 23
61.75, 97
61.76, 50
61.77, 61
61.78, 61
61.79, 45
61.8, 82
61.81, 45
61.82, 78
61.83, 62
61.84, 3
61.85, 77
61.86, 98
61.87, 46
61.88, 19
61.89, 4
61.9, 46
61.91, 51
61.92, 35
61.93, 51
61.94, 4
61.95, 72
61.96, 26
61.97, 52
61.98, 5
61.99, 4
62, 26
62.01, 53
62.02, 21
62.03, 53
62.04, 95
62.05, 11
62.06, 64
62.07, 53
62.08, 48
62.09, 12
62.1, 70
62.11, 12
62.12, 43
62.13, 32
62.14, 4
62.15, 1
62.16, 85
62.17, 69
62.18, 22
62.19, 101
62.2, 48
62.21, 59
62.22, 43
62.23, 3
62.24, 81
62.25, 34
62.26, 44
62.27, 44
62.28, 2
62.29, 29
62.3, 18
62.31, 6
62.32, 29
62.33, 55
62.34, 6
62.35, 40
62.36, 66
62.37, 14
62.38, 24
62.39, 24
62.4, 30
62.41, 8
62.42, 19
62.43, 24
62.44, 24
62.45, 66
62.46, 2
62.47, 82
62.48, 40
62.49, 50
62.5, 50
62.51, 45
62.52, 13
62.53, 13
62.54, 66
62.55, 29
62.56, 3
62.57, 29
62.58, 82
62.59, 55
62.6, 40
62.61, 28
62.62, 44
62.63, 9
62.64, 65
62.65, 3
62.66, 65
62.67, 65
62.68, 49
62.69, 18
62.7, 3
62.71, 60
62.72, 2
62.73, 50
62.74, 87
62.75, 8
62.76, 55
62.77, 30
62.78, 0
62.79, 46
62.8, 4
62.81, 25
62.82, 57
62.83, 72
62.84, 25
62.85, 15
62.86, 51
62.87, 14
62.88, 41
62.89, 20
62.9, 25
62.91, 30
62.92, 46
62.93, 4
62.94, 41
62.95, 41
62.96, 6
62.97, 36
62.98, 88
62.99, 51
63, 72
63.01, 0
63.02, 67
63.03, 20
63.04, 20
63.05, 46
63.06, 73
63.07, 62
63.08, 31
63.09, 36
63.1, 78
63.11, 31
63.12, 47
63.13, 10
63.14, 20
63.15, 5
63.16, 52
63.17, 63
63.18, 89
63.19, 5
63.2, 62
63.21, 20
63.22, 26
63.23, 42
63.24, 26
63.25, 116
63.26, 31
63.27, 53
63.28, 0
63.29, 68
63.3, 42
63.31, 74
63.32, 0
63.33, 37
63.34, 110
63.35, 65
63.36, 34
63.37, 34
63.38, 49
63.39, 49
63.4, 39
63.41, 18
63.42, 4
63.43, 6
63.44, 66
63.45, 56
63.46, 41
63.47, 98
63.48, 78
63.49, 83
63.5, 57
63.51, 51
63.52, 46
63.53, 30
63.54, 29
63.55, 51
63.56, 51
63.57, 39
63.58, 76
63.59, 86
63.6, 34
63.61, 69
63.62, 54
63.63, 43
63.64, 49
63.65, 54
63.66, 59
63.67, 28
63.68, 80
63.69, 7
63.7, 59
63.71, 38
63.72, 54
63.73, 49
63.74, 54
63.75, 54
63.76, 54
63.77, 75
63.78, 38
63.79, 44
63.8, 2
63.81, 65
63.82, 54
63.83, 69
63.84, 16
63.85, 26
63.86, 42
63.87, 84
63.88, 68
63.89, 1
63.9, 10
63.91, 31
63.92, 78
63.93, 51
63.94, 1
63.95, 20
63.96, 6
63.97, 57
63.98, 41
63.99, 67
64, 77
64.01, 40
64.02, 24
64.03, 30
64.04, 25
64.05, 104
64.06, 4
64.07, 41
64.08, 4
64.09, 25
64.1, 25
64.11, 62
64.12, 41
64.13, 15
64.14, 104
64.15, 41
64.16, 41
64.17, 57
64.18, 105
64.19, 120
64.2, 36
64.21, 14
64.22, 41
64.23, 0
64.24, 88
64.25, 67
64.26, 72
64.27, 62
64.28, 30
64.29, 51
64.3, 83
64.31, 51
64.32, 6
64.33, 88
64.34, 40
64.35, 3
64.36, 56
64.37, 87
64.38, 71
64.39, 34
64.4, 29
64.41, 29
64.42, 3
64.43, 71
64.44, 29
64.45, 29
64.46, 92
64.47, 29
64.48, 8
64.49, 65
64.5, 34
64.51, 86
64.52, 39
64.53, 81
64.54, 28
64.55, 28
64.56, 23
64.57, 13
64.58, 34
64.59, 7
64.6, 18
64.61, 7
64.62, 28
64.63, 1
64.64, 54
64.65, 8
64.66, 33
64.67, 7
64.68, 38
64.69, 127
64.7, 43
64.71, 22
64.72, 38
64.73, 11
64.74, 7
64.75, 48
64.76, 74
64.77, 21
64.78, 43
64.79, 85
64.8, 21
64.81, 32
64.82, 4
64.83, 32
64.84, 53
64.85, 48
64.86, 2
64.87, 27
64.88, 32
64.89, 11
64.9, 43
64.91, 64
64.92, 58
64.93, 70
64.94, 28
64.95, 3
64.96, 64
64.97, 85
64.98, 12
64.99, 22
65, 91
65.01, 48
65.02, 49
65.03, 17
65.04, 12
65.05, 12
65.06, 75
65.07, 28
65.08, 49
65.09, 59
65.1, 17
65.11, 44
65.12, 7
65.13, 49
65.14, 17
65.15, 53
65.16, 58
65.17, 52
65.18, 68
65.19, 37
65.2, 68
65.21, 89
65.22, 47
65.23, 3
65.24, 31
65.25, 63
65.26, 5
65.27, 2
65.28, 42
65.29, 31
65.3, 63
65.31, 53
65.32, 58
65.33, 16
65.34, 21
65.35, 58
65.36, 4
65.37, 7
65.38, 26
65.39, 53
65.4, 37
65.41, 89
65.42, 26
65.43, 10
65.44, 42
65.45, 105
65.46, 74
65.47, 5
65.48, 47
65.49, 10
65.5, 5
65.51, 58
65.52, 99
65.53, 47
65.54, 168
65.55, 32
65.56, 69
65.57, 28
65.58, 70
65.59, 2
65.6, 39
65.61, 97
65.62, 28
65.63, 23
65.64, 38
65.65, 28
65.66, 12
65.67, 7
65.68, 65
65.69, 49
65.7, 65
65.71, 18
65.72, 70
65.73, 91
65.74, 73
65.75, 84
65.76, 52
65.77, 63
65.78, 31
65.79, 4
65.8, 57
65.81, 9
65.82, 77
65.83, 51
65.84, 41
65.85, 56
65.86, 35
65.87, 13
65.88, 20
65.89, 99
65.9, 9
65.91, 0
65.92, 51
65.93, 41
65.94, 14
65.95, 36
65.96, 57
65.97, 47
65.98, 63
65.99, 21
66, 5
66.01, 36
66.02, 26
66.03, 3
66.04, 80
66.05, 22
66.06, 79
66.07, 27
66.08, 37
66.09, 11
66.1, 79
66.11, 11
66.12, 0
66.13, 38
66.14, 39
66.15, 55
66.16, 19
66.17, 24
66.18, 35
66.19, 88
66.2, 4
66.21, 6
66.22, 30
66.23, 14
66.24, 25
66.25, 51
66.26, 7
66.27, 93
66.28, 20
66.29, 51
66.3, 57
66.31, 67
66.32, 36
66.33, 88
66.34, 83
66.35, 57
66.36, 94
66.37, 68
66.38, 69
66.39, 12
66.4, 117
66.41, 91
66.42, 54
66.43, 53
66.44, 59
66.45, 75
66.46, 27
66.47, 53
66.48, 32
66.49, 69
66.5, 32
66.51, 38
66.52, 53
66.53, 43
66.54, 33
66.55, 54
66.56, 17
66.57, 64
66.58, 75
66.59, 59
66.6, 85
66.61, 96
66.62, 96
66.63, 38
66.64, 1
66.65, 1
66.66, 18
66.67, 29
66.68, 34
66.69, 45
66.7, 92
66.71, 34
66.72, 40
66.73, 40
66.74, 4
66.75, 45
66.76, 15
66.77, 8
66.78, 72
66.79, 56
66.8, 72
66.81, 61
66.82, 30
66.83, 14
66.84, 20
66.85, 94
66.86, 37
66.87, 4
66.88, 0
66.89, 0
66.9, 68
66.91, 26
66.92, 63
66.93, 21
66.94, 21
66.95, 36
66.96, 73
66.97, 63
66.98, 31
66.99, 5
67, 4
67.01, 44
67.02, 39
67.03, 66
67.04, 29
67.05, 76
67.06, 45
67.07, 10
67.08, 77
67.09, 45
67.1, 87
67.11, 56
67.12, 45
67.13, 30
67.14, 5
67.15, 56
67.16, 56
67.17, 98
67.18, 14
67.19, 25
67.2, 14
67.21, 77
67.22, 14
67.23, 5
67.24, 24
67.25, 3
67.26, 40
67.27, 98
67.28, 88
67.29, 67
67.3, 61
67.31, 25
67.32, 1
67.33, 6
67.34, 0
67.35, 40
67.36, 92
67.37, 24
67.38, 6
67.39, 66
67.4, 66
67.41, 40
67.42, 24
67.43, 19
67.44, 35
67.45, 67
67.46, 34
67.47, 108
67.48, 40
67.49, 40
67.5, 1
67.51, 71
67.52, 61
67.53, 29
67.54, 29
67.55, 66
67.56, 1
67.57, 4
67.58, 9
67.59, 45
67.6, 56
67.61, 35
67.62, 51
67.63, 82
67.64, 40
67.65, 3
67.66, 61
67.67, 24
67.68, 35
67.69, 51
67.7, 24
67.71, 35
67.72, 40
67.73, 3
67.74, 9
67.75, 51
67.76, 61
67.77, 82
67.78, 67
67.79, 30
67.8, 40
67.81, 30
67.82, 93
67.83, 30
67.84, 51
67.85, 9
67.86, 31
67.87, 31
67.88, 10
67.89, 78
67.9, 99
67.91, 15
67.92, 57
67.93, 48
67.94, 78
67.95, 15
67.96, 8
67.97, 82
67.98, 45
67.99, 40
68, 77
68.01, 6
68.02, 46
68.03, 51
68.04, 3
68.05, 103
68.06, 51
68.07, 82
68.08, 35
68.09, 35
68.1, 19
68.11, 66
68.12, 82
68.13, 40
68.14, 40
68.15, 66
68.16, 1
68.17, 66
68.18, 14
68.19, 56
68.2, 25
68.21, 35
68.22, 1
68.23, 30
68.24, 109
68.25, 30
68.26, 61
68.27, 39
68.28, 81
68.29, 44
68.3, 39
68.31, 39
68.32, 24
68.33, 19
68.34, 55
68.35, 39
68.36, 49
68.37, 65
68.38, 18
68.39, 29
68.4, 76
68.41, 34
68.42, 44
68.43, 11
68.44, 6
68.45, 38
68.46, 6
68.47, 64
68.48, 32
68.49, 16
68.5, 11
68.51, 90
68.52, 0
68.53, 25
68.54, 26
68.55, 31
68.56, 26
68.57, 41
68.58, 62
68.59, 20
68.6, 0
68.61, 83
68.62, 30
68.63, 5
68.64, 83
68.65, 79
68.66, 53
68.67, 5
68.68, 58
68.69, 0
68.7, 21
68.71, 64
68.72, 21
68.73, 58
68.74, 95
68.75, 22
68.76, 74
68.77, 15
68.78, 30
68.79, 30
68.8, 20
68.81, 31
68.82, 52
68.83, 88
68.84, 46
68.85, 67
68.86, 78
68.87, 9
68.88, 9
68.89, 46
68.9, 36
68.91, 14
68.92, 67
68.93, 29
68.94, 35
68.95, 45
68.96, 50
68.97, 24
68.98, 56
68.99, 24
69, 61
69.01, 19
69.02, 29
69.03, 29
69.04, 8
69.05, 39
69.06, 60
69.07, 54
69.08, 39
69.09, 33
69.1, 70
69.11, 91
69.12, 13
69.13, 54
69.14, 12
69.15, 18
69.16, 3
69.17, 54
69.18, 3
69.19, 28
69.2, 18
69.21, 17
69.22, 70
69.23, 12
69.24, 43
69.25, 74
69.26, 0
69.27, 42
69.28, 42
69.29, 58
69.3, 69
69.31, 0
69.32, 16
69.33, 63
69.34, 16
69.35, 95
69.36, 79
69.37, 12
69.38, 3
69.39, 17
69.4, 20
69.41, 46
69.42, 5
69.43, 41
69.44, 62
69.45, 25
69.46, 25
69.47, 67
69.48, 51
69.49, 6
69.5, 30
69.51, 67
69.52, 3
69.53, 41
69.54, 14
69.55, 20
69.56, 5
69.57, 0
69.58, 15
69.59, 36
69.6, 15
69.61, 57
69.62, 25
69.63, 62
69.64, 30
69.65, 46
69.66, 62
69.67, 9
69.68, 56
69.69, 30
69.7, 14
69.71, 56
69.72, 30
69.73, 12
69.74, 30
69.75, 0
69.76, 0
69.77, 62
69.78, 51
69.79, 20
69.8, 36
69.81, 25
69.82, 0
69.83, 1
69.84, 18
69.85, 62
69.86, 9
69.87, 30
69.88, 61
69.89, 19
69.9, 6
69.91, 51
69.92, 46
69.93, 30
69.94, 6
69.95, 9
69.96, 88
69.97, 35
69.98, 109
69.99, 6
70, 15
70.01, 57
70.02, 25
70.03, 72
70.04, 46
70.05, 36
70.06, 11
70.07, 85
70.08, 32
70.09, 1
70.1, 64
70.11, 59
70.12, 90
70.13, 127
70.14, 75
70.15, 27
70.16, 53
70.17, 32
70.18, 80
70.19, 69
70.2, 43
70.21, 64
70.22, 75
70.23, 49
70.24, 17
70.25, 43
70.26, 11
70.27, 69
70.28, 27
70.29, 3
70.3, 38
70.31, 59
70.32, 53
70.33, 32
70.34, 22
70.35, 22
70.36, 48
70.37, 16
70.38, 48
70.39, 3
70.4, 6
70.41, 53
70.42, 22
70.43, 43
70.44, 64
70.45, 85
70.46, 69
70.47, 38
70.48, 39
70.49, 71
70.5, 81
70.51, 71
70.52, 55
70.53, 34
70.54, 23
70.55, 29
70.56, 16
70.57, 44
70.58, 44
70.59, 50
70.6, 39
70.61, 44
70.62, 44
70.63, 23
70.64, 39
70.65, 81
70.66, 39
70.67, 24
70.68, 34
70.69, 60
70.7, 24
70.71, 50
70.72, 23
70.73, 23
70.74, 2
70.75, 55
70.76, 60
70.77, 44
70.78, 39
70.79, 23
70.8, 18
70.81, 86
70.82, 8
70.83, 44
70.84, 18
70.85, 23
70.86, 76
70.87, 34
70.88, 72
70.89, 103
70.9, 24
70.91, 40
70.92, 45
70.93, 18
70.94, 40
70.95, 129
70.96, 24
70.97, 24
70.98, 6
70.99, 45
71, 40
71.01, 40
71.02, 71
71.03, 56
71.04, 117
71.05, 49
71.06, 33
71.07, 81
71.08, 49
71.09, 39
71.1, 28
71.11, 55
71.12, 39
71.13, 39
71.14, 86
71.15, 49
71.16, 112
71.17, 33
71.18, 7
71.19, 28
71.2, 23
71.21, 17
71.22, 2
71.23, 65
71.24, 49
71.25, 18
71.26, 28
71.27, 107
71.28, 8
71.29, 44
71.3, 54
71.31, 28
71.32, 13
71.33, 76
71.34, 34
71.35, 87
71.36, 19
71.37, 45
71.38, 50
71.39, 71
71.4, 56
71.41, 29
71.42, 6
71.43, 45
71.44, 50
71.45, 87
71.46, 3
71.47, 35
71.48, 19
71.49, 0
71.5, 8
71.51, 35
71.52, 24
71.53, 4
71.54, 40
71.55, 3
71.56, 93
71.57, 8
71.58, 8
71.59, 7
71.6, 55
71.61, 13
71.62, 55
71.63, 40
71.64, 50
71.65, 19
71.66, 51
71.67, 10
71.68, 46
71.69, 56
71.7, 72
71.71, 35
71.72, 35
71.73, 56
71.74, 62
71.75, 53
71.76, 36
71.77, 4
71.78, 20
71.79, 36
71.8, 0
71.81, 62
71.82, 105
71.83, 20
71.84, 5
71.85, 52
71.86, 26
71.87, 43
71.88, 17
71.89, 3
71.9, 38
71.91, 22
71.92, 38
71.93, 54
71.94, 107
71.95, 1
71.96, 33
71.97, 91
71.98, 22
71.99, 28
72, 3
72.01, 17
72.02, 38
72.03, 17
72.04, 23
72.05, 86
72.06, 33
72.07, 7
72.08, 65
72.09, 2
72.1, 2
72.11, 54
72.12, 54
72.13, 2
72.14, 18
72.15, 28
72.16, 92
72.17, 97
72.18, 23
72.19, 44
72.2, 86
72.21, 49
72.22, 34
72.23, 18
72.24, 91
72.25, 44
72.26, 55
72.27, 2
72.28, 13
72.29, 23
72.3, 2
72.31, 50
72.32, 23
72.33, 18
72.34, 60
72.35, 29
72.36, 2
72.37, 18
72.38, 75
72.39, 60
72.4, 7
72.41, 76
72.42, 70
72.43, 23
72.44, 23
72.45, 79
72.46, 69
72.47, 38
72.48, 64
72.49, 80
72.5, 4
72.51, 43
72.52, 90
72.53, 69
72.54, 1
72.55, 43
72.56, 27
72.57, 59
72.58, 59
72.59, 22
72.6, 59
72.61, 38
72.62, 26
72.63, 79
72.64, 53
72.65, 37
72.66, 42
72.67, 1
72.68, 17
72.69, 53
72.7, 32
72.71, 48
72.72, 11
72.73, 58
72.74, 37
72.75, 58
72.76, 96
72.77, 33
72.78, 44
72.79, 59
72.8, 23
72.81, 13
72.82, 60
72.83, 65
72.84, 1
72.85, 2
72.86, 34
72.87, 49
72.88, 28
72.89, 117
72.9, 12
72.91, 1
72.92, 59
72.93, 23
72.94, 21
72.95, 7
72.96, 91
72.97, 3
72.98, 28
72.99, 33
73, 12
73.01, 44
73.02, 2
73.03, 54
73.04, 12
73.05, 43
73.06, 15
73.07, 1
73.08, 17
73.09, 69
73.1, 12
73.11, 54
73.12, 5
73.13, 48
73.14, 43
73.15, 54
73.16, 59
73.17, 43
73.18, 1
73.19, 17
73.2, 33
73.21, 38
73.22, 64
73.23, 64
73.24, 17
73.25, 17
73.26, 59
73.27, 53
73.28, 29
73.29, 3
73.3, 8
73.31, 18
73.32, 34
73.33, 97
73.34, 33
73.35, 6
73.36, 70
73.37, 81
73.38, 44
73.39, 65
73.4, 118
73.41, 49
73.42, 18
73.43, 34
73.44, 23
73.45, 23
73.46, 81
73.47, 34
73.48, 34
73.49, 49
73.5, 54
73.51, 49
73.52, 86
73.53, 33
73.54, 45
73.55, 19
73.56, 50
73.57, 19
73.58, 24
73.59, 45
73.6, 56
73.61, 56
73.62, 72
73.63, 30
73.64, 19
73.65, 1
73.66, 6
73.67, 1
73.68, 35
73.69, 78
73.7, 20
73.71, 51
73.72, 46
73.73, 25
73.74, 35
73.75, 56
73.76, 24
73.77, 19
73.78, 108
73.79, 3
73.8, 24
73.81, 51
73.82, 9
73.83, 14
73.84, 51
73.85, 24
73.86, 3
73.87, 35
73.88, 30
73.89, 61
73.9, 51
73.91, 1
73.92, 6
73.93, 16
73.94, 0
73.95, 4
73.96, 89
73.97, 5
73.98, 58
73.99, 4
74, 42
74.01, 95
74.02, 42
74.03, 52
74.04, 5
74.05, 52
74.06, 41
74.07, 88
74.08, 10
74.09, 42
74.1, 16
74.11, 37
74.12, 16
74.13, 37
74.14, 41
74.15, 14
74.16, 35
74.17, 40
74.18, 82
74.19, 30
74.2, 67
74.21, 46
74.22, 56
74.23, 72
74.24, 0
74.25, 36
74.26, 50
74.27, 45
74.28, 13
74.29, 56
74.3, 29
74.31, 98
74.32, 13
74.33, 2
74.34, 39
74.35, 8
74.36, 34
74.37, 66
74.38, 50
74.39, 50
74.4, 39
74.41, 13
74.42, 66
74.43, 50
74.44, 34
74.45, 2
74.46, 3
74.47, 22
74.48, 24
74.49, 8
74.5, 39
74.51, 39
74.52, 19
74.53, 3
74.54, 73
74.55, 83
74.56, 57
74.57, 46
74.58, 73
74.59, 73
74.6, 0
74.61, 83
74.62, 67
74.63, 41
74.64, 20
74.65, 25
74.66, 52
74.67, 36
74.68, 0
74.69, 20
74.7, 36
74.71, 41
74.72, 36
74.73, 14
74.74, 25
74.75, 20
74.76, 30
74.77, 41
74.78, 57
74.79, 0
74.8, 52
74.81, 20
74.82, 73
74.83, 25
74.84, 4
74.85, 57
74.86, 30
74.87, 56
74.88, 6
74.89, 30
74.9, 82
74.91, 40
74.92, 14
74.93, 30
74.94, 61
74.95, 66
74.96, 30
74.97, 72
74.98, 1
74.99, 77
75, 45
75.01, 67
75.02, 62
75.03, 83
75.04, 46
75.05, 51
75.06, 77
75.07, 19
75.08, 3
75.09, 45
75.1, 29
75.11, 3
75.12, 14
75.13, 66
75.14, 66
75.15, 39
75.16, 28
75.17, 22
75.18, 59
75.19, 59
75.2, 59
75.21, 33
75.22, 28
75.23, 65
75.24, 64
75.25, 38
75.26, 75
75.27, 33
75.28, 1
75.29, 80
75.3, 69
75.31, 17
75.32, 9
75.33, 38
75.34, 53
75.35, 74
75.36, 17
75.37, 53
75.38, 80
75.39, 48
75.4, 32
75.41, 44
75.42, 33
75.43, 2
75.44, 59
75.45, 149
75.46, 4
75.47, 0
75.48, 67
75.49, 19
75.5, 35
75.51, 72
75.52, 72
75.53, 1
75.54, 45
75.55, 51
75.56, 56
75.57, 14
75.58, 66
75.59, 72
75.6, 66
75.61, 24
75.62, 40
75.63, 35
75.64, 114
75.65, 61
75.66, 50
75.67, 17
75.68, 43
75.69, 38
75.7, 27
75.71, 3
75.72, 17
75.73, 19
75.74, 11
75.75, 37
75.76, 48
75.77, 16
75.78, 48
75.79, 53
75.8, 69
75.81, 116
75.82, 16
75.83, 111
75.84, 5
75.85, 42
75.86, 0
75.87, 26
75.88, 26
75.89, 31
75.9, 89
75.91, 63
75.92, 84
75.93, 24
75.94, 51
75.95, 51
75.96, 30
75.97, 6
75.98, 35
75.99, 40
76, 87
76.01, 45
76.02, 25
76.03, 35
76.04, 25
76.05, 46
76.06, 77
76.07, 82
76.08, 14
76.09, 30
76.1, 104
76.11, 14
76.12, 62
76.13, 109
76.14, 41
76.15, 4
76.16, 62
76.17, 25
76.18, 51
76.19, 62
76.2, 9
76.21, 58
76.22, 26
76.23, 57
76.24, 31
76.25, 99
76.26, 0
76.27, 84
76.28, 62
76.29, 52
76.3, 57
76.31, 57
76.32, 8
76.33, 24
76.34, 50
76.35, 13
76.36, 55
76.37, 7
76.38, 87
76.39, 3
76.4, 18
76.41, 39
76.42, 50
76.43, 44
76.44, 19
76.45, 24
76.46, 46
76.47, 25
76.48, 13
76.49, 50
76.5, 29
76.51, 50
76.52, 60
76.53, 60
76.54, 29
76.55, 2
76.56, 39
76.57, 23
76.58, 65
76.59, 13
76.6, 2
76.61, 39
76.62, 34
76.63, 39
76.64, 8
76.65, 19
76.66, 7
76.67, 1
76.68, 28
76.69, 28
76.7, 1
76.71, 44
76.72, 65
76.73, 59
76.74, 7
76.75, 39
76.76, 34
76.77, 44
76.78, 7
76.79, 12
76.8, 65
76.81, 49
76.82, 44
76.83, 97
76.84, 28
76.85, 2
76.86, 86
76.87, 65
76.88, 49
76.89, 96
76.9, 80
76.91, 96
76.92, 69
76.93, 31
76.94, 20
76.95, 73
76.96, 46
76.97, 72
76.98, 10
76.99, 41
77, 41
77.01, 10
77.02, 52
77.03, 46
77.04, 4
77.05, 78
77.06, 15
77.07, 41
77.08, 15
77.09, 57
77.1, 35
77.11, 20
77.12, 25
77.13, 46
77.14, 20
77.15, 77
77.16, 19
77.17, 30
77.18, 1
77.19, 19
77.2, 77
77.21, 1
77.22, 50
77.23, 129
77.24, 29
77.25, 77
77.26, 19
77.27, 10
77.28, 1
77.29, 67
77.3, 35
77.31, 5
77.32, 30
77.33, 103
77.34, 19
77.35, 40
77.36, 3
77.37, 8
77.38, 14
77.39, 71
77.4, 10
77.41, 39
77.42, 55
77.43, 39
77.44, 13
77.45, 29
77.46, 18
77.47, 108
77.48, 29
77.49, 50
77.5, 39
77.51, 2
77.52, 23
77.53, 113
77.54, 13
77.55, 44
77.56, 28
77.57, 54
77.58, 7
77.59, 32
77.6, 38
77.61, 64
77.62, 16
77.63, 1
77.64, 1
77.65, 6
77.66, 79
77.67, 53
77.68, 32
77.69, 58
77.7, 4
77.71, 48
77.72, 63
77.73, 0
77.74, 27
77.75, 53
77.76, 53
77.77, 47
77.78, 11
77.79, 16
77.8, 15
77.81, 0
77.82, 7
77.83, 31
77.84, 9
77.85, 50
77.86, 13
77.87, 2
77.88, 7
77.89, 50
77.9, 5
77.91, 8
77.92, 3
77.93, 4
77.94, 14
77.95, 14
77.96, 66
77.97, 29
77.98, 66
77.99, 3
78, 56
78.01, 1
78.02, 1
78.03, 19
78.04, 56
78.05, 19
78.06, 61
78.07, 13
78.08, 19
78.09, 50
78.1, 98
78.11, 34
78.12, 34
78.13, 3
78.14, 124
78.15, 56
78.16, 13
78.17, 7
78.18, 3
78.19, 30
78.2, 9
78.21, 1
78.22, 51
78.23, 4
78.24, 25
78.25, 46
78.26, 25
78.27, 20
78.28, 93
78.29, 51
78.3, 15
78.31, 4
78.32, 16
78.33, 22
78.34, 11
78.35, 32
78.36, 43
78.37, 6
78.38, 32
78.39, 74
78.4, 16
78.41, 65
78.42, 23
78.43, 91
78.44, 7
78.45, 8
78.46, 34
78.47, 64
78.48, 6
78.49, 38
78.5, 12
78.51, 75
78.52, 22
78.53, 11
78.54, 38
78.55, 59
78.56, 54
78.57, 54
78.58, 6
78.59, 27
78.6, 89
78.61, 58
78.62, 4
78.63, 74
78.64, 63
78.65, 84
78.66, 11
78.67, 37
78.68, 53
78.69, 63
78.7, 69
78.71, 16
78.72, 53
78.73, 106
78.74, 95
78.75, 64
78.76, 69
78.77, 74
78.78, 64
78.79, 53
78.8, 16
78.81, 85
78.82, 38
78.83, 6
78.84, 1
78.85, 63
78.86, 105
78.87, 37
78.88, 11
78.89, 43
78.9, 59
78.91, 22
78.92, 80
78.93, 85
78.94, 64
78.95, 49
78.96, 80
78.97, 39
78.98, 34
78.99, 70
79, 92
79.01, 118
79.02, 2
79.03, 35
79.04, 51
79.05, 4
79.06, 35
79.07, 62
79.08, 30
79.09, 0
79.1, 5
79.11, 46
79.12, 20
79.13, 56
79.14, 93
79.15, 14
79.16, 40
79.17, 46
79.18, 19
79.19, 61
79.2, 14
79.21, 46
79.22, 9
79.23, 46
79.24, 14
79.25, 98
79.26, 25
79.27, 4
79.28, 20
79.29, 0
79.3, 62
79.31, 25
79.32, 10
79.33, 46
79.34, 57
79.35, 15
79.36, 36
79.37, 36
79.38, 3
79.39, 99
79.4, 31
79.41, 57
79.42, 5
79.43, 73
79.44, 36
79.45, 84
79.46, 0
79.47, 63
79.48, 5
79.49, 10
79.5, 31
79.51, 17
79.52, 32
79.53, 63
79.54, 5
79.55, 53
79.56, 63
79.57, 69
79.58, 117
79.59, 33
79.6, 16
79.61, 17
79.62, 54
79.63, 17
79.64, 38
79.65, 5
79.66, 17
79.67, 128
79.68, 28
79.69, 8
79.7, 33
79.71, 38
79.72, 33
79.73, 38
79.74, 39
79.75, 7
79.76, 39
79.77, 12
79.78, 12
79.79, 2
79.8, 55
79.81, 44
79.82, 44
79.83, 2
79.84, 15
79.85, 57
79.86, 88
79.87, 36
79.88, 25
79.89, 52
79.9, 42
79.91, 42
79.92, 10
79.93, 37
79.94, 0
79.95, 0
79.96, 37
79.97, 0
79.98, 42
79.99, 16
80, 27
80.01, 5
80.02, 74
80.03, 79
80.04, 11
80.05, 95
80.06, 27
80.07, 22
80.08, 0
80.09, 69
80.1, 43
80.11, 6
80.12, 33
80.13, 3
80.14, 70
80.15, 17
80.16, 8
80.17, 7
80.18, 1
80.19, 38
80.2, 6
80.21, 30
80.22, 11
80.23, 61
80.24, 62
80.25, 51
80.26, 62
80.27, 9
80.28, 25
80.29, 30
80.3, 30
80.31, 1
80.32, 40
80.33, 61
80.34, 1
80.35, 77
80.36, 30
80.37, 14
80.38, 25
80.39, 46
80.4, 62
80.41, 78
80.42, 25
80.43, 41
80.44, 30
80.45, 26
80.46, 31
80.47, 68
80.48, 0
80.49, 68
80.5, 33
80.51, 22
80.52, 86
80.53, 65
80.54, 44
80.55, 44
80.56, 60
80.57, 45
80.58, 91
80.59, 65
80.6, 70
80.61, 12
80.62, 17
80.63, 28
80.64, 54
80.65, 65
80.66, 54
80.67, 23
80.68, 28
80.69, 12
80.7, 7
80.71, 21
80.72, 6
80.73, 0
80.74, 53
80.75, 32
80.76, 11
80.77, 6
80.78, 22
80.79, 44
80.8, 37
80.81, 74
80.82, 58
80.83, 0
80.84, 42
80.85, 74
80.86, 64
80.87, 53
80.88, 85
80.89, 26
80.9, 16
80.91, 74
80.92, 26
80.93, 53
80.94, 48
80.95, 48
80.96, 42
80.97, 53
80.98, 32
80.99, 21
81, 37
81.01, 27
81.02, 53
81.03, 20
81.04, 32
81.05, 58
81.06, 53
81.07, 11
81.08, 43
81.09, 3
81.1, 33
81.11, 39
81.12, 54
81.13, 112
81.14, 49
81.15, 49
81.16, 54
81.17, 60
81.18, 23
81.19, 97
81.2, 18
81.21, 43
81.22, 33
81.23, 49
81.24, 28
81.25, 96
81.26, 107
81.27, 33
81.28, 38
81.29, 27
81.3, 6
81.31, 48
81.32, 85
81.33, 48
81.34, 59
81.35, 75
81.36, 43
81.37, 16
81.38, 22
81.39, 24
81.4, 37
81.41, 53
81.42, 30
81.43, 73
81.44, 63
81.45, 68
81.46, 21
81.47, 52
81.48, 52
81.49, 5
81.5, 42
81.51, 57
81.52, 52
81.53, 84
81.54, 15
81.55, 15
81.56, 68
81.57, 21
81.58, 10
81.59, 52
81.6, 15
81.61, 26
81.62, 26
81.63, 37
81.64, 0
81.65, 5
81.66, 4
81.67, 26
81.68, 27
81.69, 4
81.7, 4
81.71, 37
81.72, 5
81.73, 42
81.74, 63
81.75, 63
81.76, 37
81.77, 42
81.78, 58
81.79, 53
81.8, 0
81.81, 27
81.82, 16
81.83, 37
81.84, 48
81.85, 105
81.86, 27
81.87, 11
81.88, 43
81.89, 48
81.9, 106
81.91, 48
81.92, 16
81.93, 6
81.94, 11
81.95, 1
81.96, 4
81.97, 26
81.98, 4
81.99, 33
82, 33
82.01, 64
82.02, 48
82.03, 27
82.04, 8
82.05, 64
82.06, 96
82.07, 54
82.08, 27
82.09, 27
82.1, 12
82.11, 59
82.12, 80
82.13, 59
82.14, 75
82.15, 38
82.16, 49
82.17, 60
82.18, 82
82.19, 8
82.2, 50
82.21, 55
82.22, 34
82.23, 69
82.24, 43
82.25, 22
82.26, 17
82.27, 75
82.28, 2
82.29, 12
82.3, 2
82.31, 39
82.32, 39
82.33, 65
82.34, 7
82.35, 112
82.36, 2
82.37, 65
82.38, 33
82.39, 23
82.4, 75
82.41, 12
82.42, 86
82.43, 54
82.44, 49
82.45, 2
82.46, 49
82.47, 28
82.48, 28
82.49, 45
82.5, 18
82.51, 29
82.52, 18
82.53, 39
82.54, 71
82.55, 34
82.56, 29
82.57, 108
82.58, 3
82.59, 26
82.6, 58
82.61, 48
82.62, 5
82.63, 21
82.64, 48
82.65, 79
82.66, 63
82.67, 53
82.68, 16
82.69, 53
82.7, 58
82.71, 90
82.72, 37
82.73, 26
82.74, 69
82.75, 53
82.76, 32
82.77, 37
82.78, 63
82.79, 37
82.8, 53
82.81, 4
82.82, 43
82.83, 27
82.84, 11
82.85, 0
82.86, 16
82.87, 63
82.88, 74
82.89, 57
82.9, 78
82.91, 67
82.92, 61
82.93, 45
82.94, 24
82.95, 19
82.96, 14
82.97, 40
82.98, 25
82.99, 1
83, 67
83.01, 62
83.02, 4
83.03, 40
83.04, 36
83.05, 9
83.06, 2
83.07, 9
83.08, 46
83.09, 78
83.1, 9
83.11, 41
83.12, 25
83.13, 41
83.14, 88
83.15, 9
83.16, 93
83.17, 19
83.18, 13
83.19, 61
83.2, 61
83.21, 66
83.22, 19
83.23, 24
83.24, 18
83.25, 55
83.26, 18
83.27, 87
83.28, 13
83.29, 13
83.3, 2
83.31, 45
83.32, 55
83.33, 24
83.34, 39
83.35, 7
83.36, 2
83.37, 3
83.38, 76
83.39, 39
83.4, 45
83.41, 39
83.42, 13
83.43, 61
83.44, 8
83.45, 7
83.46, 50
83.47, 1
83.48, 13
83.49, 1
83.5, 60
83.51, 18
83.52, 86
83.53, 12
83.54, 23
83.55, 18
83.56, 29
83.57, 8
83.58, 39
83.59, 55
83.6, 29
83.61, 29
83.62, 50
83.63, 24
83.64, 13
83.65, 2
83.66, 34
83.67, 18
83.68, 6
83.69, 82
83.7, 19
83.71, 40
83.72, 45
83.73, 24
83.74, 40
83.75, 124
83.76, 46
83.77, 14
83.78, 82
83.79, 51
83.8, 1
83.81, 61
83.82, 24
83.83, 18
83.84, 29
83.85, 71
83.86, 19
83.87, 45
83.88, 50
83.89, 103
83.9, 56
83.91, 29
83.92, 40
83.93, 19
83.94, 35
83.95, 1
83.96, 24
83.97, 51
83.98, 4
83.99, 67
84, 56
84.01, 5
84.02, 35
84.03, 9
84.04, 19
84.05, 62
84.06, 35
84.07, 41
84.08, 30
84.09, 73
84.1, 82
84.11, 124
84.12, 24
84.13, 108
84.14, 45
84.15, 1
84.16, 40
84.17, 40
84.18, 40
84.19, 22
84.2, 44
84.21, 23
84.22, 91
84.23, 1
84.24, 37
84.25, 68
84.26, 21
84.27, 95
84.28, 74
84.29, 22
84.3, 16
84.31, 27
84.32, 90
84.33, 22
84.34, 32
84.35, 26
84.36, 48
84.37, 90
84.38, 32
84.39, 90
84.4, 22
84.41, 58
84.42, 80
84.43, 48
84.44, 90
84.45, 33
84.46, 70
84.47, 33
84.48, 85
84.49, 70
84.5, 96
84.51, 79
84.52, 90
84.53, 74
84.54, 53
84.55, 75
84.56, 85
84.57, 43
84.58, 32
84.59, 6
84.6, 90
84.61, 1
84.62, 68
84.63, 37
84.64, 47
84.65, 90
84.66, 0
84.67, 85
84.68, 38
84.69, 17
84.7, 86
84.71, 75
84.72, 23
84.73, 92
84.74, 2
84.75, 4
84.76, 61
84.77, 9
84.78, 51
84.79, 73
84.8, 42
84.81, 110
84.82, 11
84.83, 12
84.84, 39
84.85, 45
84.86, 61
84.87, 1
84.88, 74
84.89, 90
84.9, 27
84.91, 44
84.92, 38
84.93, 2
84.94, 57
84.95, 88
84.96, 24
84.97, 65
84.98, 0
84.99, 44
85, 0
85.01, 0
85.02, 0
85.03, 0
85.04, 0
85.05, 0
85.06, 0
85.07, 0
85.08, 0
85.09, 0
85.1, 0
85.11, 0
85.12, 0
85.13, 0
85.14, 0
85.15, 0
85.16, 0
85.17, 0
85.18, 0
85.19, 0
85.2, 0
85.21, 0
85.22, 0
85.23, 0
85.24, 0
85.25, 0
85.26, 0
85.27, 0
85.28, 0
85.29, 0
85.3, 0
85.31, 0
85.32, 0
85.33, 0
85.34, 0
85.35, 0
85.36, 0
85.37, 0
85.38, 0
85.39, 0
85.4, 0
85.41, 0
85.42, 0
85.43, 0
85.44, 0
85.45, 0
85.46, 0
85.47, 0
85.48, 0
85.49, 0
85.5, 0
85.51, 0
85.52, 0
85.53, 0
85.54, 0
85.55, 0
85.56, 0
85.57, 0
85.58, 0
85.59, 0
85.6, 0
85.61, 0
85.62, 0
85.63, 0
85.64, 0
85.65, 0
85.66, 0
85.67, 0
85.68, 0
85.69, 0
85.7, 0
85.71, 0
85.72, 0
85.73, 0
85.74, 0
85.75, 0
85.76, 0
85.77, 0
85.78, 0
85.79, 0
85.8, 0
85.81, 0
85.82, 0
85.83, 0
85.84, 0
85.85, 0
85.86, 0
85.87, 0
85.88, 0
85.89, 0
85.9, 0
85.91, 0
85.92, 0
85.93, 0
85.94, 0
85.95, 0
85.96, 0
85.97, 0
85.98, 0
85.99, 0
86, 0
86.01, 0
86.02, 0
86.03, 0
86.04, 0
86.05, 0
86.06, 0
86.07, 0
86.08, 0
86.09, 0
86.1, 0
86.11, 0
86.12, 0
86.13, 0
86.14, 0
86.15, 0
86.16, 0
86.17, 0
86.18, 0
86.19, 0
86.2, 0
86.21, 0
86.22, 0
86.23, 0
86.24, 0
86.25, 0
86.26, 0
86.27, 0
86.28, 0
86.29, 0
86.3, 0
86.31, 0
86.32, 0
86.33, 0
86.34, 0
86.35, 0
86.36, 0
86.37, 0
86.38, 0
86.39, 0
86.4, 0
86.41, 0
86.42, 0
86.43, 0
86.44, 0
86.45, 0
86.46, 0
86.47, 0
86.48, 0
86.49, 0
86.5, 0
86.51, 0
86.52, 0
86.53, 0
86.54, 0
86.55, 0
86.56, 0
86.57, 0
86.58, 0
86.59, 0
86.6, 0
86.61, 0
86.62, 0
86.63, 0
86.64, 0
86.65, 0
86.66, 0
86.67, 0
86.68, 0
86.69, 0
86.7, 0
86.71, 0
86.72, 0
86.73, 0
86.74, 0
86.75, 0
86.76, 0
86.77, 0
86.78, 0
86.79, 0
86.8, 0
86.81, 0
86.82, 0
86.83, 0
86.84, 0
86.85, 0
86.86, 0
86.87, 0
86.88, 0
86.89, 0
86.9, 0
86.91, 0
86.92, 0
86.93, 0
86.94, 0
86.95, 0
86.96, 0
86.97, 0
86.98, 0
86.99, 0
87, 0
87.01, 0
87.02, 0
87.03, 0
87.04, 0
87.05, 0
87.06, 0
87.07, 0
87.08, 0
87.09, 0
87.1, 0
87.11, 0
87.12, 0
87.13, 0
87.14, 0
87.15, 0
87.16, 0
87.17, 0
87.18, 0
87.19, 0
87.2, 0
87.21, 0
87.22, 0
87.23, 0
87.24, 0
87.25, 0
87.26, 0
87.27, 0
87.28, 0
87.29, 0
87.3, 0
87.31, 0
87.32, 0
87.33, 0
87.34, 0
87.35, 0
87.36, 0
87.37, 0
87.38, 0
87.39, 0
87.4, 0
87.41, 0
87.42, 0
87.43, 0
87.44, 0
87.45, 0
87.46, 0
87.47, 0
87.48, 0
87.49, 0
87.5, 0
87.51, 0
87.52, 0
87.53, 0
87.54, 0
87.55, 0
87.56, 0
87.57, 0
87.58, 0
87.59, 0
87.6, 0
87.61, 0
87.62, 0
87.63, 0
87.64, 0
87.65, 0
87.66, 0
87.67, 0
87.68, 0
87.69, 0
87.7, 0
87.71, 0
87.72, 0
87.73, 0
87.74, 0
87.75, 0
87.76, 0
87.77, 0
87.78, 0
87.79, 0
87.8, 0
87.81, 0
87.82, 0
87.83, 0
87.84, 0
87.85, 0
87.86, 0
87.87, 0
87.88, 0
87.89, 0
87.9, 0
87.91, 0
87.92, 0
87.93, 0
87.94, 0
87.95, 0
87.96, 0
87.97, 0
87.98, 0
87.99, 0
88, 0
88.01, 0
88.02, 0
88.03, 0
88.04, 0
88.05, 0
88.06, 0
88.07, 0
88.08, 0
88.09, 0
88.1, 0
88.11, 0
88.12, 0
88.13, 0
88.14, 0
88.15, 0
88.16, 0
88.17, 0
88.18, 0
88.19, 0
88.2, 0
88.21, 0
88.22, 0
88.23, 0
88.24, 0
88.25, 0
88.26, 0
88.27, 0
88.28, 0
88.29, 0
88.3, 0
88.31, 0
88.32, 0
88.33, 0
88.34, 0
88.35, 0
88.36, 0
88.37, 0
88.38, 0
88.39, 0
88.4, 0
88.41, 0
88.42, 0
88.43, 0
88.44, 0
88.45, 0
88.46, 0
88.47, 0
88.48, 0
88.49, 0
88.5, 0
88.51, 0
88.52, 0
88.53, 0
88.54, 0
88.55, 0
88.56, 0
88.57, 0
88.58, 0
88.59, 0
88.6, 0
88.61, 0
88.62, 0
88.63, 0
88.64, 0
88.65, 0
88.66, 0
88.67, 0
88.68, 0
88.69, 0
88.7, 0
88.71, 0
88.72, 0
88.73, 0
88.74, 0
88.75, 0
88.76, 0
88.77, 0
88.78, 0
88.79, 0
88.8, 0
88.81, 0
88.82, 0
88.83, 0
88.84, 0
88.85, 0
88.86, 0
88.87, 0
88.88, 0
88.89, 0
88.9, 0
88.91, 0
88.92, 0
88.93, 0
88.94, 0
88.95, 0
88.96, 0
88.97, 0
88.98, 0
88.99, 0
89, 0
89.01, 0
89.02, 0
89.03, 0
89.04, 0
89.05, 0
89.06, 0
89.07, 0
89.08, 0
89.09, 0
89.1, 0
89.11, 0
89.12, 0
89.13, 0
89.14, 0
89.15, 0
89.16, 0
89.17, 0
89.18, 0
89.19, 0
89.2, 0
89.21, 0
89.22, 0
89.23, 0
89.24, 0
89.25, 0
89.26, 0
89.27, 0
89.28, 0
89.29, 0
89.3, 0
89.31, 0
89.32, 0
89.33, 0
89.34, 0
89.35, 0
89.36, 0
89.37, 0
89.38, 0
89.39, 0
89.4, 0
89.41, 0
89.42, 0
89.43, 0
89.44, 0
89.45, 0
89.46, 0
89.47, 0
89.48, 0
89.49, 0
89.5, 0
89.51, 0
89.52, 0
89.53, 0
89.54, 0
89.55, 0
89.56, 0
89.57, 0
89.58, 0
89.59, 0
89.6, 0
89.61, 0
89.62, 0
89.63, 0
89.64, 0
89.65, 0
89.66, 0
89.67, 0
89.68, 0
89.69, 0
89.7, 0
89.71, 0
89.72, 0
89.73, 0
89.74, 0
89.75, 0
89.76, 0
89.77, 0
89.78, 0
89.79, 0
89.8, 0
89.81, 0
89.82, 0
89.83, 0
89.84, 0
89.85, 0
89.86, 0
89.87, 0
89.88, 0
89.89, 0
89.9, 0
89.91, 0
89.92, 0
89.93, 0
89.94, 0
89.95, 0
89.96, 0
89.97, 0
89.98, 0
89.99, 0
90, 0
90.01, 0
90.02, 0
90.03, 0
90.04, 0
90.05, 0
90.06, 0
90.07, 0
90.08, 0
90.09, 0
90.1, 0
90.11, 0
90.12, 0
90.13, 0
90.14, 0
90.15, 0
90.16, 0
90.17, 0
90.18, 0
90.19, 0
90.2, 0
90.21, 0
90.22, 0
90.23, 0
90.24, 0
90.25, 0
90.26, 0
90.27, 0
90.28, 0
90.29, 0
90.3, 0
90.31, 0
90.32, 0
90.33, 0
90.34, 0
90.35, 0
90.36, 0
90.37, 0
90.38, 0
90.39, 0
90.4, 0
90.41, 0
90.42, 0
90.43, 0
90.44, 0
90.45, 0
90.46, 0
90.47, 0
90.48, 0
90.49, 0
90.5, 0
90.51, 0
90.52, 0
90.53, 0
90.54, 0
90.55, 0
90.56, 0
90.57, 0
90.58, 0
90.59, 0
90.6, 0
90.61, 0
90.62, 0
90.63, 0
90.64, 0
90.65, 0
90.66, 0
90.67, 0
90.68, 0
90.69, 0
90.7, 0
90.71, 0
90.72, 0
90.73, 0
90.74, 0
90.75, 0
90.76, 0
90.77, 0
90.78, 0
90.79, 0
90.8, 0
90.81, 0
90.82, 0
90.83, 0
90.84, 0
90.85, 0
90.86, 0
90.87, 0
90.88, 0
90.89, 0
90.9, 0
90.91, 0
90.92, 0
90.93, 0
90.94, 0
90.95, 0
90.96, 0
90.97, 0
90.98, 0
90.99, 0
91, 0
91.01, 0
91.02, 0
91.03, 0
91.04, 0
91.05, 0
91.06, 0
91.07, 0
91.08, 0
91.09, 0
91.1, 0
91.11, 0
91.12, 0
91.13, 0
91.14, 0
91.15, 0
91.16, 0
91.17, 0
91.18, 0
91.19, 0
91.2, 0
91.21, 0
91.22, 0
91.23, 0
91.24, 0
91.25, 0
91.26, 0
91.27, 0
91.28, 0
91.29, 0
91.3, 0
91.31, 0
91.32, 0
91.33, 0
91.34, 0
91.35, 0
91.36, 0
91.37, 0
91.38, 0
91.39, 0
91.4, 0
91.41, 0
91.42, 0
91.43, 0
91.44, 0
91.45, 0
91.46, 0
91.47, 0
91.48, 0
91.49, 0
91.5, 0
91.51, 0
91.52, 0
91.53, 0
91.54, 0
91.55, 0
91.56, 0
91.57, 0
91.58, 0
91.59, 0
91.6, 0
91.61, 0
91.62, 0
91.63, 0
91.64, 0
91.65, 0
91.66, 0
91.67, 0
91.68, 0
91.69, 0
91.7, 0
91.71, 0
91.72, 0
91.73, 0
91.74, 0
91.75, 0
91.76, 0
91.77, 0
91.78, 0
91.79, 0
91.8, 0
91.81, 0
91.82, 0
91.83, 0
91.84, 0
91.85, 0
91.86, 0
91.87, 0
91.88, 0
91.89, 0
91.9, 0
91.91, 0
91.92, 0
91.93, 0
91.94, 0
91.95, 0
91.96, 0
91.97, 0
91.98, 0
91.99, 0
92, 0
92.01, 0
92.02, 0
92.03, 0
92.04, 0
92.05, 0
92.06, 0
92.07, 0
92.08, 0
92.09, 0
92.1, 0
92.11, 0
92.12, 0
92.13, 0
92.14, 0
92.15, 0
92.16, 0
92.17, 0
92.18, 0
92.19, 0
92.2, 0
92.21, 0
92.22, 0
92.23, 0
92.24, 0
92.25, 0
92.26, 0
92.27, 0
92.28, 0
92.29, 0
92.3, 0
92.31, 0
92.32, 0
92.33, 0
92.34, 0
92.35, 0
92.36, 0
92.37, 0
92.38, 0
92.39, 0
92.4, 0
92.41, 0
92.42, 0
92.43, 0
92.44, 0
92.45, 0
92.46, 0
92.47, 0
92.48, 0
92.49, 0
92.5, 0
92.51, 0
92.52, 0
92.53, 0
92.54, 0
92.55, 0
92.56, 0
92.57, 0
92.58, 0
92.59, 0
92.6, 0
92.61, 0
92.62, 0
92.63, 0
92.64, 0
92.65, 0
92.66, 0
92.67, 0
92.68, 0
92.69, 0
92.7, 0
92.71, 0
92.72, 0
92.73, 0
92.74, 0
92.75, 0
92.76, 0
92.77, 0
92.78, 0
92.79, 0
92.8, 0
92.81, 0
92.82, 0
92.83, 0
92.84, 0
92.85, 0
92.86, 0
92.87, 0
92.88, 0
92.89, 0
92.9, 0
92.91, 0
92.92, 0
92.93, 0
92.94, 0
92.95, 0
92.96, 0
92.97, 0
92.98, 0
92.99, 0
93, 0
93.01, 0
93.02, 0
93.03, 0
93.04, 0
93.05, 0
93.06, 0
93.07, 0
93.08, 0
93.09, 0
93.1, 0
93.11, 0
93.12, 0
93.13, 0
93.14, 0
93.15, 0
93.16, 0
93.17, 0
93.18, 0
93.19, 0
93.2, 0
93.21, 0
93.22, 0
93.23, 0
93.24, 0
93.25, 0
93.26, 0
93.27, 0
93.28, 0
93.29, 0
93.3, 0
93.31, 0
93.32, 0
93.33, 0
93.34, 0
93.35, 0
93.36, 0
93.37, 0
93.38, 0
93.39, 0
93.4, 0
93.41, 0
93.42, 0
93.43, 0
93.44, 0
93.45, 0
93.46, 0
93.47, 0
93.48, 0
93.49, 0
93.5, 0
93.51, 0
93.52, 0
93.53, 0
93.54, 0
93.55, 0
93.56, 0
93.57, 0
93.58, 0
93.59, 0
93.6, 0
93.61, 0
93.62, 0
93.63, 0
93.64, 0
93.65, 0
93.66, 0
93.67, 0
93.68, 0
93.69, 0
93.7, 0
93.71, 0
93.72, 0
93.73, 0
93.74, 0
93.75, 0
93.76, 0
93.77, 0
93.78, 0
93.79, 0
93.8, 0
93.81, 0
93.82, 0
93.83, 0
93.84, 0
93.85, 0
93.86, 0
93.87, 0
93.88, 0
93.89, 0
93.9, 0
93.91, 0
93.92, 0
93.93, 0
93.94, 0
93.95, 0
93.96, 0
93.97, 0
93.98, 0
93.99, 0
94, 0
94.01, 0
94.02, 0
94.03, 0
94.04, 0
94.05, 0
94.06, 0
94.07, 0
94.08, 0
94.09, 0
94.1, 0
94.11, 0
94.12, 0
94.13, 0
94.14, 0
94.15, 0
94.16, 0
94.17, 0
94.18, 0
94.19, 0
94.2, 0
94.21, 0
94.22, 0
94.23, 0
94.24, 0
94.25, 0
94.26, 0
94.27, 0
94.28, 0
94.29, 0
94.3, 0
94.31, 0
94.32, 0
94.33, 0
94.34, 0
94.35, 0
94.36, 0
94.37, 0
94.38, 0
94.39, 0
94.4, 0
94.41, 0
94.42, 0
94.43, 0
94.44, 0
94.45, 0
94.46, 0
94.47, 0
94.48, 0
94.49, 0
94.5, 0
94.51, 0
94.52, 0
94.53, 0
94.54, 0
94.55, 0
94.56, 0
94.57, 0
94.58, 0
94.59, 0
94.6, 0
94.61, 0
94.62, 0
94.63, 0
94.64, 0
94.65, 0
94.66, 0
94.67, 0
94.68, 0
94.69, 0
94.7, 0
94.71, 0
94.72, 0
94.73, 0
94.74, 0
94.75, 0
94.76, 0
94.77, 0
94.78, 0
94.79, 0
94.8, 0
94.81, 0
94.82, 0
94.83, 0
94.84, 0
94.85, 0
94.86, 0
94.87, 0
94.88, 0
94.89, 0
94.9, 0
94.91, 0
94.92, 0
94.93, 0
94.94, 0
94.95, 0
94.96, 0
94.97, 0
94.98, 0
94.99, 0
95, 0
95.01, 0
95.02, 0
95.03, 0
95.04, 0
95.05, 0
95.06, 0
95.07, 0
95.08, 0
95.09, 0
95.1, 0
95.11, 0
95.12, 0
95.13, 0
95.14, 0
95.15, 0
95.16, 0
95.17, 0
95.18, 0
95.19, 0
95.2, 0
95.21, 0
95.22, 0
95.23, 0
95.24, 0
95.25, 0
95.26, 0
95.27, 0
95.28, 0
95.29, 0
95.3, 0
95.31, 0
95.32, 0
95.33, 0
95.34, 0
95.35, 0
95.36, 0
95.37, 0
95.38, 0
95.39, 0
95.4, 0
95.41, 0
95.42, 0
95.43, 0
95.44, 0
95.45, 0
95.46, 0
95.47, 0
95.48, 0
95.49, 0
95.5, 0
95.51, 0
95.52, 0
95.53, 0
95.54, 0
95.55, 0
95.56, 0
95.57, 0
95.58, 0
95.59, 0
95.6, 0
95.61, 0
95.62, 0
95.63, 0
95.64, 0
95.65, 0
95.66, 0
95.67, 0
95.68, 0
95.69, 0
95.7, 0
95.71, 0
95.72, 0
95.73, 0
95.74, 0
95.75, 0
95.76, 0
95.77, 0
95.78, 0
95.79, 0
95.8, 0
95.81, 0
95.82, 0
95.83, 0
95.84, 0
95.85, 0
95.86, 0
95.87, 0
95.88, 0
95.89, 0
95.9, 0
95.91, 0
95.92, 0
95.93, 0
95.94, 0
95.95, 0
95.96, 0
95.97, 0
95.98, 0
95.99, 0
96, 0
96.01, 0
96.02, 0
96.03, 0
96.04, 0
96.05, 0
96.06, 0
96.07, 0
96.08, 0
96.09, 0
96.1, 0
96.11, 0
96.12, 0
96.13, 0
96.14, 0
96.15, 0
96.16, 0
96.17, 0
96.18, 0
96.19, 0
96.2, 0
96.21, 0
96.22, 0
96.23, 0
96.24, 0
96.25, 0
96.26, 0
96.27, 0
96.28, 0
96.29, 0
96.3, 0
96.31, 0
96.32, 0
96.33, 0
96.34, 0
96.35, 0
96.36, 0
96.37, 0
96.38, 0
96.39, 0
96.4, 0
96.41, 0
96.42, 0
96.43, 0
96.44, 0
96.45, 0
96.46, 0
96.47, 0
96.48, 0
96.49, 0
96.5, 0
96.51, 0
96.52, 0
96.53, 0
96.54, 0
96.55, 0
96.56, 0
96.57, 0
96.58, 0
96.59, 0
96.6, 0
96.61, 0
96.62, 0
96.63, 0
96.64, 0
96.65, 0
96.66, 0
96.67, 0
96.68, 0
96.69, 0
96.7, 0
96.71, 0
96.72, 0
96.73, 0
96.74, 0
96.75, 0
96.76, 0
96.77, 0
96.78, 0
96.79, 0
96.8, 0
96.81, 0
96.82, 0
96.83, 0
96.84, 0
96.85, 0
96.86, 0
96.87, 0
96.88, 0
96.89, 0
96.9, 0
96.91, 0
96.92, 0
96.93, 0
96.94, 0
96.95, 0
96.96, 0
96.97, 0
96.98, 0
96.99, 0
97, 0
97.01, 0
97.02, 0
97.03, 0
97.04, 0
97.05, 0
97.06, 0
97.07, 0
97.08, 0
97.09, 0
97.1, 0
97.11, 0
97.12, 0
97.13, 0
97.14, 0
97.15, 0
97.16, 0
97.17, 0
97.18, 0
97.19, 0
97.2, 0
97.21, 0
97.22, 0
97.23, 0
97.24, 0
97.25, 0
97.26, 0
97.27, 0
97.28, 0
97.29, 0
97.3, 0
97.31, 0
97.32, 0
97.33, 0
97.34, 0
97.35, 0
97.36, 0
97.37, 0
97.38, 0
97.39, 0
97.4, 0
97.41, 0
97.42, 0
97.43, 0
97.44, 0
97.45, 0
97.46, 0
97.47, 0
97.48, 0
97.49, 0
97.5, 0
97.51, 0
97.52, 0
97.53, 0
97.54, 0
97.55, 0
97.56, 0
97.57, 0
97.58, 0
97.59, 0
97.6, 0
97.61, 0
97.62, 0
97.63, 0
97.64, 0
97.65, 0
97.66, 0
97.67, 0
97.68, 0
97.69, 0
97.7, 0
97.71, 0
97.72, 0
97.73, 0
97.74, 0
97.75, 0
97.76, 0
97.77, 0
97.78, 0
97.79, 0
97.8, 0
97.81, 0
97.82, 0
97.83, 0
97.84, 0
97.85, 0
97.86, 0
97.87, 0
97.88, 0
97.89, 0
97.9, 0
97.91, 0
97.92, 0
97.93, 0
97.94, 0
97.95, 0
97.96, 0
97.97, 0
97.98, 0
97.99, 0
98, 0
98.01, 0
98.02, 0
98.03, 0
98.04, 0
98.05, 0
98.06, 0
98.07, 0
98.08, 0
98.09, 0
98.1, 0
98.11, 0
98.12, 0
98.13, 0
98.14, 0
98.15, 0
98.16, 0
98.17, 0
98.18, 0
98.19, 0
98.2, 0
98.21, 0
98.22, 0
98.23, 0
98.24, 0
98.25, 0
98.26, 0
98.27, 0
98.28, 0
98.29, 0
98.3, 0
98.31, 0
98.32, 0
98.33, 0
98.34, 0
98.35, 0
98.36, 0
98.37, 0
98.38, 0
98.39, 0
98.4, 0
98.41, 0
98.42, 0
98.43, 0
98.44, 0
98.45, 0
98.46, 0
98.47, 0
98.48, 0
98.49, 0
98.5, 0
98.51, 0
98.52, 0
98.53, 0
98.54, 0
98.55, 0
98.56, 0
98.57, 0
98.58, 0
98.59, 0
98.6, 0
98.61, 0
98.62, 0
98.63, 0
98.64, 0
98.65, 0
98.66, 0
98.67, 0
98.68, 0
98.69, 0
98.7, 0
98.71, 0
98.72, 0
98.73, 0
98.74, 0
98.75, 0
98.76, 0
98.77, 0
98.78, 0
98.79, 0
98.8, 0
98.81, 0
98.82, 0
98.83, 0
98.84, 0
98.85, 0
98.86, 0
98.87, 0
98.88, 0
98.89, 0
98.9, 0
98.91, 0
98.92, 0
98.93, 0
98.94, 0
98.95, 0
98.96, 0
98.97, 0
98.98, 0
98.99, 0
99, 0
99.01, 0
99.02, 0
99.03, 0
99.04, 0
99.05, 0
99.06, 0
99.07, 0
99.08, 0
99.09, 0
99.1, 0
99.11, 0
99.12, 0
99.13, 0
99.14, 0
99.15, 0
99.16, 0
99.17, 0
99.18, 0
99.19, 0
99.2, 0
99.21, 0
99.22, 0
99.23, 0
99.24, 0
99.25, 0
99.26, 0
99.27, 0
99.28, 0
99.29, 0
99.3, 0
99.31, 0
99.32, 0
99.33, 0
99.34, 0
99.35, 0
99.36, 0
99.37, 0
99.38, 0
99.39, 0
99.4, 0
99.41, 0
99.42, 0
99.43, 0
99.44, 0
99.45, 0
99.46, 0
99.47, 0
99.48, 0
99.49, 0
99.5, 0
99.51, 0
99.52, 0
99.53, 0
99.54, 0
99.55, 0
99.56, 0
99.57, 0
99.58, 0
99.59, 0
99.6, 0
99.61, 0
99.62, 0
99.63, 0
99.64, 0
99.65, 0
99.66, 0
99.67, 0
99.68, 0
99.69, 0
99.7, 0
99.71, 0
99.72, 0
99.73, 0
99.74, 0
99.75, 0
99.76, 0
99.77, 0
99.78, 0
99.79, 0
99.8, 0
99.81, 0
99.82, 0
99.83, 0
99.84, 0
99.85, 0
99.86, 0
99.87, 0
99.88, 0
99.89, 0
99.9, 0
99.91, 0
99.92, 0
99.93, 0
99.94, 0
99.95, 0
99.96, 0
99.97, 0
99.98, 0
99.99, 0
100, 0
100.01, 0
100.02, 0
100.03, 0
100.04, 0
100.05, 0
100.06, 0
100.07, 0
100.08, 0
100.09, 0
100.1, 0
100.11, 0
100.12, 0
100.13, 0
100.14, 0
100.15, 0
100.16, 0
100.17, 0
100.18, 0
100.19, 0
100.2, 0
100.21, 0
100.22, 0
100.23, 0
100.24, 0
100.25, 0
100.26, 0
100.27, 0
100.28, 0
100.29, 0
100.3, 0
100.31, 0
100.32, 0
100.33, 0
100.34, 0
100.35, 0
100.36, 0
100.37, 0
100.38, 0
100.39, 0
100.4, 0
100.41, 0
100.42, 0
100.43, 0
100.44, 0
100.45, 0
100.46, 0
100.47, 0
100.48, 0
100.49, 0
100.5, 0
100.51, 0
100.52, 0
100.53, 0
100.54, 0
100.55, 0
100.56, 0
100.57, 0
100.58, 0
100.59, 0
100.6, 0
100.61, 0
100.62, 0
100.63, 0
100.64, 0
100.65, 0
100.66, 0
100.67, 0
100.68, 0
100.69, 0
100.7, 0
100.71, 0
100.72, 0
100.73, 0
100.74, 0
100.75, 0
100.76, 0
100.77, 0
100.78, 0
100.79, 0
100.8, 0
100.81, 0
100.82, 0
100.83, 0
100.84, 0
100.85, 0
100.86, 0
100.87, 0
100.88, 0
100.89, 0
100.9, 0
100.91, 0
100.92, 0
100.93, 0
100.94, 0
100.95, 0
100.96, 0
100.97, 0
100.98, 0
100.99, 0
101, 0
101.01, 0
101.02, 0
101.03, 0
101.04, 0
101.05, 0
101.06, 0
101.07, 0
101.08, 0
101.09, 0
101.1, 0
101.11, 0
101.12, 0
101.13, 0
101.14, 0
101.15, 0
101.16, 0
101.17, 0
101.18, 0
101.19, 0
101.2, 0
101.21, 0
101.22, 0
101.23, 0
101.24, 0
101.25, 0
101.26, 0
101.27, 0
101.28, 0
101.29, 0
101.3, 0
101.31, 0
101.32, 0
101.33, 0
101.34, 0
101.35, 0
101.36, 0
101.37, 0
101.38, 0
101.39, 0
101.4, 0
101.41, 0
101.42, 0
101.43, 0
101.44, 0
101.45, 0
101.46, 0
101.47, 0
101.48, 0
101.49, 0
101.5, 0
101.51, 0
101.52, 0
101.53, 0
101.54, 0
101.55, 0
101.56, 0
101.57, 0
101.58, 0
101.59, 0
101.6, 0
101.61, 0
101.62, 0
101.63, 0
101.64, 0
101.65, 0
101.66, 0
101.67, 0
101.68, 0
101.69, 0
101.7, 0
101.71, 0
101.72, 0
101.73, 0
101.74, 0
101.75, 0
101.76, 0
101.77, 0
101.78, 0
101.79, 0
101.8, 0
101.81, 0
101.82, 0
101.83, 0
101.84, 0
101.85, 0
101.86, 0
101.87, 0
101.88, 0
101.89, 0
101.9, 0
101.91, 0
101.92, 0
101.93, 0
101.94, 0
101.95, 0
101.96, 0
101.97, 0
101.98, 0
101.99, 0
102, 0
102.01, 0
102.02, 0
102.03, 0
102.04, 0
102.05, 0
102.06, 0
102.07, 0
102.08, 0
102.09, 0
102.1, 0
102.11, 0
102.12, 0
102.13, 0
102.14, 0
102.15, 0
102.16, 0
102.17, 0
102.18, 0
102.19, 0
102.2, 0
102.21, 0
102.22, 0
102.23, 0
102.24, 0
102.25, 0
102.26, 0
102.27, 0
102.28, 0
102.29, 0
102.3, 0
102.31, 0
102.32, 0
102.33, 0
102.34, 0
102.35, 0
102.36, 0
102.37, 0
102.38, 0
102.39, 0
102.4, 0
102.41, 0
102.42, 0
102.43, 0
102.44, 0
102.45, 0
102.46, 0
102.47, 0
102.48, 0
102.49, 0
102.5, 0
102.51, 0
102.52, 0
102.53, 0
102.54, 0
102.55, 0
102.56, 0
102.57, 0
102.58, 0
102.59, 0
102.6, 0
102.61, 0
102.62, 0
102.63, 0
102.64, 0
102.65, 0
102.66, 0
102.67, 0
102.68, 0
102.69, 0
102.7, 0
102.71, 0
102.72, 0
102.73, 0
102.74, 0
102.75, 0
102.76, 0
102.77, 0
102.78, 0
102.79, 0
102.8, 0
102.81, 0
102.82, 0
102.83, 0
102.84, 0
102.85, 0
102.86, 0
102.87, 0
102.88, 0
102.89, 0
102.9, 0
102.91, 0
102.92, 0
102.93, 0
102.94, 0
102.95, 0
102.96, 0
102.97, 0
102.98, 0
102.99, 0
103, 0
103.01, 0
103.02, 0
103.03, 0
103.04, 0
103.05, 0
103.06, 0
103.07, 0
103.08, 0
103.09, 0
103.1, 0
103.11, 0
103.12, 0
103.13, 0
103.14, 0
103.15, 0
103.16, 0
103.17, 0
103.18, 0
103.19, 0
103.2, 0
103.21, 0
103.22, 0
103.23, 0
103.24, 0
103.25, 0
103.26, 0
103.27, 0
103.28, 0
103.29, 0
103.3, 0
103.31, 0
103.32, 0
103.33, 0
103.34, 0
103.35, 0
103.36, 0
103.37, 0
103.38, 0
103.39, 0
103.4, 0
103.41, 0
103.42, 0
103.43, 0
103.44, 0
103.45, 0
103.46, 0
103.47, 0
103.48, 0
103.49, 0
103.5, 0
103.51, 0
103.52, 0
103.53, 0
103.54, 0
103.55, 0
103.56, 0
103.57, 0
103.58, 0
103.59, 0
103.6, 0
103.61, 0
103.62, 0
103.63, 0
103.64, 0
103.65, 0
103.66, 0
103.67, 0
103.68, 0
103.69, 0
103.7, 0
103.71, 0
103.72, 0
103.73, 0
103.74, 0
103.75, 0
103.76, 0
103.77, 0
103.78, 0
103.79, 0
103.8, 0
103.81, 0
103.82, 0
103.83, 0
103.84, 0
103.85, 0
103.86, 0
103.87, 0
103.88, 0
103.89, 0
103.9, 0
103.91, 0
103.92, 0
103.93, 0
103.94, 0
103.95, 0
103.96, 0
103.97, 0
103.98, 0
103.99, 0
104, 0
104.01, 0
104.02, 0
104.03, 0
104.04, 0
104.05, 0
104.06, 0
104.07, 0
104.08, 0
104.09, 0
104.1, 0
104.11, 0
104.12, 0
104.13, 0
104.14, 0
104.15, 0
104.16, 0
104.17, 0
104.18, 0
104.19, 0
104.2, 0
104.21, 0
104.22, 0
104.23, 0
104.24, 0
104.25, 0
104.26, 0
104.27, 0
104.28, 0
104.29, 0
104.3, 0
104.31, 0
104.32, 0
104.33, 0
104.34, 0
104.35, 0
104.36, 0
104.37, 0
104.38, 0
104.39, 0
104.4, 0
104.41, 0
104.42, 0
104.43, 0
104.44, 0
104.45, 0
104.46, 0
104.47, 0
104.48, 0
104.49, 0
104.5, 0
104.51, 0
104.52, 0
104.53, 0
104.54, 0
104.55, 0
104.56, 0
104.57, 0
104.58, 0
104.59, 0
104.6, 0
104.61, 0
104.62, 0
104.63, 0
104.64, 0
104.65, 0
104.66, 0
104.67, 0
104.68, 0
104.69, 0
104.7, 0
104.71, 0
104.72, 0
104.73, 0
104.74, 0
104.75, 0
104.76, 0
104.77, 0
104.78, 0
104.79, 0
104.8, 0
104.81, 0
104.82, 0
104.83, 0
104.84, 0
104.85, 0
104.86, 0
104.87, 0
104.88, 0
104.89, 0
104.9, 0
104.91, 0
104.92, 0
104.93, 0
104.94, 0
104.95, 0
104.96, 0
104.97, 0
104.98, 0
104.99, 0
105, 0
105.01, 0
105.02, 0
105.03, 0
105.04, 0
105.05, 0
105.06, 0
105.07, 0
105.08, 0
105.09, 0
105.1, 0
105.11, 0
105.12, 0
105.13, 0
105.14, 0
105.15, 0
105.16, 0
105.17, 0
105.18, 0
105.19, 0
105.2, 0
105.21, 0
105.22, 0
105.23, 0
105.24, 0
105.25, 0
105.26, 0
105.27, 0
105.28, 0
105.29, 0
105.3, 0
105.31, 0
105.32, 0
105.33, 0
105.34, 0
105.35, 0
105.36, 0
105.37, 0
105.38, 0
105.39, 0
105.4, 0
105.41, 0
105.42, 0
105.43, 0
105.44, 0
105.45, 0
105.46, 0
105.47, 0
105.48, 0
105.49, 0
105.5, 0
105.51, 0
105.52, 0
105.53, 0
105.54, 0
105.55, 0
105.56, 0
105.57, 0
105.58, 0
105.59, 0
105.6, 0
105.61, 0
105.62, 0
105.63, 0
105.64, 0
105.65, 0
105.66, 0
105.67, 0
105.68, 0
105.69, 0
105.7, 0
105.71, 0
105.72, 0
105.73, 0
105.74, 0
105.75, 0
105.76, 0
105.77, 0
105.78, 0
105.79, 0
105.8, 0
105.81, 0
105.82, 0
105.83, 0
105.84, 0
105.85, 0
105.86, 0
105.87, 0
105.88, 0
105.89, 0
105.9, 0
105.91, 0
105.92, 0
105.93, 0
105.94, 0
105.95, 0
105.96, 0
105.97, 0
105.98, 0
105.99, 0
106, 0
106.01, 0
106.02, 0
106.03, 0
106.04, 0
106.05, 0
106.06, 0
106.07, 0
106.08, 0
106.09, 0
106.1, 0
106.11, 0
106.12, 0
106.13, 0
106.14, 0
106.15, 0
106.16, 0
106.17, 0
106.18, 0
106.19, 0
106.2, 0
106.21, 0
106.22, 0
106.23, 0
106.24, 0
106.25, 0
106.26, 0
106.27, 0
106.28, 0
106.29, 0
106.3, 0
106.31, 0
106.32, 0
106.33, 0
106.34, 0
106.35, 0
106.36, 0
106.37, 0
106.38, 0
106.39, 0
106.4, 0
106.41, 0
106.42, 0
106.43, 0
106.44, 0
106.45, 0
106.46, 0
106.47, 0
106.48, 0
106.49, 0
106.5, 0
106.51, 0
106.52, 0
106.53, 0
106.54, 0
106.55, 0
106.56, 0
106.57, 0
106.58, 0
106.59, 0
106.6, 0
106.61, 0
106.62, 0
106.63, 0
106.64, 0
106.65, 0
106.66, 0
106.67, 0
106.68, 0
106.69, 0
106.7, 0
106.71, 0
106.72, 0
106.73, 0
106.74, 0
106.75, 0
106.76, 0
106.77, 0
106.78, 0
106.79, 0
106.8, 0
106.81, 0
106.82, 0
106.83, 0
106.84, 0
106.85, 0
106.86, 0
106.87, 0
106.88, 0
106.89, 0
106.9, 0
106.91, 0
106.92, 0
106.93, 0
106.94, 0
106.95, 0
106.96, 0
106.97, 0
106.98, 0
106.99, 0
107, 0
107.01, 0
107.02, 0
107.03, 0
107.04, 0
107.05, 0
107.06, 0
107.07, 0
107.08, 0
107.09, 0
107.1, 0
107.11, 0
107.12, 0
107.13, 0
107.14, 0
107.15, 0
107.16, 0
107.17, 0
107.18, 0
107.19, 0
107.2, 0
107.21, 0
107.22, 0
107.23, 0
107.24, 0
107.25, 0
107.26, 0
107.27, 0
107.28, 0
107.29, 0
107.3, 0
107.31, 0
107.32, 0
107.33, 0
107.34, 0
107.35, 0
107.36, 0
107.37, 0
107.38, 0
107.39, 0
107.4, 0
107.41, 0
107.42, 0
107.43, 0
107.44, 0
107.45, 0
107.46, 0
107.47, 0
107.48, 0
107.49, 0
107.5, 0
107.51, 0
107.52, 0
107.53, 0
107.54, 0
107.55, 0
107.56, 0
107.57, 0
107.58, 0
107.59, 0
107.6, 0
107.61, 0
107.62, 0
107.63, 0
107.64, 0
107.65, 0
107.66, 0
107.67, 0
107.68, 0
107.69, 0
107.7, 0
107.71, 0
107.72, 0
107.73, 0
107.74, 0
107.75, 0
107.76, 0
107.77, 0
107.78, 0
107.79, 0
107.8, 0
107.81, 0
107.82, 0
107.83, 0
107.84, 0
107.85, 0
107.86, 0
107.87, 0
107.88, 0
107.89, 0
107.9, 0
107.91, 0
107.92, 0
107.93, 0
107.94, 0
107.95, 0
107.96, 0
107.97, 0
107.98, 0
107.99, 0
108, 0
108.01, 0
108.02, 0
108.03, 0
108.04, 0
108.05, 0
108.06, 0
108.07, 0
108.08, 0
108.09, 0
108.1, 0
108.11, 0
108.12, 0
108.13, 0
108.14, 0
108.15, 0
108.16, 0
108.17, 0
108.18, 0
108.19, 0
108.2, 0
108.21, 0
108.22, 0
108.23, 0
108.24, 0
108.25, 0
108.26, 0
108.27, 0
108.28, 0
108.29, 0
108.3, 0
108.31, 0
108.32, 0
108.33, 0
108.34, 0
108.35, 0
108.36, 0
108.37, 0
108.38, 0
108.39, 0
108.4, 0
108.41, 0
108.42, 0
108.43, 0
108.44, 0
108.45, 0
108.46, 0
108.47, 0
108.48, 0
108.49, 0
108.5, 0
108.51, 0
108.52, 0
108.53, 0
108.54, 0
108.55, 0
108.56, 0
108.57, 0
108.58, 0
108.59, 0
108.6, 0
108.61, 0
108.62, 0
108.63, 0
108.64, 0
108.65, 0
108.66, 0
108.67, 0
108.68, 0
108.69, 0
108.7, 0
108.71, 0
108.72, 0
108.73, 0
108.74, 0
108.75, 0
108.76, 0
108.77, 0
108.78, 0
108.79, 0
108.8, 0
108.81, 0
108.82, 0
108.83, 0
108.84, 0
108.85, 0
108.86, 0
108.87, 0
108.88, 0
108.89, 0
108.9, 0
108.91, 0
108.92, 0
108.93, 0
108.94, 0
108.95, 0
108.96, 0
108.97, 0
108.98, 0
108.99, 0
109, 0
109.01, 0
109.02, 0
109.03, 0
109.04, 0
109.05, 0
109.06, 0
109.07, 0
109.08, 0
109.09, 0
109.1, 0
109.11, 0
109.12, 0
109.13, 0
109.14, 0
109.15, 0
109.16, 0
109.17, 0
109.18, 0
109.19, 0
109.2, 0
109.21, 0
109.22, 0
109.23, 0
109.24, 0
109.25, 0
109.26, 0
109.27, 0
109.28, 0
109.29, 0
109.3, 0
109.31, 0
109.32, 0
109.33, 0
109.34, 0
109.35, 0
109.36, 0
109.37, 0
109.38, 0
109.39, 0
109.4, 0
109.41, 0
109.42, 0
109.43, 0
109.44, 0
109.45, 0
109.46, 0
109.47, 0
109.48, 0
109.49, 0
109.5, 0
109.51, 0
109.52, 0
109.53, 0
109.54, 0
109.55, 0
109.56, 0
109.57, 0
109.58, 0
109.59, 0
109.6, 0
109.61, 0
109.62, 0
109.63, 0
109.64, 0
109.65, 0
109.66, 0
109.67, 0
109.68, 0
109.69, 0
109.7, 0
109.71, 0
109.72, 0
109.73, 0
109.74, 0
109.75, 0
109.76, 0
109.77, 0
109.78, 0
109.79, 0
109.8, 0
109.81, 0
109.82, 0
109.83, 0
109.84, 0
109.85, 0
109.86, 0
109.87, 0
109.88, 0
109.89, 0
109.9, 0
109.91, 0
109.92, 0
109.93, 0
109.94, 0
109.95, 0
109.96, 0
109.97, 0
109.98, 0
109.99, 0
110, 0
110.01, 0
110.02, 0
110.03, 0
110.04, 0
110.05, 0
110.06, 0
110.07, 0
110.08, 0
110.09, 0
110.1, 0
110.11, 0
110.12, 0
110.13, 0
110.14, 0
110.15, 0
110.16, 0
110.17, 0
110.18, 0
110.19, 0
110.2, 0
110.21, 0
110.22, 0
110.23, 0
110.24, 0
110.25, 0
110.26, 0
110.27, 0
110.28, 0
110.29, 0
110.3, 0
110.31, 0
110.32, 0
110.33, 0
110.34, 0
110.35, 0
110.36, 0
110.37, 0
110.38, 0
110.39, 0
110.4, 0
110.41, 0
110.42, 0
110.43, 0
110.44, 0
110.45, 0
110.46, 0
110.47, 0
110.48, 0
110.49, 0
110.5, 0
110.51, 0
110.52, 0
110.53, 0
110.54, 0
110.55, 0
110.56, 0
110.57, 0
110.58, 0
110.59, 0
110.6, 0
110.61, 0
110.62, 0
110.63, 0
110.64, 0
110.65, 0
110.66, 0
110.67, 0
110.68, 0
110.69, 0
110.7, 0
110.71, 0
110.72, 0
110.73, 0
110.74, 0
110.75, 0
110.76, 0
110.77, 0
110.78, 0
110.79, 0
110.8, 0
110.81, 0
110.82, 0
110.83, 0
110.84, 0
110.85, 0
110.86, 0
110.87, 0
110.88, 0
110.89, 0
110.9, 0
110.91, 0
110.92, 0
110.93, 0
110.94, 0
110.95, 0
110.96, 0
110.97, 0
110.98, 0
110.99, 0
111, 0
111.01, 0
111.02, 0
111.03, 0
111.04, 0
111.05, 0
111.06, 0
111.07, 0
111.08, 0
111.09, 0
111.1, 0
111.11, 0
111.12, 0
111.13, 0
111.14, 0
111.15, 0
111.16, 0
111.17, 0
111.18, 0
111.19, 0
111.2, 0
111.21, 0
111.22, 0
111.23, 0
111.24, 0
111.25, 0
111.26, 0
111.27, 0
111.28, 0
111.29, 0
111.3, 0
111.31, 0
111.32, 0
111.33, 0
111.34, 0
111.35, 0
111.36, 0
111.37, 0
111.38, 0
111.39, 0
111.4, 0
111.41, 0
111.42, 0
111.43, 0
111.44, 0
111.45, 0
111.46, 0
111.47, 0
111.48, 0
111.49, 0
111.5, 0
111.51, 0
111.52, 0
111.53, 0
111.54, 0
111.55, 0
111.56, 0
111.57, 0
111.58, 0
111.59, 0
111.6, 0
111.61, 0
111.62, 0
111.63, 0
111.64, 0
111.65, 0
111.66, 0
111.67, 0
111.68, 0
111.69, 0
111.7, 0
111.71, 0
111.72, 0
111.73, 0
111.74, 0
111.75, 0
111.76, 0
111.77, 0
111.78, 0
111.79, 0
111.8, 0
111.81, 0
111.82, 0
111.83, 0
111.84, 0
111.85, 0
111.86, 0
111.87, 0
111.88, 0
111.89, 0
111.9, 0
111.91, 0
111.92, 0
111.93, 0
111.94, 0
111.95, 0
111.96, 0
111.97, 0
111.98, 0
111.99, 0
112, 0
112.01, 0
112.02, 0
112.03, 0
112.04, 0
112.05, 0
112.06, 0
112.07, 0
112.08, 0
112.09, 0
112.1, 0
112.11, 0
112.12, 0
112.13, 0
112.14, 0
112.15, 0
112.16, 0
112.17, 0
112.18, 0
112.19, 0
112.2, 0
112.21, 0
112.22, 0
112.23, 0
112.24, 0
112.25, 0
112.26, 0
112.27, 0
112.28, 0
112.29, 0
112.3, 0
112.31, 0
112.32, 0
112.33, 0
112.34, 0
112.35, 0
112.36, 0
112.37, 0
112.38, 0
112.39, 0
112.4, 0
112.41, 0
112.42, 0
112.43, 0
112.44, 0
112.45, 0
112.46, 0
112.47, 0
112.48, 0
112.49, 0
112.5, 0
112.51, 0
112.52, 0
112.53, 0
112.54, 0
112.55, 0
112.56, 0
112.57, 0
112.58, 0
112.59, 0
112.6, 0
112.61, 0
112.62, 0
112.63, 0
112.64, 0
112.65, 0
112.66, 0
112.67, 0
112.68, 0
112.69, 0
112.7, 0
112.71, 0
112.72, 0
112.73, 0
112.74, 0
112.75, 0
112.76, 0
112.77, 0
112.78, 0
112.79, 0
112.8, 0
112.81, 0
112.82, 0
112.83, 0
112.84, 0
112.85, 0
112.86, 0
112.87, 0
112.88, 0
112.89, 0
112.9, 0
112.91, 0
112.92, 0
112.93, 0
112.94, 0
112.95, 0
112.96, 0
112.97, 0
112.98, 0
112.99, 0
113, 0
113.01, 0
113.02, 0
113.03, 0
113.04, 0
113.05, 0
113.06, 0
113.07, 0
113.08, 0
113.09, 0
113.1, 0
113.11, 0
113.12, 0
113.13, 0
113.14, 0
113.15, 0
113.16, 0
113.17, 0
113.18, 0
113.19, 0
113.2, 0
113.21, 0
113.22, 0
113.23, 0
113.24, 0
113.25, 0
113.26, 0
113.27, 0
113.28, 0
113.29, 0
113.3, 0
113.31, 0
113.32, 0
113.33, 0
113.34, 0
113.35, 0
113.36, 0
113.37, 0
113.38, 0
113.39, 0
113.4, 0
113.41, 0
113.42, 0
113.43, 0
113.44, 0
113.45, 0
113.46, 0
113.47, 0
113.48, 0
113.49, 0
113.5, 0
113.51, 0
113.52, 0
113.53, 0
113.54, 0
113.55, 0
113.56, 0
113.57, 0
113.58, 0
113.59, 0
113.6, 0
113.61, 0
113.62, 0
113.63, 0
113.64, 0
113.65, 0
113.66, 0
113.67, 0
113.68, 0
113.69, 0
113.7, 0
113.71, 0
113.72, 0
113.73, 0
113.74, 0
113.75, 0
113.76, 0
113.77, 0
113.78, 0
113.79, 0
113.8, 0
113.81, 0
113.82, 0
113.83, 0
113.84, 0
113.85, 0
113.86, 0
113.87, 0
113.88, 0
113.89, 0
113.9, 0
113.91, 0
113.92, 0
113.93, 0
113.94, 0
113.95, 0
113.96, 0
113.97, 0
113.98, 0
113.99, 0
114, 0
114.01, 0
114.02, 0
114.03, 0
114.04, 0
114.05, 0
114.06, 0
114.07, 0
114.08, 0
114.09, 0
114.1, 0
114.11, 0
114.12, 0
114.13, 0
114.14, 0
114.15, 0
114.16, 0
114.17, 0
114.18, 0
114.19, 0
114.2, 0
114.21, 0
114.22, 0
114.23, 0
114.24, 0
114.25, 0
114.26, 0
114.27, 0
114.28, 0
114.29, 0
114.3, 0
114.31, 0
114.32, 0
114.33, 0
114.34, 0
114.35, 0
114.36, 0
114.37, 0
114.38, 0
114.39, 0
114.4, 0
114.41, 0
114.42, 0
114.43, 0
114.44, 0
114.45, 0
114.46, 0
114.47, 0
114.48, 0
114.49, 0
114.5, 0
114.51, 0
114.52, 0
114.53, 0
114.54, 0
114.55, 0
114.56, 0
114.57, 0
114.58, 0
114.59, 0
114.6, 0
114.61, 0
114.62, 0
114.63, 0
114.64, 0
114.65, 0
114.66, 0
114.67, 0
114.68, 0
114.69, 0
114.7, 0
114.71, 0
114.72, 0
114.73, 0
114.74, 0
114.75, 0
114.76, 0
114.77, 0
114.78, 0
114.79, 0
114.8, 0
114.81, 0
114.82, 0
114.83, 0
114.84, 0
114.85, 0
114.86, 0
114.87, 0
114.88, 0
114.89, 0
114.9, 0
114.91, 0
114.92, 0
114.93, 0
114.94, 0
114.95, 0
114.96, 0
114.97, 0
114.98, 0
114.99, 0
115, 0
115.01, 0
115.02, 0
115.03, 0
115.04, 0
115.05, 0
115.06, 0
115.07, 0
115.08, 0
115.09, 0
115.1, 0
115.11, 0
115.12, 0
115.13, 0
115.14, 0
115.15, 0
115.16, 0
115.17, 0
115.18, 0
115.19, 0
115.2, 0
115.21, 0
115.22, 0
115.23, 0
115.24, 0
115.25, 0
115.26, 0
115.27, 0
115.28, 0
115.29, 0
115.3, 0
115.31, 0
115.32, 0
115.33, 0
115.34, 0
115.35, 0
115.36, 0
115.37, 0
115.38, 0
115.39, 0
115.4, 0
115.41, 0
115.42, 0
115.43, 0
115.44, 0
115.45, 0
115.46, 0
115.47, 0
115.48, 0
115.49, 0
115.5, 0
115.51, 0
115.52, 0
115.53, 0
115.54, 0
115.55, 0
115.56, 0
115.57, 0
115.58, 0
115.59, 0
115.6, 0
115.61, 0
115.62, 0
115.63, 0
115.64, 0
115.65, 0
115.66, 0
115.67, 0
115.68, 0
115.69, 0
115.7, 0
115.71, 0
115.72, 0
115.73, 0
115.74, 0
115.75, 0
115.76, 0
115.77, 0
115.78, 0
115.79, 0
115.8, 0
115.81, 0
115.82, 0
115.83, 0
115.84, 0
115.85, 0
115.86, 0
115.87, 0
115.88, 0
115.89, 0
115.9, 0
115.91, 0
115.92, 0
115.93, 0
115.94, 0
115.95, 0
115.96, 0
115.97, 0
115.98, 0
115.99, 0
116, 0
116.01, 0
116.02, 0
116.03, 0
116.04, 0
116.05, 0
116.06, 0
116.07, 0
116.08, 0
116.09, 0
116.1, 0
116.11, 0
116.12, 0
116.13, 0
116.14, 0
116.15, 0
116.16, 0
116.17, 0
116.18, 0
116.19, 0
116.2, 0
116.21, 0
116.22, 0
116.23, 0
116.24, 0
116.25, 0
116.26, 0
116.27, 0
116.28, 0
116.29, 0
116.3, 0
116.31, 0
116.32, 0
116.33, 0
116.34, 0
116.35, 0
116.36, 0
116.37, 0
116.38, 0
116.39, 0
116.4, 0
116.41, 0
116.42, 0
116.43, 0
116.44, 0
116.45, 0
116.46, 0
116.47, 0
116.48, 0
116.49, 0
116.5, 0
116.51, 0
116.52, 0
116.53, 0
116.54, 0
116.55, 0
116.56, 0
116.57, 0
116.58, 0
116.59, 0
116.6, 0
116.61, 0
116.62, 0
116.63, 0
116.64, 0
116.65, 0
116.66, 0
116.67, 0
116.68, 0
116.69, 0
116.7, 0
116.71, 0
116.72, 0
116.73, 0
116.74, 0
116.75, 0
116.76, 0
116.77, 0
116.78, 0
116.79, 0
116.8, 0
116.81, 0
116.82, 0
116.83, 0
116.84, 0
116.85, 0
116.86, 0
116.87, 0
116.88, 0
116.89, 0
116.9, 0
116.91, 0
116.92, 0
116.93, 0
116.94, 0
116.95, 0
116.96, 0
116.97, 0
116.98, 0
116.99, 0
117, 0
117.01, 0
117.02, 0
117.03, 0
117.04, 0
117.05, 0
117.06, 0
117.07, 0
117.08, 0
117.09, 0
117.1, 0
117.11, 0
117.12, 0
117.13, 0
117.14, 0
117.15, 0
117.16, 0
117.17, 0
117.18, 0
117.19, 0
117.2, 0
117.21, 0
117.22, 0
117.23, 0
117.24, 0
117.25, 0
117.26, 0
117.27, 0
117.28, 0
117.29, 0
117.3, 0
117.31, 0
117.32, 0
117.33, 0
117.34, 0
117.35, 0
117.36, 0
117.37, 0
117.38, 0
117.39, 0
117.4, 0
117.41, 0
117.42, 0
117.43, 0
117.44, 0
117.45, 0
117.46, 0
117.47, 0
117.48, 0
117.49, 0
117.5, 0
117.51, 0
117.52, 0
117.53, 0
117.54, 0
117.55, 0
117.56, 0
117.57, 0
117.58, 0
117.59, 0
117.6, 0
117.61, 0
117.62, 0
117.63, 0
117.64, 0
117.65, 0
117.66, 0
117.67, 0
117.68, 0
117.69, 0
117.7, 0
117.71, 0
117.72, 0
117.73, 0
117.74, 0
117.75, 0
117.76, 0
117.77, 0
117.78, 0
117.79, 0
117.8, 0
117.81, 0
117.82, 0
117.83, 0
117.84, 0
117.85, 0
117.86, 0
117.87, 0
117.88, 0
117.89, 0
117.9, 0
117.91, 0
117.92, 0
117.93, 0
117.94, 0
117.95, 0
117.96, 0
117.97, 0
117.98, 0
117.99, 0
118, 0
118.01, 0
118.02, 0
118.03, 0
118.04, 0
118.05, 0
118.06, 0
118.07, 0
118.08, 0
118.09, 0
118.1, 0
118.11, 0
118.12, 0
118.13, 0
118.14, 0
118.15, 0
118.16, 0
118.17, 0
118.18, 0
118.19, 0
118.2, 0
118.21, 0
118.22, 0
118.23, 0
118.24, 0
118.25, 0
118.26, 0
118.27, 0
118.28, 0
118.29, 0
118.3, 0
118.31, 0
118.32, 0
118.33, 0
118.34, 0
118.35, 0
118.36, 0
118.37, 0
118.38, 0
118.39, 0
118.4, 0
118.41, 0
118.42, 0
118.43, 0
118.44, 0
118.45, 0
118.46, 0
118.47, 0
118.48, 0
118.49, 0
118.5, 0
118.51, 0
118.52, 0
118.53, 0
118.54, 0
118.55, 0
118.56, 0
118.57, 0
118.58, 0
118.59, 0
118.6, 0
118.61, 0
118.62, 0
118.63, 0
118.64, 0
118.65, 0
118.66, 0
118.67, 0
118.68, 0
118.69, 0
118.7, 0
118.71, 0
118.72, 0
118.73, 0
118.74, 0
118.75, 0
118.76, 0
118.77, 0
118.78, 0
118.79, 0
118.8, 0
118.81, 0
118.82, 0
118.83, 0
118.84, 0
118.85, 0
118.86, 0
118.87, 0
118.88, 0
118.89, 0
118.9, 0
118.91, 0
118.92, 0
118.93, 0
118.94, 0
118.95, 0
118.96, 0
118.97, 0
118.98, 0
118.99, 0
119, 0
119.01, 0
119.02, 0
119.03, 0
119.04, 0
119.05, 0
119.06, 0
119.07, 0
119.08, 0
119.09, 0
119.1, 0
119.11, 0
119.12, 0
119.13, 0
119.14, 0
119.15, 0
119.16, 0
119.17, 0
119.18, 0
119.19, 0
119.2, 0
119.21, 0
119.22, 0
119.23, 0
119.24, 0
119.25, 0
119.26, 0
119.27, 0
119.28, 0
119.29, 0
119.3, 0
119.31, 0
119.32, 0
119.33, 0
119.34, 0
119.35, 0
119.36, 0
119.37, 0
119.38, 0
119.39, 0
119.4, 0
119.41, 0
119.42, 0
119.43, 0
119.44, 0
119.45, 0
119.46, 0
119.47, 0
119.48, 0
119.49, 0
119.5, 0
119.51, 0
119.52, 0
119.53, 0
119.54, 0
119.55, 0
119.56, 0
119.57, 0
119.58, 0
119.59, 0
119.6, 0
119.61, 0
119.62, 0
119.63, 0
119.64, 0
119.65, 0
119.66, 0
119.67, 0
119.68, 0
119.69, 0
119.7, 0
119.71, 0
119.72, 0
119.73, 0
119.74, 0
119.75, 0
119.76, 0
119.77, 0
119.78, 0
119.79, 0
119.8, 0
119.81, 0
119.82, 0
119.83, 0
119.84, 0
119.85, 0
119.86, 0
119.87, 0
119.88, 0
119.89, 0
119.9, 0
119.91, 0
119.92, 0
119.93, 0
119.94, 0
119.95, 0
119.96, 0
119.97, 0
119.98, 0
119.99, 0
120, 0
120.01, 0
120.02, 0
120.03, 0
120.04, 0
120.05, 0
120.06, 0
120.07, 0
120.08, 0
120.09, 0
120.1, 0
120.11, 0
120.12, 0
120.13, 0
120.14, 0
120.15, 0
120.16, 0
120.17, 0
120.18, 0
120.19, 0
120.2, 0
120.21, 0
120.22, 0
120.23, 0
120.24, 0
120.25, 0
120.26, 0
120.27, 0
120.28, 0
120.29, 0
120.3, 0
120.31, 0
120.32, 0
120.33, 0
120.34, 0
120.35, 0
120.36, 0
120.37, 0
120.38, 0
120.39, 0
120.4, 0
120.41, 0
120.42, 0
120.43, 0
120.44, 0
120.45, 0
120.46, 0
120.47, 0
120.48, 0
120.49, 0
120.5, 0
120.51, 0
120.52, 0
120.53, 0
120.54, 0
120.55, 0
120.56, 0
120.57, 0
120.58, 0
120.59, 0
120.6, 0
120.61, 0
120.62, 0
120.63, 0
120.64, 0
120.65, 0
120.66, 0
120.67, 0
120.68, 0
120.69, 0
120.7, 0
120.71, 0
120.72, 0
120.73, 0
120.74, 0
120.75, 0
120.76, 0
120.77, 0
120.78, 0
120.79, 0
120.8, 0
120.81, 0
120.82, 0
120.83, 0
120.84, 0
120.85, 0
120.86, 0
120.87, 0
120.88, 0
120.89, 0
120.9, 0
120.91, 0
120.92, 0
120.93, 0
120.94, 0
120.95, 0
120.96, 0
120.97, 0
120.98, 0
120.99, 0
121, 0
121.01, 0
121.02, 0
121.03, 0
121.04, 0
121.05, 0
121.06, 0
121.07, 0
121.08, 0
121.09, 0
121.1, 0
121.11, 0
121.12, 0
121.13, 0
121.14, 0
121.15, 0
121.16, 0
121.17, 0
121.18, 0
121.19, 0
121.2, 0
121.21, 0
121.22, 0
121.23, 0
121.24, 0
121.25, 0
121.26, 0
121.27, 0
121.28, 0
121.29, 0
121.3, 0
121.31, 0
121.32, 0
121.33, 0
121.34, 0
121.35, 0
121.36, 0
121.37, 0
121.38, 0
121.39, 0
121.4, 0
121.41, 0
121.42, 0
121.43, 0
121.44, 0
121.45, 0
121.46, 0
121.47, 0
121.48, 0
121.49, 0
121.5, 0
121.51, 0
121.52, 0
121.53, 0
121.54, 0
121.55, 0
121.56, 0
121.57, 0
121.58, 0
121.59, 0
121.6, 0
121.61, 0
121.62, 0
121.63, 0
121.64, 0
121.65, 0
121.66, 0
121.67, 0
121.68, 0
121.69, 0
121.7, 0
121.71, 0
121.72, 0
121.73, 0
121.74, 0
121.75, 0
121.76, 0
121.77, 0
121.78, 0
121.79, 0
121.8, 0
121.81, 0
121.82, 0
121.83, 0
121.84, 0
121.85, 0
121.86, 0
121.87, 0
121.88, 0
121.89, 0
121.9, 0
121.91, 0
121.92, 0
121.93, 0
121.94, 0
121.95, 0
121.96, 0
121.97, 0
121.98, 0
121.99, 0
122, 0
122.01, 0
122.02, 0
122.03, 0
122.04, 0
122.05, 0
122.06, 0
122.07, 0
122.08, 0
122.09, 0
122.1, 0
122.11, 0
122.12, 0
122.13, 0
122.14, 0
122.15, 0
122.16, 0
122.17, 0
122.18, 0
122.19, 0
122.2, 0
122.21, 0
122.22, 0
122.23, 0
122.24, 0
122.25, 0
122.26, 0
122.27, 0
122.28, 0
122.29, 0
122.3, 0
122.31, 0
122.32, 0
122.33, 0
122.34, 0
122.35, 0
122.36, 0
122.37, 0
122.38, 0
122.39, 0
122.4, 0
122.41, 0
122.42, 0
122.43, 0
122.44, 0
122.45, 0
122.46, 0
122.47, 0
122.48, 0
122.49, 0
122.5, 0
122.51, 0
122.52, 0
122.53, 0
122.54, 0
122.55, 0
122.56, 0
122.57, 0
122.58, 0
122.59, 0
122.6, 0
122.61, 0
122.62, 0
122.63, 0
122.64, 0
122.65, 0
122.66, 0
122.67, 0
122.68, 0
122.69, 0
122.7, 0
122.71, 0
122.72, 0
122.73, 0
122.74, 0
122.75, 0
122.76, 0
122.77, 0
122.78, 0
122.79, 0
122.8, 0
122.81, 0
122.82, 0
122.83, 0
122.84, 0
122.85, 0
122.86, 0
122.87, 0
122.88, 0
122.89, 0
122.9, 0
122.91, 0
122.92, 0
122.93, 0
122.94, 0
122.95, 0
122.96, 0
122.97, 0
122.98, 0
122.99, 0
123, 0
123.01, 0
123.02, 0
123.03, 0
123.04, 0
123.05, 0
123.06, 0
123.07, 0
123.08, 0
123.09, 0
123.1, 0
123.11, 0
123.12, 0
123.13, 0
123.14, 0
123.15, 0
123.16, 0
123.17, 0
123.18, 0
123.19, 0
123.2, 0
123.21, 0
123.22, 0
123.23, 0
123.24, 0
123.25, 0
123.26, 0
123.27, 0
123.28, 0
123.29, 0
123.3, 0
123.31, 0
123.32, 0
123.33, 0
123.34, 0
123.35, 0
123.36, 0
123.37, 0
123.38, 0
123.39, 0
123.4, 0
123.41, 0
123.42, 0
123.43, 0
123.44, 0
123.45, 0
123.46, 0
123.47, 0
123.48, 0
123.49, 0
123.5, 0
123.51, 0
123.52, 0
123.53, 0
123.54, 0
123.55, 0
123.56, 0
123.57, 0
123.58, 0
123.59, 0
123.6, 0
123.61, 0
123.62, 0
123.63, 0
123.64, 0
123.65, 0
123.66, 0
123.67, 0
123.68, 0
123.69, 0
123.7, 0
123.71, 0
123.72, 0
123.73, 0
123.74, 0
123.75, 0
123.76, 0
123.77, 0
123.78, 0
123.79, 0
123.8, 0
123.81, 0
123.82, 0
123.83, 0
123.84, 0
123.85, 0
123.86, 0
123.87, 0
123.88, 0
123.89, 0
123.9, 0
123.91, 0
123.92, 0
123.93, 0
123.94, 0
123.95, 0
123.96, 0
123.97, 0
123.98, 0
123.99, 0
124, 0
124.01, 0
124.02, 0
124.03, 0
124.04, 0
124.05, 0
124.06, 0
124.07, 0
124.08, 0
124.09, 0
124.1, 0
124.11, 0
124.12, 0
124.13, 0
124.14, 0
124.15, 0
124.16, 0
124.17, 0
124.18, 0
124.19, 0
124.2, 0
124.21, 0
124.22, 0
124.23, 0
124.24, 0
124.25, 0
124.26, 0
124.27, 0
124.28, 0
124.29, 0
124.3, 0
124.31, 0
124.32, 0
124.33, 0
124.34, 0
124.35, 0
124.36, 0
124.37, 0
124.38, 0
124.39, 0
124.4, 0
124.41, 0
124.42, 0
124.43, 0
124.44, 0
124.45, 0
124.46, 0
124.47, 0
124.48, 0
124.49, 0
124.5, 0
124.51, 0
124.52, 0
124.53, 0
124.54, 0
124.55, 0
124.56, 0
124.57, 0
124.58, 0
124.59, 0
124.6, 0
124.61, 0
124.62, 0
124.63, 0
124.64, 0
124.65, 0
124.66, 0
124.67, 0
124.68, 0
124.69, 0
124.7, 0
124.71, 0
124.72, 0
124.73, 0
124.74, 0
124.75, 0
124.76, 0
124.77, 0
124.78, 0
124.79, 0
124.8, 0
124.81, 0
124.82, 0
124.83, 0
124.84, 0
124.85, 0
124.86, 0
124.87, 0
124.88, 0
124.89, 0
124.9, 0
124.91, 0
124.92, 0
124.93, 0
124.94, 0
124.95, 0
124.96, 0
124.97, 0
124.98, 0
124.99, 0
125, 0
125.01, 0
125.02, 0
125.03, 0
125.04, 0
125.05, 0
125.06, 0
125.07, 0
125.08, 0
125.09, 0
125.1, 0
125.11, 0
125.12, 0
125.13, 0
125.14, 0
125.15, 0
125.16, 0
125.17, 0
125.18, 0
125.19, 0
125.2, 0
125.21, 0
125.22, 0
125.23, 0
125.24, 0
125.25, 0
125.26, 0
125.27, 0
125.28, 0
125.29, 0
125.3, 0
125.31, 0
125.32, 0
125.33, 0
125.34, 0
125.35, 0
125.36, 0
125.37, 0
125.38, 0
125.39, 0
125.4, 0
125.41, 0
125.42, 0
125.43, 0
125.44, 0
125.45, 0
125.46, 0
125.47, 0
125.48, 0
125.49, 0
125.5, 0
125.51, 0
125.52, 0
125.53, 0
125.54, 0
125.55, 0
125.56, 0
125.57, 0
125.58, 0
125.59, 0
125.6, 0
125.61, 0
125.62, 0
125.63, 0
125.64, 0
125.65, 0
125.66, 0
125.67, 0
125.68, 0
125.69, 0
125.7, 0
125.71, 0
125.72, 0
125.73, 0
125.74, 0
125.75, 0
125.76, 0
125.77, 0
125.78, 0
125.79, 0
125.8, 0
125.81, 0
125.82, 0
125.83, 0
125.84, 0
125.85, 0
125.86, 0
125.87, 0
125.88, 0
125.89, 0
125.9, 0
125.91, 0
125.92, 0
125.93, 0
125.94, 0
125.95, 0
125.96, 0
125.97, 0
125.98, 0
125.99, 0
126, 0
126.01, 0
126.02, 0
126.03, 0
126.04, 0
126.05, 0
126.06, 0
126.07, 0
126.08, 0
126.09, 0
126.1, 0
126.11, 0
126.12, 0
126.13, 0
126.14, 0
126.15, 0
126.16, 0
126.17, 0
126.18, 0
126.19, 0
126.2, 0
126.21, 0
126.22, 0
126.23, 0
126.24, 0
126.25, 0
126.26, 0
126.27, 0
126.28, 0
126.29, 0
126.3, 0
126.31, 0
126.32, 0
126.33, 0
126.34, 0
126.35, 0
126.36, 0
126.37, 0
126.38, 0
126.39, 0
126.4, 0
126.41, 0
126.42, 0
126.43, 0
126.44, 0
126.45, 0
126.46, 0
126.47, 0
126.48, 0
126.49, 0
126.5, 0
126.51, 0
126.52, 0
126.53, 0
126.54, 0
126.55, 0
126.56, 0
126.57, 0
126.58, 0
126.59, 0
126.6, 0
126.61, 0
126.62, 0
126.63, 0
126.64, 0
126.65, 0
126.66, 0
126.67, 0
126.68, 0
126.69, 0
126.7, 0
126.71, 0
126.72, 0
126.73, 0
126.74, 0
126.75, 0
126.76, 0
126.77, 0
126.78, 0
126.79, 0
126.8, 0
126.81, 0
126.82, 0
126.83, 0
126.84, 0
126.85, 0
126.86, 0
126.87, 0
126.88, 0
126.89, 0
126.9, 0
126.91, 0
126.92, 0
126.93, 0
126.94, 0
126.95, 0
126.96, 0
126.97, 0
126.98, 0
126.99, 0
127, 0
127.01, 0
127.02, 0
127.03, 0
127.04, 0
127.05, 0
127.06, 0
127.07, 0
127.08, 0
127.09, 0
127.1, 0
127.11, 0
127.12, 0
127.13, 0
127.14, 0
127.15, 0
127.16, 0
127.17, 0
127.18, 0
127.19, 0
127.2, 0
127.21, 0
127.22, 0
127.23, 0
127.24, 0
127.25, 0
127.26, 0
127.27, 0
127.28, 0
127.29, 0
127.3, 0
127.31, 0
127.32, 0
127.33, 0
127.34, 0
127.35, 0
127.36, 0
127.37, 0
127.38, 0
127.39, 0
127.4, 0
127.41, 0
127.42, 0
127.43, 0
127.44, 0
127.45, 0
127.46, 0
127.47, 0
127.48, 0
127.49, 0
127.5, 0
127.51, 0
127.52, 0
127.53, 0
127.54, 0
127.55, 0
127.56, 0
127.57, 0
127.58, 0
127.59, 0
127.6, 0
127.61, 0
127.62, 0
127.63, 0
127.64, 0
127.65, 0
127.66, 0
127.67, 0
127.68, 0
127.69, 0
127.7, 0
127.71, 0
127.72, 0
127.73, 0
127.74, 0
127.75, 0
127.76, 0
127.77, 0
127.78, 0
127.79, 0
127.8, 0
127.81, 0
127.82, 0
127.83, 0
127.84, 0
127.85, 0
127.86, 0
127.87, 0
127.88, 0
127.89, 0
127.9, 0
127.91, 0
127.92, 0
127.93, 0
127.94, 0
127.95, 0
127.96, 0
127.97, 0
127.98, 0
127.99, 0
128, 0
128.01, 0
128.02, 0
128.03, 0
128.04, 0
128.05, 0
128.06, 0
128.07, 0
128.08, 0
128.09, 0
128.1, 0
128.11, 0
128.12, 0
128.13, 0
128.14, 0
128.15, 0
128.16, 0
128.17, 0
128.18, 0
128.19, 0
128.2, 0
128.21, 0
128.22, 0
128.23, 0
128.24, 0
128.25, 0
128.26, 0
128.27, 0
128.28, 0
128.29, 0
128.3, 0
128.31, 0
128.32, 0
128.33, 0
128.34, 0
128.35, 0
128.36, 0
128.37, 0
128.38, 0
128.39, 0
128.4, 0
128.41, 0
128.42, 0
128.43, 0
128.44, 0
128.45, 0
128.46, 0
128.47, 0
128.48, 0
128.49, 0
128.5, 0
128.51, 0
128.52, 0
128.53, 0
128.54, 0
128.55, 0
128.56, 0
128.57, 0
128.58, 0
128.59, 0
128.6, 0
128.61, 0
128.62, 0
128.63, 0
128.64, 0
128.65, 0
128.66, 0
128.67, 0
128.68, 0
128.69, 0
128.7, 0
128.71, 0
128.72, 0
128.73, 0
128.74, 0
128.75, 0
128.76, 0
128.77, 0
128.78, 0
128.79, 0
128.8, 0
128.81, 0
128.82, 0
128.83, 0
128.84, 0
128.85, 0
128.86, 0
128.87, 0
128.88, 0
128.89, 0
128.9, 0
128.91, 0
128.92, 0
128.93, 0
128.94, 0
128.95, 0
128.96, 0
128.97, 0
128.98, 0
128.99, 0
129, 0
129.01, 0
129.02, 0
129.03, 0
129.04, 0
129.05, 0
129.06, 0
129.07, 0
129.08, 0
129.09, 0
129.1, 0
129.11, 0
129.12, 0
129.13, 0
129.14, 0
129.15, 0
129.16, 0
129.17, 0
129.18, 0
129.19, 0
129.2, 0
129.21, 0
129.22, 0
129.23, 0
129.24, 0
129.25, 0
129.26, 0
129.27, 0
129.28, 0
129.29, 0
129.3, 0
129.31, 0
129.32, 0
129.33, 0
129.34, 0
129.35, 0
129.36, 0
129.37, 0
129.38, 0
129.39, 0
129.4, 0
129.41, 0
129.42, 0
129.43, 0
129.44, 0
129.45, 0
129.46, 0
129.47, 0
129.48, 0
129.49, 0
129.5, 0
129.51, 0
129.52, 0
129.53, 0
129.54, 0
129.55, 0
129.56, 0
129.57, 0
129.58, 0
129.59, 0
129.6, 0
129.61, 0
129.62, 0
129.63, 0
129.64, 0
129.65, 0
129.66, 0
129.67, 0
129.68, 0
129.69, 0
129.7, 0
129.71, 0
129.72, 0
129.73, 0
129.74, 0
129.75, 0
129.76, 0
129.77, 0
129.78, 0
129.79, 0
129.8, 0
129.81, 0
129.82, 0
129.83, 0
129.84, 0
129.85, 0
129.86, 0
129.87, 0
129.88, 0
129.89, 0
129.9, 0
129.91, 0
129.92, 0
129.93, 0
129.94, 0
129.95, 0
129.96, 0
129.97, 0
129.98, 0
129.99, 0
130, 0
130.01, 0
130.02, 0
130.03, 0
130.04, 0
130.05, 0
130.06, 0
130.07, 0
130.08, 0
130.09, 0
130.1, 0
130.11, 0
130.12, 0
130.13, 0
130.14, 0
130.15, 0
130.16, 0
130.17, 0
130.18, 0
130.19, 0
130.2, 0
130.21, 0
130.22, 0
130.23, 0
130.24, 0
130.25, 0
130.26, 0
130.27, 0
130.28, 0
130.29, 0
130.3, 0
130.31, 0
130.32, 0
130.33, 0
130.34, 0
130.35, 0
130.36, 0
130.37, 0
130.38, 0
130.39, 0
130.4, 0
130.41, 0
130.42, 0
130.43, 0
130.44, 0
130.45, 0
130.46, 0
130.47, 0
130.48, 0
130.49, 0
130.5, 0
130.51, 0
130.52, 0
130.53, 0
130.54, 0
130.55, 0
130.56, 0
130.57, 0
130.58, 0
130.59, 0
130.6, 0
130.61, 0
130.62, 0
130.63, 0
130.64, 0
130.65, 0
130.66, 0
130.67, 0
130.68, 0
130.69, 0
130.7, 0
130.71, 0
130.72, 0
130.73, 0
130.74, 0
130.75, 0
130.76, 0
130.77, 0
130.78, 0
130.79, 0
130.8, 0
130.81, 0
130.82, 0
130.83, 0
130.84, 0
130.85, 0
130.86, 0
130.87, 0
130.88, 0
130.89, 0
130.9, 0
130.91, 0
130.92, 0
130.93, 0
130.94, 0
130.95, 0
130.96, 0
130.97, 0
130.98, 0
130.99, 0
131, 0
131.01, 0
131.02, 0
131.03, 0
131.04, 0
131.05, 0
131.06, 0
131.07, 0
131.08, 0
131.09, 0
131.1, 0
131.11, 0
131.12, 0
131.13, 0
131.14, 0
131.15, 0
131.16, 0
131.17, 0
131.18, 0
131.19, 0
131.2, 0
131.21, 0
131.22, 0
131.23, 0
131.24, 0
131.25, 0
131.26, 0
131.27, 0
131.28, 0
131.29, 0
131.3, 0
131.31, 0
131.32, 0
131.33, 0
131.34, 0
131.35, 0
131.36, 0
131.37, 0
131.38, 0
131.39, 0
131.4, 0
131.41, 0
131.42, 0
131.43, 0
131.44, 0
131.45, 0
131.46, 0
131.47, 0
131.48, 0
131.49, 0
131.5, 0
131.51, 0
131.52, 0
131.53, 0
131.54, 0
131.55, 0
131.56, 0
131.57, 0
131.58, 0
131.59, 0
131.6, 0
131.61, 0
131.62, 0
131.63, 0
131.64, 0
131.65, 0
131.66, 0
131.67, 0
131.68, 0
131.69, 0
131.7, 0
131.71, 0
131.72, 0
131.73, 0
131.74, 0
131.75, 0
131.76, 0
131.77, 0
131.78, 0
131.79, 0
131.8, 0
131.81, 0
131.82, 0
131.83, 0
131.84, 0
131.85, 0
131.86, 0
131.87, 0
131.88, 0
131.89, 0
131.9, 0
131.91, 0
131.92, 0
131.93, 0
131.94, 0
131.95, 0
131.96, 0
131.97, 0
131.98, 0
131.99, 0
132, 0
132.01, 0
132.02, 0
132.03, 0
132.04, 0
132.05, 0
132.06, 0
132.07, 0
132.08, 0
132.09, 0
132.1, 0
132.11, 0
132.12, 0
132.13, 0
132.14, 0
132.15, 0
132.16, 0
132.17, 0
132.18, 0
132.19, 0
132.2, 0
132.21, 0
132.22, 0
132.23, 0
132.24, 0
132.25, 0
132.26, 0
132.27, 0
132.28, 0
132.29, 0
132.3, 0
132.31, 0
132.32, 0
132.33, 0
132.34, 0
132.35, 0
132.36, 0
132.37, 0
132.38, 0
132.39, 0
132.4, 0
132.41, 0
132.42, 0
132.43, 0
132.44, 0
132.45, 0
132.46, 0
132.47, 0
132.48, 0
132.49, 0
132.5, 0
132.51, 0
132.52, 0
132.53, 0
132.54, 0
132.55, 0
132.56, 0
132.57, 0
132.58, 0
132.59, 0
132.6, 0
132.61, 0
132.62, 0
132.63, 0
132.64, 0
132.65, 0
132.66, 0
132.67, 0
132.68, 0
132.69, 0
132.7, 0
132.71, 0
132.72, 0
132.73, 0
132.74, 0
132.75, 0
132.76, 0
132.77, 0
132.78, 0
132.79, 0
132.8, 0
132.81, 0
132.82, 0
132.83, 0
132.84, 0
132.85, 0
132.86, 0
132.87, 0
132.88, 0
132.89, 0
132.9, 0
132.91, 0
132.92, 0
132.93, 0
132.94, 0
132.95, 0
132.96, 0
132.97, 0
132.98, 0
132.99, 0
133, 0
133.01, 0
133.02, 0
133.03, 0
133.04, 0
133.05, 0
133.06, 0
133.07, 0
133.08, 0
133.09, 0
133.1, 0
133.11, 0
133.12, 0
133.13, 0
133.14, 0
133.15, 0
133.16, 0
133.17, 0
133.18, 0
133.19, 0
133.2, 0
133.21, 0
133.22, 0
133.23, 0
133.24, 0
133.25, 0
133.26, 0
133.27, 0
133.28, 0
133.29, 0
133.3, 0
133.31, 0
133.32, 0
133.33, 0
133.34, 0
133.35, 0
133.36, 0
133.37, 0
133.38, 0
133.39, 0
133.4, 0
133.41, 0
133.42, 0
133.43, 0
133.44, 0
133.45, 0
133.46, 0
133.47, 0
133.48, 0
133.49, 0
133.5, 0
133.51, 0
133.52, 0
133.53, 0
133.54, 0
133.55, 0
133.56, 0
133.57, 0
133.58, 0
133.59, 0
133.6, 0
133.61, 0
133.62, 0
133.63, 0
133.64, 0
133.65, 0
133.66, 0
133.67, 0
133.68, 0
133.69, 0
133.7, 0
133.71, 0
133.72, 0
133.73, 0
133.74, 0
133.75, 0
133.76, 0
133.77, 0
133.78, 0
133.79, 0
133.8, 0
133.81, 0
133.82, 0
133.83, 0
133.84, 0
133.85, 0
133.86, 0
133.87, 0
133.88, 0
133.89, 0
133.9, 0
133.91, 0
133.92, 0
133.93, 0
133.94, 0
133.95, 0
133.96, 0
133.97, 0
133.98, 0
133.99, 0
134, 0
134.01, 0
134.02, 0
134.03, 0
134.04, 0
134.05, 0
134.06, 0
134.07, 0
134.08, 0
134.09, 0
134.1, 0
134.11, 0
134.12, 0
134.13, 0
134.14, 0
134.15, 0
134.16, 0
134.17, 0
134.18, 0
134.19, 0
134.2, 0
134.21, 0
134.22, 0
134.23, 0
134.24, 0
134.25, 0
134.26, 0
134.27, 0
134.28, 0
134.29, 0
134.3, 0
134.31, 0
134.32, 0
134.33, 0
134.34, 0
134.35, 0
134.36, 0
134.37, 0
134.38, 0
134.39, 0
134.4, 0
134.41, 0
134.42, 0
134.43, 0
134.44, 0
134.45, 0
134.46, 0
134.47, 0
134.48, 0
134.49, 0
134.5, 0
134.51, 0
134.52, 0
134.53, 0
134.54, 0
134.55, 0
134.56, 0
134.57, 0
134.58, 0
134.59, 0
134.6, 0
134.61, 0
134.62, 0
134.63, 0
134.64, 0
134.65, 0
134.66, 0
134.67, 0
134.68, 0
134.69, 0
134.7, 0
134.71, 0
134.72, 0
134.73, 0
134.74, 0
134.75, 0
134.76, 0
134.77, 0
134.78, 0
134.79, 0
134.8, 0
134.81, 0
134.82, 0
134.83, 0
134.84, 0
134.85, 0
134.86, 0
134.87, 0
134.88, 0
134.89, 0
134.9, 0
134.91, 0
134.92, 0
134.93, 0
134.94, 0
134.95, 0
134.96, 0
134.97, 0
134.98, 0
134.99, 0
135, 0
135.01, 0
135.02, 0
135.03, 0
135.04, 0
135.05, 0
135.06, 0
135.07, 0
135.08, 0
135.09, 0
135.1, 0
135.11, 0
135.12, 0
135.13, 0
135.14, 0
135.15, 0
135.16, 0
135.17, 0
135.18, 0
135.19, 0
135.2, 0
135.21, 0
135.22, 0
135.23, 0
135.24, 0
135.25, 0
135.26, 0
135.27, 0
135.28, 0
135.29, 0
135.3, 0
135.31, 0
135.32, 0
135.33, 0
135.34, 0
135.35, 0
135.36, 0
135.37, 0
135.38, 0
135.39, 0
135.4, 0
135.41, 0
135.42, 0
135.43, 0
135.44, 0
135.45, 0
135.46, 0
135.47, 0
135.48, 0
135.49, 0
135.5, 0
135.51, 0
135.52, 0
135.53, 0
135.54, 0
135.55, 0
135.56, 0
135.57, 0
135.58, 0
135.59, 0
135.6, 0
135.61, 0
135.62, 0
135.63, 0
135.64, 0
135.65, 0
135.66, 0
135.67, 0
135.68, 0
135.69, 0
135.7, 0
135.71, 0
135.72, 0
135.73, 0
135.74, 0
135.75, 0
135.76, 0
135.77, 0
135.78, 0
135.79, 0
135.8, 0
135.81, 0
135.82, 0
135.83, 0
135.84, 0
135.85, 0
135.86, 0
135.87, 0
135.88, 0
135.89, 0
135.9, 0
135.91, 0
135.92, 0
135.93, 0
135.94, 0
135.95, 0
135.96, 0
135.97, 0
135.98, 0
135.99, 0
136, 0
136.01, 0
136.02, 0
136.03, 0
136.04, 0
136.05, 0
136.06, 0
136.07, 0
136.08, 0
136.09, 0
136.1, 0
136.11, 0
136.12, 0
136.13, 0
136.14, 0
136.15, 0
136.16, 0
136.17, 0
136.18, 0
136.19, 0
136.2, 0
136.21, 0
136.22, 0
136.23, 0
136.24, 0
136.25, 0
136.26, 0
136.27, 0
136.28, 0
136.29, 0
136.3, 0
136.31, 0
136.32, 0
136.33, 0
136.34, 0
136.35, 0
136.36, 0
136.37, 0
136.38, 0
136.39, 0
136.4, 0
136.41, 0
136.42, 0
136.43, 0
136.44, 0
136.45, 0
136.46, 0
136.47, 0
136.48, 0
136.49, 0
136.5, 0
136.51, 0
136.52, 0
136.53, 0
136.54, 0
136.55, 0
136.56, 0
136.57, 0
136.58, 0
136.59, 0
136.6, 0
136.61, 0
136.62, 0
136.63, 0
136.64, 0
136.65, 0
136.66, 0
136.67, 0
136.68, 0
136.69, 0
136.7, 0
136.71, 0
136.72, 0
136.73, 0
136.74, 0
136.75, 0
136.76, 0
136.77, 0
136.78, 0
136.79, 0
136.8, 0
136.81, 0
136.82, 0
136.83, 0
136.84, 0
136.85, 0
136.86, 0
136.87, 0
136.88, 0
136.89, 0
136.9, 0
136.91, 0
136.92, 0
136.93, 0
136.94, 0
136.95, 0
136.96, 0
136.97, 0
136.98, 0
136.99, 0
137, 0
137.01, 0
137.02, 0
137.03, 0
137.04, 0
137.05, 0
137.06, 0
137.07, 0
137.08, 0
137.09, 0
137.1, 0
137.11, 0
137.12, 0
137.13, 0
137.14, 0
137.15, 0
137.16, 0
137.17, 0
137.18, 0
137.19, 0
137.2, 0
137.21, 0
137.22, 0
137.23, 0
137.24, 0
137.25, 0
137.26, 0
137.27, 0
137.28, 0
137.29, 0
137.3, 0
137.31, 0
137.32, 0
137.33, 0
137.34, 0
137.35, 0
137.36, 0
137.37, 0
137.38, 0
137.39, 0
137.4, 0
137.41, 0
137.42, 0
137.43, 0
137.44, 0
137.45, 0
137.46, 0
137.47, 0
137.48, 0
137.49, 0
137.5, 0
137.51, 0
137.52, 0
137.53, 0
137.54, 0
137.55, 0
137.56, 0
137.57, 0
137.58, 0
137.59, 0
137.6, 0
137.61, 0
137.62, 0
137.63, 0
137.64, 0
137.65, 0
137.66, 0
137.67, 0
137.68, 0
137.69, 0
137.7, 0
137.71, 0
137.72, 0
137.73, 0
137.74, 0
137.75, 0
137.76, 0
137.77, 0
137.78, 0
137.79, 0
137.8, 0
137.81, 0
137.82, 0
137.83, 0
137.84, 0
137.85, 0
137.86, 0
137.87, 0
137.88, 0
137.89, 0
137.9, 0
137.91, 0
137.92, 0
137.93, 0
137.94, 0
137.95, 0
137.96, 0
137.97, 0
137.98, 0
137.99, 0
138, 0
138.01, 0
138.02, 0
138.03, 0
138.04, 0
138.05, 0
138.06, 0
138.07, 0
138.08, 0
138.09, 0
138.1, 0
138.11, 0
138.12, 0
138.13, 0
138.14, 0
138.15, 0
138.16, 0
138.17, 0
138.18, 0
138.19, 0
138.2, 0
138.21, 0
138.22, 0
138.23, 0
138.24, 0
138.25, 0
138.26, 0
138.27, 0
138.28, 0
138.29, 0
138.3, 0
138.31, 0
138.32, 0
138.33, 0
138.34, 0
138.35, 0
138.36, 0
138.37, 0
138.38, 0
138.39, 0
138.4, 0
138.41, 0
138.42, 0
138.43, 0
138.44, 0
138.45, 0
138.46, 0
138.47, 0
138.48, 0
138.49, 0
138.5, 0
138.51, 0
138.52, 0
138.53, 0
138.54, 0
138.55, 0
138.56, 0
138.57, 0
138.58, 0
138.59, 0
138.6, 0
138.61, 0
138.62, 0
138.63, 0
138.64, 0
138.65, 0
138.66, 0
138.67, 0
138.68, 0
138.69, 0
138.7, 0
138.71, 0
138.72, 0
138.73, 0
138.74, 0
138.75, 0
138.76, 0
138.77, 0
138.78, 0
138.79, 0
138.8, 0
138.81, 0
138.82, 0
138.83, 0
138.84, 0
138.85, 0
138.86, 0
138.87, 0
138.88, 0
138.89, 0
138.9, 0
138.91, 0
138.92, 0
138.93, 0
138.94, 0
138.95, 0
138.96, 0
138.97, 0
138.98, 0
138.99, 0
139, 0
139.01, 0
139.02, 0
139.03, 0
139.04, 0
139.05, 0
139.06, 0
139.07, 0
139.08, 0
139.09, 0
139.1, 0
139.11, 0
139.12, 0
139.13, 0
139.14, 0
139.15, 0
139.16, 0
139.17, 0
139.18, 0
139.19, 0
139.2, 0
139.21, 0
139.22, 0
139.23, 0
139.24, 0
139.25, 0
139.26, 0
139.27, 0
139.28, 0
139.29, 0
139.3, 0
139.31, 0
139.32, 0
139.33, 0
139.34, 0
139.35, 0
139.36, 0
139.37, 0
139.38, 0
139.39, 0
139.4, 0
139.41, 0
139.42, 0
139.43, 0
139.44, 0
139.45, 0
139.46, 0
139.47, 0
139.48, 0
139.49, 0
139.5, 0
139.51, 0
139.52, 0
139.53, 0
139.54, 0
139.55, 0
139.56, 0
139.57, 0
139.58, 0
139.59, 0
139.6, 0
139.61, 0
139.62, 0
139.63, 0
139.64, 0
139.65, 0
139.66, 0
139.67, 0
139.68, 0
139.69, 0
139.7, 0
139.71, 0
139.72, 0
139.73, 0
139.74, 0
139.75, 0
139.76, 0
139.77, 0
139.78, 0
139.79, 0
139.8, 0
139.81, 0
139.82, 0
139.83, 0
139.84, 0
139.85, 0
139.86, 0
139.87, 0
139.88, 0
139.89, 0
139.9, 0
139.91, 0
139.92, 0
139.93, 0
139.94, 0
139.95, 0
139.96, 0
139.97, 0
139.98, 0
139.99, 0
140, 0
140.01, 0
140.02, 0
140.03, 0
140.04, 0
140.05, 0
140.06, 0
140.07, 0
140.08, 0
140.09, 0
140.1, 0
140.11, 0
140.12, 0
140.13, 0
140.14, 0
140.15, 0
140.16, 0
140.17, 0
140.18, 0
140.19, 0
140.2, 0
140.21, 0
140.22, 0
140.23, 0
140.24, 0
140.25, 0
140.26, 0
140.27, 0
140.28, 0
140.29, 0
140.3, 0
140.31, 0
140.32, 0
140.33, 0
140.34, 0
140.35, 0
140.36, 0
140.37, 0
140.38, 0
140.39, 0
140.4, 0
140.41, 0
140.42, 0
140.43, 0
140.44, 0
140.45, 0
140.46, 0
140.47, 0
140.48, 0
140.49, 0
140.5, 0
140.51, 0
140.52, 0
140.53, 0
140.54, 0
140.55, 0
140.56, 0
140.57, 0
140.58, 0
140.59, 0
140.6, 0
140.61, 0
140.62, 0
140.63, 0
140.64, 0
140.65, 0
140.66, 0
140.67, 0
140.68, 0
140.69, 0
140.7, 0
140.71, 0
140.72, 0
140.73, 0
140.74, 0
140.75, 0
140.76, 0
140.77, 0
140.78, 0
140.79, 0
140.8, 0
140.81, 0
140.82, 0
140.83, 0
140.84, 0
140.85, 0
140.86, 0
140.87, 0
140.88, 0
140.89, 0
140.9, 0
140.91, 0
140.92, 0
140.93, 0
140.94, 0
140.95, 0
140.96, 0
140.97, 0
140.98, 0
140.99, 0
141, 0
141.01, 0
141.02, 0
141.03, 0
141.04, 0
141.05, 0
141.06, 0
141.07, 0
141.08, 0
141.09, 0
141.1, 0
141.11, 0
141.12, 0
141.13, 0
141.14, 0
141.15, 0
141.16, 0
141.17, 0
141.18, 0
141.19, 0
141.2, 0
141.21, 0
141.22, 0
141.23, 0
141.24, 0
141.25, 0
141.26, 0
141.27, 0
141.28, 0
141.29, 0
141.3, 0
141.31, 0
141.32, 0
141.33, 0
141.34, 0
141.35, 0
141.36, 0
141.37, 0
141.38, 0
141.39, 0
141.4, 0
141.41, 0
141.42, 0
141.43, 0
141.44, 0
141.45, 0
141.46, 0
141.47, 0
141.48, 0
141.49, 0
141.5, 0
141.51, 0
141.52, 0
141.53, 0
141.54, 0
141.55, 0
141.56, 0
141.57, 0
141.58, 0
141.59, 0
141.6, 0
141.61, 0
141.62, 0
141.63, 0
141.64, 0
141.65, 0
141.66, 0
141.67, 0
141.68, 0
141.69, 0
141.7, 0
141.71, 0
141.72, 0
141.73, 0
141.74, 0
141.75, 0
141.76, 0
141.77, 0
141.78, 0
141.79, 0
141.8, 0
141.81, 0
141.82, 0
141.83, 0
141.84, 0
141.85, 0
141.86, 0
141.87, 0
141.88, 0
141.89, 0
141.9, 0
141.91, 0
141.92, 0
141.93, 0
141.94, 0
141.95, 0
141.96, 0
141.97, 0
141.98, 0
141.99, 0
142, 0
142.01, 0
142.02, 0
142.03, 0
142.04, 0
142.05, 0
142.06, 0
142.07, 0
142.08, 0
142.09, 0
142.1, 0
142.11, 0
142.12, 0
142.13, 0
142.14, 0
142.15, 0
142.16, 0
142.17, 0
142.18, 0
142.19, 0
142.2, 0
142.21, 0
142.22, 0
142.23, 0
142.24, 0
142.25, 0
142.26, 0
142.27, 0
142.28, 0
142.29, 0
142.3, 0
142.31, 0
142.32, 0
142.33, 0
142.34, 0
142.35, 0
142.36, 0
142.37, 0
142.38, 0
142.39, 0
142.4, 0
142.41, 0
142.42, 0
142.43, 0
142.44, 0
142.45, 0
142.46, 0
142.47, 0
142.48, 0
142.49, 0
142.5, 0
142.51, 0
142.52, 0
142.53, 0
142.54, 0
142.55, 0
142.56, 0
142.57, 0
142.58, 0
142.59, 0
142.6, 0
142.61, 0
142.62, 0
142.63, 0
142.64, 0
142.65, 0
142.66, 0
142.67, 0
142.68, 0
142.69, 0
142.7, 0
142.71, 0
142.72, 0
142.73, 0
142.74, 0
142.75, 0
142.76, 0
142.77, 0
142.78, 0
142.79, 0
142.8, 0
142.81, 0
142.82, 0
142.83, 0
142.84, 0
142.85, 0
142.86, 0
142.87, 0
142.88, 0
142.89, 0
142.9, 0
142.91, 0
142.92, 0
142.93, 0
142.94, 0
142.95, 0
142.96, 0
142.97, 0
142.98, 0
142.99, 0
143, 0
143.01, 0
143.02, 0
143.03, 0
143.04, 0
143.05, 0
143.06, 0
143.07, 0
143.08, 0
143.09, 0
143.1, 0
143.11, 0
143.12, 0
143.13, 0
143.14, 0
143.15, 0
143.16, 0
143.17, 0
143.18, 0
143.19, 0
143.2, 0
143.21, 0
143.22, 0
143.23, 0
143.24, 0
143.25, 0
143.26, 0
143.27, 0
143.28, 0
143.29, 0
143.3, 0
143.31, 0
143.32, 0
143.33, 0
143.34, 0
143.35, 0
143.36, 0
143.37, 0
143.38, 0
143.39, 0
143.4, 0
143.41, 0
143.42, 0
143.43, 0
143.44, 0
143.45, 0
143.46, 0
143.47, 0
143.48, 0
143.49, 0
143.5, 0
143.51, 0
143.52, 0
143.53, 0
143.54, 0
143.55, 0
143.56, 0
143.57, 0
143.58, 0
143.59, 0
143.6, 0
143.61, 0
143.62, 0
143.63, 0
143.64, 0
143.65, 0
143.66, 0
143.67, 0
143.68, 0
143.69, 0
143.7, 0
143.71, 0
143.72, 0
143.73, 0
143.74, 0
143.75, 0
143.76, 0
143.77, 0
143.78, 0
143.79, 0
143.8, 0
143.81, 0
143.82, 0
143.83, 0
143.84, 0
143.85, 0
143.86, 0
143.87, 0
143.88, 0
143.89, 0
143.9, 0
143.91, 0
143.92, 0
143.93, 0
143.94, 0
143.95, 0
143.96, 0
143.97, 0
143.98, 0
143.99, 0
144, 0
144.01, 0
144.02, 0
144.03, 0
144.04, 0
144.05, 0
144.06, 0
144.07, 0
144.08, 0
144.09, 0
144.1, 0
144.11, 0
144.12, 0
144.13, 0
144.14, 0
144.15, 0
144.16, 0
144.17, 0
144.18, 0
144.19, 0
144.2, 0
144.21, 0
144.22, 0
144.23, 0
144.24, 0
144.25, 0
144.26, 0
144.27, 0
144.28, 0
144.29, 0
144.3, 0
144.31, 0
144.32, 0
144.33, 0
144.34, 0
144.35, 0
144.36, 0
144.37, 0
144.38, 0
144.39, 0
144.4, 0
144.41, 0
144.42, 0
144.43, 0
144.44, 0
144.45, 0
144.46, 0
144.47, 0
144.48, 0
144.49, 0
144.5, 0
144.51, 0
144.52, 0
144.53, 0
144.54, 0
144.55, 0
144.56, 0
144.57, 0
144.58, 0
144.59, 0
144.6, 0
144.61, 0
144.62, 0
144.63, 0
144.64, 0
144.65, 0
144.66, 0
144.67, 0
144.68, 0
144.69, 0
144.7, 0
144.71, 0
144.72, 0
144.73, 0
144.74, 0
144.75, 0
144.76, 0
144.77, 0
144.78, 0
144.79, 0
144.8, 0
144.81, 0
144.82, 0
144.83, 0
144.84, 0
144.85, 0
144.86, 0
144.87, 0
144.88, 0
144.89, 0
144.9, 0
144.91, 0
144.92, 0
144.93, 0
144.94, 0
144.95, 0
144.96, 0
144.97, 0
144.98, 0
144.99, 0
145, 0
145.01, 0
145.02, 0
145.03, 0
145.04, 0
145.05, 0
145.06, 0
145.07, 0
145.08, 0
145.09, 0
145.1, 0
145.11, 0
145.12, 0
145.13, 0
145.14, 0
145.15, 0
145.16, 0
145.17, 0
145.18, 0
145.19, 0
145.2, 0
145.21, 0
145.22, 0
145.23, 0
145.24, 0
145.25, 0
145.26, 0
145.27, 0
145.28, 0
145.29, 0
145.3, 0
145.31, 0
145.32, 0
145.33, 0
145.34, 0
145.35, 0
145.36, 0
145.37, 0
145.38, 0
145.39, 0
145.4, 0
145.41, 0
145.42, 0
145.43, 0
145.44, 0
145.45, 0
145.46, 0
145.47, 0
145.48, 0
145.49, 0
145.5, 0
145.51, 0
145.52, 0
145.53, 0
145.54, 0
145.55, 0
145.56, 0
145.57, 0
145.58, 0
145.59, 0
145.6, 0
145.61, 0
145.62, 0
145.63, 0
145.64, 0
145.65, 0
145.66, 0
145.67, 0
145.68, 0
145.69, 0
145.7, 0
145.71, 0
145.72, 0
145.73, 0
145.74, 0
145.75, 0
145.76, 0
145.77, 0
145.78, 0
145.79, 0
145.8, 0
145.81, 0
145.82, 0
145.83, 0
145.84, 0
145.85, 0
145.86, 0
145.87, 0
145.88, 0
145.89, 0
145.9, 0
145.91, 0
145.92, 0
145.93, 0
145.94, 0
145.95, 0
145.96, 0
145.97, 0
145.98, 0
145.99, 0
146, 0
146.01, 0
146.02, 0
146.03, 0
146.04, 0
146.05, 0
146.06, 0
146.07, 0
146.08, 0
146.09, 0
146.1, 0
146.11, 0
146.12, 0
146.13, 0
146.14, 0
146.15, 0
146.16, 0
146.17, 0
146.18, 0
146.19, 0
146.2, 0
146.21, 0
146.22, 0
146.23, 0
146.24, 0
146.25, 0
146.26, 0
146.27, 0
146.28, 0
146.29, 0
146.3, 0
146.31, 0
146.32, 0
146.33, 0
146.34, 0
146.35, 0
146.36, 0
146.37, 0
146.38, 0
146.39, 0
146.4, 0
146.41, 0
146.42, 0
146.43, 0
146.44, 0
146.45, 0
146.46, 0
146.47, 0
146.48, 0
146.49, 0
146.5, 0
146.51, 0
146.52, 0
146.53, 0
146.54, 0
146.55, 0
146.56, 0
146.57, 0
146.58, 0
146.59, 0
146.6, 0
146.61, 0
146.62, 0
146.63, 0
146.64, 0
146.65, 0
146.66, 0
146.67, 0
146.68, 0
146.69, 0
146.7, 0
146.71, 0
146.72, 0
146.73, 0
146.74, 0
146.75, 0
146.76, 0
146.77, 0
146.78, 0
146.79, 0
146.8, 0
146.81, 0
146.82, 0
146.83, 0
146.84, 0
146.85, 0
146.86, 0
146.87, 0
146.88, 0
146.89, 0
146.9, 0
146.91, 0
146.92, 0
146.93, 0
146.94, 0
146.95, 0
146.96, 0
146.97, 0
146.98, 0
146.99, 0
147, 0
147.01, 0
147.02, 0
147.03, 0
147.04, 0
147.05, 0
147.06, 0
147.07, 0
147.08, 0
147.09, 0
147.1, 0
147.11, 0
147.12, 0
147.13, 0
147.14, 0
147.15, 0
147.16, 0
147.17, 0
147.18, 0
147.19, 0
147.2, 0
147.21, 0
147.22, 0
147.23, 0
147.24, 0
147.25, 0
147.26, 0
147.27, 0
147.28, 0
147.29, 0
147.3, 0
147.31, 0
147.32, 0
147.33, 0
147.34, 0
147.35, 0
147.36, 0
147.37, 0
147.38, 0
147.39, 0
147.4, 0
147.41, 0
147.42, 0
147.43, 0
147.44, 0
147.45, 0
147.46, 0
147.47, 0
147.48, 0
147.49, 0
147.5, 0
147.51, 0
147.52, 0
147.53, 0
147.54, 0
147.55, 0
147.56, 0
147.57, 0
147.58, 0
147.59, 0
147.6, 0
147.61, 0
147.62, 0
147.63, 0
147.64, 0
147.65, 0
147.66, 0
147.67, 0
147.68, 0
147.69, 0
147.7, 0
147.71, 0
147.72, 0
147.73, 0
147.74, 0
147.75, 0
147.76, 0
147.77, 0
147.78, 0
147.79, 0
147.8, 0
147.81, 0
147.82, 0
147.83, 0
147.84, 0
147.85, 0
147.86, 0
147.87, 0
147.88, 0
147.89, 0
147.9, 0
147.91, 0
147.92, 0
147.93, 0
147.94, 0
147.95, 0
147.96, 0
147.97, 0
147.98, 0
147.99, 0
148, 0
148.01, 0
148.02, 0
148.03, 0
148.04, 0
148.05, 0
148.06, 0
148.07, 0
148.08, 0
148.09, 0
148.1, 0
148.11, 0
148.12, 0
148.13, 0
148.14, 0
148.15, 0
148.16, 0
148.17, 0
148.18, 0
148.19, 0
148.2, 0
148.21, 0
148.22, 0
148.23, 0
148.24, 0
148.25, 0
148.26, 0
148.27, 0
148.28, 0
148.29, 0
148.3, 0
148.31, 0
148.32, 0
148.33, 0
148.34, 0
148.35, 0
148.36, 0
148.37, 0
148.38, 0
148.39, 0
148.4, 0
148.41, 0
148.42, 0
148.43, 0
148.44, 0
148.45, 0
148.46, 0
148.47, 0
148.48, 0
148.49, 0
148.5, 0
148.51, 0
148.52, 0
148.53, 0
148.54, 0
148.55, 0
148.56, 0
148.57, 0
148.58, 0
148.59, 0
148.6, 0
148.61, 0
148.62, 0
148.63, 0
148.64, 0
148.65, 0
148.66, 0
148.67, 0
148.68, 0
148.69, 0
148.7, 0
148.71, 0
148.72, 0
148.73, 0
148.74, 0
148.75, 0
148.76, 0
148.77, 0
148.78, 0
148.79, 0
148.8, 0
148.81, 0
148.82, 0
148.83, 0
148.84, 0
148.85, 0
148.86, 0
148.87, 0
148.88, 0
148.89, 0
148.9, 0
148.91, 0
148.92, 0
148.93, 0
148.94, 0
148.95, 0
148.96, 0
148.97, 0
148.98, 0
148.99, 0
149, 0
149.01, 0
149.02, 0
149.03, 0
149.04, 0
149.05, 0
149.06, 0
149.07, 0
149.08, 0
149.09, 0
149.1, 0
149.11, 0
149.12, 0
149.13, 0
149.14, 0
149.15, 0
149.16, 0
149.17, 0
149.18, 0
149.19, 0
149.2, 0
149.21, 0
149.22, 0
149.23, 0
149.24, 0
149.25, 0
149.26, 0
149.27, 0
149.28, 0
149.29, 0
149.3, 0
149.31, 0
149.32, 0
149.33, 0
149.34, 0
149.35, 0
149.36, 0
149.37, 0
149.38, 0
149.39, 0
149.4, 0
149.41, 0
149.42, 0
149.43, 0
149.44, 0
149.45, 0
149.46, 0
149.47, 0
149.48, 0
149.49, 0
149.5, 0
149.51, 0
149.52, 0
149.53, 0
149.54, 0
149.55, 0
149.56, 0
149.57, 0
149.58, 0
149.59, 0
149.6, 0
149.61, 0
149.62, 0
149.63, 0
149.64, 0
149.65, 0
149.66, 0
149.67, 0
149.68, 0
149.69, 0
149.7, 0
149.71, 0
149.72, 0
149.73, 0
149.74, 0
149.75, 0
149.76, 0
149.77, 0
149.78, 0
149.79, 0
149.8, 0
149.81, 0
149.82, 0
149.83, 0
149.84, 0
149.85, 0
149.86, 0
149.87, 0
149.88, 0
149.89, 0
149.9, 0
149.91, 0
149.92, 0
149.93, 0
149.94, 0
149.95, 0
149.96, 0
149.97, 0
149.98, 0
149.99, 0
150, 0
150.01, 0
150.02, 0
150.03, 0
150.04, 0
150.05, 0
150.06, 0
150.07, 0
150.08, 0
150.09, 0
150.1, 0
150.11, 0
150.12, 0
150.13, 0
150.14, 0
150.15, 0
150.16, 0
150.17, 0
150.18, 0
150.19, 0
150.2, 0
150.21, 0
150.22, 0
150.23, 0
150.24, 0
150.25, 0
150.26, 0
150.27, 0
150.28, 0
150.29, 0
150.3, 0
150.31, 0
150.32, 0
150.33, 0
150.34, 0
150.35, 0
150.36, 0
150.37, 0
150.38, 0
150.39, 0
150.4, 0
150.41, 0
150.42, 0
150.43, 0
150.44, 0
150.45, 0
150.46, 0
150.47, 0
150.48, 0
150.49, 0
150.5, 0
150.51, 0
150.52, 0
150.53, 0
150.54, 0
150.55, 0
150.56, 0
150.57, 0
150.58, 0
150.59, 0
150.6, 0
150.61, 0
150.62, 0
150.63, 0
150.64, 0
150.65, 0
150.66, 0
150.67, 0
150.68, 0
150.69, 0
150.7, 0
150.71, 0
150.72, 0
150.73, 0
150.74, 0
150.75, 0
150.76, 0
150.77, 0
150.78, 0
150.79, 0
150.8, 0
150.81, 0
150.82, 0
150.83, 0
150.84, 0
150.85, 0
150.86, 0
150.87, 0
150.88, 0
150.89, 0
150.9, 0
150.91, 0
150.92, 0
150.93, 0
150.94, 0
150.95, 0
150.96, 0
150.97, 0
150.98, 0
150.99, 0
151, 0
151.01, 0
151.02, 0
151.03, 0
151.04, 0
151.05, 0
151.06, 0
151.07, 0
151.08, 0
151.09, 0
151.1, 0
151.11, 0
151.12, 0
151.13, 0
151.14, 0
151.15, 0
151.16, 0
151.17, 0
151.18, 0
151.19, 0
151.2, 0
151.21, 0
151.22, 0
151.23, 0
151.24, 0
151.25, 0
151.26, 0
151.27, 0
151.28, 0
151.29, 0
151.3, 0
151.31, 0
151.32, 0
151.33, 0
151.34, 0
151.35, 0
151.36, 0
151.37, 0
151.38, 0
151.39, 0
151.4, 0
151.41, 0
151.42, 0
151.43, 0
151.44, 0
151.45, 0
151.46, 0
151.47, 0
151.48, 0
151.49, 0
151.5, 0
151.51, 0
151.52, 0
151.53, 0
151.54, 0
151.55, 0
151.56, 0
151.57, 0
151.58, 0
151.59, 0
151.6, 0
151.61, 0
151.62, 0
151.63, 0
151.64, 0
151.65, 0
151.66, 0
151.67, 0
151.68, 0
151.69, 0
151.7, 0
151.71, 0
151.72, 0
151.73, 0
151.74, 0
151.75, 0
151.76, 0
151.77, 0
151.78, 0
151.79, 0
151.8, 0
151.81, 0
151.82, 0
151.83, 0
151.84, 0
151.85, 0
151.86, 0
151.87, 0
151.88, 0
151.89, 0
151.9, 0
151.91, 0
151.92, 0
151.93, 0
151.94, 0
151.95, 0
151.96, 0
151.97, 0
151.98, 0
151.99, 0
152, 0
152.01, 0
152.02, 0
152.03, 0
152.04, 0
152.05, 0
152.06, 0
152.07, 0
152.08, 0
152.09, 0
152.1, 0
152.11, 0
152.12, 0
152.13, 0
152.14, 0
152.15, 0
152.16, 0
152.17, 0
152.18, 0
152.19, 0
152.2, 0
152.21, 0
152.22, 0
152.23, 0
152.24, 0
152.25, 0
152.26, 0
152.27, 0
152.28, 0
152.29, 0
152.3, 0
152.31, 0
152.32, 0
152.33, 0
152.34, 0
152.35, 0
152.36, 0
152.37, 0
152.38, 0
152.39, 0
152.4, 0
152.41, 0
152.42, 0
152.43, 0
152.44, 0
152.45, 0
152.46, 0
152.47, 0
152.48, 0
152.49, 0
152.5, 0
152.51, 0
152.52, 0
152.53, 0
152.54, 0
152.55, 0
152.56, 0
152.57, 0
152.58, 0
152.59, 0
152.6, 0
152.61, 0
152.62, 0
152.63, 0
152.64, 0
152.65, 0
152.66, 0
152.67, 0
152.68, 0
152.69, 0
152.7, 0
152.71, 0
152.72, 0
152.73, 0
152.74, 0
152.75, 0
152.76, 0
152.77, 0
152.78, 0
152.79, 0
152.8, 0
152.81, 0
152.82, 0
152.83, 0
152.84, 0
152.85, 0
152.86, 0
152.87, 0
152.88, 0
152.89, 0
152.9, 0
152.91, 0
152.92, 0
152.93, 0
152.94, 0
152.95, 0
152.96, 0
152.97, 0
152.98, 0
152.99, 0
153, 0
153.01, 0
153.02, 0
153.03, 0
153.04, 0
153.05, 0
153.06, 0
153.07, 0
153.08, 0
153.09, 0
153.1, 0
153.11, 0
153.12, 0
153.13, 0
153.14, 0
153.15, 0
153.16, 0
153.17, 0
153.18, 0
153.19, 0
153.2, 0
153.21, 0
153.22, 0
153.23, 0
153.24, 0
153.25, 0
153.26, 0
153.27, 0
153.28, 0
153.29, 0
153.3, 0
153.31, 0
153.32, 0
153.33, 0
153.34, 0
153.35, 0
153.36, 0
153.37, 0
153.38, 0
153.39, 0
153.4, 0
153.41, 0
153.42, 0
153.43, 0
153.44, 0
153.45, 0
153.46, 0
153.47, 0
153.48, 0
153.49, 0
153.5, 0
153.51, 0
153.52, 0
153.53, 0
153.54, 0
153.55, 0
153.56, 0
153.57, 0
153.58, 0
153.59, 0
153.6, 0
153.61, 0
153.62, 0
153.63, 0
153.64, 0
153.65, 0
153.66, 0
153.67, 0
153.68, 0
153.69, 0
153.7, 0
153.71, 0
153.72, 0
153.73, 0
153.74, 0
153.75, 0
153.76, 0
153.77, 0
153.78, 0
153.79, 0
153.8, 0
153.81, 0
153.82, 0
153.83, 0
153.84, 0
153.85, 0
153.86, 0
153.87, 0
153.88, 0
153.89, 0
153.9, 0
153.91, 0
153.92, 0
153.93, 0
153.94, 0
153.95, 0
153.96, 0
153.97, 0
153.98, 0
153.99, 0
154, 0
154.01, 0
154.02, 0
154.03, 0
154.04, 0
154.05, 0
154.06, 0
154.07, 0
154.08, 0
154.09, 0
154.1, 0
154.11, 0
154.12, 0
154.13, 0
154.14, 0
154.15, 0
154.16, 0
154.17, 0
154.18, 0
154.19, 0
154.2, 0
154.21, 0
154.22, 0
154.23, 0
154.24, 0
154.25, 0
154.26, 0
154.27, 0
154.28, 0
154.29, 0
154.3, 0
154.31, 0
154.32, 0
154.33, 0
154.34, 0
154.35, 0
154.36, 0
154.37, 0
154.38, 0
154.39, 0
154.4, 0
154.41, 0
154.42, 0
154.43, 0
154.44, 0
154.45, 0
154.46, 0
154.47, 0
154.48, 0
154.49, 0
154.5, 0
154.51, 0
154.52, 0
154.53, 0
154.54, 0
154.55, 0
154.56, 0
154.57, 0
154.58, 0
154.59, 0
154.6, 0
154.61, 0
154.62, 0
154.63, 0
154.64, 0
154.65, 0
154.66, 0
154.67, 0
154.68, 0
154.69, 0
154.7, 0
154.71, 0
154.72, 0
154.73, 0
154.74, 0
154.75, 0
154.76, 0
154.77, 0
154.78, 0
154.79, 0
154.8, 0
154.81, 0
154.82, 0
154.83, 0
154.84, 0
154.85, 0
154.86, 0
154.87, 0
154.88, 0
154.89, 0
154.9, 0
154.91, 0
154.92, 0
154.93, 0
154.94, 0
154.95, 0
154.96, 0
154.97, 0
154.98, 0
154.99, 0
155, 0
155.01, 0
155.02, 0
155.03, 0
155.04, 0
155.05, 0
155.06, 0
155.07, 0
155.08, 0
155.09, 0
155.1, 0
155.11, 0
155.12, 0
155.13, 0
155.14, 0
155.15, 0
155.16, 0
155.17, 0
155.18, 0
155.19, 0
155.2, 0
155.21, 0
155.22, 0
155.23, 0
155.24, 0
155.25, 0
155.26, 0
155.27, 0
155.28, 0
155.29, 0
155.3, 0
155.31, 0
155.32, 0
155.33, 0
155.34, 0
155.35, 0
155.36, 0
155.37, 0
155.38, 0
155.39, 0
155.4, 0
155.41, 0
155.42, 0
155.43, 0
155.44, 0
155.45, 0
155.46, 0
155.47, 0
155.48, 0
155.49, 0
155.5, 0
155.51, 0
155.52, 0
155.53, 0
155.54, 0
155.55, 0
155.56, 0
155.57, 0
155.58, 0
155.59, 0
155.6, 0
155.61, 0
155.62, 0
155.63, 0
155.64, 0
155.65, 0
155.66, 0
155.67, 0
155.68, 0
155.69, 0
155.7, 0
155.71, 0
155.72, 0
155.73, 0
155.74, 0
155.75, 0
155.76, 0
155.77, 0
155.78, 0
155.79, 0
155.8, 0
155.81, 0
155.82, 0
155.83, 0
155.84, 0
155.85, 0
155.86, 0
155.87, 0
155.88, 0
155.89, 0
155.9, 0
155.91, 0
155.92, 0
155.93, 0
155.94, 0
155.95, 0
155.96, 0
155.97, 0
155.98, 0
155.99, 0
156, 0
156.01, 0
156.02, 0
156.03, 0
156.04, 0
156.05, 0
156.06, 0
156.07, 0
156.08, 0
156.09, 0
156.1, 0
156.11, 0
156.12, 0
156.13, 0
156.14, 0
156.15, 0
156.16, 0
156.17, 0
156.18, 0
156.19, 0
156.2, 0
156.21, 0
156.22, 0
156.23, 0
156.24, 0
156.25, 0
156.26, 0
156.27, 0
156.28, 0
156.29, 0
156.3, 0
156.31, 0
156.32, 0
156.33, 0
156.34, 0
156.35, 0
156.36, 0
156.37, 0
156.38, 0
156.39, 0
156.4, 0
156.41, 0
156.42, 0
156.43, 0
156.44, 0
156.45, 0
156.46, 0
156.47, 0
156.48, 0
156.49, 0
156.5, 0
156.51, 0
156.52, 0
156.53, 0
156.54, 0
156.55, 0
156.56, 0
156.57, 0
156.58, 0
156.59, 0
156.6, 0
156.61, 0
156.62, 0
156.63, 0
156.64, 0
156.65, 0
156.66, 0
156.67, 0
156.68, 0
156.69, 0
156.7, 0
156.71, 0
156.72, 0
156.73, 0
156.74, 0
156.75, 0
156.76, 0
156.77, 0
156.78, 0
156.79, 0
156.8, 0
156.81, 0
156.82, 0
156.83, 0
156.84, 0
156.85, 0
156.86, 0
156.87, 0
156.88, 0
156.89, 0
156.9, 0
156.91, 0
156.92, 0
156.93, 0
156.94, 0
156.95, 0
156.96, 0
156.97, 0
156.98, 0
156.99, 0
157, 0
157.01, 0
157.02, 0
157.03, 0
157.04, 0
157.05, 0
157.06, 0
157.07, 0
157.08, 0
157.09, 0
157.1, 0
157.11, 0
157.12, 0
157.13, 0
157.14, 0
157.15, 0
157.16, 0
157.17, 0
157.18, 0
157.19, 0
157.2, 0
157.21, 0
157.22, 0
157.23, 0
157.24, 0
157.25, 0
157.26, 0
157.27, 0
157.28, 0
157.29, 0
157.3, 0
157.31, 0
157.32, 0
157.33, 0
157.34, 0
157.35, 0
157.36, 0
157.37, 0
157.38, 0
157.39, 0
157.4, 0
157.41, 0
157.42, 0
157.43, 0
157.44, 0
157.45, 0
157.46, 0
157.47, 0
157.48, 0
157.49, 0
157.5, 0
157.51, 0
157.52, 0
157.53, 0
157.54, 0
157.55, 0
157.56, 0
157.57, 0
157.58, 0
157.59, 0
157.6, 0
157.61, 0
157.62, 0
157.63, 0
157.64, 0
157.65, 0
157.66, 0
157.67, 0
157.68, 0
157.69, 0
157.7, 0
157.71, 0
157.72, 0
157.73, 0
157.74, 0
157.75, 0
157.76, 0
157.77, 0
157.78, 0
157.79, 0
157.8, 0
157.81, 0
157.82, 0
157.83, 0
157.84, 0
157.85, 0
157.86, 0
157.87, 0
157.88, 0
157.89, 0
157.9, 0
157.91, 0
157.92, 0
157.93, 0
157.94, 0
157.95, 0
157.96, 0
157.97, 0
157.98, 0
157.99, 0
158, 0
158.01, 0
158.02, 0
158.03, 0
158.04, 0
158.05, 0
158.06, 0
158.07, 0
158.08, 0
158.09, 0
158.1, 0
158.11, 0
158.12, 0
158.13, 0
158.14, 0
158.15, 0
158.16, 0
158.17, 0
158.18, 0
158.19, 0
158.2, 0
158.21, 0
158.22, 0
158.23, 0
158.24, 0
158.25, 0
158.26, 0
158.27, 0
158.28, 0
158.29, 0
158.3, 0
158.31, 0
158.32, 0
158.33, 0
158.34, 0
158.35, 0
158.36, 0
158.37, 0
158.38, 0
158.39, 0
158.4, 0
158.41, 0
158.42, 0
158.43, 0
158.44, 0
158.45, 0
158.46, 0
158.47, 0
158.48, 0
158.49, 0
158.5, 0
158.51, 0
158.52, 0
158.53, 0
158.54, 0
158.55, 0
158.56, 0
158.57, 0
158.58, 0
158.59, 0
158.6, 0
158.61, 0
158.62, 0
158.63, 0
158.64, 0
158.65, 0
158.66, 0
158.67, 0
158.68, 0
158.69, 0
158.7, 0
158.71, 0
158.72, 0
158.73, 0
158.74, 0
158.75, 0
158.76, 0
158.77, 0
158.78, 0
158.79, 0
158.8, 0
158.81, 0
158.82, 0
158.83, 0
158.84, 0
158.85, 0
158.86, 0
158.87, 0
158.88, 0
158.89, 0
158.9, 0
158.91, 0
158.92, 0
158.93, 0
158.94, 0
158.95, 0
158.96, 0
158.97, 0
158.98, 0
158.99, 0
159, 0
159.01, 0
159.02, 0
159.03, 0
159.04, 0
159.05, 0
159.06, 0
159.07, 0
159.08, 0
159.09, 0
159.1, 0
159.11, 0
159.12, 0
159.13, 0
159.14, 0
159.15, 0
159.16, 0
159.17, 0
159.18, 0
159.19, 0
159.2, 0
159.21, 0
159.22, 0
159.23, 0
159.24, 0
159.25, 0
159.26, 0
159.27, 0
159.28, 0
159.29, 0
159.3, 0
159.31, 0
159.32, 0
159.33, 0
159.34, 0
159.35, 0
159.36, 0
159.37, 0
159.38, 0
159.39, 0
159.4, 0
159.41, 0
159.42, 0
159.43, 0
159.44, 0
159.45, 0
159.46, 0
159.47, 0
159.48, 0
159.49, 0
159.5, 0
159.51, 0
159.52, 0
159.53, 0
159.54, 0
159.55, 0
159.56, 0
159.57, 0
159.58, 0
159.59, 0
159.6, 0
159.61, 0
159.62, 0
159.63, 0
159.64, 0
159.65, 0
159.66, 0
159.67, 0
159.68, 0
159.69, 0
159.7, 0
159.71, 0
159.72, 0
159.73, 0
159.74, 0
159.75, 0
159.76, 0
159.77, 0
159.78, 0
159.79, 0
159.8, 0
159.81, 0
159.82, 0
159.83, 0
159.84, 0
159.85, 0
159.86, 0
159.87, 0
159.88, 0
159.89, 0
159.9, 0
159.91, 0
159.92, 0
159.93, 0
159.94, 0
159.95, 0
159.96, 0
159.97, 0
159.98, 0
159.99, 0
160, 0
160.01, 0
160.02, 0
160.03, 0
160.04, 0
160.05, 0
160.06, 0
160.07, 0
160.08, 0
160.09, 0
160.1, 0
160.11, 0
160.12, 0
160.13, 0
160.14, 0
160.15, 0
160.16, 0
160.17, 0
160.18, 0
160.19, 0
160.2, 0
160.21, 0
160.22, 0
160.23, 0
160.24, 0
160.25, 0
160.26, 0
160.27, 0
160.28, 0
160.29, 0
160.3, 0
160.31, 0
160.32, 0
160.33, 0
160.34, 0
160.35, 0
160.36, 0
160.37, 0
160.38, 0
160.39, 0
160.4, 0
160.41, 0
160.42, 0
160.43, 0
160.44, 0
160.45, 0
160.46, 0
160.47, 0
160.48, 0
160.49, 0
160.5, 0
160.51, 0
160.52, 0
160.53, 0
160.54, 0
160.55, 0
160.56, 0
160.57, 0
160.58, 0
160.59, 0
160.6, 0
160.61, 0
160.62, 0
160.63, 0
160.64, 0
160.65, 0
160.66, 0
160.67, 0
160.68, 0
160.69, 0
160.7, 0
160.71, 0
160.72, 0
160.73, 0
160.74, 0
160.75, 0
160.76, 0
160.77, 0
160.78, 0
160.79, 0
160.8, 0
160.81, 0
160.82, 0
160.83, 0
160.84, 0
160.85, 0
160.86, 0
160.87, 0
160.88, 0
160.89, 0
160.9, 0
160.91, 0
160.92, 0
160.93, 0
160.94, 0
160.95, 0
160.96, 0
160.97, 0
160.98, 0
160.99, 0
161, 0
161.01, 0
161.02, 0
161.03, 0
161.04, 0
161.05, 0
161.06, 0
161.07, 0
161.08, 0
161.09, 0
161.1, 0
161.11, 0
161.12, 0
161.13, 0
161.14, 0
161.15, 0
161.16, 0
161.17, 0
161.18, 0
161.19, 0
161.2, 0
161.21, 0
161.22, 0
161.23, 0
161.24, 0
161.25, 0
161.26, 0
161.27, 0
161.28, 0
161.29, 0
161.3, 0
161.31, 0
161.32, 0
161.33, 0
161.34, 0
161.35, 0
161.36, 0
161.37, 0
161.38, 0
161.39, 0
161.4, 0
161.41, 0
161.42, 0
161.43, 0
161.44, 0
161.45, 0
161.46, 0
161.47, 0
161.48, 0
161.49, 0
161.5, 0
161.51, 0
161.52, 0
161.53, 0
161.54, 0
161.55, 0
161.56, 0
161.57, 0
161.58, 0
161.59, 0
161.6, 0
161.61, 0
161.62, 0
161.63, 0
161.64, 0
161.65, 0
161.66, 0
161.67, 0
161.68, 0
161.69, 0
161.7, 0
161.71, 0
161.72, 0
161.73, 0
161.74, 0
161.75, 0
161.76, 0
161.77, 0
161.78, 0
161.79, 0
161.8, 0
161.81, 0
161.82, 0
161.83, 0
161.84, 0
161.85, 0
161.86, 0
161.87, 0
161.88, 0
161.89, 0
161.9, 0
161.91, 0
161.92, 0
161.93, 0
161.94, 0
161.95, 0
161.96, 0
161.97, 0
161.98, 0
161.99, 0
162, 0
162.01, 0
162.02, 0
162.03, 0
162.04, 0
162.05, 0
162.06, 0
162.07, 0
162.08, 0
162.09, 0
162.1, 0
162.11, 0
162.12, 0
162.13, 0
162.14, 0
162.15, 0
162.16, 0
162.17, 0
162.18, 0
162.19, 0
162.2, 0
162.21, 0
162.22, 0
162.23, 0
162.24, 0
162.25, 0
162.26, 0
162.27, 0
162.28, 0
162.29, 0
162.3, 0
162.31, 0
162.32, 0
162.33, 0
162.34, 0
162.35, 0
162.36, 0
162.37, 0
162.38, 0
162.39, 0
162.4, 0
162.41, 0
162.42, 0
162.43, 0
162.44, 0
162.45, 0
162.46, 0
162.47, 0
162.48, 0
162.49, 0
162.5, 0
162.51, 0
162.52, 0
162.53, 0
162.54, 0
162.55, 0
162.56, 0
162.57, 0
162.58, 0
162.59, 0
162.6, 0
162.61, 0
162.62, 0
162.63, 0
162.64, 0
162.65, 0
162.66, 0
162.67, 0
162.68, 0
162.69, 0
162.7, 0
162.71, 0
162.72, 0
162.73, 0
162.74, 0
162.75, 0
162.76, 0
162.77, 0
162.78, 0
162.79, 0
162.8, 0
162.81, 0
162.82, 0
162.83, 0
162.84, 0
162.85, 0
162.86, 0
162.87, 0
162.88, 0
162.89, 0
162.9, 0
162.91, 0
162.92, 0
162.93, 0
162.94, 0
162.95, 0
162.96, 0
162.97, 0
162.98, 0
162.99, 0
163, 0
163.01, 0
163.02, 0
163.03, 0
163.04, 0
163.05, 0
163.06, 0
163.07, 0
163.08, 0
163.09, 0
163.1, 0
163.11, 0
163.12, 0
163.13, 0
163.14, 0
163.15, 0
163.16, 0
163.17, 0
163.18, 0
163.19, 0
163.2, 0
163.21, 0
163.22, 0
163.23, 0
163.24, 0
163.25, 0
163.26, 0
163.27, 0
163.28, 0
163.29, 0
163.3, 0
163.31, 0
163.32, 0
163.33, 0
163.34, 0
163.35, 0
163.36, 0
163.37, 0
163.38, 0
163.39, 0
163.4, 0
163.41, 0
163.42, 0
163.43, 0
163.44, 0
163.45, 0
163.46, 0
163.47, 0
163.48, 0
163.49, 0
163.5, 0
163.51, 0
163.52, 0
163.53, 0
163.54, 0
163.55, 0
163.56, 0
163.57, 0
163.58, 0
163.59, 0
163.6, 0
163.61, 0
163.62, 0
163.63, 0
163.64, 0
163.65, 0
163.66, 0
163.67, 0
163.68, 0
163.69, 0
163.7, 0
163.71, 0
163.72, 0
163.73, 0
163.74, 0
163.75, 0
163.76, 0
163.77, 0
163.78, 0
163.79, 0
163.8, 0
163.81, 0
163.82, 0
163.83, 0
163.84, 0
163.85, 0
163.86, 0
163.87, 0
163.88, 0
163.89, 0
163.9, 0
163.91, 0
163.92, 0
163.93, 0
163.94, 0
163.95, 0
163.96, 0
163.97, 0
163.98, 0
163.99, 0
164, 0
164.01, 0
164.02, 0
164.03, 0
164.04, 0
164.05, 0
164.06, 0
164.07, 0
164.08, 0
164.09, 0
164.1, 0
164.11, 0
164.12, 0
164.13, 0
164.14, 0
164.15, 0
164.16, 0
164.17, 0
164.18, 0
164.19, 0
164.2, 0
164.21, 0
164.22, 0
164.23, 0
164.24, 0
164.25, 0
164.26, 0
164.27, 0
164.28, 0
164.29, 0
164.3, 0
164.31, 0
164.32, 0
164.33, 0
164.34, 0
164.35, 0
164.36, 0
164.37, 0
164.38, 0
164.39, 0
164.4, 0
164.41, 0
164.42, 0
164.43, 0
164.44, 0
164.45, 0
164.46, 0
164.47, 0
164.48, 0
164.49, 0
164.5, 0
164.51, 0
164.52, 0
164.53, 0
164.54, 0
164.55, 0
164.56, 0
164.57, 0
164.58, 0
164.59, 0
164.6, 0
164.61, 0
164.62, 0
164.63, 0
164.64, 0
164.65, 0
164.66, 0
164.67, 0
164.68, 0
164.69, 0
164.7, 0
164.71, 0
164.72, 0
164.73, 0
164.74, 0
164.75, 0
164.76, 0
164.77, 0
164.78, 0
164.79, 0
164.8, 0
164.81, 0
164.82, 0
164.83, 0
164.84, 0
164.85, 0
164.86, 0
164.87, 0
164.88, 0
164.89, 0
164.9, 0
164.91, 0
164.92, 0
164.93, 0
164.94, 0
164.95, 0
164.96, 0
164.97, 0
164.98, 0
164.99, 0
165, 0
165.01, 0
165.02, 0
165.03, 0
165.04, 0
165.05, 0
165.06, 0
165.07, 0
165.08, 0
165.09, 0
165.1, 0
165.11, 0
165.12, 0
165.13, 0
165.14, 0
165.15, 0
165.16, 0
165.17, 0
165.18, 0
165.19, 0
165.2, 0
165.21, 0
165.22, 0
165.23, 0
165.24, 0
165.25, 0
165.26, 0
165.27, 0
165.28, 0
165.29, 0
165.3, 0
165.31, 0
165.32, 0
165.33, 0
165.34, 0
165.35, 0
165.36, 0
165.37, 0
165.38, 0
165.39, 0
165.4, 0
165.41, 0
165.42, 0
165.43, 0
165.44, 0
165.45, 0
165.46, 0
165.47, 0
165.48, 0
165.49, 0
165.5, 0
165.51, 0
165.52, 0
165.53, 0
165.54, 0
165.55, 0
165.56, 0
165.57, 0
165.58, 0
165.59, 0
165.6, 0
165.61, 0
165.62, 0
165.63, 0
165.64, 0
165.65, 0
165.66, 0
165.67, 0
165.68, 0
165.69, 0
165.7, 0
165.71, 0
165.72, 0
165.73, 0
165.74, 0
165.75, 0
165.76, 0
165.77, 0
165.78, 0
165.79, 0
165.8, 0
165.81, 0
165.82, 0
165.83, 0
165.84, 0
165.85, 0
165.86, 0
165.87, 0
165.88, 0
165.89, 0
165.9, 0
165.91, 0
165.92, 0
165.93, 0
165.94, 0
165.95, 0
165.96, 0
165.97, 0
165.98, 0
165.99, 0
166, 0
166.01, 0
166.02, 0
166.03, 0
166.04, 0
166.05, 0
166.06, 0
166.07, 0
166.08, 0
166.09, 0
166.1, 0
166.11, 0
166.12, 0
166.13, 0
166.14, 0
166.15, 0
166.16, 0
166.17, 0
166.18, 0
166.19, 0
166.2, 0
166.21, 0
166.22, 0
166.23, 0
166.24, 0
166.25, 0
166.26, 0
166.27, 0
166.28, 0
166.29, 0
166.3, 0
166.31, 0
166.32, 0
166.33, 0
166.34, 0
166.35, 0
166.36, 0
166.37, 0
166.38, 0
166.39, 0
166.4, 0
166.41, 0
166.42, 0
166.43, 0
166.44, 0
166.45, 0
166.46, 0
166.47, 0
166.48, 0
166.49, 0
166.5, 0
166.51, 0
166.52, 0
166.53, 0
166.54, 0
166.55, 0
166.56, 0
166.57, 0
166.58, 0
166.59, 0
166.6, 0
166.61, 0
166.62, 0
166.63, 0
166.64, 0
166.65, 0
166.66, 0
166.67, 0
166.68, 0
166.69, 0
166.7, 0
166.71, 0
166.72, 0
166.73, 0
166.74, 0
166.75, 0
166.76, 0
166.77, 0
166.78, 0
166.79, 0
166.8, 0
166.81, 0
166.82, 0
166.83, 0
166.84, 0
166.85, 0
166.86, 0
166.87, 0
166.88, 0
166.89, 0
166.9, 0
166.91, 0
166.92, 0
166.93, 0
166.94, 0
166.95, 0
166.96, 0
166.97, 0
166.98, 0
166.99, 0
167, 0
167.01, 0
167.02, 0
167.03, 0
167.04, 0
167.05, 0
167.06, 0
167.07, 0
167.08, 0
167.09, 0
167.1, 0
167.11, 0
167.12, 0
167.13, 0
167.14, 0
167.15, 0
167.16, 0
167.17, 0
167.18, 0
167.19, 0
167.2, 0
167.21, 0
167.22, 0
167.23, 0
167.24, 0
167.25, 0
167.26, 0
167.27, 0
167.28, 0
167.29, 0
167.3, 0
167.31, 0
167.32, 0
167.33, 0
167.34, 0
167.35, 0
167.36, 0
167.37, 0
167.38, 0
167.39, 0
167.4, 0
167.41, 0
167.42, 0
167.43, 0
167.44, 0
167.45, 0
167.46, 0
167.47, 0
167.48, 0
167.49, 0
167.5, 0
167.51, 0
167.52, 0
167.53, 0
167.54, 0
167.55, 0
167.56, 0
167.57, 0
167.58, 0
167.59, 0
167.6, 0
167.61, 0
167.62, 0
167.63, 0
167.64, 0
167.65, 0
167.66, 0
167.67, 0
167.68, 0
167.69, 0
167.7, 0
167.71, 0
167.72, 0
167.73, 0
167.74, 0
167.75, 0
167.76, 0
167.77, 0
167.78, 0
167.79, 0
167.8, 0
167.81, 0
167.82, 0
167.83, 0
167.84, 0
167.85, 0
167.86, 0
167.87, 0
167.88, 0
167.89, 0
167.9, 0
167.91, 0
167.92, 0
167.93, 0
167.94, 0
167.95, 0
167.96, 0
167.97, 0
167.98, 0
167.99, 0
168, 0
168.01, 0
168.02, 0
168.03, 0
168.04, 0
168.05, 0
168.06, 0
168.07, 0
168.08, 0
168.09, 0
168.1, 0
168.11, 0
168.12, 0
168.13, 0
168.14, 0
168.15, 0
168.16, 0
168.17, 0
168.18, 0
168.19, 0
168.2, 0
168.21, 0
168.22, 0
168.23, 0
168.24, 0
168.25, 0
168.26, 0
168.27, 0
168.28, 0
168.29, 0
168.3, 0
168.31, 0
168.32, 0
168.33, 0
168.34, 0
168.35, 0
168.36, 0
168.37, 0
168.38, 0
168.39, 0
168.4, 0
168.41, 0
168.42, 0
168.43, 0
168.44, 0
168.45, 0
168.46, 0
168.47, 0
168.48, 0
168.49, 0
168.5, 0
168.51, 0
168.52, 0
168.53, 0
168.54, 0
168.55, 0
168.56, 0
168.57, 0
168.58, 0
168.59, 0
168.6, 0
168.61, 0
168.62, 0
168.63, 0
168.64, 0
168.65, 0
168.66, 0
168.67, 0
168.68, 0
168.69, 0
168.7, 0
168.71, 0
168.72, 0
168.73, 0
168.74, 0
168.75, 0
168.76, 0
168.77, 0
168.78, 0
168.79, 0
168.8, 0
168.81, 0
168.82, 0
168.83, 0
168.84, 0
168.85, 0
168.86, 0
168.87, 0
168.88, 0
168.89, 0
168.9, 0
168.91, 0
168.92, 0
168.93, 0
168.94, 0
168.95, 0
168.96, 0
168.97, 0
168.98, 0
168.99, 0
169, 0
169.01, 0
169.02, 0
169.03, 0
169.04, 0
169.05, 0
169.06, 0
169.07, 0
169.08, 0
169.09, 0
169.1, 0
169.11, 0
169.12, 0
169.13, 0
169.14, 0
169.15, 0
169.16, 0
169.17, 0
169.18, 0
169.19, 0
169.2, 0
169.21, 0
169.22, 0
169.23, 0
169.24, 0
169.25, 0
169.26, 0
169.27, 0
169.28, 0
169.29, 0
169.3, 0
169.31, 0
169.32, 0
169.33, 0
169.34, 0
169.35, 0
169.36, 0
169.37, 0
169.38, 0
169.39, 0
169.4, 0
169.41, 0
169.42, 0
169.43, 0
169.44, 0
169.45, 0
169.46, 0
169.47, 0
169.48, 0
169.49, 0
169.5, 0
169.51, 0
169.52, 0
169.53, 0
169.54, 0
169.55, 0
169.56, 0
169.57, 0
169.58, 0
169.59, 0
169.6, 0
169.61, 0
169.62, 0
169.63, 0
169.64, 0
169.65, 0
169.66, 0
169.67, 0
169.68, 0
169.69, 0
169.7, 0
169.71, 0
169.72, 0
169.73, 0
169.74, 0
169.75, 0
169.76, 0
169.77, 0
169.78, 0
169.79, 0
169.8, 0
169.81, 0
169.82, 0
169.83, 0
169.84, 0
169.85, 0
169.86, 0
169.87, 0
169.88, 0
169.89, 0
169.9, 0
169.91, 0
169.92, 0
169.93, 0
169.94, 0
169.95, 0
169.96, 0
169.97, 0
169.98, 0
169.99, 0
170, 0
170.01, 0
170.02, 0
170.03, 0
170.04, 0
170.05, 0
170.06, 0
170.07, 0
170.08, 0
170.09, 0
170.1, 0
170.11, 0
170.12, 0
170.13, 0
170.14, 0
170.15, 0
170.16, 0
170.17, 0
170.18, 0
170.19, 0
170.2, 0
170.21, 0
170.22, 0
170.23, 0
170.24, 0
170.25, 0
170.26, 0
170.27, 0
170.28, 0
170.29, 0
170.3, 0
170.31, 0
170.32, 0
170.33, 0
170.34, 0
170.35, 0
170.36, 0
170.37, 0
170.38, 0
170.39, 0
170.4, 0
170.41, 0
170.42, 0
170.43, 0
170.44, 0
170.45, 0
170.46, 0
170.47, 0
170.48, 0
170.49, 0
170.5, 0
170.51, 0
170.52, 0
170.53, 0
170.54, 0
170.55, 0
170.56, 0
170.57, 0
170.58, 0
170.59, 0
170.6, 0
170.61, 0
170.62, 0
170.63, 0
170.64, 0
170.65, 0
170.66, 0
170.67, 0
170.68, 0
170.69, 0
170.7, 0
170.71, 0
170.72, 0
170.73, 0
170.74, 0
170.75, 0
170.76, 0
170.77, 0
170.78, 0
170.79, 0
170.8, 0
170.81, 0
170.82, 0
170.83, 0
170.84, 0
170.85, 0
170.86, 0
170.87, 0
170.88, 0
170.89, 0
170.9, 0
170.91, 0
170.92, 0
170.93, 0
170.94, 0
170.95, 0
170.96, 0
170.97, 0
170.98, 0
170.99, 0
171, 0
171.01, 0
171.02, 0
171.03, 0
171.04, 0
171.05, 0
171.06, 0
171.07, 0
171.08, 0
171.09, 0
171.1, 0
171.11, 0
171.12, 0
171.13, 0
171.14, 0
171.15, 0
171.16, 0
171.17, 0
171.18, 0
171.19, 0
171.2, 0
171.21, 0
171.22, 0
171.23, 0
171.24, 0
171.25, 0
171.26, 0
171.27, 0
171.28, 0
171.29, 0
171.3, 0
171.31, 0
171.32, 0
171.33, 0
171.34, 0
171.35, 0
171.36, 0
171.37, 0
171.38, 0
171.39, 0
171.4, 0
171.41, 0
171.42, 0
171.43, 0
171.44, 0
171.45, 0
171.46, 0
171.47, 0
171.48, 0
171.49, 0
171.5, 0
171.51, 0
171.52, 0
171.53, 0
171.54, 0
171.55, 0
171.56, 0
171.57, 0
171.58, 0
171.59, 0
171.6, 0
171.61, 0
171.62, 0
171.63, 0
171.64, 0
171.65, 0
171.66, 0
171.67, 0
171.68, 0
171.69, 0
171.7, 0
171.71, 0
171.72, 0
171.73, 0
171.74, 0
171.75, 0
171.76, 0
171.77, 0
171.78, 0
171.79, 0
171.8, 0
171.81, 0
171.82, 0
171.83, 0
171.84, 0
171.85, 0
171.86, 0
171.87, 0
171.88, 0
171.89, 0
171.9, 0
171.91, 0
171.92, 0
171.93, 0
171.94, 0
171.95, 0
171.96, 0
171.97, 0
171.98, 0
171.99, 0
172, 0
172.01, 0
172.02, 0
172.03, 0
172.04, 0
172.05, 0
172.06, 0
172.07, 0
172.08, 0
172.09, 0
172.1, 0
172.11, 0
172.12, 0
172.13, 0
172.14, 0
172.15, 0
172.16, 0
172.17, 0
172.18, 0
172.19, 0
172.2, 0
172.21, 0
172.22, 0
172.23, 0
172.24, 0
172.25, 0
172.26, 0
172.27, 0
172.28, 0
172.29, 0
172.3, 0
172.31, 0
172.32, 0
172.33, 0
172.34, 0
172.35, 0
172.36, 0
172.37, 0
172.38, 0
172.39, 0
172.4, 0
172.41, 0
172.42, 0
172.43, 0
172.44, 0
172.45, 0
172.46, 0
172.47, 0
172.48, 0
172.49, 0
172.5, 0
172.51, 0
172.52, 0
172.53, 0
172.54, 0
172.55, 0
172.56, 0
172.57, 0
172.58, 0
172.59, 0
172.6, 0
172.61, 0
172.62, 0
172.63, 0
172.64, 0
172.65, 0
172.66, 0
172.67, 0
172.68, 0
172.69, 0
172.7, 0
172.71, 0
172.72, 0
172.73, 0
172.74, 0
172.75, 0
172.76, 0
172.77, 0
172.78, 0
172.79, 0
172.8, 0
172.81, 0
172.82, 0
172.83, 0
172.84, 0
172.85, 0
172.86, 0
172.87, 0
172.88, 0
172.89, 0
172.9, 0
172.91, 0
172.92, 0
172.93, 0
172.94, 0
172.95, 0
172.96, 0
172.97, 0
172.98, 0
172.99, 0
173, 0
173.01, 0
173.02, 0
173.03, 0
173.04, 0
173.05, 0
173.06, 0
173.07, 0
173.08, 0
173.09, 0
173.1, 0
173.11, 0
173.12, 0
173.13, 0
173.14, 0
173.15, 0
173.16, 0
173.17, 0
173.18, 0
173.19, 0
173.2, 0
173.21, 0
173.22, 0
173.23, 0
173.24, 0
173.25, 0
173.26, 0
173.27, 0
173.28, 0
173.29, 0
173.3, 0
173.31, 0
173.32, 0
173.33, 0
173.34, 0
173.35, 0
173.36, 0
173.37, 0
173.38, 0
173.39, 0
173.4, 0
173.41, 0
173.42, 0
173.43, 0
173.44, 0
173.45, 0
173.46, 0
173.47, 0
173.48, 0
173.49, 0
173.5, 0
173.51, 0
173.52, 0
173.53, 0
173.54, 0
173.55, 0
173.56, 0
173.57, 0
173.58, 0
173.59, 0
173.6, 0
173.61, 0
173.62, 0
173.63, 0
173.64, 0
173.65, 0
173.66, 0
173.67, 0
173.68, 0
173.69, 0
173.7, 0
173.71, 0
173.72, 0
173.73, 0
173.74, 0
173.75, 0
173.76, 0
173.77, 0
173.78, 0
173.79, 0
173.8, 0
173.81, 0
173.82, 0
173.83, 0
173.84, 0
173.85, 0
173.86, 0
173.87, 0
173.88, 0
173.89, 0
173.9, 0
173.91, 0
173.92, 0
173.93, 0
173.94, 0
173.95, 0
173.96, 0
173.97, 0
173.98, 0
173.99, 0
174, 0
174.01, 0
174.02, 0
174.03, 0
174.04, 0
174.05, 0
174.06, 0
174.07, 0
174.08, 0
174.09, 0
174.1, 0
174.11, 0
174.12, 0
174.13, 0
174.14, 0
174.15, 0
174.16, 0
174.17, 0
174.18, 0
174.19, 0
174.2, 0
174.21, 0
174.22, 0
174.23, 0
174.24, 0
174.25, 0
174.26, 0
174.27, 0
174.28, 0
174.29, 0
174.3, 0
174.31, 0
174.32, 0
174.33, 0
174.34, 0
174.35, 0
174.36, 0
174.37, 0
174.38, 0
174.39, 0
174.4, 0
174.41, 0
174.42, 0
174.43, 0
174.44, 0
174.45, 0
174.46, 0
174.47, 0
174.48, 0
174.49, 0
174.5, 0
174.51, 0
174.52, 0
174.53, 0
174.54, 0
174.55, 0
174.56, 0
174.57, 0
174.58, 0
174.59, 0
174.6, 0
174.61, 0
174.62, 0
174.63, 0
174.64, 0
174.65, 0
174.66, 0
174.67, 0
174.68, 0
174.69, 0
174.7, 0
174.71, 0
174.72, 0
174.73, 0
174.74, 0
174.75, 0
174.76, 0
174.77, 0
174.78, 0
174.79, 0
174.8, 0
174.81, 0
174.82, 0
174.83, 0
174.84, 0
174.85, 0
174.86, 0
174.87, 0
174.88, 0
174.89, 0
174.9, 0
174.91, 0
174.92, 0
174.93, 0
174.94, 0
174.95, 0
174.96, 0
174.97, 0
174.98, 0
174.99, 0
175, 0
175.01, 0
175.02, 0
175.03, 0
175.04, 0
175.05, 0
175.06, 0
175.07, 0
175.08, 0
175.09, 0
175.1, 0
175.11, 0
175.12, 0
175.13, 0
175.14, 0
175.15, 0
175.16, 0
175.17, 0
175.18, 0
175.19, 0
175.2, 0
175.21, 0
175.22, 0
175.23, 0
175.24, 0
175.25, 0
175.26, 0
175.27, 0
175.28, 0
175.29, 0
175.3, 0
175.31, 0
175.32, 0
175.33, 0
175.34, 0
175.35, 0
175.36, 0
175.37, 0
175.38, 0
175.39, 0
175.4, 0
175.41, 0
175.42, 0
175.43, 0
175.44, 0
175.45, 0
175.46, 0
175.47, 0
175.48, 0
175.49, 0
175.5, 0
175.51, 0
175.52, 0
175.53, 0
175.54, 0
175.55, 0
175.56, 0
175.57, 0
175.58, 0
175.59, 0
175.6, 0
175.61, 0
175.62, 0
175.63, 0
175.64, 0
175.65, 0
175.66, 0
175.67, 0
175.68, 0
175.69, 0
175.7, 0
175.71, 0
175.72, 0
175.73, 0
175.74, 0
175.75, 0
175.76, 0
175.77, 0
175.78, 0
175.79, 0
175.8, 0
175.81, 0
175.82, 0
175.83, 0
175.84, 0
175.85, 0
175.86, 0
175.87, 0
175.88, 0
175.89, 0
175.9, 0
175.91, 0
175.92, 0
175.93, 0
175.94, 0
175.95, 0
175.96, 0
175.97, 0
175.98, 0
175.99, 0
176, 0
176.01, 0
176.02, 0
176.03, 0
176.04, 0
176.05, 0
176.06, 0
176.07, 0
176.08, 0
176.09, 0
176.1, 0
176.11, 0
176.12, 0
176.13, 0
176.14, 0
176.15, 0
176.16, 0
176.17, 0
176.18, 0
176.19, 0
176.2, 0
176.21, 0
176.22, 0
176.23, 0
176.24, 0
176.25, 0
176.26, 0
176.27, 0
176.28, 0
176.29, 0
176.3, 0
176.31, 0
176.32, 0
176.33, 0
176.34, 0
176.35, 0
176.36, 0
176.37, 0
176.38, 0
176.39, 0
176.4, 0
176.41, 0
176.42, 0
176.43, 0
176.44, 0
176.45, 0
176.46, 0
176.47, 0
176.48, 0
176.49, 0
176.5, 0
176.51, 0
176.52, 0
176.53, 0
176.54, 0
176.55, 0
176.56, 0
176.57, 0
176.58, 0
176.59, 0
176.6, 0
176.61, 0
176.62, 0
176.63, 0
176.64, 0
176.65, 0
176.66, 0
176.67, 0
176.68, 0
176.69, 0
176.7, 0
176.71, 0
176.72, 0
176.73, 0
176.74, 0
176.75, 0
176.76, 0
176.77, 0
176.78, 0
176.79, 0
176.8, 0
176.81, 0
176.82, 0
176.83, 0
176.84, 0
176.85, 0
176.86, 0
176.87, 0
176.88, 0
176.89, 0
176.9, 0
176.91, 0
176.92, 0
176.93, 0
176.94, 0
176.95, 0
176.96, 0
176.97, 0
176.98, 0
176.99, 0
177, 0
177.01, 0
177.02, 0
177.03, 0
177.04, 0
177.05, 0
177.06, 0
177.07, 0
177.08, 0
177.09, 0
177.1, 0
177.11, 0
177.12, 0
177.13, 0
177.14, 0
177.15, 0
177.16, 0
177.17, 0
177.18, 0
177.19, 0
177.2, 0
177.21, 0
177.22, 0
177.23, 0
177.24, 0
177.25, 0
177.26, 0
177.27, 0
177.28, 0
177.29, 0
177.3, 0
177.31, 0
177.32, 0
177.33, 0
177.34, 0
177.35, 0
177.36, 0
177.37, 0
177.38, 0
177.39, 0
177.4, 0
177.41, 0
177.42, 0
177.43, 0
177.44, 0
177.45, 0
177.46, 0
177.47, 0
177.48, 0
177.49, 0
177.5, 0
177.51, 0
177.52, 0
177.53, 0
177.54, 0
177.55, 0
177.56, 0
177.57, 0
177.58, 0
177.59, 0
177.6, 0
177.61, 0
177.62, 0
177.63, 0
177.64, 0
177.65, 0
177.66, 0
177.67, 0
177.68, 0
177.69, 0
177.7, 0
177.71, 0
177.72, 0
177.73, 0
177.74, 0
177.75, 0
177.76, 0
177.77, 0
177.78, 0
177.79, 0
177.8, 0
177.81, 0
177.82, 0
177.83, 0
177.84, 0
177.85, 0
177.86, 0
177.87, 0
177.88, 0
177.89, 0
177.9, 0
177.91, 0
177.92, 0
177.93, 0
177.94, 0
177.95, 0
177.96, 0
177.97, 0
177.98, 0
177.99, 0
178, 0
178.01, 0
178.02, 0
178.03, 0
178.04, 0
178.05, 0
178.06, 0
178.07, 0
178.08, 0
178.09, 0
178.1, 0
178.11, 0
178.12, 0
178.13, 0
178.14, 0
178.15, 0
178.16, 0
178.17, 0
178.18, 0
178.19, 0
178.2, 0
178.21, 0
178.22, 0
178.23, 0
178.24, 0
178.25, 0
178.26, 0
178.27, 0
178.28, 0
178.29, 0
178.3, 0
178.31, 0
178.32, 0
178.33, 0
178.34, 0
178.35, 0
178.36, 0
178.37, 0
178.38, 0
178.39, 0
178.4, 0
178.41, 0
178.42, 0
178.43, 0
178.44, 0
178.45, 0
178.46, 0
178.47, 0
178.48, 0
178.49, 0
178.5, 0
178.51, 0
178.52, 0
178.53, 0
178.54, 0
178.55, 0
178.56, 0
178.57, 0
178.58, 0
178.59, 0
178.6, 0
178.61, 0
178.62, 0
178.63, 0
178.64, 0
178.65, 0
178.66, 0
178.67, 0
178.68, 0
178.69, 0
178.7, 0
178.71, 0
178.72, 0
178.73, 0
178.74, 0
178.75, 0
178.76, 0
178.77, 0
178.78, 0
178.79, 0
178.8, 0
178.81, 0
178.82, 0
178.83, 0
178.84, 0
178.85, 0
178.86, 0
178.87, 0
178.88, 0
178.89, 0
178.9, 0
178.91, 0
178.92, 0
178.93, 0
178.94, 0
178.95, 0
178.96, 0
178.97, 0
178.98, 0
178.99, 0
179, 0
179.01, 0
179.02, 0
179.03, 0
179.04, 0
179.05, 0
179.06, 0
179.07, 0
179.08, 0
179.09, 0
179.1, 0
179.11, 0
179.12, 0
179.13, 0
179.14, 0
179.15, 0
179.16, 0
179.17, 0
179.18, 0
179.19, 0
179.2, 0
179.21, 0
179.22, 0
179.23, 0
179.24, 0
179.25, 0
179.26, 0
179.27, 0
179.28, 0
179.29, 0
179.3, 0
179.31, 0
179.32, 0
179.33, 0
179.34, 0
179.35, 0
179.36, 0
179.37, 0
179.38, 0
179.39, 0
179.4, 0
179.41, 0
179.42, 0
179.43, 0
179.44, 0
179.45, 0
179.46, 0
179.47, 0
179.48, 0
179.49, 0
179.5, 0
179.51, 0
179.52, 0
179.53, 0
179.54, 0
179.55, 0
179.56, 0
179.57, 0
179.58, 0
179.59, 0
179.6, 0
179.61, 0
179.62, 0
179.63, 0
179.64, 0
179.65, 0
179.66, 0
179.67, 0
179.68, 0
179.69, 0
179.7, 0
179.71, 0
179.72, 0
179.73, 0
179.74, 0
179.75, 0
179.76, 0
179.77, 0
179.78, 0
179.79, 0
179.8, 0
179.81, 0
179.82, 0
179.83, 0
179.84, 0
179.85, 0
179.86, 0
179.87, 0
179.88, 0
179.89, 0
179.9, 0
179.91, 0
179.92, 0
179.93, 0
179.94, 0
179.95, 0
179.96, 0
179.97, 0
179.98, 0
179.99, 0
