Alunogen
crystal_structure 1
space_group 2
0, 0
0.01, 147
0.02, 91
0.03, 109
0.04, 175
0.05, 1
0.06, 20
0.07, 5
0.08, 77
0.09, 80
0.1, 151
0.11, 34
0.12, 129
0.13, 94
0.14, 46
0.15, 272
0.16, 263
0.17, 78
0.18, 16
0.19, 94
0.2, 154
0.21, 12
0.22, 4
0.23, 91
0.24, 91
0.25, 30
0.26, 187
0.27, 126
0.28, 6
0.29, 143
0.3, 81
0.31, 150
0.32, 193
0.33, 36
0.34, 184
0.35, 157
0.36, 122
0.37, 25
0.38, 164
0.39, 120
0.4, 76
0.41, 154
0.42, 152
0.43, 133
0.44, 89
0.45, 281
0.46, 122
0.47, 148
0.48, 121
0.49, 15
0.5, 49
0.51, 70
0.52, 173
0.53, 18
0.54, 49
0.55, 127
0.56, 196
0.57, 11
0.58, 124
0.59, 88
0.6, 210
0.61, 244
0.62, 149
0.63, 60
0.64, 121
0.65, 19
0.66, 166
0.67, 113
0.68, 60
0.69, 33
0.7, 85
0.71, 111
0.72, 49
0.73, 83
0.74, 91
0.75, 108
0.76, 64
0.77, 116
0.78, 133
0.79, 167
0.8, 79
0.81, 175
0.82, 78
0.83, 58
0.84, 16
0.85, 138
0.86, 42
0.87, 76
0.88, 58
0.89, 2
0.9, 119
0.91, 127
0.92, 92
0.93, 56
0.94, 74
0.95, 56
0.96, 56
0.97, 55
0.98, 55
0.99, 10
1, 19
1.01, 19
1.02, 72
1.03, 28
1.04, 106
1.05, 167
1.06, 123
1.07, 62
1.08, 44
1.09, 166
1.1, 53
1.11, 87
1.12, 70
1.13, 122
1.14, 25
1.15, 43
1.16, 8
1.17, 77
1.18, 86
1.19, 35
1.2, 70
1.21, 123
1.22, 149
1.23, 16
1.24, 44
1.25, 175
1.26, 122
1.27, 70
1.28, 96
1.29, 3
1.3, 166
1.31, 35
1.32, 61
1.33, 114
1.34, 230
1.35, 142
1.36, 273
1.37, 177
1.38, 151
1.39, 151
1.4, 151
1.41, 149
1.42, 186
1.43, 159
1.44, 168
1.45, 194
1.46, 317
1.47, 388
1.48, 316
1.49, 316
1.5, 369
1.51, 342
1.52, 596
1.53, 727
1.54, 718
1.55, 606
1.56, 702
1.57, 746
1.58, 860
1.59, 947
1.6, 964
1.61, 1000
1.62, 912
1.63, 939
1.64, 512
1.65, 503
1.66, 433
1.67, 381
1.68, 425
1.69, 127
1.7, 311
1.71, 241
1.72, 189
1.73, 274
1.74, 267
1.75, 354
1.76, 188
1.77, 267
1.78, 118
1.79, 92
1.8, 198
1.81, 172
1.82, 154
1.83, 268
1.84, 111
1.85, 133
1.86, 413
1.87, 126
1.88, 143
1.89, 73
1.9, 318
1.91, 161
1.92, 240
1.93, 66
1.94, 198
1.95, 268
1.96, 268
1.97, 154
1.98, 260
1.99, 208
2, 173
2.01, 235
2.02, 147
2.03, 203
2.04, 142
2.05, 256
2.06, 133
2.07, 291
2.08, 117
2.09, 127
2.1, 145
2.11, 302
2.12, 136
2.13, 268
2.14, 233
2.15, 198
2.16, 251
2.17, 391
2.18, 225
2.19, 275
2.2, 169
2.21, 185
2.22, 334
2.23, 430
2.24, 448
2.25, 291
2.26, 396
2.27, 326
2.28, 247
2.29, 152
2.3, 12
2.31, 108
2.32, 178
2.33, 83
2.34, 240
2.35, 4
2.36, 197
2.37, 188
2.38, 21
2.39, 198
2.4, 24
2.41, 129
2.42, 139
2.43, 174
2.44, 131
2.45, 70
2.46, 123
2.47, 149
2.48, 193
2.49, 34
2.5, 0
2.51, 166
2.52, 183
2.53, 23
2.54, 46
2.55, 151
2.56, 265
2.57, 186
2.58, 152
2.59, 91
2.6, 248
2.61, 21
2.62, 57
2.63, 13
2.64, 223
2.65, 92
2.66, 9
2.67, 35
2.68, 219
2.69, 62
2.7, 115
2.71, 71
2.72, 150
2.73, 98
2.74, 18
2.75, 169
2.76, 46
2.77, 3
2.78, 108
2.79, 117
2.8, 82
2.81, 153
2.82, 1
2.83, 11
2.84, 76
2.85, 172
2.86, 76
2.87, 68
2.88, 191
2.89, 0
2.9, 95
2.91, 104
2.92, 17
2.93, 11
2.94, 9
2.95, 105
2.96, 88
2.97, 114
2.98, 27
2.99, 11
3, 124
3.01, 106
3.02, 115
3.03, 46
3.04, 66
3.05, 21
3.06, 11
3.07, 74
3.08, 118
3.09, 35
3.1, 61
3.11, 167
3.12, 16
3.13, 115
3.14, 1
3.15, 185
3.16, 10
3.17, 7
3.18, 89
3.19, 142
3.2, 37
3.21, 204
3.22, 177
3.23, 160
3.24, 126
3.25, 31
3.26, 66
3.27, 11
3.28, 8
3.29, 23
3.3, 49
3.31, 67
3.32, 24
3.33, 50
3.34, 41
3.35, 147
3.36, 16
3.37, 121
3.38, 86
3.39, 156
3.4, 69
3.41, 95
3.42, 157
3.43, 166
3.44, 150
3.45, 10
3.46, 28
3.47, 89
3.48, 177
3.49, 195
3.5, 3
3.51, 46
3.52, 29
3.53, 29
3.54, 82
3.55, 135
3.56, 14
3.57, 232
3.58, 4
3.59, 12
3.6, 205
3.61, 3
3.62, 4
3.63, 24
3.64, 111
3.65, 15
3.66, 61
3.67, 78
3.68, 17
3.69, 79
3.7, 131
3.71, 35
3.72, 149
3.73, 14
3.74, 95
3.75, 130
3.76, 87
3.77, 113
3.78, 70
3.79, 52
3.8, 44
3.81, 95
3.82, 78
3.83, 87
3.84, 201
3.85, 46
3.86, 16
3.87, 45
3.88, 115
3.89, 124
3.9, 89
3.91, 150
3.92, 159
3.93, 133
3.94, 62
3.95, 186
3.96, 142
3.97, 177
3.98, 151
3.99, 169
4, 160
4.01, 99
4.02, 9
4.03, 167
4.04, 80
4.05, 98
4.06, 72
4.07, 19
4.08, 142
4.09, 107
4.1, 160
4.11, 81
4.12, 55
4.13, 89
4.14, 98
4.15, 46
4.16, 98
4.17, 212
4.18, 204
4.19, 89
4.2, 89
4.21, 89
4.22, 221
4.23, 23
4.24, 11
4.25, 245
4.26, 61
4.27, 175
4.28, 48
4.29, 149
4.3, 96
4.31, 114
4.32, 78
4.33, 113
4.34, 60
4.35, 87
4.36, 34
4.37, 138
4.38, 25
4.39, 51
4.4, 69
4.41, 252
4.42, 0
4.43, 8
4.44, 14
4.45, 166
4.46, 219
4.47, 122
4.48, 86
4.49, 121
4.5, 148
4.51, 148
4.52, 17
4.53, 69
4.54, 104
4.55, 96
4.56, 61
4.57, 148
4.58, 0
4.59, 175
4.6, 26
4.61, 140
4.62, 245
4.63, 8
4.64, 70
4.65, 70
4.66, 35
4.67, 97
4.68, 35
4.69, 70
4.7, 1
4.71, 114
4.72, 167
4.73, 132
4.74, 44
4.75, 14
4.76, 20
4.77, 46
4.78, 91
4.79, 73
4.8, 178
4.81, 0
4.82, 133
4.83, 98
4.84, 238
4.85, 13
4.86, 207
4.87, 85
4.88, 120
4.89, 76
4.9, 216
4.91, 50
4.92, 2
4.93, 48
4.94, 3
4.95, 100
4.96, 57
4.97, 13
4.98, 92
4.99, 100
5, 39
5.01, 39
5.02, 74
5.03, 92
5.04, 48
5.05, 88
5.06, 17
5.07, 193
5.08, 307
5.09, 1
5.1, 18
5.11, 219
5.12, 97
5.13, 141
5.14, 9
5.15, 123
5.16, 106
5.17, 150
5.18, 18
5.19, 62
5.2, 158
5.21, 53
5.22, 183
5.23, 80
5.24, 167
5.25, 176
5.26, 36
5.27, 36
5.28, 6
5.29, 124
5.3, 167
5.31, 36
5.32, 133
5.33, 45
5.34, 7
5.35, 87
5.36, 95
5.37, 43
5.38, 106
5.39, 158
5.4, 106
5.41, 141
5.42, 34
5.43, 149
5.44, 70
5.45, 184
5.46, 44
5.47, 17
5.48, 153
5.49, 40
5.5, 171
5.51, 40
5.52, 145
5.53, 15
5.54, 15
5.55, 163
5.56, 111
5.57, 111
5.58, 76
5.59, 85
5.6, 24
5.61, 103
5.62, 225
5.63, 12
5.64, 33
5.65, 85
5.66, 104
5.67, 70
5.68, 0
5.69, 0
5.7, 54
5.71, 141
5.72, 28
5.73, 28
5.74, 124
5.75, 115
5.76, 54
5.77, 28
5.78, 89
5.79, 106
5.8, 132
5.81, 124
5.82, 220
5.83, 184
5.84, 105
5.85, 35
5.86, 105
5.87, 9
5.88, 131
5.89, 18
5.9, 105
5.91, 158
5.92, 70
5.93, 9
5.94, 13
5.95, 60
5.96, 25
5.97, 14
5.98, 9
5.99, 34
6, 69
6.01, 120
6.02, 42
6.03, 15
6.04, 46
6.05, 93
6.06, 84
6.07, 23
6.08, 84
6.09, 145
6.1, 93
6.11, 75
6.12, 128
6.13, 206
6.14, 31
6.15, 84
6.16, 75
6.17, 180
6.18, 127
6.19, 83
6.2, 136
6.21, 197
6.22, 101
6.23, 3
6.24, 92
6.25, 144
6.26, 63
6.27, 221
6.28, 81
6.29, 55
6.3, 46
6.31, 60
6.32, 165
6.33, 25
6.34, 120
6.35, 129
6.36, 164
6.37, 146
6.38, 15
6.39, 103
6.4, 76
6.41, 15
6.42, 2
6.43, 24
6.44, 111
6.45, 120
6.46, 111
6.47, 94
6.48, 67
6.49, 58
6.5, 23
6.51, 49
6.52, 40
6.53, 57
6.54, 20
6.55, 14
6.56, 75
6.57, 3
6.58, 153
6.59, 136
6.6, 31
6.61, 92
6.62, 14
6.63, 3
6.64, 144
6.65, 4
6.66, 83
6.67, 65
6.68, 16
6.69, 129
6.7, 86
6.71, 164
6.72, 18
6.73, 94
6.74, 129
6.75, 1
6.76, 24
6.77, 103
6.78, 7
6.79, 7
6.8, 120
6.81, 225
6.82, 19
6.83, 31
6.84, 57
6.85, 21
6.86, 3
6.87, 118
6.88, 109
6.89, 16
6.9, 82
6.91, 117
6.92, 4
6.93, 56
6.94, 93
6.95, 49
6.96, 110
6.97, 57
6.98, 101
6.99, 31
7, 144
7.01, 144
7.02, 153
7.03, 41
7.04, 84
7.05, 259
7.06, 180
7.07, 198
7.08, 285
7.09, 154
7.1, 276
7.11, 232
7.12, 109
7.13, 155
7.14, 136
7.15, 136
7.16, 31
7.17, 222
7.18, 186
7.19, 133
7.2, 37
7.21, 72
7.22, 19
7.23, 133
7.24, 17
7.25, 131
7.26, 192
7.27, 165
7.28, 87
7.29, 9
7.3, 217
7.31, 69
7.32, 121
7.33, 121
7.34, 138
7.35, 86
7.36, 190
7.37, 164
7.38, 85
7.39, 33
7.4, 199
7.41, 120
7.42, 235
7.43, 156
7.44, 95
7.45, 156
7.46, 296
7.47, 86
7.48, 7
7.49, 243
7.5, 62
7.51, 16
7.52, 251
7.53, 173
7.54, 33
7.55, 94
7.56, 155
7.57, 76
7.58, 163
7.59, 128
7.6, 207
7.61, 198
7.62, 74
7.63, 161
7.64, 274
7.65, 117
7.66, 134
7.67, 222
7.68, 125
7.69, 134
7.7, 160
7.71, 186
7.72, 55
7.73, 129
7.74, 101
7.75, 39
7.76, 48
7.77, 73
7.78, 29
7.79, 11
7.8, 168
7.81, 34
7.82, 256
7.83, 80
7.84, 80
7.85, 89
7.86, 133
7.87, 17
7.88, 64
7.89, 55
7.9, 107
7.91, 5
7.92, 18
7.93, 141
7.94, 9
7.95, 6
7.96, 56
7.97, 64
7.98, 169
7.99, 204
8, 108
8.01, 195
8.02, 19
8.03, 115
8.04, 19
8.05, 122
8.06, 230
8.07, 64
8.08, 37
8.09, 98
8.1, 90
8.11, 89
8.12, 185
8.13, 26
8.14, 72
8.15, 89
8.16, 202
8.17, 89
8.18, 167
8.19, 36
8.2, 106
8.21, 10
8.22, 8
8.23, 44
8.24, 71
8.25, 167
8.26, 79
8.27, 53
8.28, 9
8.29, 26
8.3, 140
8.31, 43
8.32, 5
8.33, 53
8.34, 141
8.35, 1
8.36, 79
8.37, 62
8.38, 27
8.39, 88
8.4, 61
8.41, 175
8.42, 113
8.43, 4
8.44, 43
8.45, 183
8.46, 122
8.47, 61
8.48, 25
8.49, 235
8.5, 112
8.51, 103
8.52, 94
8.53, 86
8.54, 33
8.55, 190
8.56, 15
8.57, 45
8.58, 45
8.59, 167
8.6, 158
8.61, 23
8.62, 149
8.63, 149
8.64, 18
8.65, 123
8.66, 227
8.67, 9
8.68, 70
8.69, 253
8.7, 38
8.71, 274
8.72, 90
8.73, 116
8.74, 29
8.75, 152
8.76, 47
8.77, 4
8.78, 135
8.79, 138
8.8, 59
8.81, 129
8.82, 76
8.83, 15
8.84, 146
8.85, 146
8.86, 41
8.87, 62
8.88, 114
8.89, 53
8.9, 88
8.91, 36
8.92, 132
8.93, 88
8.94, 237
8.95, 141
8.96, 219
8.97, 123
8.98, 62
8.99, 202
9, 80
9.01, 121
9.02, 113
9.03, 16
9.04, 69
9.05, 121
9.06, 156
9.07, 20
9.08, 110
9.09, 49
9.1, 3
9.11, 13
9.12, 127
9.13, 48
9.14, 22
9.15, 21
9.16, 109
9.17, 3
9.18, 92
9.19, 101
9.2, 101
9.21, 31
9.22, 74
9.23, 111
9.24, 15
9.25, 30
9.26, 137
9.27, 85
9.28, 22
9.29, 120
9.3, 207
9.31, 50
9.32, 242
9.33, 65
9.34, 100
9.35, 67
9.36, 102
9.37, 146
9.38, 129
9.39, 69
9.4, 139
9.41, 200
9.42, 172
9.43, 119
9.44, 146
9.45, 41
9.46, 172
9.47, 102
9.48, 84
9.49, 111
9.5, 67
9.51, 19
9.52, 153
9.53, 118
9.54, 144
9.55, 109
9.56, 249
9.57, 48
9.58, 170
9.59, 126
9.6, 144
9.61, 196
9.62, 39
9.63, 116
9.64, 133
9.65, 159
9.66, 229
9.67, 124
9.68, 238
9.69, 142
9.7, 80
9.71, 46
9.72, 107
9.73, 395
9.74, 133
9.75, 133
9.76, 28
9.77, 133
9.78, 28
9.79, 194
9.8, 159
9.81, 52
9.82, 131
9.83, 131
9.84, 78
9.85, 192
9.86, 0
9.87, 55
9.88, 72
9.89, 125
9.9, 82
9.91, 135
9.92, 187
9.93, 30
9.94, 17
9.95, 14
9.96, 137
9.97, 67
9.98, 28
9.99, 111
10, 7
10.01, 111
10.02, 122
10.03, 140
10.04, 84
10.05, 14
10.06, 23
10.07, 137
10.08, 2
10.09, 67
10.1, 85
10.11, 234
10.12, 94
10.13, 111
10.14, 15
10.15, 111
10.16, 137
10.17, 67
10.18, 155
10.19, 146
10.2, 9
10.21, 59
10.22, 198
10.23, 93
10.24, 41
10.25, 198
10.26, 224
10.27, 31
10.28, 144
10.29, 188
10.3, 92
10.31, 136
10.32, 23
10.33, 119
10.34, 65
10.35, 37
10.36, 37
10.37, 80
10.38, 124
10.39, 220
10.4, 19
10.41, 71
10.42, 9
10.43, 98
10.44, 202
10.45, 94
10.46, 190
10.47, 15
10.48, 49
10.49, 110
10.5, 92
10.51, 127
10.52, 101
10.53, 57
10.54, 2
10.55, 3
10.56, 22
10.57, 92
10.58, 21
10.59, 74
10.6, 100
10.61, 39
10.62, 65
10.63, 222
10.64, 13
10.65, 91
10.66, 30
10.67, 82
10.68, 222
10.69, 4
10.7, 82
10.71, 89
10.72, 63
10.73, 212
10.74, 54
10.75, 54
10.76, 63
10.77, 150
10.78, 220
10.79, 150
10.8, 71
10.81, 97
10.82, 158
10.83, 36
10.84, 246
10.85, 53
10.86, 281
10.87, 62
10.88, 97
10.89, 124
10.9, 185
10.91, 80
10.92, 71
10.93, 2
10.94, 194
10.95, 91
10.96, 175
10.97, 122
10.98, 87
10.99, 72
11, 133
11.01, 203
11.02, 11
11.03, 107
11.04, 89
11.05, 102
11.06, 17
11.07, 24
11.08, 50
11.09, 8
11.1, 59
11.11, 190
11.12, 50
11.13, 24
11.14, 17
11.15, 22
11.16, 31
11.17, 12
11.18, 53
11.19, 53
11.2, 18
11.21, 13
11.22, 4
11.23, 57
11.24, 87
11.25, 52
11.26, 75
11.27, 127
11.28, 12
11.29, 4
11.3, 3
11.31, 57
11.32, 22
11.33, 222
11.34, 161
11.35, 12
11.36, 99
11.37, 29
11.38, 101
11.39, 101
11.4, 135
11.41, 91
11.42, 117
11.43, 73
11.44, 108
11.45, 55
11.46, 46
11.47, 48
11.48, 118
11.49, 39
11.5, 13
11.51, 30
11.52, 213
11.53, 21
11.54, 108
11.55, 11
11.56, 72
11.57, 55
11.58, 2
11.59, 81
11.6, 2
11.61, 2
11.62, 87
11.63, 17
11.64, 157
11.65, 139
11.66, 8
11.67, 104
11.68, 104
11.69, 121
11.7, 60
11.71, 24
11.72, 94
11.73, 164
11.74, 242
11.75, 137
11.76, 154
11.77, 110
11.78, 161
11.79, 64
11.8, 100
11.81, 178
11.82, 292
11.83, 169
11.84, 283
11.85, 204
11.86, 134
11.87, 160
11.88, 151
11.89, 159
11.9, 185
11.91, 63
11.92, 97
11.93, 167
11.94, 228
11.95, 27
11.96, 71
11.97, 27
11.98, 158
11.99, 105
12, 166
12.01, 140
12.02, 96
12.03, 26
12.04, 43
12.05, 70
12.06, 122
12.07, 71
12.08, 7
12.09, 0
12.1, 9
12.11, 0
12.12, 17
12.13, 87
12.14, 12
12.15, 62
12.16, 105
12.17, 18
12.18, 14
12.19, 70
12.2, 184
12.21, 70
12.22, 52
12.23, 78
12.24, 41
12.25, 17
12.26, 93
12.27, 294
12.28, 110
12.29, 126
12.3, 47
12.31, 73
12.32, 3
12.33, 125
12.34, 123
12.35, 228
12.36, 35
12.37, 43
12.38, 0
12.39, 95
12.4, 95
12.41, 6
12.42, 48
12.43, 25
12.44, 69
12.45, 16
12.46, 147
12.47, 7
12.48, 82
12.49, 5
12.5, 2
12.51, 151
12.52, 55
12.53, 11
12.54, 28
12.55, 28
12.56, 97
12.57, 2
12.58, 88
12.59, 1
12.6, 11
12.61, 20
12.62, 19
12.63, 80
12.64, 54
12.65, 89
12.66, 14
12.67, 251
12.68, 146
12.69, 23
12.7, 153
12.71, 162
12.72, 57
12.73, 188
12.74, 161
12.75, 345
12.76, 74
12.77, 274
12.78, 265
12.79, 405
12.8, 361
12.81, 186
12.82, 168
12.83, 89
12.84, 150
12.85, 106
12.86, 149
12.87, 132
12.88, 0
12.89, 61
12.9, 26
12.91, 78
12.92, 95
12.93, 18
12.94, 173
12.95, 124
12.96, 117
12.97, 239
12.98, 116
12.99, 5
13, 142
13.01, 142
13.02, 37
13.03, 125
13.04, 142
13.05, 194
13.06, 160
13.07, 116
13.08, 151
13.09, 2
13.1, 107
13.11, 71
13.12, 95
13.13, 112
13.14, 121
13.15, 33
13.16, 207
13.17, 111
13.18, 137
13.19, 110
13.2, 172
13.21, 75
13.22, 189
13.23, 268
13.24, 3
13.25, 197
13.26, 11
13.27, 15
13.28, 189
13.29, 75
13.3, 49
13.31, 155
13.32, 173
13.33, 10
13.34, 111
13.35, 32
13.36, 224
13.37, 110
13.38, 59
13.39, 137
13.4, 49
13.41, 180
13.42, 102
13.43, 58
13.44, 222
13.45, 45
13.46, 176
13.47, 271
13.48, 210
13.49, 244
13.5, 130
13.51, 165
13.52, 199
13.53, 304
13.54, 207
13.55, 5
13.56, 154
13.57, 136
13.58, 196
13.59, 196
13.6, 117
13.61, 247
13.62, 107
13.63, 194
13.64, 133
13.65, 18
13.66, 53
13.67, 67
13.68, 70
13.69, 60
13.7, 182
13.71, 15
13.72, 137
13.73, 41
13.74, 154
13.75, 101
13.76, 91
13.77, 45
13.78, 5
13.79, 148
13.8, 182
13.81, 146
13.82, 76
13.83, 119
13.84, 66
13.85, 13
13.86, 52
13.87, 107
13.88, 115
13.89, 7
13.9, 87
13.91, 209
13.92, 0
13.93, 191
13.94, 1
13.95, 102
13.96, 163
13.97, 319
13.98, 135
13.99, 100
14, 230
14.01, 256
14.02, 220
14.03, 220
14.04, 114
14.05, 96
14.06, 314
14.07, 235
14.08, 182
14.09, 15
14.1, 23
14.11, 189
14.12, 118
14.13, 46
14.14, 23
14.15, 6
14.16, 18
14.17, 79
14.18, 43
14.19, 25
14.2, 42
14.21, 11
14.22, 2
14.23, 83
14.24, 100
14.25, 14
14.26, 143
14.27, 72
14.28, 63
14.29, 53
14.3, 105
14.31, 76
14.32, 7
14.33, 173
14.34, 32
14.35, 110
14.36, 22
14.37, 205
14.38, 134
14.39, 14
14.4, 36
14.41, 158
14.42, 8
14.43, 113
14.44, 7
14.45, 19
14.46, 21
14.47, 108
14.48, 64
14.49, 45
14.5, 24
14.51, 24
14.52, 174
14.53, 14
14.54, 93
14.55, 214
14.56, 143
14.57, 40
14.58, 72
14.59, 45
14.6, 105
14.61, 9
14.62, 200
14.63, 17
14.64, 50
14.65, 31
14.66, 135
14.67, 223
14.68, 161
14.69, 134
14.7, 22
14.71, 327
14.72, 221
14.73, 351
14.74, 394
14.75, 402
14.76, 550
14.77, 506
14.78, 584
14.79, 653
14.8, 862
14.81, 897
14.82, 853
14.83, 747
14.84, 799
14.85, 519
14.86, 483
14.87, 607
14.88, 606
14.89, 326
14.9, 343
14.91, 211
14.92, 280
14.93, 148
14.94, 384
14.95, 313
14.96, 347
14.97, 180
14.98, 344
14.99, 151
15, 185
15.01, 280
15.02, 150
15.03, 289
15.04, 177
15.05, 176
15.06, 398
15.07, 215
15.08, 190
15.09, 162
15.1, 276
15.11, 136
15.12, 353
15.13, 283
15.14, 221
15.15, 159
15.16, 333
15.17, 105
15.18, 157
15.19, 296
15.2, 182
15.21, 303
15.22, 312
15.23, 390
15.24, 538
15.25, 546
15.26, 274
15.27, 361
15.28, 387
15.29, 439
15.3, 403
15.31, 376
15.32, 472
15.33, 261
15.34, 319
15.35, 412
15.36, 368
15.37, 411
15.38, 274
15.39, 299
15.4, 361
15.41, 412
15.42, 420
15.43, 131
15.44, 463
15.45, 408
15.46, 110
15.47, 346
15.48, 354
15.49, 423
15.5, 554
15.51, 381
15.52, 511
15.53, 345
15.54, 335
15.55, 554
15.56, 474
15.57, 483
15.58, 342
15.59, 402
15.6, 323
15.61, 296
15.62, 383
15.63, 216
15.64, 443
15.65, 196
15.66, 360
15.67, 439
15.68, 395
15.69, 246
15.7, 139
15.71, 128
15.72, 250
15.73, 81
15.74, 301
15.75, 301
15.76, 142
15.77, 286
15.78, 67
15.79, 172
15.8, 138
15.81, 84
15.82, 92
15.83, 195
15.84, 48
15.85, 109
15.86, 17
15.87, 91
15.88, 47
15.89, 9
15.9, 46
15.91, 65
15.92, 30
15.93, 47
15.94, 73
15.95, 2
15.96, 198
15.97, 206
15.98, 136
15.99, 101
16, 21
16.01, 153
16.02, 266
16.03, 119
16.04, 233
16.05, 189
16.06, 101
16.07, 241
16.08, 14
16.09, 49
16.1, 154
16.11, 232
16.12, 145
16.13, 319
16.14, 214
16.15, 144
16.16, 144
16.17, 92
16.18, 179
16.19, 179
16.2, 135
16.21, 22
16.22, 127
16.23, 12
16.24, 284
16.25, 48
16.26, 30
16.27, 14
16.28, 100
16.29, 12
16.3, 109
16.31, 144
16.32, 92
16.33, 48
16.34, 135
16.35, 74
16.36, 83
16.37, 101
16.38, 13
16.39, 40
16.4, 5
16.41, 311
16.42, 110
16.43, 2
16.44, 41
16.45, 111
16.46, 24
16.47, 24
16.48, 129
16.49, 103
16.5, 24
16.51, 156
16.52, 8
16.53, 8
16.54, 61
16.55, 122
16.56, 52
16.57, 34
16.58, 158
16.59, 16
16.6, 18
16.61, 71
16.62, 80
16.63, 115
16.64, 177
16.65, 203
16.66, 151
16.67, 55
16.68, 230
16.69, 178
16.7, 231
16.71, 423
16.72, 223
16.73, 223
16.74, 363
16.75, 154
16.76, 390
16.77, 382
16.78, 513
16.79, 444
16.8, 453
16.81, 314
16.82, 244
16.83, 297
16.84, 236
16.85, 132
16.86, 254
16.87, 255
16.88, 98
16.89, 125
16.9, 64
16.91, 91
16.92, 117
16.93, 21
16.94, 12
16.95, 99
16.96, 49
16.97, 6
16.98, 68
16.99, 18
17, 0
17.01, 104
17.02, 44
17.03, 17
17.04, 132
17.05, 7
17.06, 105
17.07, 141
17.08, 1
17.09, 140
17.1, 19
17.11, 71
17.12, 72
17.13, 92
17.14, 20
17.15, 41
17.16, 85
17.17, 207
17.18, 6
17.19, 7
17.2, 15
17.21, 55
17.22, 15
17.23, 160
17.24, 100
17.25, 65
17.26, 48
17.27, 119
17.28, 163
17.29, 2
17.3, 210
17.31, 89
17.32, 290
17.33, 369
17.34, 266
17.35, 110
17.36, 276
17.37, 382
17.38, 207
17.39, 208
17.4, 287
17.41, 242
17.42, 199
17.43, 172
17.44, 278
17.45, 244
17.46, 295
17.47, 227
17.48, 227
17.49, 37
17.5, 389
17.51, 119
17.52, 172
17.53, 277
17.54, 150
17.55, 307
17.56, 72
17.57, 64
17.58, 85
17.59, 143
17.6, 4
17.61, 170
17.62, 83
17.63, 189
17.64, 15
17.65, 172
17.66, 234
17.67, 63
17.68, 116
17.69, 204
17.7, 65
17.71, 4
17.72, 136
17.73, 171
17.74, 163
17.75, 103
17.76, 103
17.77, 188
17.78, 154
17.79, 66
17.8, 154
17.81, 76
17.82, 190
17.83, 190
17.84, 305
17.85, 192
17.86, 166
17.87, 184
17.88, 88
17.89, 28
17.9, 329
17.91, 259
17.92, 173
17.93, 322
17.94, 116
17.95, 221
17.96, 47
17.97, 249
17.98, 354
17.99, 171
18, 355
18.01, 199
18.02, 566
18.03, 506
18.04, 305
18.05, 315
18.06, 306
18.07, 324
18.08, 255
18.09, 326
18.1, 422
18.11, 283
18.12, 249
18.13, 222
18.14, 230
18.15, 285
18.16, 172
18.17, 294
18.18, 339
18.19, 259
18.2, 216
18.21, 129
18.22, 191
18.23, 207
18.24, 269
18.25, 77
18.26, 147
18.27, 34
18.28, 105
18.29, 105
18.3, 26
18.31, 122
18.32, 6
18.33, 27
18.34, 69
18.35, 140
18.36, 81
18.37, 88
18.38, 97
18.39, 37
18.4, 26
18.41, 195
18.42, 88
18.43, 89
18.44, 89
18.45, 168
18.46, 108
18.47, 91
18.48, 91
18.49, 29
18.5, 31
18.51, 66
18.52, 3
18.53, 20
18.54, 111
18.55, 33
18.56, 190
18.57, 86
18.58, 51
18.59, 17
18.6, 96
18.61, 149
18.62, 97
18.63, 16
18.64, 27
18.65, 72
18.66, 0
18.67, 168
18.68, 18
18.69, 22
18.7, 108
18.71, 152
18.72, 83
18.73, 28
18.74, 145
18.75, 199
18.76, 42
18.77, 6
18.78, 31
18.79, 17
18.8, 47
18.81, 21
18.82, 4
18.83, 12
18.84, 4
18.85, 109
18.86, 0
18.87, 31
18.88, 49
18.89, 154
18.9, 33
18.91, 191
18.92, 147
18.93, 42
18.94, 226
18.95, 130
18.96, 60
18.97, 96
18.98, 122
18.99, 140
19, 192
19.01, 61
19.02, 123
19.03, 141
19.04, 176
19.05, 91
19.06, 135
19.07, 23
19.08, 86
19.09, 18
19.1, 252
19.11, 130
19.12, 314
19.13, 28
19.14, 201
19.15, 193
19.16, 140
19.17, 238
19.18, 326
19.19, 81
19.2, 370
19.21, 344
19.22, 143
19.23, 510
19.24, 99
19.25, 309
19.26, 292
19.27, 335
19.28, 152
19.29, 178
19.3, 240
19.31, 266
19.32, 161
19.33, 214
19.34, 161
19.35, 161
19.36, 135
19.37, 319
19.38, 118
19.39, 188
19.4, 66
19.41, 223
19.42, 75
19.43, 119
19.44, 49
19.45, 136
19.46, 84
19.47, 207
19.48, 14
19.49, 93
19.5, 172
19.51, 181
19.52, 187
19.53, 135
19.54, 170
19.55, 100
19.56, 162
19.57, 127
19.58, 206
19.59, 162
19.6, 202
19.61, 18
19.62, 168
19.63, 177
19.64, 81
19.65, 221
19.66, 134
19.67, 162
19.68, 118
19.69, 256
19.7, 378
19.71, 126
19.72, 187
19.73, 89
19.74, 229
19.75, 186
19.76, 134
19.77, 177
19.78, 160
19.79, 134
19.8, 345
19.81, 92
19.82, 267
19.83, 205
19.84, 127
19.85, 136
19.86, 64
19.87, 38
19.88, 113
19.89, 226
19.9, 147
19.91, 25
19.92, 61
19.93, 67
19.94, 19
19.95, 137
19.96, 146
19.97, 196
19.98, 5
19.99, 34
20, 38
20.01, 125
20.02, 116
20.03, 73
20.04, 283
20.05, 265
20.06, 105
20.07, 227
20.08, 70
20.09, 2
20.1, 97
20.11, 140
20.12, 36
20.13, 114
20.14, 106
20.15, 45
20.16, 115
20.17, 27
20.18, 115
20.19, 97
20.2, 1
20.21, 36
20.22, 63
20.23, 10
20.24, 12
20.25, 47
20.26, 3
20.27, 12
20.28, 109
20.29, 115
20.3, 141
20.31, 115
20.32, 167
20.33, 25
20.34, 9
20.35, 95
20.36, 27
20.37, 200
20.38, 51
20.39, 339
20.4, 175
20.41, 201
20.42, 227
20.43, 288
20.44, 149
20.45, 105
20.46, 245
20.47, 350
20.48, 429
20.49, 297
20.5, 315
20.51, 385
20.52, 298
20.53, 263
20.54, 272
20.55, 97
20.56, 184
20.57, 246
20.58, 219
20.59, 203
20.6, 46
20.61, 73
20.62, 3
20.63, 64
20.64, 99
20.65, 248
20.66, 248
20.67, 187
20.68, 196
20.69, 152
20.7, 82
20.71, 144
20.72, 39
20.73, 146
20.74, 15
20.75, 58
20.76, 120
20.77, 76
20.78, 129
20.79, 146
20.8, 235
20.81, 17
20.82, 20
20.83, 318
20.84, 178
20.85, 117
20.86, 4
20.87, 22
20.88, 223
20.89, 23
20.9, 11
20.91, 93
20.92, 75
20.93, 67
20.94, 163
20.95, 146
20.96, 34
20.97, 34
20.98, 130
20.99, 7
21, 7
21.01, 106
21.02, 7
21.03, 99
21.04, 5
21.05, 99
21.06, 29
21.07, 3
21.08, 108
21.09, 187
21.1, 143
21.11, 13
21.12, 109
21.13, 187
21.14, 81
21.15, 82
21.16, 21
21.17, 44
21.18, 29
21.19, 296
21.2, 157
21.21, 104
21.22, 26
21.23, 26
21.24, 79
21.25, 44
21.26, 167
21.27, 149
21.28, 150
21.29, 87
21.3, 87
21.31, 52
21.32, 96
21.33, 114
21.34, 35
21.35, 254
21.36, 27
21.37, 19
21.38, 63
21.39, 185
21.4, 37
21.41, 98
21.42, 46
21.43, 5
21.44, 18
21.45, 16
21.46, 219
21.47, 148
21.48, 157
21.49, 244
21.5, 131
21.51, 245
21.52, 88
21.53, 48
21.54, 196
21.55, 118
21.56, 99
21.57, 117
21.58, 143
21.59, 9
21.6, 181
21.61, 51
21.62, 7
21.63, 103
21.64, 104
21.65, 78
21.66, 200
21.67, 52
21.68, 96
21.69, 166
21.7, 105
21.71, 28
21.72, 168
21.73, 125
21.74, 99
21.75, 196
21.76, 179
21.77, 101
21.78, 15
21.79, 232
21.8, 3
21.81, 49
21.82, 58
21.83, 67
21.84, 137
21.85, 2
21.86, 59
21.87, 103
21.88, 164
21.89, 86
21.9, 16
21.91, 95
21.92, 9
21.93, 79
21.94, 61
21.95, 114
21.96, 263
21.97, 79
21.98, 158
21.99, 9
22, 193
22.01, 32
22.02, 114
22.03, 0
22.04, 202
22.05, 53
22.06, 17
22.07, 183
22.08, 131
22.09, 70
22.1, 121
22.11, 130
22.12, 69
22.13, 17
22.14, 17
22.15, 3
22.16, 26
22.17, 52
22.18, 3
22.19, 202
22.2, 53
22.21, 35
22.22, 5
22.23, 201
22.24, 166
22.25, 88
22.26, 123
22.27, 18
22.28, 166
22.29, 109
22.3, 301
22.31, 221
22.32, 82
22.33, 109
22.34, 224
22.35, 139
22.36, 43
22.37, 163
22.38, 233
22.39, 102
22.4, 111
22.41, 26
22.42, 8
22.43, 131
22.44, 96
22.45, 70
22.46, 35
22.47, 140
22.48, 140
22.49, 105
22.5, 131
22.51, 54
22.52, 82
22.53, 187
22.54, 127
22.55, 110
22.56, 101
22.57, 328
22.58, 40
22.59, 58
22.6, 110
22.61, 198
22.62, 215
22.63, 65
22.64, 100
22.65, 14
22.66, 161
22.67, 187
22.68, 143
22.69, 161
22.7, 91
22.71, 12
22.72, 36
22.73, 109
22.74, 74
22.75, 275
22.76, 109
22.77, 118
22.78, 196
22.79, 18
22.8, 82
22.81, 117
22.82, 3
22.83, 82
22.84, 136
22.85, 22
22.86, 101
22.87, 276
22.88, 145
22.89, 57
22.9, 1
22.91, 66
22.92, 49
22.93, 31
22.94, 12
22.95, 136
22.96, 241
22.97, 153
22.98, 12
22.99, 12
23, 55
23.01, 99
23.02, 64
23.03, 73
23.04, 143
23.05, 46
23.06, 3
23.07, 46
23.08, 291
23.09, 265
23.1, 143
23.11, 14
23.12, 150
23.13, 1
23.14, 71
23.15, 237
23.16, 97
23.17, 106
23.18, 281
23.19, 236
23.2, 201
23.21, 171
23.22, 145
23.23, 276
23.24, 223
23.25, 180
23.26, 178
23.27, 213
23.28, 126
23.29, 100
23.3, 135
23.31, 91
23.32, 100
23.33, 152
23.34, 100
23.35, 116
23.36, 116
23.37, 18
23.38, 27
23.39, 10
23.4, 62
23.41, 36
23.42, 35
23.43, 8
23.44, 70
23.45, 122
23.46, 26
23.47, 157
23.48, 25
23.49, 17
23.5, 0
23.51, 26
23.52, 16
23.53, 0
23.54, 0
23.55, 0
23.56, 25
23.57, 79
23.58, 61
23.59, 133
23.6, 8
23.61, 98
23.62, 36
23.63, 168
23.64, 36
23.65, 211
23.66, 1
23.67, 63
23.68, 124
23.69, 62
23.7, 15
23.71, 8
23.72, 220
23.73, 17
23.74, 97
23.75, 1
23.76, 123
23.77, 141
23.78, 114
23.79, 27
23.8, 149
23.81, 114
23.82, 289
23.83, 149
23.84, 132
23.85, 139
23.86, 217
23.87, 147
23.88, 156
23.89, 68
23.9, 25
23.91, 77
23.92, 4
23.93, 108
23.94, 134
23.95, 64
23.96, 99
23.97, 125
23.98, 143
23.99, 26
24, 105
24.01, 105
24.02, 227
24.03, 5
24.04, 70
24.05, 183
24.06, 148
24.07, 157
24.08, 297
24.09, 113
24.1, 50
24.11, 190
24.12, 59
24.13, 59
24.14, 2
24.15, 119
24.16, 207
24.17, 173
24.18, 138
24.19, 225
24.2, 246
24.21, 89
24.22, 82
24.23, 283
24.24, 73
24.25, 73
24.26, 125
24.27, 5
24.28, 90
24.29, 143
24.3, 134
24.31, 38
24.32, 127
24.33, 118
24.34, 223
24.35, 162
24.36, 118
24.37, 153
24.38, 198
24.39, 172
24.4, 163
24.41, 146
24.42, 322
24.43, 112
24.44, 287
24.45, 318
24.46, 265
24.47, 260
24.48, 199
24.49, 356
24.5, 269
24.51, 419
24.52, 131
24.53, 413
24.54, 282
24.55, 186
24.56, 309
24.57, 298
24.58, 150
24.59, 334
24.6, 185
24.61, 299
24.62, 299
24.63, 202
24.64, 150
24.65, 185
24.66, 150
24.67, 281
24.68, 147
24.69, 156
24.7, 148
24.71, 17
24.72, 217
24.73, 137
24.74, 312
24.75, 251
24.76, 74
24.77, 267
24.78, 17
24.79, 179
24.8, 160
24.81, 195
24.82, 72
24.83, 326
24.84, 205
24.85, 74
24.86, 197
24.87, 118
24.88, 144
24.89, 144
24.9, 135
24.91, 168
24.92, 98
24.93, 132
24.94, 149
24.95, 158
24.96, 184
24.97, 193
24.98, 62
24.99, 132
25, 246
25.01, 193
25.02, 97
25.03, 403
25.04, 98
25.05, 238
25.06, 63
25.07, 185
25.08, 46
25.09, 230
25.1, 230
25.11, 143
25.12, 64
25.13, 230
25.14, 169
25.15, 248
25.16, 152
25.17, 82
25.18, 39
25.19, 180
25.2, 40
25.21, 84
25.22, 311
25.23, 65
25.24, 39
25.25, 109
25.26, 74
25.27, 65
25.28, 22
25.29, 48
25.3, 145
25.31, 223
25.32, 31
25.33, 128
25.34, 93
25.35, 277
25.36, 19
25.37, 251
25.38, 67
25.39, 36
25.4, 172
25.41, 16
25.42, 147
25.43, 77
25.44, 24
25.45, 121
25.46, 60
25.47, 1
25.48, 51
25.49, 121
25.5, 16
25.51, 18
25.52, 95
25.53, 122
25.54, 60
25.55, 157
25.56, 139
25.57, 17
25.58, 105
25.59, 79
25.6, 149
25.61, 20
25.62, 91
25.63, 126
25.64, 39
25.65, 170
25.66, 31
25.67, 100
25.68, 240
25.69, 13
25.7, 4
25.71, 58
25.72, 22
25.73, 172
25.74, 84
25.75, 102
25.76, 84
25.77, 2
25.78, 32
25.79, 155
25.8, 7
25.81, 129
25.82, 103
25.83, 199
25.84, 129
25.85, 164
25.86, 59
25.87, 9
25.88, 94
25.89, 9
25.9, 174
25.91, 34
25.92, 17
25.93, 11
25.94, 209
25.95, 192
25.96, 140
25.97, 148
25.98, 234
25.99, 94
26, 77
26.01, 77
26.02, 141
26.03, 6
26.04, 176
26.05, 132
26.06, 1
26.07, 159
26.08, 194
26.09, 220
26.1, 246
26.11, 159
26.12, 10
26.13, 115
26.14, 115
26.15, 220
26.16, 54
26.17, 19
26.18, 152
26.19, 39
26.2, 48
26.21, 170
26.22, 214
26.23, 84
26.24, 32
26.25, 128
26.26, 146
26.27, 32
26.28, 11
26.29, 50
26.3, 85
26.31, 102
26.32, 24
26.33, 165
26.34, 25
26.35, 191
26.36, 104
26.37, 209
26.38, 8
26.39, 175
26.4, 227
26.41, 140
26.42, 0
26.43, 140
26.44, 175
26.45, 158
26.46, 88
26.47, 132
26.48, 27
26.49, 123
26.5, 97
26.51, 167
26.52, 53
26.53, 88
26.54, 185
26.55, 211
26.56, 157
26.57, 61
26.58, 140
26.59, 180
26.6, 138
26.61, 198
26.62, 5
26.63, 242
26.64, 189
26.65, 93
26.66, 103
26.67, 182
26.68, 112
26.69, 174
26.7, 59
26.71, 189
26.72, 137
26.73, 137
26.74, 32
26.75, 146
26.76, 94
26.77, 241
26.78, 101
26.79, 84
26.8, 36
26.81, 39
26.82, 144
26.83, 31
26.84, 88
26.85, 149
26.86, 111
26.87, 163
26.88, 41
26.89, 76
26.9, 7
26.91, 5
26.92, 46
26.93, 168
26.94, 238
26.95, 64
26.96, 108
26.97, 107
26.98, 5
26.99, 108
27, 3
27.01, 134
27.02, 73
27.03, 91
27.04, 161
27.05, 47
27.06, 126
27.07, 64
27.08, 82
27.09, 15
27.1, 3
27.11, 142
27.12, 230
27.13, 334
27.14, 133
27.15, 115
27.16, 212
27.17, 54
27.18, 299
27.19, 37
27.2, 195
27.21, 26
27.22, 116
27.23, 45
27.24, 106
27.25, 220
27.26, 45
27.27, 63
27.28, 54
27.29, 247
27.3, 46
27.31, 107
27.32, 212
27.33, 2
27.34, 116
27.35, 116
27.36, 91
27.37, 16
27.38, 16
27.39, 153
27.4, 135
27.41, 4
27.42, 8
27.43, 127
27.44, 22
27.45, 136
27.46, 88
27.47, 19
27.48, 114
27.49, 114
27.5, 123
27.51, 115
27.52, 4
27.53, 54
27.54, 11
27.55, 98
27.56, 37
27.57, 5
27.58, 28
27.59, 168
27.6, 3
27.61, 21
27.62, 82
27.63, 196
27.64, 161
27.65, 126
27.66, 30
27.67, 65
27.68, 127
27.69, 92
27.7, 101
27.71, 31
27.72, 110
27.73, 75
27.74, 75
27.75, 75
27.76, 110
27.77, 119
27.78, 32
27.79, 18
27.8, 41
27.81, 60
27.82, 139
27.83, 157
27.84, 35
27.85, 9
27.86, 114
27.87, 70
27.88, 1
27.89, 36
27.9, 88
27.91, 88
27.92, 1
27.93, 63
27.94, 150
27.95, 80
27.96, 63
27.97, 72
27.98, 125
27.99, 142
28, 113
28.01, 78
28.02, 8
28.03, 34
28.04, 70
28.05, 157
28.06, 236
28.07, 0
28.08, 88
28.09, 7
28.1, 131
28.11, 102
28.12, 59
28.13, 42
28.14, 25
28.15, 42
28.16, 104
28.17, 88
28.18, 104
28.19, 166
28.2, 53
28.21, 79
28.22, 53
28.23, 1
28.24, 88
28.25, 28
28.26, 64
28.27, 169
28.28, 128
28.29, 181
28.3, 6
28.31, 268
28.32, 85
28.33, 94
28.34, 16
28.35, 217
28.36, 95
28.37, 51
28.38, 148
28.39, 209
28.4, 105
28.41, 41
28.42, 130
28.43, 69
28.44, 87
28.45, 166
28.46, 114
28.47, 140
28.48, 9
28.49, 1
28.5, 115
28.51, 150
28.52, 98
28.53, 195
28.54, 125
28.55, 13
28.56, 230
28.57, 168
28.58, 133
28.59, 159
28.6, 142
28.61, 55
28.62, 54
28.63, 178
28.64, 4
28.65, 51
28.66, 39
28.67, 13
28.68, 13
28.69, 179
28.7, 12
28.71, 94
28.72, 137
28.73, 32
28.74, 59
28.75, 138
28.76, 155
28.77, 59
28.78, 50
28.79, 1
28.8, 27
28.81, 158
28.82, 80
28.83, 10
28.84, 45
28.85, 80
28.86, 186
28.87, 238
28.88, 98
28.89, 64
28.9, 64
28.91, 64
28.92, 179
28.93, 57
28.94, 136
28.95, 215
28.96, 67
28.97, 216
28.98, 102
28.99, 40
29, 10
29.01, 23
29.02, 11
29.03, 67
29.04, 85
29.05, 110
29.06, 136
29.07, 110
29.08, 76
29.09, 259
29.1, 94
29.11, 216
29.12, 138
29.13, 234
29.14, 59
29.15, 77
29.16, 112
29.17, 52
29.18, 96
29.19, 113
29.2, 79
29.21, 140
29.22, 17
29.23, 87
29.24, 131
29.25, 0
29.26, 96
29.27, 175
29.28, 36
29.29, 53
29.3, 72
29.31, 7
29.32, 18
29.33, 62
29.34, 133
29.35, 98
29.36, 7
29.37, 101
29.38, 57
29.39, 92
29.4, 136
29.41, 110
29.42, 75
29.43, 14
29.44, 145
29.45, 11
29.46, 102
29.47, 15
29.48, 10
29.49, 67
29.5, 7
29.51, 190
29.52, 138
29.53, 59
29.54, 7
29.55, 112
29.56, 33
29.57, 103
29.58, 138
29.59, 147
29.6, 139
29.61, 13
29.62, 8
29.63, 34
29.64, 8
29.65, 95
29.66, 25
29.67, 69
29.68, 130
29.69, 113
29.7, 130
29.71, 113
29.72, 8
29.73, 26
29.74, 122
29.75, 60
29.76, 147
29.77, 42
29.78, 112
29.79, 112
29.8, 86
29.81, 77
29.82, 15
29.83, 16
29.84, 147
29.85, 55
29.86, 38
29.87, 187
29.88, 29
29.89, 73
29.9, 12
29.91, 125
29.92, 37
29.93, 125
29.94, 134
29.95, 72
29.96, 116
29.97, 55
29.98, 20
29.99, 124
30, 237
30.01, 106
30.02, 316
30.03, 10
30.04, 54
30.05, 63
30.06, 45
30.07, 168
30.08, 203
30.09, 54
30.1, 98
30.11, 13
30.12, 81
30.13, 187
30.14, 64
30.15, 12
30.16, 22
30.17, 92
30.18, 75
30.19, 232
30.2, 152
30.21, 30
30.22, 81
30.23, 64
30.24, 143
30.25, 29
30.26, 82
30.27, 13
30.28, 90
30.29, 4
30.3, 74
30.31, 91
30.32, 118
30.33, 170
30.34, 83
30.35, 39
30.36, 12
30.37, 92
30.38, 223
30.39, 153
30.4, 118
30.41, 135
30.42, 13
30.43, 4
30.44, 39
30.45, 13
30.46, 66
30.47, 67
30.48, 49
30.49, 181
30.5, 105
30.51, 17
30.52, 113
30.53, 0
30.54, 17
30.55, 43
30.56, 17
30.57, 33
30.58, 253
30.59, 157
30.6, 131
30.61, 174
30.62, 166
30.63, 70
30.64, 96
30.65, 261
30.66, 174
30.67, 180
30.68, 152
30.69, 1
30.7, 83
30.71, 161
30.72, 126
30.73, 83
30.74, 109
30.75, 145
30.76, 250
30.77, 136
30.78, 189
30.79, 128
30.8, 102
30.81, 118
30.82, 57
30.83, 214
30.84, 240
30.85, 162
30.86, 223
30.87, 39
30.88, 249
30.89, 92
30.9, 321
30.91, 243
30.92, 76
30.93, 163
30.94, 295
30.95, 120
30.96, 270
30.97, 130
30.98, 158
30.99, 411
31, 79
31.01, 324
31.02, 25
31.03, 148
31.04, 148
31.05, 60
31.06, 165
31.07, 200
31.08, 227
31.09, 104
31.1, 242
31.11, 42
31.12, 34
31.13, 226
31.14, 60
31.15, 139
31.16, 121
31.17, 191
31.18, 171
31.19, 32
31.2, 32
31.21, 44
31.22, 167
31.23, 45
31.24, 124
31.25, 168
31.26, 89
31.27, 194
31.28, 72
31.29, 194
31.3, 256
31.31, 7
31.32, 3
31.33, 63
31.34, 14
31.35, 115
31.36, 6
31.37, 1
31.38, 54
31.39, 144
31.4, 32
31.41, 41
31.42, 129
31.43, 59
31.44, 120
31.45, 207
31.46, 94
31.47, 215
31.48, 11
31.49, 93
31.5, 67
31.51, 2
31.52, 76
31.53, 198
31.54, 137
31.55, 67
31.56, 110
31.57, 23
31.58, 23
31.59, 14
31.6, 84
31.61, 119
31.62, 102
31.63, 78
31.64, 130
31.65, 36
31.66, 14
31.67, 36
31.68, 202
31.69, 123
31.7, 106
31.71, 150
31.72, 237
31.73, 88
31.74, 90
31.75, 55
31.76, 184
31.77, 12
31.78, 123
31.79, 290
31.8, 1
31.81, 124
31.82, 115
31.83, 203
31.84, 72
31.85, 142
31.86, 125
31.87, 109
31.88, 109
31.89, 30
31.9, 21
31.91, 187
31.92, 170
31.93, 13
31.94, 6
31.95, 101
31.96, 179
31.97, 3
31.98, 40
31.99, 84
32, 66
32.01, 58
32.02, 110
32.03, 137
32.04, 76
32.05, 67
32.06, 59
32.07, 32
32.08, 85
32.09, 17
32.1, 157
32.11, 70
32.12, 149
32.13, 158
32.14, 149
32.15, 2
32.16, 36
32.17, 11
32.18, 71
32.19, 115
32.2, 124
32.21, 80
32.22, 28
32.23, 54
32.24, 89
32.25, 133
32.26, 54
32.27, 46
32.28, 151
32.29, 38
32.3, 13
32.31, 3
32.32, 56
32.33, 126
32.34, 4
32.35, 22
32.36, 22
32.37, 13
32.38, 93
32.39, 76
32.4, 39
32.41, 11
32.42, 58
32.43, 155
32.44, 120
32.45, 32
32.46, 68
32.47, 155
32.48, 85
32.49, 85
32.5, 50
32.51, 172
32.52, 11
32.53, 49
32.54, 101
32.55, 101
32.56, 118
32.57, 48
32.58, 26
32.59, 9
32.6, 127
32.61, 145
32.62, 250
32.63, 49
32.64, 85
32.65, 137
32.66, 15
32.67, 190
32.68, 52
32.69, 114
32.7, 149
32.71, 96
32.72, 114
32.73, 53
32.74, 18
32.75, 64
32.76, 99
32.77, 160
32.78, 99
32.79, 117
32.8, 3
32.81, 91
32.82, 0
32.83, 38
32.84, 0
32.85, 93
32.86, 188
32.87, 57
32.88, 197
32.89, 127
32.9, 5
32.91, 14
32.92, 14
32.93, 11
32.94, 67
32.95, 75
32.96, 215
32.97, 3
32.98, 127
32.99, 57
33, 74
33.01, 76
33.02, 76
33.03, 181
33.04, 1
33.05, 50
33.06, 6
33.07, 103
33.08, 147
33.09, 138
33.1, 94
33.11, 147
33.12, 33
33.13, 95
33.14, 41
33.15, 146
33.16, 120
33.17, 137
33.18, 146
33.19, 198
33.2, 93
33.21, 146
33.22, 128
33.23, 6
33.24, 85
33.25, 94
33.26, 103
33.27, 50
33.28, 1
33.29, 1
33.3, 57
33.31, 83
33.32, 109
33.33, 109
33.34, 162
33.35, 99
33.36, 12
33.37, 142
33.38, 203
33.39, 133
33.4, 46
33.41, 81
33.42, 125
33.43, 125
33.44, 116
33.45, 256
33.46, 46
33.47, 90
33.48, 5
33.49, 221
33.5, 97
33.51, 15
33.52, 19
33.53, 202
33.54, 168
33.55, 63
33.56, 133
33.57, 14
33.58, 116
33.59, 133
33.6, 148
33.61, 51
33.62, 34
33.63, 88
33.64, 140
33.65, 35
33.66, 123
33.67, 158
33.68, 126
33.69, 4
33.7, 21
33.71, 311
33.72, 92
33.73, 171
33.74, 127
33.75, 31
33.76, 40
33.77, 57
33.78, 107
33.79, 79
33.8, 201
33.81, 114
33.82, 140
33.83, 16
33.84, 263
33.85, 53
33.86, 132
33.87, 18
33.88, 88
33.89, 149
33.9, 92
33.91, 154
33.92, 206
33.93, 3
33.94, 3
33.95, 136
33.96, 68
33.97, 120
33.98, 111
33.99, 41
34, 76
34.01, 120
34.02, 3
34.03, 197
34.04, 7
34.05, 56
34.06, 90
34.07, 55
34.08, 125
34.09, 134
34.1, 47
34.11, 134
34.12, 73
34.13, 124
34.14, 158
34.15, 97
34.16, 54
34.17, 193
34.18, 184
34.19, 114
34.2, 1
34.21, 97
34.22, 88
34.23, 90
34.24, 107
34.25, 29
34.26, 150
34.27, 115
34.28, 19
34.29, 124
34.3, 10
34.31, 54
34.32, 194
34.33, 115
34.34, 124
34.35, 134
34.36, 47
34.37, 90
34.38, 38
34.39, 29
34.4, 151
34.41, 3
34.42, 144
34.43, 30
34.44, 30
34.45, 118
34.46, 83
34.47, 118
34.48, 48
34.49, 142
34.5, 195
34.51, 11
34.52, 2
34.53, 11
34.54, 186
34.55, 81
34.56, 55
34.57, 2
34.58, 160
34.59, 116
34.6, 81
34.61, 11
34.62, 72
34.63, 177
34.64, 107
34.65, 169
34.66, 64
34.67, 169
34.68, 81
34.69, 55
34.7, 256
34.71, 106
34.72, 63
34.73, 15
34.74, 220
34.75, 54
34.76, 176
34.77, 167
34.78, 53
34.79, 16
34.8, 211
34.81, 228
34.82, 24
34.83, 97
34.84, 53
34.85, 88
34.86, 80
34.87, 28
34.88, 150
34.89, 115
34.9, 6
34.91, 106
34.92, 62
34.93, 71
34.94, 47
34.95, 116
34.96, 143
34.97, 151
34.98, 73
34.99, 73
35, 116
35.01, 134
35.02, 151
35.03, 150
35.04, 142
35.05, 3
35.06, 117
35.07, 45
35.08, 37
35.09, 46
35.1, 98
35.11, 19
35.12, 168
35.13, 63
35.14, 140
35.15, 13
35.16, 157
35.17, 271
35.18, 105
35.19, 174
35.2, 70
35.21, 8
35.22, 34
35.23, 43
35.24, 146
35.25, 67
35.26, 50
35.27, 6
35.28, 269
35.29, 77
35.3, 98
35.31, 169
35.32, 179
35.33, 118
35.34, 74
35.35, 126
35.36, 65
35.37, 118
35.38, 231
35.39, 4
35.4, 116
35.41, 55
35.42, 5
35.43, 81
35.44, 29
35.45, 14
35.46, 72
35.47, 177
35.48, 38
35.49, 12
35.5, 56
35.51, 21
35.52, 74
35.53, 162
35.54, 18
35.55, 83
35.56, 127
35.57, 48
35.58, 22
35.59, 171
35.6, 197
35.61, 17
35.62, 102
35.63, 208
35.64, 59
35.65, 85
35.66, 208
35.67, 164
35.68, 147
35.69, 68
35.7, 94
35.71, 24
35.72, 138
35.73, 51
35.74, 129
35.75, 77
35.76, 138
35.77, 103
35.78, 208
35.79, 156
35.8, 131
35.81, 26
35.82, 192
35.83, 0
35.84, 52
35.85, 236
35.86, 96
35.87, 35
35.88, 183
35.89, 87
35.9, 79
35.91, 79
35.92, 44
35.93, 95
35.94, 17
35.95, 156
35.96, 105
35.97, 140
35.98, 70
35.99, 8
36, 165
36.01, 96
36.02, 181
36.03, 15
36.04, 103
36.05, 120
36.06, 129
36.07, 143
36.08, 91
36.09, 40
36.1, 196
36.11, 143
36.12, 134
36.13, 10
36.14, 135
36.15, 100
36.16, 56
36.17, 4
36.18, 12
36.19, 82
36.2, 187
36.21, 74
36.22, 82
36.23, 82
36.24, 15
36.25, 118
36.26, 2
36.27, 139
36.28, 174
36.29, 91
36.3, 100
36.31, 161
36.32, 188
36.33, 92
36.34, 162
36.35, 99
36.36, 64
36.37, 20
36.38, 160
36.39, 169
36.4, 12
36.41, 134
36.42, 90
36.43, 56
36.44, 29
36.45, 56
36.46, 126
36.47, 6
36.48, 73
36.49, 38
36.5, 12
36.51, 3
36.52, 92
36.53, 13
36.54, 153
36.55, 57
36.56, 110
36.57, 110
36.58, 58
36.59, 146
36.6, 224
36.61, 6
36.62, 56
36.63, 144
36.64, 135
36.65, 38
36.66, 56
36.67, 13
36.68, 56
36.69, 12
36.7, 56
36.71, 13
36.72, 108
36.73, 4
36.74, 127
36.75, 48
36.76, 78
36.77, 34
36.78, 183
36.79, 34
36.8, 0
36.81, 1
36.82, 10
36.83, 181
36.84, 120
36.85, 146
36.86, 146
36.87, 129
36.88, 76
36.89, 120
36.9, 190
36.91, 190
36.92, 33
36.93, 85
36.94, 85
36.95, 24
36.96, 190
36.97, 181
36.98, 33
36.99, 1
37, 155
37.01, 155
37.02, 129
37.03, 138
37.04, 27
37.05, 53
37.06, 167
37.07, 114
37.08, 106
37.09, 18
37.1, 97
37.11, 193
37.12, 98
37.13, 115
37.14, 63
37.15, 15
37.16, 115
37.17, 115
37.18, 194
37.19, 106
37.2, 45
37.21, 54
37.22, 45
37.23, 63
37.24, 37
37.25, 133
37.26, 28
37.27, 124
37.28, 11
37.29, 116
37.3, 91
37.31, 109
37.32, 47
37.33, 19
37.34, 29
37.35, 55
37.36, 116
37.37, 133
37.38, 11
37.39, 37
37.4, 56
37.41, 38
37.42, 108
37.43, 21
37.44, 81
37.45, 53
37.46, 71
37.47, 106
37.48, 45
37.49, 71
37.5, 167
37.51, 80
37.52, 1
37.53, 228
37.54, 132
37.55, 100
37.56, 109
37.57, 179
37.58, 22
37.59, 65
37.6, 57
37.61, 74
37.62, 92
37.63, 144
37.64, 22
37.65, 22
37.66, 144
37.67, 178
37.68, 14
37.69, 34
37.7, 68
37.71, 95
37.72, 87
37.73, 200
37.74, 43
37.75, 104
37.76, 43
37.77, 17
37.78, 86
37.79, 139
37.8, 60
37.81, 78
37.82, 148
37.83, 16
37.84, 43
37.85, 69
37.86, 191
37.87, 42
37.88, 60
37.89, 103
37.9, 60
37.91, 216
37.92, 10
37.93, 4
37.94, 102
37.95, 39
37.96, 24
37.97, 120
37.98, 200
37.99, 69
38, 95
38.01, 93
38.02, 75
38.03, 32
38.04, 31
38.05, 119
38.06, 250
38.07, 49
38.08, 163
38.09, 1
38.1, 112
38.11, 94
38.12, 138
38.13, 42
38.14, 51
38.15, 59
38.16, 190
38.17, 24
38.18, 7
38.19, 40
38.2, 128
38.21, 2
38.22, 145
38.23, 23
38.24, 119
38.25, 136
38.26, 101
38.27, 302
38.28, 84
38.29, 180
38.3, 145
38.31, 11
38.32, 3
38.33, 84
38.34, 83
38.35, 178
38.36, 82
38.37, 182
38.38, 94
38.39, 203
38.4, 107
38.41, 98
38.42, 28
38.43, 115
38.44, 12
38.45, 4
38.46, 56
38.47, 29
38.48, 6
38.49, 15
38.5, 63
38.51, 80
38.52, 10
38.53, 6
38.54, 211
38.55, 62
38.56, 123
38.57, 106
38.58, 36
38.59, 16
38.6, 160
38.61, 55
38.62, 221
38.63, 38
38.64, 221
38.65, 129
38.66, 111
38.67, 219
38.68, 131
38.69, 35
38.7, 140
38.71, 17
38.72, 52
38.73, 0
38.74, 20
38.75, 148
38.76, 139
38.77, 121
38.78, 226
38.79, 130
38.8, 42
38.81, 25
38.82, 77
38.83, 217
38.84, 138
38.85, 103
38.86, 103
38.87, 77
38.88, 49
38.89, 163
38.9, 1
38.91, 84
38.92, 136
38.93, 180
38.94, 127
38.95, 14
38.96, 118
38.97, 117
38.98, 117
38.99, 75
39, 23
39.01, 101
39.02, 215
39.03, 180
39.04, 70
39.05, 105
39.06, 8
39.07, 26
39.08, 78
39.09, 36
39.1, 167
39.11, 62
39.12, 131
39.13, 112
39.14, 147
39.15, 3
39.16, 162
39.17, 21
39.18, 197
39.19, 109
39.2, 66
39.21, 162
39.22, 109
39.23, 22
39.24, 153
39.25, 13
39.26, 85
39.27, 128
39.28, 23
39.29, 198
39.3, 84
39.31, 207
39.32, 58
39.33, 93
39.34, 110
39.35, 75
39.36, 215
39.37, 189
39.38, 136
39.39, 180
39.4, 57
39.41, 48
39.42, 57
39.43, 80
39.44, 28
39.45, 194
39.46, 63
39.47, 202
39.48, 220
39.49, 132
39.5, 123
39.51, 70
39.52, 131
39.53, 131
39.54, 8
39.55, 8
39.56, 19
39.57, 61
39.58, 28
39.59, 17
39.6, 104
39.61, 17
39.62, 113
39.63, 15
39.64, 25
39.65, 16
39.66, 164
39.67, 182
39.68, 137
39.69, 40
39.7, 57
39.71, 57
39.72, 92
39.73, 65
39.74, 135
39.75, 39
39.76, 21
39.77, 82
39.78, 12
39.79, 0
39.8, 2
39.81, 151
39.82, 186
39.83, 203
39.84, 37
39.85, 2
39.86, 0
39.87, 82
39.88, 196
39.89, 135
39.9, 99
39.91, 91
39.92, 47
39.93, 73
39.94, 131
39.95, 80
39.96, 80
39.97, 159
39.98, 106
39.99, 89
40, 124
40.01, 71
40.02, 150
40.03, 176
40.04, 106
40.05, 88
40.06, 123
40.07, 114
40.08, 79
40.09, 72
40.1, 44
40.11, 79
40.12, 54
40.13, 150
40.14, 54
40.15, 2
40.16, 163
40.17, 76
40.18, 5
40.19, 154
40.2, 76
40.21, 93
40.22, 75
40.23, 20
40.24, 23
40.25, 49
40.26, 13
40.27, 136
40.28, 28
40.29, 32
40.3, 163
40.31, 189
40.32, 49
40.33, 41
40.34, 215
40.35, 20
40.36, 49
40.37, 65
40.38, 83
40.39, 65
40.4, 179
40.41, 170
40.42, 91
40.43, 117
40.44, 126
40.45, 21
40.46, 56
40.47, 161
40.48, 80
40.49, 80
40.5, 71
40.51, 132
40.52, 80
40.53, 150
40.54, 88
40.55, 36
40.56, 62
40.57, 10
40.58, 62
40.59, 132
40.6, 202
40.61, 71
40.62, 71
40.63, 54
40.64, 185
40.65, 152
40.66, 196
40.67, 73
40.68, 152
40.69, 56
40.7, 187
40.71, 126
40.72, 134
40.73, 248
40.74, 23
40.75, 251
40.76, 151
40.77, 116
40.78, 43
40.79, 69
40.8, 51
40.81, 95
40.82, 95
40.83, 49
40.84, 14
40.85, 67
40.86, 84
40.87, 128
40.88, 67
40.89, 224
40.9, 137
40.91, 113
40.92, 130
40.93, 78
40.94, 52
40.95, 25
40.96, 45
40.97, 141
40.98, 53
40.99, 191
41, 95
41.01, 121
41.02, 78
41.03, 200
41.04, 183
41.05, 69
41.06, 28
41.07, 84
41.08, 102
41.09, 23
41.1, 155
41.11, 67
41.12, 85
41.13, 146
41.14, 4
41.15, 129
41.16, 112
41.17, 121
41.18, 129
41.19, 68
41.2, 51
41.21, 103
41.22, 147
41.23, 68
41.24, 51
41.25, 217
41.26, 69
41.27, 86
41.28, 11
41.29, 43
41.3, 104
41.31, 26
41.32, 52
41.33, 192
41.34, 17
41.35, 40
41.36, 0
41.37, 87
41.38, 94
41.39, 137
41.4, 164
41.41, 48
41.42, 144
41.43, 88
41.44, 114
41.45, 9
41.46, 55
41.47, 23
41.48, 114
41.49, 123
41.5, 62
41.51, 166
41.52, 9
41.53, 35
41.54, 175
41.55, 43
41.56, 139
41.57, 139
41.58, 218
41.59, 200
41.6, 113
41.61, 52
41.62, 26
41.63, 183
41.64, 34
41.65, 85
41.66, 102
41.67, 102
41.68, 68
41.69, 50
41.7, 111
41.71, 146
41.72, 43
41.73, 16
41.74, 69
41.75, 156
41.76, 0
41.77, 130
41.78, 34
41.79, 8
41.8, 113
41.81, 10
41.82, 15
41.83, 97
41.84, 3
41.85, 62
41.86, 167
41.87, 142
41.88, 72
41.89, 159
41.9, 19
41.91, 19
41.92, 56
41.93, 15
41.94, 4
41.95, 110
41.96, 23
41.97, 7
41.98, 158
41.99, 97
42, 36
42.01, 62
42.02, 176
42.03, 36
42.04, 37
42.05, 55
42.06, 11
42.07, 142
42.08, 152
42.09, 222
42.1, 5
42.11, 179
42.12, 57
42.13, 118
42.14, 172
42.15, 1
42.16, 119
42.17, 14
42.18, 154
42.19, 58
42.2, 41
42.21, 146
42.22, 172
42.23, 93
42.24, 132
42.25, 115
42.26, 200
42.27, 183
42.28, 35
42.29, 192
42.3, 0
42.31, 52
42.32, 131
42.33, 227
42.34, 147
42.35, 1
42.36, 16
42.37, 112
42.38, 191
42.39, 191
42.4, 60
42.41, 77
42.42, 42
42.43, 139
42.44, 226
42.45, 139
42.46, 147
42.47, 104
42.48, 32
42.49, 155
42.5, 85
42.51, 83
42.52, 144
42.53, 171
42.54, 83
42.55, 123
42.56, 53
42.57, 123
42.58, 1
42.59, 71
42.6, 77
42.61, 158
42.62, 79
42.63, 185
42.64, 88
42.65, 9
42.66, 54
42.67, 227
42.68, 139
42.69, 70
42.7, 122
42.71, 35
42.72, 0
42.73, 8
42.74, 87
42.75, 131
42.76, 96
42.77, 78
42.78, 122
42.79, 70
42.8, 122
42.81, 35
42.82, 87
42.83, 44
42.84, 166
42.85, 114
42.86, 35
42.87, 140
42.88, 158
42.89, 123
42.9, 44
42.91, 16
42.92, 18
42.93, 175
42.94, 114
42.95, 71
42.96, 88
42.97, 1
42.98, 53
42.99, 109
43, 21
43.01, 39
43.02, 82
43.03, 82
43.04, 108
43.05, 3
43.06, 5
43.07, 3
43.08, 223
43.09, 162
43.1, 101
43.11, 12
43.12, 57
43.13, 11
43.14, 1
43.15, 98
43.16, 10
43.17, 15
43.18, 195
43.19, 90
43.2, 177
43.21, 203
43.22, 168
43.23, 14
43.24, 20
43.25, 133
43.26, 168
43.27, 14
43.28, 177
43.29, 81
43.3, 87
43.31, 8
43.32, 96
43.33, 17
43.34, 175
43.35, 112
43.36, 86
43.37, 59
43.38, 94
43.39, 77
43.4, 72
43.41, 238
43.42, 142
43.43, 32
43.44, 81
43.45, 229
43.46, 6
43.47, 168
43.48, 115
43.49, 99
43.5, 151
43.51, 133
43.52, 90
43.53, 55
43.54, 133
43.55, 150
43.56, 185
43.57, 220
43.58, 238
43.59, 316
43.6, 124
43.61, 71
43.62, 115
43.63, 281
43.64, 211
43.65, 237
43.66, 27
43.67, 62
43.68, 106
43.69, 176
43.7, 202
43.71, 132
43.72, 123
43.73, 141
43.74, 71
43.75, 254
43.76, 106
43.77, 53
43.78, 228
43.79, 132
43.8, 152
43.81, 29
43.82, 5
43.83, 99
43.84, 64
43.85, 141
43.86, 185
43.87, 159
43.88, 141
43.89, 222
43.9, 65
43.91, 83
43.92, 109
43.93, 83
43.94, 162
43.95, 65
43.96, 170
43.97, 48
43.98, 232
43.99, 232
44, 66
44.01, 136
44.02, 136
44.03, 223
44.04, 223
44.05, 101
44.06, 153
44.07, 31
44.08, 162
44.09, 31
44.1, 101
44.11, 109
44.12, 91
44.13, 4
44.14, 91
44.15, 162
44.16, 145
44.17, 77
44.18, 38
44.19, 164
44.2, 110
44.21, 206
44.22, 110
44.23, 6
44.24, 145
44.25, 183
44.26, 141
44.27, 20
44.28, 97
44.29, 123
44.3, 97
44.31, 165
44.32, 122
44.33, 130
44.34, 129
44.35, 42
44.36, 75
44.37, 151
44.38, 134
44.39, 99
44.4, 142
44.41, 73
44.42, 265
44.43, 168
44.44, 28
44.45, 168
44.46, 72
44.47, 71
44.48, 106
44.49, 132
44.5, 158
44.51, 194
44.52, 194
44.53, 158
44.54, 105
44.55, 166
44.56, 105
44.57, 140
44.58, 53
44.59, 40
44.6, 123
44.61, 71
44.62, 184
44.63, 67
44.64, 137
44.65, 32
44.66, 14
44.67, 93
44.68, 20
44.69, 49
44.7, 128
44.71, 77
44.72, 138
44.73, 59
44.74, 59
44.75, 78
44.76, 113
44.77, 148
44.78, 183
44.79, 113
44.8, 8
44.81, 70
44.82, 159
44.83, 20
44.84, 72
44.85, 55
44.86, 20
44.87, 108
44.88, 152
44.89, 126
44.9, 126
44.91, 213
44.92, 82
44.93, 12
44.94, 91
44.95, 75
44.96, 127
44.97, 110
44.98, 154
44.99, 58
45, 23
45.01, 14
45.02, 128
45.03, 101
45.04, 128
45.05, 58
45.06, 111
45.07, 146
45.08, 11
45.09, 19
45.1, 60
45.11, 86
45.12, 69
45.13, 78
45.14, 52
45.15, 106
45.16, 36
45.17, 27
45.18, 7
45.19, 159
45.2, 54
45.21, 98
45.22, 28
45.23, 141
45.24, 220
45.25, 37
45.26, 2
45.27, 81
45.28, 37
45.29, 2
45.3, 11
45.31, 195
45.32, 20
45.33, 107
45.34, 14
45.35, 134
45.36, 7
45.37, 108
45.38, 174
45.39, 87
45.4, 114
45.41, 88
45.42, 97
45.43, 52
45.44, 29
45.45, 12
45.46, 62
45.47, 131
45.48, 0
45.49, 53
45.5, 219
45.51, 36
45.52, 27
45.53, 71
45.54, 97
45.55, 62
45.56, 27
45.57, 132
45.58, 80
45.59, 247
45.6, 29
45.61, 99
45.62, 46
45.63, 29
45.64, 64
45.65, 82
45.66, 4
45.67, 74
45.68, 22
45.69, 5
45.7, 4
45.71, 199
45.72, 41
45.73, 85
45.74, 33
45.75, 68
45.76, 103
45.77, 59
45.78, 112
45.79, 117
45.8, 90
45.81, 108
45.82, 99
45.83, 100
45.84, 117
45.85, 30
45.86, 170
45.87, 13
45.88, 47
45.89, 204
45.9, 4
45.91, 66
45.92, 75
45.93, 180
45.94, 13
45.95, 5
45.96, 7
45.97, 1
45.98, 42
45.99, 59
46, 208
46.01, 22
46.02, 86
46.03, 95
46.04, 147
46.05, 86
46.06, 3
46.07, 51
46.08, 87
46.09, 122
46.1, 52
46.11, 70
46.12, 87
46.13, 44
46.14, 5
46.15, 44
46.16, 96
46.17, 44
46.18, 79
46.19, 176
46.2, 62
46.21, 150
46.22, 19
46.23, 7
46.24, 19
46.25, 124
46.26, 28
46.27, 63
46.28, 26
46.29, 13
46.3, 52
46.31, 43
46.32, 8
46.33, 96
46.34, 13
46.35, 192
46.36, 30
46.37, 135
46.38, 82
46.39, 99
46.4, 64
46.41, 38
46.42, 65
46.43, 154
46.44, 8
46.45, 218
46.46, 139
46.47, 0
46.48, 87
46.49, 78
46.5, 131
46.51, 79
46.52, 26
46.53, 26
46.54, 62
46.55, 281
46.56, 218
46.57, 43
46.58, 131
46.59, 14
46.6, 140
46.61, 35
46.62, 79
46.63, 5
46.64, 207
46.65, 118
46.66, 22
46.67, 197
46.68, 3
46.69, 101
46.7, 3
46.71, 136
46.72, 75
46.73, 14
46.74, 40
46.75, 67
46.76, 41
46.77, 41
46.78, 11
46.79, 76
46.8, 7
46.81, 129
46.82, 51
46.83, 138
46.84, 77
46.85, 12
46.86, 156
46.87, 279
46.88, 86
46.89, 174
46.9, 4
46.91, 129
46.92, 59
46.93, 173
46.94, 51
46.95, 16
46.96, 147
46.97, 121
46.98, 130
46.99, 51
47, 86
47.01, 69
47.02, 191
47.03, 235
47.04, 95
47.05, 157
47.06, 104
47.07, 0
47.08, 17
47.09, 1
47.1, 69
47.11, 43
47.12, 69
47.13, 8
47.14, 33
47.15, 17
47.16, 77
47.17, 95
47.18, 191
47.19, 112
47.2, 217
47.21, 154
47.22, 66
47.23, 32
47.24, 67
47.25, 102
47.26, 5
47.27, 136
47.28, 66
47.29, 3
47.3, 3
47.31, 101
47.32, 49
47.33, 136
47.34, 21
47.35, 56
47.36, 58
47.37, 146
47.38, 2
47.39, 41
47.4, 207
47.41, 103
47.42, 120
47.43, 29
47.44, 137
47.45, 50
47.46, 50
47.47, 58
47.48, 59
47.49, 31
47.5, 0
47.51, 113
47.52, 87
47.53, 43
47.54, 121
47.55, 26
47.56, 68
47.57, 34
47.58, 121
47.59, 25
47.6, 174
47.61, 78
47.62, 7
47.63, 7
47.64, 25
47.65, 113
47.66, 52
47.67, 43
47.68, 104
47.69, 69
47.7, 69
47.71, 87
47.72, 17
47.73, 19
47.74, 17
47.75, 113
47.76, 105
47.77, 35
47.78, 35
47.79, 156
47.8, 112
47.81, 60
47.82, 0
47.83, 94
47.84, 112
47.85, 42
47.86, 72
47.87, 28
47.88, 63
47.89, 2
47.9, 37
47.91, 73
47.92, 5
47.93, 84
47.94, 12
47.95, 22
47.96, 49
47.97, 145
47.98, 74
47.99, 57
48, 22
48.01, 170
48.02, 48
48.03, 3
48.04, 48
48.05, 73
48.06, 143
48.07, 170
48.08, 144
48.09, 74
48.1, 151
48.11, 64
48.12, 116
48.13, 55
48.14, 134
48.15, 108
48.16, 144
48.17, 118
48.18, 30
48.19, 74
48.2, 100
48.21, 39
48.22, 66
48.23, 83
48.24, 83
48.25, 66
48.26, 83
48.27, 258
48.28, 110
48.29, 47
48.3, 21
48.31, 4
48.32, 74
48.33, 83
48.34, 65
48.35, 108
48.36, 291
48.37, 134
48.38, 117
48.39, 56
48.4, 30
48.41, 135
48.42, 187
48.43, 65
48.44, 65
48.45, 100
48.46, 91
48.47, 21
48.48, 196
48.49, 48
48.5, 39
48.51, 135
48.52, 56
48.53, 4
48.54, 41
48.55, 22
48.56, 172
48.57, 163
48.58, 95
48.59, 69
48.6, 165
48.61, 150
48.62, 61
48.63, 8
48.64, 176
48.65, 63
48.66, 141
48.67, 106
48.68, 211
48.69, 17
48.7, 80
48.71, 229
48.72, 185
48.73, 63
48.74, 80
48.75, 1
48.76, 51
48.77, 105
48.78, 35
48.79, 52
48.8, 123
48.81, 54
48.82, 51
48.83, 137
48.84, 145
48.85, 32
48.86, 102
48.87, 102
48.88, 24
48.89, 85
48.9, 6
48.91, 137
48.92, 183
48.93, 172
48.94, 155
48.95, 139
48.96, 226
48.97, 165
48.98, 25
48.99, 69
49, 9
49.01, 86
49.02, 148
49.03, 69
49.04, 25
49.05, 31
49.06, 139
49.07, 51
49.08, 156
49.09, 200
49.1, 20
49.11, 18
49.12, 182
49.13, 165
49.14, 68
49.15, 42
49.16, 7
49.17, 217
49.18, 50
49.19, 1
49.2, 112
49.21, 94
49.22, 60
49.23, 112
49.24, 182
49.25, 77
49.26, 60
49.27, 113
49.28, 52
49.29, 96
49.3, 114
49.31, 105
49.32, 61
49.33, 140
49.34, 122
49.35, 17
49.36, 0
49.37, 141
49.38, 98
49.39, 125
49.4, 46
49.41, 63
49.42, 46
49.43, 55
49.44, 151
49.45, 37
49.46, 142
49.47, 133
49.48, 81
49.49, 98
49.5, 151
49.51, 116
49.52, 125
49.53, 72
49.54, 107
49.55, 151
49.56, 107
49.57, 63
49.58, 21
49.59, 187
49.6, 64
49.61, 64
49.62, 91
49.63, 47
49.64, 82
49.65, 125
49.66, 178
49.67, 143
49.68, 59
49.69, 181
49.7, 41
49.71, 85
49.72, 147
49.73, 18
49.74, 51
49.75, 128
49.76, 102
49.77, 10
49.78, 31
49.79, 171
49.8, 6
49.81, 84
49.82, 78
49.83, 66
49.84, 31
49.85, 101
49.86, 14
49.87, 93
49.88, 66
49.89, 177
49.9, 81
49.91, 116
49.92, 159
49.93, 119
49.94, 276
49.95, 66
49.96, 9
49.97, 110
49.98, 74
49.99, 17
50, 83
50.01, 144
50.02, 31
50.03, 109
50.04, 109
50.05, 4
50.06, 153
50.07, 30
50.08, 75
50.09, 171
50.1, 224
50.11, 9
50.12, 189
50.13, 189
50.14, 1
50.15, 75
50.16, 258
50.17, 171
50.18, 92
50.19, 48
50.2, 30
50.21, 196
50.22, 119
50.23, 110
50.24, 136
50.25, 80
50.26, 63
50.27, 168
50.28, 115
50.29, 71
50.3, 17
50.31, 147
50.32, 59
50.33, 16
50.34, 200
50.35, 174
50.36, 16
50.37, 200
50.38, 51
50.39, 77
50.4, 77
50.41, 9
50.42, 1
50.43, 68
50.44, 77
50.45, 77
50.46, 3
50.47, 147
50.48, 164
50.49, 1
50.5, 120
50.51, 7
50.52, 138
50.53, 76
50.54, 94
50.55, 75
50.56, 14
50.57, 5
50.58, 110
50.59, 92
50.6, 57
50.61, 197
50.62, 79
50.63, 105
50.64, 140
50.65, 236
50.66, 192
50.67, 87
50.68, 35
50.69, 8
50.7, 0
50.71, 131
50.72, 122
50.73, 95
50.74, 52
50.75, 60
50.76, 43
50.77, 17
50.78, 104
50.79, 34
50.8, 174
50.81, 105
50.82, 105
50.83, 105
50.84, 35
50.85, 61
50.86, 52
50.87, 26
50.88, 130
50.89, 34
50.9, 78
50.91, 16
50.92, 69
50.93, 128
50.94, 120
50.95, 41
50.96, 58
50.97, 83
50.98, 126
50.99, 82
51, 19
51.01, 124
51.02, 106
51.03, 71
51.04, 71
51.05, 6
51.06, 28
51.07, 143
51.08, 100
51.09, 56
51.1, 127
51.11, 153
51.12, 27
51.13, 101
51.14, 171
51.15, 23
51.16, 48
51.17, 136
51.18, 92
51.19, 15
51.2, 128
51.21, 49
51.22, 233
51.23, 14
51.24, 49
51.25, 5
51.26, 75
51.27, 20
51.28, 52
51.29, 122
51.3, 61
51.31, 155
51.32, 68
51.33, 199
51.34, 66
51.35, 128
51.36, 136
51.37, 66
51.38, 110
51.39, 75
51.4, 84
51.41, 1
51.42, 127
51.43, 49
51.44, 110
51.45, 66
51.46, 136
51.47, 118
51.48, 101
51.49, 101
51.5, 57
51.51, 14
51.52, 110
51.53, 12
51.54, 40
51.55, 171
51.56, 110
51.57, 101
51.58, 92
51.59, 59
51.6, 60
51.61, 103
51.62, 138
51.63, 68
51.64, 121
51.65, 33
51.66, 137
51.67, 58
51.68, 146
51.69, 51
51.7, 129
51.71, 156
51.72, 59
51.73, 24
51.74, 112
51.75, 199
51.76, 50
51.77, 101
51.78, 75
51.79, 48
51.8, 101
51.81, 42
51.82, 118
51.83, 206
51.84, 110
51.85, 48
51.86, 180
51.87, 110
51.88, 110
51.89, 48
51.9, 83
51.91, 127
51.92, 93
51.93, 137
51.94, 41
51.95, 67
51.96, 190
51.97, 78
51.98, 113
51.99, 105
52, 17
52.01, 44
52.02, 96
52.03, 166
52.04, 140
52.05, 44
52.06, 114
52.07, 128
52.08, 120
52.09, 172
52.1, 137
52.11, 127
52.12, 57
52.13, 180
52.14, 92
52.15, 110
52.16, 23
52.17, 154
52.18, 23
52.19, 128
52.2, 75
52.21, 119
52.22, 67
52.23, 84
52.24, 58
52.25, 163
52.26, 10
52.27, 2
52.28, 207
52.29, 19
52.3, 67
52.31, 190
52.32, 47
52.33, 82
52.34, 22
52.35, 283
52.36, 187
52.37, 65
52.38, 21
52.39, 91
52.4, 135
52.41, 67
52.42, 41
52.43, 41
52.44, 163
52.45, 50
52.46, 23
52.47, 21
52.48, 163
52.49, 11
52.5, 154
52.51, 7
52.52, 7
52.53, 68
52.54, 95
52.55, 60
52.56, 131
52.57, 157
52.58, 174
52.59, 87
52.6, 96
52.61, 60
52.62, 77
52.63, 147
52.64, 86
52.65, 86
52.66, 121
52.67, 0
52.68, 139
52.69, 165
52.7, 43
52.71, 148
52.72, 113
52.73, 86
52.74, 97
52.75, 150
52.76, 28
52.77, 81
52.78, 7
52.79, 23
52.8, 186
52.81, 206
52.82, 206
52.83, 163
52.84, 128
52.85, 137
52.86, 84
52.87, 189
52.88, 19
52.89, 137
52.9, 93
52.91, 128
52.92, 76
52.93, 1
52.94, 111
52.95, 129
52.96, 234
52.97, 120
52.98, 59
52.99, 51
53, 103
53.01, 29
53.02, 75
53.03, 23
53.04, 84
53.05, 84
53.06, 93
53.07, 6
53.08, 121
53.09, 121
53.1, 261
53.11, 9
53.12, 87
53.13, 148
53.14, 43
53.15, 61
53.16, 33
53.17, 54
53.18, 63
53.19, 98
53.2, 54
53.21, 107
53.22, 98
53.23, 46
53.24, 56
53.25, 48
53.26, 13
53.27, 30
53.28, 48
53.29, 109
53.3, 162
53.31, 101
53.32, 119
53.33, 31
53.34, 14
53.35, 40
53.36, 128
53.37, 93
53.38, 23
53.39, 137
53.4, 94
53.41, 111
53.42, 68
53.43, 59
53.44, 120
53.45, 77
53.46, 171
53.47, 31
53.48, 199
53.49, 23
53.5, 76
53.51, 50
53.52, 60
53.53, 157
53.54, 129
53.55, 33
53.56, 86
53.57, 77
53.58, 162
53.59, 3
53.6, 13
53.61, 154
53.62, 58
53.63, 58
53.64, 120
53.65, 77
53.66, 10
53.67, 126
53.68, 39
53.69, 126
53.7, 2
53.71, 144
53.72, 100
53.73, 13
53.74, 67
53.75, 10
53.76, 85
53.77, 243
53.78, 147
53.79, 33
53.8, 16
53.81, 68
53.82, 130
53.83, 182
53.84, 121
53.85, 78
53.86, 60
53.87, 130
53.88, 122
53.89, 69
53.9, 168
53.91, 20
53.92, 107
53.93, 2
53.94, 6
53.95, 20
53.96, 55
53.97, 144
53.98, 21
53.99, 54
54, 17
54.01, 89
54.02, 212
54.03, 81
54.04, 116
54.05, 81
54.06, 55
54.07, 47
54.08, 80
54.09, 89
54.1, 212
54.11, 89
54.12, 127
54.13, 22
54.14, 57
54.15, 57
54.16, 206
54.17, 92
54.18, 145
54.19, 207
54.2, 180
54.21, 4
54.22, 0
54.23, 122
54.24, 123
54.25, 79
54.26, 79
54.27, 4
54.28, 71
54.29, 97
54.3, 132
54.31, 0
54.32, 44
54.33, 166
54.34, 105
54.35, 140
54.36, 10
54.37, 111
54.38, 139
54.39, 17
54.4, 8
54.41, 70
54.42, 114
54.43, 11
54.44, 18
54.45, 115
54.46, 53
54.47, 97
54.48, 150
54.49, 28
54.5, 54
54.51, 80
54.52, 107
54.53, 40
54.54, 75
54.55, 145
54.56, 84
54.57, 101
54.58, 110
54.59, 119
54.6, 154
54.61, 93
54.62, 172
54.63, 137
54.64, 76
54.65, 128
54.66, 181
54.67, 0
54.68, 6
54.69, 164
54.7, 138
54.71, 8
54.72, 50
54.73, 59
54.74, 94
54.75, 147
54.76, 225
54.77, 138
54.78, 304
54.79, 155
54.8, 128
54.81, 102
54.82, 198
54.83, 11
54.84, 102
54.85, 242
54.86, 14
54.87, 180
54.88, 119
54.89, 128
54.9, 39
54.91, 135
54.92, 13
54.93, 20
54.94, 267
54.95, 91
54.96, 109
54.97, 47
54.98, 109
54.99, 152
55, 109
55.01, 135
55.02, 100
55.03, 66
55.04, 145
55.05, 92
55.06, 14
55.07, 75
55.08, 128
55.09, 12
55.1, 31
55.11, 75
55.12, 180
55.13, 170
55.14, 177
55.15, 169
55.16, 4
55.17, 162
55.18, 57
55.19, 184
55.2, 61
55.21, 88
55.22, 105
55.23, 149
55.24, 70
55.25, 123
55.26, 123
55.27, 201
55.28, 149
55.29, 123
55.3, 167
55.31, 5
55.32, 88
55.33, 88
55.34, 105
55.35, 132
55.36, 140
55.37, 55
55.38, 5
55.39, 81
55.4, 14
55.41, 115
55.42, 36
55.43, 14
55.44, 90
55.45, 195
55.46, 143
55.47, 202
55.48, 45
55.49, 80
55.5, 45
55.51, 185
55.52, 10
55.53, 53
55.54, 132
55.55, 184
55.56, 96
55.57, 5
55.58, 148
55.59, 190
55.6, 18
55.61, 59
55.62, 33
55.63, 154
55.64, 128
55.65, 119
55.66, 171
55.67, 3
55.68, 285
55.69, 5
55.7, 145
55.71, 22
55.72, 17
55.73, 3
55.74, 92
55.75, 118
55.76, 197
55.77, 109
55.78, 135
55.79, 3
55.8, 135
55.81, 196
55.82, 4
55.83, 205
55.84, 130
55.85, 156
55.86, 42
55.87, 102
55.88, 155
55.89, 24
55.9, 6
55.91, 22
55.92, 127
55.93, 153
55.94, 126
55.95, 100
55.96, 83
55.97, 222
55.98, 109
55.99, 100
56, 126
56.01, 4
56.02, 3
56.03, 152
56.04, 117
56.05, 38
56.06, 143
56.07, 99
56.08, 83
56.09, 22
56.1, 118
56.11, 109
56.12, 161
56.13, 107
56.14, 64
56.15, 142
56.16, 46
56.17, 107
56.18, 221
56.19, 168
56.2, 238
56.21, 177
56.22, 14
56.23, 90
56.24, 212
56.25, 116
56.26, 81
56.27, 37
56.28, 168
56.29, 210
56.3, 96
56.31, 26
56.32, 149
56.33, 87
56.34, 79
56.35, 105
56.36, 0
56.37, 87
56.38, 35
56.39, 8
56.4, 165
56.41, 25
56.42, 156
56.43, 69
56.44, 51
56.45, 149
56.46, 62
56.47, 79
56.48, 88
56.49, 79
56.5, 88
56.51, 33
56.52, 121
56.53, 16
56.54, 1
56.55, 59
56.56, 7
56.57, 86
56.58, 234
56.59, 147
56.6, 136
56.61, 66
56.62, 16
56.63, 22
56.64, 92
56.65, 92
56.66, 31
56.67, 144
56.68, 74
56.69, 92
56.7, 83
56.71, 118
56.72, 22
56.73, 83
56.74, 197
56.75, 74
56.76, 83
56.77, 64
56.78, 125
56.79, 20
56.8, 71
56.81, 89
56.82, 89
56.83, 45
56.84, 10
56.85, 28
56.86, 115
56.87, 167
56.88, 106
56.89, 115
56.9, 54
56.91, 97
56.92, 103
56.93, 77
56.94, 50
56.95, 138
56.96, 77
56.97, 120
56.98, 112
56.99, 129
57, 129
57.01, 103
57.02, 103
57.03, 21
57.04, 1
57.05, 182
57.06, 7
57.07, 18
57.08, 16
57.09, 50
57.1, 68
57.11, 112
57.12, 85
57.13, 129
57.14, 129
57.15, 140
57.16, 114
57.17, 135
57.18, 196
57.19, 187
57.2, 13
57.21, 25
57.22, 86
57.23, 106
57.24, 28
57.25, 106
57.26, 19
57.27, 15
57.28, 72
57.29, 72
57.3, 203
57.31, 168
57.32, 107
57.33, 80
57.34, 98
57.35, 19
57.36, 11
57.37, 142
57.38, 37
57.39, 56
57.4, 91
57.41, 12
57.42, 38
57.43, 99
57.44, 90
57.45, 38
57.46, 99
57.47, 73
57.48, 241
57.49, 153
57.5, 14
57.51, 84
57.52, 5
57.53, 22
57.54, 14
57.55, 49
57.56, 13
57.57, 5
57.58, 88
57.59, 42
57.6, 26
57.61, 192
57.62, 17
57.63, 17
57.64, 6
57.65, 26
57.66, 96
57.67, 113
57.68, 35
57.69, 53
57.7, 44
57.71, 175
57.72, 167
57.73, 63
57.74, 106
57.75, 6
57.76, 108
57.77, 38
57.78, 47
57.79, 126
57.8, 74
57.81, 13
57.82, 14
57.83, 55
57.84, 168
57.85, 38
57.86, 38
57.87, 160
57.88, 64
57.89, 38
57.9, 196
57.91, 65
57.92, 82
57.93, 74
57.94, 48
57.95, 188
57.96, 135
57.97, 109
57.98, 109
57.99, 118
58, 14
58.01, 92
58.02, 66
58.03, 3
58.04, 31
58.05, 75
58.06, 84
58.07, 112
58.08, 155
58.09, 147
58.1, 121
58.11, 95
58.12, 51
58.13, 86
58.14, 165
58.15, 60
58.16, 52
58.17, 113
58.18, 166
58.19, 131
58.2, 96
58.21, 201
58.22, 9
58.23, 6
58.24, 93
58.25, 163
58.26, 85
58.27, 23
58.28, 40
58.29, 58
58.3, 75
58.31, 119
58.32, 2
58.33, 23
58.34, 7
58.35, 24
58.36, 36
58.37, 155
58.38, 85
58.39, 68
58.4, 27
58.41, 128
58.42, 27
58.43, 58
58.44, 58
58.45, 93
58.46, 128
58.47, 180
58.48, 75
58.49, 75
58.5, 119
58.51, 128
58.52, 75
58.53, 93
58.54, 189
58.55, 93
58.56, 136
58.57, 75
58.58, 5
58.59, 102
58.6, 119
58.61, 128
58.62, 94
58.63, 129
58.64, 1
58.65, 103
58.66, 138
58.67, 5
58.68, 155
58.69, 146
58.7, 33
58.71, 199
58.72, 190
58.73, 139
58.74, 157
58.75, 35
58.76, 11
58.77, 182
58.78, 235
58.79, 10
58.8, 86
58.81, 9
58.82, 140
58.83, 52
58.84, 94
58.85, 85
58.86, 147
58.87, 59
58.88, 10
58.89, 120
58.9, 155
58.91, 9
58.92, 113
58.93, 43
58.94, 61
58.95, 35
58.96, 122
58.97, 246
58.98, 7
58.99, 1
59, 150
59.01, 106
59.02, 114
59.03, 9
59.04, 7
59.05, 107
59.06, 37
59.07, 177
59.08, 150
59.09, 203
59.1, 37
59.11, 229
59.12, 6
59.13, 63
59.14, 124
59.15, 37
59.16, 115
59.17, 91
59.18, 117
59.19, 135
59.2, 178
59.21, 126
59.22, 161
59.23, 91
59.24, 126
59.25, 126
59.26, 13
59.27, 91
59.28, 5
59.29, 38
59.3, 90
59.31, 117
59.32, 73
59.33, 134
59.34, 47
59.35, 169
59.36, 82
59.37, 205
59.38, 4
59.39, 100
59.4, 126
59.41, 65
59.42, 205
59.43, 100
59.44, 100
59.45, 91
59.46, 31
59.47, 162
59.48, 127
59.49, 188
59.5, 153
59.51, 188
59.52, 48
59.53, 39
59.54, 20
59.55, 107
59.56, 147
59.57, 7
59.58, 95
59.59, 77
59.6, 135
59.61, 170
59.62, 88
59.63, 97
59.64, 71
59.65, 123
59.66, 36
59.67, 149
59.68, 167
59.69, 97
59.7, 44
59.71, 140
59.72, 272
59.73, 53
59.74, 21
59.75, 153
59.76, 179
59.77, 74
59.78, 11
59.79, 72
59.8, 90
59.81, 11
59.82, 72
59.83, 81
59.84, 125
59.85, 55
59.86, 107
59.87, 1
59.88, 114
59.89, 140
59.9, 79
59.91, 202
59.92, 9
59.93, 0
59.94, 9
59.95, 44
59.96, 174
59.97, 174
59.98, 17
59.99, 59
60, 9
60.01, 59
60.02, 85
60.03, 76
60.04, 103
60.05, 139
60.06, 140
60.07, 122
60.08, 34
60.09, 130
60.1, 9
60.11, 1
60.12, 112
60.13, 8
60.14, 121
60.15, 161
60.16, 11
60.17, 4
60.18, 143
60.19, 117
60.2, 3
60.21, 188
60.22, 83
60.23, 5
60.24, 13
60.25, 91
60.26, 4
60.27, 38
60.28, 73
60.29, 38
60.3, 73
60.31, 50
60.32, 32
60.33, 15
60.34, 32
60.35, 93
60.36, 16
60.37, 15
60.38, 58
60.39, 15
60.4, 32
60.41, 14
60.42, 58
60.43, 111
60.44, 76
60.45, 23
60.46, 31
60.47, 101
60.48, 91
60.49, 144
60.5, 13
60.51, 74
60.52, 118
60.53, 126
60.54, 118
60.55, 49
60.56, 12
60.57, 22
60.58, 3
60.59, 57
60.6, 172
60.61, 111
60.62, 76
60.63, 198
60.64, 23
60.65, 11
60.66, 84
60.67, 7
60.68, 77
60.69, 94
60.7, 234
60.71, 42
60.72, 42
60.73, 173
60.74, 77
60.75, 155
60.76, 15
60.77, 85
60.78, 166
60.79, 148
60.8, 116
60.81, 107
60.82, 107
60.83, 91
60.84, 152
60.85, 30
60.86, 39
60.87, 39
60.88, 74
60.89, 48
60.9, 91
60.91, 39
60.92, 144
60.93, 37
60.94, 92
60.95, 74
60.96, 127
60.97, 57
60.98, 153
60.99, 83
61, 39
61.01, 23
61.02, 224
61.03, 40
61.04, 136
61.05, 58
61.06, 5
61.07, 102
61.08, 76
61.09, 119
61.1, 163
61.11, 67
61.12, 14
61.13, 118
61.14, 74
61.15, 48
61.16, 39
61.17, 92
61.18, 39
61.19, 83
61.2, 91
61.21, 240
61.22, 65
61.23, 4
61.24, 13
61.25, 11
61.26, 83
61.27, 76
61.28, 67
61.29, 84
61.3, 67
61.31, 59
61.32, 85
61.33, 59
61.34, 59
61.35, 165
61.36, 128
61.37, 15
61.38, 76
61.39, 41
61.4, 11
61.41, 41
61.42, 59
61.43, 154
61.44, 84
61.45, 110
61.46, 66
61.47, 128
61.48, 5
61.49, 23
61.5, 30
61.51, 49
61.52, 181
61.53, 102
61.54, 155
61.55, 251
61.56, 100
61.57, 144
61.58, 170
61.59, 92
61.6, 84
61.61, 84
61.62, 75
61.63, 50
61.64, 172
61.65, 33
61.66, 207
61.67, 41
61.68, 68
61.69, 68
61.7, 42
61.71, 24
61.72, 42
61.73, 77
61.74, 11
61.75, 16
61.76, 41
61.77, 85
61.78, 76
61.79, 4
61.8, 155
61.81, 94
61.82, 50
61.83, 51
61.84, 68
61.85, 85
61.86, 14
61.87, 94
61.88, 68
61.89, 112
61.9, 68
61.91, 147
61.92, 95
61.93, 78
61.94, 183
61.95, 131
61.96, 87
61.97, 11
61.98, 17
61.99, 28
62, 9
62.01, 140
62.02, 15
62.03, 149
62.04, 70
62.05, 263
62.06, 141
62.07, 97
62.08, 123
62.09, 150
62.1, 27
62.11, 246
62.12, 98
62.13, 234
62.14, 52
62.15, 78
62.16, 70
62.17, 122
62.18, 114
62.19, 88
62.2, 13
62.21, 18
62.22, 70
62.23, 140
62.24, 175
62.25, 71
62.26, 7
62.27, 123
62.28, 71
62.29, 45
62.3, 97
62.31, 80
62.32, 176
62.33, 124
62.34, 98
62.35, 133
62.36, 10
62.37, 10
62.38, 72
62.39, 31
62.4, 180
62.41, 101
62.42, 31
62.43, 40
62.44, 31
62.45, 12
62.46, 6
62.47, 47
62.48, 82
62.49, 11
62.5, 100
62.51, 39
62.52, 11
62.53, 100
62.54, 11
62.55, 14
62.56, 75
62.57, 84
62.58, 66
62.59, 41
62.6, 49
62.61, 40
62.62, 14
62.63, 6
62.64, 129
62.65, 138
62.66, 86
62.67, 1
62.68, 60
62.69, 121
62.7, 65
62.71, 85
62.72, 102
62.73, 146
62.74, 102
62.75, 111
62.76, 76
62.77, 59
62.78, 77
62.79, 10
62.8, 7
62.81, 86
62.82, 9
62.83, 43
62.84, 43
62.85, 139
62.86, 25
62.87, 17
62.88, 25
62.89, 78
62.9, 183
62.91, 43
62.92, 139
62.93, 140
62.94, 200
62.95, 95
62.96, 95
62.97, 121
62.98, 104
62.99, 77
63, 51
63.01, 208
63.02, 7
63.03, 121
63.04, 0
63.05, 123
63.06, 166
63.07, 194
63.08, 63
63.09, 99
63.1, 116
63.11, 13
63.12, 91
63.13, 36
63.14, 97
63.15, 45
63.16, 115
63.17, 0
63.18, 227
63.19, 14
63.2, 119
63.21, 163
63.22, 153
63.23, 48
63.24, 2
63.25, 36
63.26, 106
63.27, 28
63.28, 106
63.29, 220
63.3, 106
63.31, 63
63.32, 80
63.33, 15
63.34, 168
63.35, 264
63.36, 203
63.37, 98
63.38, 98
63.39, 37
63.4, 79
63.41, 97
63.42, 114
63.43, 149
63.44, 211
63.45, 88
63.46, 114
63.47, 193
63.48, 36
63.49, 88
63.5, 106
63.51, 106
63.52, 123
63.53, 167
63.54, 195
63.55, 186
63.56, 125
63.57, 134
63.58, 27
63.59, 99
63.6, 137
63.61, 224
63.62, 15
63.63, 2
63.64, 154
63.65, 146
63.66, 109
63.67, 206
63.68, 101
63.69, 91
63.7, 170
63.71, 108
63.72, 90
63.73, 99
63.74, 6
63.75, 150
63.76, 211
63.77, 176
63.78, 15
63.79, 133
63.8, 203
63.81, 107
63.82, 115
63.83, 15
63.84, 81
63.85, 89
63.86, 28
63.87, 11
63.88, 177
63.89, 159
63.9, 5
63.91, 142
63.92, 116
63.93, 81
63.94, 37
63.95, 81
63.96, 159
63.97, 28
63.98, 116
63.99, 150
64, 6
64.01, 159
64.02, 116
64.03, 98
64.04, 159
64.05, 63
64.06, 125
64.07, 151
64.08, 90
64.09, 37
64.1, 160
64.11, 55
64.12, 46
64.13, 212
64.14, 4
64.15, 100
64.16, 126
64.17, 187
64.18, 117
64.19, 21
64.2, 91
64.21, 83
64.22, 21
64.23, 15
64.24, 13
64.25, 126
64.26, 10
64.27, 74
64.28, 91
64.29, 65
64.3, 13
64.31, 186
64.32, 70
64.33, 108
64.34, 73
64.35, 125
64.36, 204
64.37, 100
64.38, 12
64.39, 100
64.4, 100
64.41, 91
64.42, 30
64.43, 13
64.44, 43
64.45, 143
64.46, 38
64.47, 64
64.48, 38
64.49, 160
64.5, 81
64.51, 134
64.52, 107
64.53, 142
64.54, 46
64.55, 124
64.56, 63
64.57, 28
64.58, 116
64.59, 177
64.6, 99
64.61, 55
64.62, 81
64.63, 72
64.64, 152
64.65, 134
64.66, 56
64.67, 134
64.68, 195
64.69, 161
64.7, 126
64.71, 170
64.72, 187
64.73, 15
64.74, 178
64.75, 161
64.76, 82
64.77, 213
64.78, 105
64.79, 23
64.8, 1
64.81, 62
64.82, 27
64.83, 97
64.84, 9
64.85, 88
64.86, 105
64.87, 140
64.88, 166
64.89, 105
64.9, 9
64.91, 35
64.92, 96
64.93, 61
64.94, 0
64.95, 17
64.96, 69
64.97, 52
64.98, 33
64.99, 103
65, 85
65.01, 165
65.02, 148
65.03, 77
65.04, 130
65.05, 121
65.06, 51
65.07, 121
65.08, 139
65.09, 51
65.1, 120
65.11, 93
65.12, 41
65.13, 146
65.14, 119
65.15, 84
65.16, 50
65.17, 76
65.18, 137
65.19, 111
65.2, 75
65.21, 9
65.22, 14
65.23, 85
65.24, 85
65.25, 50
65.26, 32
65.27, 111
65.28, 164
65.29, 138
65.3, 121
65.31, 173
65.32, 112
65.33, 7
65.34, 113
65.35, 113
65.36, 200
65.37, 174
65.38, 78
65.39, 104
65.4, 165
65.41, 95
65.42, 8
65.43, 251
65.44, 93
65.45, 102
65.46, 108
65.47, 82
65.48, 117
65.49, 161
65.5, 64
65.51, 29
65.52, 102
65.53, 172
65.54, 128
65.55, 128
65.56, 0
65.57, 137
65.58, 67
65.59, 2
65.6, 128
65.61, 50
65.62, 50
65.63, 136
65.64, 211
65.65, 18
65.66, 62
65.67, 141
65.68, 53
65.69, 45
65.7, 193
65.71, 45
65.72, 12
65.73, 45
65.74, 45
65.75, 115
65.76, 123
65.77, 16
65.78, 158
65.79, 176
65.8, 171
65.81, 66
65.82, 13
65.83, 5
65.84, 2
65.85, 155
65.86, 94
65.87, 24
65.88, 10
65.89, 7
65.9, 146
65.91, 77
65.92, 94
65.93, 162
65.94, 49
65.95, 101
65.96, 94
65.97, 164
65.98, 208
65.99, 11
66, 250
66.01, 32
66.02, 84
66.03, 23
66.04, 23
66.05, 41
66.06, 14
66.07, 32
66.08, 84
66.09, 54
66.1, 45
66.11, 150
66.12, 45
66.13, 19
66.14, 132
66.15, 62
66.16, 106
66.17, 28
66.18, 159
66.19, 72
66.2, 13
66.21, 28
66.22, 3
66.23, 12
66.24, 135
66.25, 56
66.26, 240
66.27, 14
66.28, 128
66.29, 1
66.3, 7
66.31, 33
66.32, 147
66.33, 156
66.34, 33
66.35, 77
66.36, 68
66.37, 25
66.38, 209
66.39, 130
66.4, 124
66.41, 9
66.42, 9
66.43, 61
66.44, 131
66.45, 27
66.46, 140
66.47, 1
66.48, 115
66.49, 141
66.5, 27
66.51, 158
66.52, 9
66.53, 70
66.54, 114
66.55, 166
66.56, 70
66.57, 70
66.58, 131
66.59, 193
66.6, 61
66.61, 105
66.62, 133
66.63, 55
66.64, 142
66.65, 125
66.66, 125
66.67, 116
66.68, 72
66.69, 92
66.7, 39
66.71, 3
66.72, 127
66.73, 223
66.74, 180
66.75, 171
66.76, 144
66.77, 144
66.78, 162
66.79, 197
66.8, 100
66.81, 74
66.82, 48
66.83, 136
66.84, 48
66.85, 188
66.86, 110
66.87, 101
66.88, 171
66.89, 163
66.9, 32
66.91, 128
66.92, 110
66.93, 66
66.94, 84
66.95, 128
66.96, 154
66.97, 162
66.98, 3
66.99, 36
67, 180
67.01, 66
67.02, 11
67.03, 57
67.04, 7
67.05, 30
67.06, 153
67.07, 48
67.08, 135
67.09, 126
67.1, 152
67.11, 48
67.12, 56
67.13, 179
67.14, 57
67.15, 9
67.16, 100
67.17, 10
67.18, 12
67.19, 117
67.2, 48
67.21, 91
67.22, 74
67.23, 170
67.24, 135
67.25, 135
67.26, 83
67.27, 74
67.28, 48
67.29, 57
67.3, 162
67.31, 57
67.32, 197
67.33, 49
67.34, 128
67.35, 128
67.36, 128
67.37, 2
67.38, 102
67.39, 119
67.4, 118
67.41, 75
67.42, 12
67.43, 235
67.44, 78
67.45, 209
67.46, 9
67.47, 60
67.48, 11
67.49, 149
67.5, 27
67.51, 106
67.52, 36
67.53, 79
67.54, 176
67.55, 123
67.56, 88
67.57, 7
67.58, 158
67.59, 13
67.6, 97
67.61, 97
67.62, 61
67.63, 183
67.64, 210
67.65, 124
67.66, 10
67.67, 6
67.68, 19
67.69, 124
67.7, 159
67.71, 168
67.72, 175
67.73, 123
67.74, 79
67.75, 36
67.76, 36
67.77, 167
67.78, 88
67.79, 167
67.8, 100
67.81, 1
67.82, 82
67.83, 65
67.84, 30
67.85, 231
67.86, 135
67.87, 187
67.88, 19
67.89, 179
67.9, 47
67.91, 4
67.92, 73
67.93, 38
67.94, 56
67.95, 117
67.96, 178
67.97, 30
67.98, 39
67.99, 12
68, 222
68.01, 126
68.02, 117
68.03, 73
68.04, 144
68.05, 83
68.06, 48
68.07, 170
68.08, 74
68.09, 109
68.1, 59
68.11, 76
68.12, 93
68.13, 172
68.14, 233
68.15, 102
68.16, 146
68.17, 155
68.18, 67
68.19, 46
68.2, 90
68.21, 195
68.22, 185
68.23, 36
68.24, 114
68.25, 9
68.26, 61
68.27, 131
68.28, 61
68.29, 140
68.3, 193
68.31, 166
68.32, 88
68.33, 62
68.34, 97
68.35, 43
68.36, 139
68.37, 182
68.38, 24
68.39, 131
68.4, 26
68.41, 35
68.42, 61
68.43, 70
68.44, 45
68.45, 106
68.46, 255
68.47, 124
68.48, 137
68.49, 24
68.5, 165
68.51, 17
68.52, 9
68.53, 17
68.54, 34
68.55, 60
68.56, 122
68.57, 61
68.58, 209
68.59, 52
68.6, 157
68.61, 63
68.62, 34
68.63, 52
68.64, 61
68.65, 78
68.66, 50
68.67, 0
68.68, 189
68.69, 110
68.7, 119
68.71, 66
68.72, 75
68.73, 171
68.74, 93
68.75, 49
68.76, 101
68.77, 31
68.78, 83
68.79, 107
68.8, 20
68.81, 125
68.82, 37
68.83, 90
68.84, 0
68.85, 55
68.86, 14
68.87, 89
68.88, 152
68.89, 3
68.9, 153
68.91, 40
68.92, 127
68.93, 48
68.94, 162
68.95, 145
68.96, 31
68.97, 118
68.98, 197
68.99, 20
69, 120
69.01, 3
69.02, 170
69.03, 240
69.04, 92
69.05, 231
69.06, 83
69.07, 91
69.08, 37
69.09, 107
69.1, 98
69.11, 142
69.12, 89
69.13, 19
69.14, 6
69.15, 115
69.16, 124
69.17, 45
69.18, 2
69.19, 54
69.2, 106
69.21, 71
69.22, 27
69.23, 15
69.24, 123
69.25, 10
69.26, 30
69.27, 30
69.28, 73
69.29, 3
69.3, 187
69.31, 82
69.32, 47
69.33, 12
69.34, 117
69.35, 73
69.36, 38
69.37, 125
69.38, 46
69.39, 38
69.4, 99
69.41, 99
69.42, 99
69.43, 116
69.44, 55
69.45, 98
69.46, 159
69.47, 89
69.48, 63
69.49, 150
69.5, 54
69.51, 1
69.52, 190
69.53, 2
69.54, 50
69.55, 2
69.56, 76
69.57, 44
69.58, 6
69.59, 52
69.6, 78
69.61, 52
69.62, 139
69.63, 19
69.64, 148
69.65, 61
69.66, 87
69.67, 104
69.68, 157
69.69, 18
69.7, 156
69.71, 16
69.72, 68
69.73, 0
69.74, 35
69.75, 149
69.76, 8
69.77, 17
69.78, 96
69.79, 227
69.8, 11
69.81, 169
69.82, 86
69.83, 121
69.84, 7
69.85, 121
69.86, 147
69.87, 119
69.88, 215
69.89, 101
69.9, 93
69.91, 66
69.92, 119
69.93, 49
69.94, 66
69.95, 101
69.96, 49
69.97, 22
69.98, 66
69.99, 179
70, 136
70.01, 57
70.02, 206
70.03, 92
70.04, 125
70.05, 108
70.06, 150
70.07, 23
70.08, 134
70.09, 21
70.1, 126
70.11, 47
70.12, 109
70.13, 117
70.14, 213
70.15, 152
70.16, 82
70.17, 213
70.18, 47
70.19, 17
70.2, 9
70.21, 140
70.22, 18
70.23, 61
70.24, 114
70.25, 175
70.26, 105
70.27, 0
70.28, 78
70.29, 131
70.3, 8
70.31, 78
70.32, 8
70.33, 174
70.34, 182
70.35, 112
70.36, 69
70.37, 34
70.38, 51
70.39, 103
70.4, 103
70.41, 51
70.42, 16
70.43, 128
70.44, 163
70.45, 16
70.46, 102
70.47, 110
70.48, 110
70.49, 73
70.5, 117
70.51, 21
70.52, 170
70.53, 30
70.54, 74
70.55, 135
70.56, 188
70.57, 30
70.58, 214
70.59, 30
70.6, 39
70.61, 65
70.62, 91
70.63, 126
70.64, 91
70.65, 73
70.66, 73
70.67, 21
70.68, 56
70.69, 117
70.7, 47
70.71, 20
70.72, 46
70.73, 29
70.74, 55
70.75, 37
70.76, 21
70.77, 54
70.78, 71
70.79, 54
70.8, 150
70.81, 80
70.82, 106
70.83, 139
70.84, 95
70.85, 157
70.86, 44
70.87, 87
70.88, 52
70.89, 24
70.9, 181
70.91, 68
70.92, 5
70.93, 77
70.94, 78
70.95, 122
70.96, 34
70.97, 104
70.98, 112
70.99, 112
71, 23
71.01, 6
71.02, 76
71.03, 85
71.04, 58
71.05, 85
71.06, 2
71.07, 207
71.08, 32
71.09, 84
71.1, 119
71.11, 102
71.12, 76
71.13, 93
71.14, 76
71.15, 145
71.16, 58
71.17, 163
71.18, 129
71.19, 85
71.2, 129
71.21, 129
71.22, 67
71.23, 67
71.24, 15
71.25, 41
71.26, 58
71.27, 16
71.28, 12
71.29, 29
71.3, 63
71.31, 6
71.32, 46
71.33, 20
71.34, 54
71.35, 159
71.36, 80
71.37, 6
71.38, 19
71.39, 18
71.4, 44
71.41, 131
71.42, 96
71.43, 44
71.44, 52
71.45, 105
71.46, 43
71.47, 148
71.48, 87
71.49, 61
71.5, 113
71.51, 96
71.52, 157
71.53, 130
71.54, 52
71.55, 78
71.56, 34
71.57, 122
71.58, 8
71.59, 95
71.6, 122
71.61, 105
71.62, 131
71.63, 61
71.64, 70
71.65, 85
71.66, 174
71.67, 18
71.68, 123
71.69, 79
71.7, 166
71.71, 16
71.72, 53
71.73, 9
71.74, 0
71.75, 88
71.76, 35
71.77, 245
71.78, 35
71.79, 105
71.8, 27
71.81, 105
71.82, 53
71.83, 123
71.84, 27
71.85, 27
71.86, 88
71.87, 36
71.88, 133
71.89, 63
71.9, 181
71.91, 94
71.92, 164
71.93, 129
71.94, 68
71.95, 68
71.96, 39
71.97, 13
71.98, 112
71.99, 138
72, 147
72.01, 139
72.02, 86
72.03, 0
72.04, 4
72.05, 0
72.06, 60
72.07, 87
72.08, 113
72.09, 52
72.1, 122
72.11, 78
72.12, 10
72.13, 6
72.14, 94
72.15, 112
72.16, 24
72.17, 138
72.18, 147
72.19, 10
72.2, 13
72.21, 171
72.22, 98
72.23, 45
72.24, 54
72.25, 133
72.26, 71
72.27, 71
72.28, 37
72.29, 133
72.3, 6
72.31, 124
72.32, 2
72.33, 46
72.34, 124
72.35, 63
72.36, 46
72.37, 11
72.38, 64
72.39, 46
72.4, 64
72.41, 160
72.42, 55
72.43, 29
72.44, 73
72.45, 90
72.46, 178
72.47, 10
72.48, 211
72.49, 27
72.5, 54
72.51, 115
72.52, 19
72.53, 54
72.54, 97
72.55, 80
72.56, 36
72.57, 28
72.58, 46
72.59, 160
72.6, 55
72.61, 11
72.62, 38
72.63, 73
72.64, 29
72.65, 38
72.66, 152
72.67, 73
72.68, 56
72.69, 161
72.7, 109
72.71, 65
72.72, 48
72.73, 153
72.74, 197
72.75, 5
72.76, 119
72.77, 14
72.78, 14
72.79, 14
72.8, 4
72.81, 41
72.82, 140
72.83, 88
72.84, 7
72.85, 0
72.86, 8
72.87, 18
72.88, 141
72.89, 62
72.9, 10
72.91, 44
72.92, 18
72.93, 1
72.94, 9
72.95, 123
72.96, 53
72.97, 80
72.98, 150
72.99, 19
73, 132
73.01, 36
73.02, 220
73.03, 63
73.04, 37
73.05, 28
73.06, 14
73.07, 4
73.08, 30
73.09, 4
73.1, 126
73.11, 83
73.12, 74
73.13, 3
73.14, 13
73.15, 101
73.16, 15
73.17, 0
73.18, 64
73.19, 31
73.2, 3
73.21, 162
73.22, 14
73.23, 75
73.24, 48
73.25, 118
73.26, 170
73.27, 240
73.28, 13
73.29, 153
73.3, 153
73.31, 101
73.32, 4
73.33, 152
73.34, 82
73.35, 169
73.36, 134
73.37, 48
73.38, 161
73.39, 125
73.4, 13
73.41, 65
73.42, 94
73.43, 15
73.44, 103
73.45, 129
73.46, 27
73.47, 263
73.48, 98
73.49, 46
73.5, 133
73.51, 37
73.52, 72
73.53, 133
73.54, 38
73.55, 4
73.56, 100
73.57, 46
73.58, 29
73.59, 99
73.6, 73
73.61, 152
73.62, 108
73.63, 126
73.64, 152
73.65, 126
73.66, 47
73.67, 110
73.68, 49
73.69, 40
73.7, 102
73.71, 102
73.72, 49
73.73, 6
73.74, 6
73.75, 76
73.76, 1
73.77, 10
73.78, 94
73.79, 103
73.8, 16
73.81, 43
73.82, 201
73.83, 113
73.84, 0
73.85, 79
73.86, 105
73.87, 70
73.88, 35
73.89, 97
73.9, 62
73.91, 53
73.92, 7
73.93, 80
73.94, 132
73.95, 80
73.96, 45
73.97, 132
73.98, 71
73.99, 19
74, 132
74.01, 25
74.02, 53
74.03, 80
74.04, 62
74.05, 8
74.06, 25
74.07, 86
74.08, 68
74.09, 42
74.1, 121
74.11, 86
74.12, 60
74.13, 51
74.14, 95
74.15, 69
74.16, 60
74.17, 113
74.18, 69
74.19, 26
74.2, 104
74.21, 148
74.22, 8
74.23, 96
74.24, 45
74.25, 71
74.26, 16
74.27, 44
74.28, 105
74.29, 141
74.3, 114
74.31, 71
74.32, 185
74.33, 71
74.34, 141
74.35, 18
74.36, 70
74.37, 25
74.38, 17
74.39, 69
74.4, 8
74.41, 43
74.42, 95
74.43, 95
74.44, 104
74.45, 123
74.46, 89
74.47, 1
74.48, 115
74.49, 36
74.5, 71
74.51, 71
74.52, 19
74.53, 132
74.54, 80
74.55, 28
74.56, 5
74.57, 81
74.58, 99
74.59, 3
74.6, 20
74.61, 93
74.62, 49
74.63, 93
74.64, 84
74.65, 16
74.66, 32
74.67, 9
74.68, 76
74.69, 111
74.7, 111
74.71, 93
74.72, 242
74.73, 0
74.74, 33
74.75, 112
74.76, 112
74.77, 147
74.78, 88
74.79, 132
74.8, 140
74.81, 114
74.82, 88
74.83, 10
74.84, 124
74.85, 36
74.86, 1
74.87, 98
74.88, 106
74.89, 28
74.9, 141
74.91, 28
74.92, 106
74.93, 71
74.94, 211
74.95, 150
74.96, 151
74.97, 28
74.98, 151
74.99, 99
75, 0
75.01, 151
75.02, 29
75.03, 126
75.04, 152
75.05, 195
75.06, 213
75.07, 73
75.08, 144
75.09, 100
75.1, 161
75.11, 126
75.12, 73
75.13, 135
75.14, 21
75.15, 73
75.16, 73
75.17, 73
75.18, 117
75.19, 187
75.2, 100
75.21, 202
75.22, 124
75.23, 62
75.24, 89
75.25, 185
75.26, 124
75.27, 10
75.28, 71
75.29, 54
75.3, 124
75.31, 89
75.32, 176
75.33, 54
75.34, 132
75.35, 202
75.36, 228
75.37, 19
75.38, 132
75.39, 71
75.4, 97
75.41, 36
75.42, 71
75.43, 14
75.44, 142
75.45, 11
75.46, 124
75.47, 27
75.48, 15
75.49, 89
75.5, 89
75.51, 80
75.52, 141
75.53, 80
75.54, 89
75.55, 7
75.56, 89
75.57, 97
75.58, 96
75.59, 131
75.6, 35
75.61, 61
75.62, 26
75.63, 106
75.64, 10
75.65, 88
75.66, 140
75.67, 158
75.68, 132
75.69, 123
75.7, 62
75.71, 79
75.72, 72
75.73, 98
75.74, 54
75.75, 6
75.76, 150
75.77, 124
75.78, 80
75.79, 88
75.8, 60
75.81, 42
75.82, 68
75.83, 86
75.84, 42
75.85, 153
75.86, 127
75.87, 12
75.88, 170
75.89, 205
75.9, 119
75.91, 40
75.92, 10
75.93, 75
75.94, 3
75.95, 145
75.96, 101
75.97, 18
75.98, 198
75.99, 93
76, 102
76.01, 216
76.02, 11
76.03, 198
76.04, 67
76.05, 41
76.06, 4
76.07, 100
76.08, 127
76.09, 118
76.1, 118
76.11, 4
76.12, 162
76.13, 13
76.14, 65
76.15, 11
76.16, 2
76.17, 6
76.18, 180
76.19, 163
76.2, 57
76.21, 4
76.22, 164
76.23, 112
76.24, 16
76.25, 59
76.26, 24
76.27, 1
76.28, 129
76.29, 94
76.3, 77
76.31, 86
76.32, 129
76.33, 190
76.34, 59
76.35, 77
76.36, 94
76.37, 94
76.38, 7
76.39, 7
76.4, 77
76.41, 147
76.42, 59
76.43, 112
76.44, 103
76.45, 77
76.46, 155
76.47, 77
76.48, 68
76.49, 42
76.5, 182
76.51, 112
76.52, 7
76.53, 42
76.54, 59
76.55, 138
76.56, 199
76.57, 50
76.58, 33
76.59, 77
76.6, 129
76.61, 7
76.62, 9
76.63, 32
76.64, 112
76.65, 33
76.66, 121
76.67, 59
76.68, 32
76.69, 224
76.7, 2
76.71, 51
76.72, 77
76.73, 103
76.74, 147
76.75, 102
76.76, 50
76.77, 85
76.78, 172
76.79, 41
76.8, 85
76.81, 163
76.82, 10
76.83, 24
76.84, 127
76.85, 135
76.86, 39
76.87, 31
76.88, 48
76.89, 3
76.9, 4
76.91, 0
76.92, 118
76.93, 197
76.94, 92
76.95, 152
76.96, 152
76.97, 47
76.98, 117
76.99, 4
77, 56
77.01, 56
77.02, 47
77.03, 82
77.04, 82
77.05, 214
77.06, 91
77.07, 4
77.08, 34
77.09, 12
77.1, 113
77.11, 8
77.12, 0
77.13, 86
77.14, 42
77.15, 95
77.16, 15
77.17, 128
77.18, 102
77.19, 41
77.2, 23
77.21, 181
77.22, 66
77.23, 31
77.24, 154
77.25, 84
77.26, 24
77.27, 103
77.28, 68
77.29, 112
77.3, 7
77.31, 115
77.32, 19
77.33, 54
77.34, 10
77.35, 123
77.36, 61
77.37, 52
77.38, 43
77.39, 8
77.4, 17
77.41, 21
77.42, 175
77.43, 9
77.44, 116
77.45, 20
77.46, 142
77.47, 89
77.48, 71
77.49, 124
77.5, 115
77.51, 19
77.52, 98
77.53, 115
77.54, 37
77.55, 63
77.56, 2
77.57, 116
77.58, 203
77.59, 54
77.6, 45
77.61, 54
77.62, 64
77.63, 99
77.64, 29
77.65, 64
77.66, 21
77.67, 160
77.68, 134
77.69, 126
77.7, 73
77.71, 48
77.72, 91
77.73, 65
77.74, 172
77.75, 190
77.76, 41
77.77, 41
77.78, 76
77.79, 41
77.8, 85
77.81, 59
77.82, 101
77.83, 6
77.84, 32
77.85, 102
77.86, 155
77.87, 129
77.88, 164
77.89, 190
77.9, 15
77.91, 59
77.92, 6
77.93, 0
77.94, 0
77.95, 78
77.96, 157
77.97, 236
77.98, 105
77.99, 131
78, 26
78.01, 0
78.02, 87
78.03, 183
78.04, 113
78.05, 122
78.06, 96
78.07, 96
78.08, 26
78.09, 139
78.1, 113
78.11, 77
78.12, 69
78.13, 104
78.14, 165
78.15, 107
78.16, 46
78.17, 133
78.18, 100
78.19, 170
78.2, 22
78.21, 172
78.22, 155
78.23, 94
78.24, 103
78.25, 50
78.26, 190
78.27, 44
78.28, 130
78.29, 68
78.3, 111
78.31, 50
78.32, 102
78.33, 111
78.34, 172
78.35, 85
78.36, 58
78.37, 31
78.38, 154
78.39, 101
78.4, 75
78.41, 97
78.42, 89
78.43, 116
78.44, 142
78.45, 3
78.46, 98
78.47, 55
78.48, 46
78.49, 28
78.5, 13
78.51, 81
78.52, 81
78.53, 47
78.54, 55
78.55, 11
78.56, 55
78.57, 2
78.58, 90
78.59, 54
78.6, 12
78.61, 130
78.62, 69
78.63, 17
78.64, 95
78.65, 78
78.66, 122
78.67, 148
78.68, 148
78.69, 26
78.7, 87
78.71, 174
78.72, 165
78.73, 69
78.74, 165
78.75, 130
78.76, 104
78.77, 183
78.78, 69
78.79, 148
78.8, 78
78.81, 17
78.82, 104
78.83, 113
78.84, 62
78.85, 114
78.86, 158
78.87, 271
78.88, 105
78.89, 114
78.9, 7
78.91, 53
78.92, 88
78.93, 7
78.94, 9
78.95, 166
78.96, 96
78.97, 61
78.98, 53
78.99, 88
79, 79
79.01, 53
79.02, 114
79.03, 34
79.04, 69
79.05, 9
79.06, 95
79.07, 244
79.08, 60
79.09, 95
79.1, 172
79.11, 242
79.12, 7
79.13, 190
79.14, 155
79.15, 120
79.16, 68
79.17, 190
79.18, 59
79.19, 155
79.2, 15
79.21, 138
79.22, 8
79.23, 8
79.24, 34
79.25, 51
79.26, 130
79.27, 191
79.28, 148
79.29, 86
79.3, 34
79.31, 175
79.32, 79
79.33, 140
79.34, 26
79.35, 122
79.36, 87
79.37, 15
79.38, 16
79.39, 158
79.4, 8
79.41, 88
79.42, 88
79.43, 27
79.44, 123
79.45, 114
79.46, 8
79.47, 14
79.48, 3
79.49, 144
79.5, 206
79.51, 57
79.52, 39
79.53, 92
79.54, 13
79.55, 196
79.56, 48
79.57, 30
79.58, 126
79.59, 65
79.6, 48
79.61, 13
79.62, 74
79.63, 30
79.64, 56
79.65, 54
79.66, 37
79.67, 10
79.68, 176
79.69, 37
79.7, 139
79.71, 78
79.72, 17
79.73, 16
79.74, 226
79.75, 104
79.76, 165
79.77, 95
79.78, 164
79.79, 140
79.8, 69
79.81, 95
79.82, 95
79.83, 112
79.84, 77
79.85, 156
79.86, 68
79.87, 51
79.88, 121
79.89, 51
79.9, 68
79.91, 138
79.92, 129
79.93, 33
79.94, 16
79.95, 121
79.96, 190
79.97, 94
79.98, 15
79.99, 164
80, 1
80.01, 14
80.02, 31
80.03, 11
80.04, 164
80.05, 111
80.06, 67
80.07, 85
80.08, 137
80.09, 58
80.1, 84
80.11, 120
80.12, 59
80.13, 31
80.14, 120
80.15, 119
80.16, 67
80.17, 67
80.18, 119
80.19, 84
80.2, 154
80.21, 154
80.22, 85
80.23, 24
80.24, 111
80.25, 119
80.26, 75
80.27, 128
80.28, 58
80.29, 75
80.3, 75
80.31, 110
80.32, 56
80.33, 67
80.34, 110
80.35, 9
80.36, 25
80.37, 51
80.38, 25
80.39, 8
80.4, 156
80.41, 9
80.42, 121
80.43, 174
80.44, 60
80.45, 86
80.46, 69
80.47, 60
80.48, 34
80.49, 60
80.5, 9
80.51, 42
80.52, 77
80.53, 112
80.54, 65
80.55, 65
80.56, 6
80.57, 99
80.58, 106
80.59, 10
80.6, 192
80.61, 157
80.62, 113
80.63, 52
80.64, 61
80.65, 69
80.66, 7
80.67, 225
80.68, 41
80.69, 15
80.7, 72
80.71, 55
80.72, 3
80.73, 101
80.74, 31
80.75, 153
80.76, 31
80.77, 136
80.78, 48
80.79, 153
80.8, 53
80.81, 34
80.82, 45
80.83, 71
80.84, 115
80.85, 19
80.86, 54
80.87, 107
80.88, 142
80.89, 98
80.9, 63
80.91, 65
80.92, 37
80.93, 64
80.94, 177
80.95, 38
80.96, 151
80.97, 29
80.98, 16
80.99, 56
81, 117
81.01, 126
81.02, 19
81.03, 74
81.04, 56
81.05, 91
81.06, 4
81.07, 100
81.08, 100
81.09, 100
81.1, 83
81.11, 22
81.12, 22
81.13, 188
81.14, 13
81.15, 118
81.16, 48
81.17, 40
81.18, 66
81.19, 40
81.2, 74
81.21, 48
81.22, 153
81.23, 4
81.24, 144
81.25, 144
81.26, 92
81.27, 74
81.28, 83
81.29, 31
81.3, 14
81.31, 83
81.32, 188
81.33, 21
81.34, 75
81.35, 127
81.36, 153
81.37, 5
81.38, 92
81.39, 40
81.4, 93
81.41, 11
81.42, 119
81.43, 75
81.44, 49
81.45, 102
81.46, 137
81.47, 67
81.48, 121
81.49, 209
81.5, 141
81.51, 36
81.52, 17
81.53, 36
81.54, 17
81.55, 79
81.56, 184
81.57, 132
81.58, 36
81.59, 88
81.6, 79
81.61, 69
81.62, 70
81.63, 113
81.64, 116
81.65, 63
81.66, 98
81.67, 90
81.68, 90
81.69, 29
81.7, 10
81.71, 220
81.72, 28
81.73, 10
81.74, 80
81.75, 54
81.76, 114
81.77, 18
81.78, 88
81.79, 149
81.8, 202
81.81, 263
81.82, 89
81.83, 115
81.84, 98
81.85, 159
81.86, 133
81.87, 133
81.88, 107
81.89, 44
81.9, 14
81.91, 159
81.92, 16
81.93, 92
81.94, 40
81.95, 127
81.96, 93
81.97, 49
81.98, 163
81.99, 67
82, 5
82.01, 6
82.02, 32
82.03, 27
82.04, 80
82.05, 124
82.06, 89
82.07, 36
82.08, 36
82.09, 211
82.1, 24
82.11, 159
82.12, 54
82.13, 72
82.14, 90
82.15, 195
82.16, 64
82.17, 13
82.18, 62
82.19, 27
82.2, 1
82.21, 45
82.22, 105
82.23, 79
82.24, 26
82.25, 201
82.26, 17
82.27, 79
82.28, 70
82.29, 88
82.3, 79
82.31, 193
82.32, 105
82.33, 105
82.34, 53
82.35, 114
82.36, 114
82.37, 114
82.38, 151
82.39, 125
82.4, 204
82.41, 134
82.42, 55
82.43, 159
82.44, 168
82.45, 116
82.46, 98
82.47, 72
82.48, 81
82.49, 142
82.5, 142
82.51, 116
82.52, 203
82.53, 71
82.54, 1
82.55, 36
82.56, 55
82.57, 91
82.58, 73
82.59, 4
82.6, 152
82.61, 73
82.62, 82
82.63, 55
82.64, 12
82.65, 91
82.66, 38
82.67, 4
82.68, 12
82.69, 22
82.7, 117
82.71, 74
82.72, 176
82.73, 63
82.74, 113
82.75, 25
82.76, 104
82.77, 218
82.78, 96
82.79, 122
82.8, 96
82.81, 78
82.82, 210
82.83, 8
82.84, 115
82.85, 80
82.86, 80
82.87, 19
82.88, 28
82.89, 81
82.9, 72
82.91, 212
82.92, 72
82.93, 116
82.94, 107
82.95, 116
82.96, 99
82.97, 99
82.98, 108
82.99, 143
83, 99
83.01, 125
83.02, 213
83.03, 178
83.04, 73
83.05, 152
83.06, 82
83.07, 134
83.08, 178
83.09, 60
83.1, 59
83.11, 112
83.12, 11
83.13, 93
83.14, 41
83.15, 2
83.16, 76
83.17, 85
83.18, 68
83.19, 85
83.2, 103
83.21, 85
83.22, 40
83.23, 41
83.24, 32
83.25, 129
83.26, 129
83.27, 24
83.28, 24
83.29, 24
83.3, 3
83.31, 103
83.32, 7
83.33, 60
83.34, 34
83.35, 9
83.36, 51
83.37, 120
83.38, 7
83.39, 217
83.4, 51
83.41, 191
83.42, 138
83.43, 95
83.44, 86
83.45, 121
83.46, 77
83.47, 112
83.48, 8
83.49, 183
83.5, 69
83.51, 139
83.52, 0
83.53, 87
83.54, 43
83.55, 53
83.56, 88
83.57, 5
83.58, 89
83.59, 211
83.6, 54
83.61, 124
83.62, 89
83.63, 1
83.64, 63
83.65, 37
83.66, 115
83.67, 54
83.68, 19
83.69, 15
83.7, 80
83.71, 107
83.72, 142
83.73, 54
83.74, 63
83.75, 20
83.76, 55
83.77, 46
83.78, 125
83.79, 98
83.8, 72
83.81, 107
83.82, 160
83.83, 116
83.84, 10
83.85, 96
83.86, 131
83.87, 0
83.88, 18
83.89, 106
83.9, 106
83.91, 106
83.92, 104
83.93, 209
83.94, 148
83.95, 87
83.96, 122
83.97, 96
83.98, 35
83.99, 88
84, 36
84.01, 89
84.02, 7
84.03, 116
84.04, 63
84.05, 142
84.06, 47
84.07, 105
84.08, 123
84.09, 88
84.1, 97
84.11, 141
84.12, 48
84.13, 110
84.14, 49
84.15, 93
84.16, 32
84.17, 111
84.18, 163
84.19, 128
84.2, 120
84.21, 15
84.22, 42
84.23, 51
84.24, 139
84.25, 78
84.26, 87
84.27, 26
84.28, 70
84.29, 94
84.3, 173
84.31, 112
84.32, 77
84.33, 25
84.34, 17
84.35, 94
84.36, 33
84.37, 9
84.38, 4
84.39, 31
84.4, 14
84.41, 163
84.42, 110
84.43, 137
84.44, 50
84.45, 59
84.46, 112
84.47, 121
84.48, 139
84.49, 157
84.5, 21
84.51, 26
84.52, 233
84.53, 50
84.54, 94
84.55, 112
84.56, 77
84.57, 60
84.58, 52
84.59, 44
84.6, 53
84.61, 106
84.62, 72
84.63, 72
84.64, 47
84.65, 205
84.66, 109
84.67, 101
84.68, 67
84.69, 153
84.7, 5
84.71, 36
84.72, 176
84.73, 55
84.74, 6
84.75, 4
84.76, 80
84.77, 28
84.78, 2
84.79, 107
84.8, 134
84.81, 91
84.82, 143
84.83, 109
84.84, 118
84.85, 39
84.86, 135
84.87, 14
84.88, 45
84.89, 71
84.9, 19
84.91, 71
84.92, 106
84.93, 45
84.94, 201
84.95, 1
84.96, 47
84.97, 137
84.98, 17
84.99, 45
85, 0
85.01, 0
85.02, 0
85.03, 0
85.04, 0
85.05, 0
85.06, 0
85.07, 0
85.08, 0
85.09, 0
85.1, 0
85.11, 0
85.12, 0
85.13, 0
85.14, 0
85.15, 0
85.16, 0
85.17, 0
85.18, 0
85.19, 0
85.2, 0
85.21, 0
85.22, 0
85.23, 0
85.24, 0
85.25, 0
85.26, 0
85.27, 0
85.28, 0
85.29, 0
85.3, 0
85.31, 0
85.32, 0
85.33, 0
85.34, 0
85.35, 0
85.36, 0
85.37, 0
85.38, 0
85.39, 0
85.4, 0
85.41, 0
85.42, 0
85.43, 0
85.44, 0
85.45, 0
85.46, 0
85.47, 0
85.48, 0
85.49, 0
85.5, 0
85.51, 0
85.52, 0
85.53, 0
85.54, 0
85.55, 0
85.56, 0
85.57, 0
85.58, 0
85.59, 0
85.6, 0
85.61, 0
85.62, 0
85.63, 0
85.64, 0
85.65, 0
85.66, 0
85.67, 0
85.68, 0
85.69, 0
85.7, 0
85.71, 0
85.72, 0
85.73, 0
85.74, 0
85.75, 0
85.76, 0
85.77, 0
85.78, 0
85.79, 0
85.8, 0
85.81, 0
85.82, 0
85.83, 0
85.84, 0
85.85, 0
85.86, 0
85.87, 0
85.88, 0
85.89, 0
85.9, 0
85.91, 0
85.92, 0
85.93, 0
85.94, 0
85.95, 0
85.96, 0
85.97, 0
85.98, 0
85.99, 0
86, 0
86.01, 0
86.02, 0
86.03, 0
86.04, 0
86.05, 0
86.06, 0
86.07, 0
86.08, 0
86.09, 0
86.1, 0
86.11, 0
86.12, 0
86.13, 0
86.14, 0
86.15, 0
86.16, 0
86.17, 0
86.18, 0
86.19, 0
86.2, 0
86.21, 0
86.22, 0
86.23, 0
86.24, 0
86.25, 0
86.26, 0
86.27, 0
86.28, 0
86.29, 0
86.3, 0
86.31, 0
86.32, 0
86.33, 0
86.34, 0
86.35, 0
86.36, 0
86.37, 0
86.38, 0
86.39, 0
86.4, 0
86.41, 0
86.42, 0
86.43, 0
86.44, 0
86.45, 0
86.46, 0
86.47, 0
86.48, 0
86.49, 0
86.5, 0
86.51, 0
86.52, 0
86.53, 0
86.54, 0
86.55, 0
86.56, 0
86.57, 0
86.58, 0
86.59, 0
86.6, 0
86.61, 0
86.62, 0
86.63, 0
86.64, 0
86.65, 0
86.66, 0
86.67, 0
86.68, 0
86.69, 0
86.7, 0
86.71, 0
86.72, 0
86.73, 0
86.74, 0
86.75, 0
86.76, 0
86.77, 0
86.78, 0
86.79, 0
86.8, 0
86.81, 0
86.82, 0
86.83, 0
86.84, 0
86.85, 0
86.86, 0
86.87, 0
86.88, 0
86.89, 0
86.9, 0
86.91, 0
86.92, 0
86.93, 0
86.94, 0
86.95, 0
86.96, 0
86.97, 0
86.98, 0
86.99, 0
87, 0
87.01, 0
87.02, 0
87.03, 0
87.04, 0
87.05, 0
87.06, 0
87.07, 0
87.08, 0
87.09, 0
87.1, 0
87.11, 0
87.12, 0
87.13, 0
87.14, 0
87.15, 0
87.16, 0
87.17, 0
87.18, 0
87.19, 0
87.2, 0
87.21, 0
87.22, 0
87.23, 0
87.24, 0
87.25, 0
87.26, 0
87.27, 0
87.28, 0
87.29, 0
87.3, 0
87.31, 0
87.32, 0
87.33, 0
87.34, 0
87.35, 0
87.36, 0
87.37, 0
87.38, 0
87.39, 0
87.4, 0
87.41, 0
87.42, 0
87.43, 0
87.44, 0
87.45, 0
87.46, 0
87.47, 0
87.48, 0
87.49, 0
87.5, 0
87.51, 0
87.52, 0
87.53, 0
87.54, 0
87.55, 0
87.56, 0
87.57, 0
87.58, 0
87.59, 0
87.6, 0
87.61, 0
87.62, 0
87.63, 0
87.64, 0
87.65, 0
87.66, 0
87.67, 0
87.68, 0
87.69, 0
87.7, 0
87.71, 0
87.72, 0
87.73, 0
87.74, 0
87.75, 0
87.76, 0
87.77, 0
87.78, 0
87.79, 0
87.8, 0
87.81, 0
87.82, 0
87.83, 0
87.84, 0
87.85, 0
87.86, 0
87.87, 0
87.88, 0
87.89, 0
87.9, 0
87.91, 0
87.92, 0
87.93, 0
87.94, 0
87.95, 0
87.96, 0
87.97, 0
87.98, 0
87.99, 0
88, 0
88.01, 0
88.02, 0
88.03, 0
88.04, 0
88.05, 0
88.06, 0
88.07, 0
88.08, 0
88.09, 0
88.1, 0
88.11, 0
88.12, 0
88.13, 0
88.14, 0
88.15, 0
88.16, 0
88.17, 0
88.18, 0
88.19, 0
88.2, 0
88.21, 0
88.22, 0
88.23, 0
88.24, 0
88.25, 0
88.26, 0
88.27, 0
88.28, 0
88.29, 0
88.3, 0
88.31, 0
88.32, 0
88.33, 0
88.34, 0
88.35, 0
88.36, 0
88.37, 0
88.38, 0
88.39, 0
88.4, 0
88.41, 0
88.42, 0
88.43, 0
88.44, 0
88.45, 0
88.46, 0
88.47, 0
88.48, 0
88.49, 0
88.5, 0
88.51, 0
88.52, 0
88.53, 0
88.54, 0
88.55, 0
88.56, 0
88.57, 0
88.58, 0
88.59, 0
88.6, 0
88.61, 0
88.62, 0
88.63, 0
88.64, 0
88.65, 0
88.66, 0
88.67, 0
88.68, 0
88.69, 0
88.7, 0
88.71, 0
88.72, 0
88.73, 0
88.74, 0
88.75, 0
88.76, 0
88.77, 0
88.78, 0
88.79, 0
88.8, 0
88.81, 0
88.82, 0
88.83, 0
88.84, 0
88.85, 0
88.86, 0
88.87, 0
88.88, 0
88.89, 0
88.9, 0
88.91, 0
88.92, 0
88.93, 0
88.94, 0
88.95, 0
88.96, 0
88.97, 0
88.98, 0
88.99, 0
89, 0
89.01, 0
89.02, 0
89.03, 0
89.04, 0
89.05, 0
89.06, 0
89.07, 0
89.08, 0
89.09, 0
89.1, 0
89.11, 0
89.12, 0
89.13, 0
89.14, 0
89.15, 0
89.16, 0
89.17, 0
89.18, 0
89.19, 0
89.2, 0
89.21, 0
89.22, 0
89.23, 0
89.24, 0
89.25, 0
89.26, 0
89.27, 0
89.28, 0
89.29, 0
89.3, 0
89.31, 0
89.32, 0
89.33, 0
89.34, 0
89.35, 0
89.36, 0
89.37, 0
89.38, 0
89.39, 0
89.4, 0
89.41, 0
89.42, 0
89.43, 0
89.44, 0
89.45, 0
89.46, 0
89.47, 0
89.48, 0
89.49, 0
89.5, 0
89.51, 0
89.52, 0
89.53, 0
89.54, 0
89.55, 0
89.56, 0
89.57, 0
89.58, 0
89.59, 0
89.6, 0
89.61, 0
89.62, 0
89.63, 0
89.64, 0
89.65, 0
89.66, 0
89.67, 0
89.68, 0
89.69, 0
89.7, 0
89.71, 0
89.72, 0
89.73, 0
89.74, 0
89.75, 0
89.76, 0
89.77, 0
89.78, 0
89.79, 0
89.8, 0
89.81, 0
89.82, 0
89.83, 0
89.84, 0
89.85, 0
89.86, 0
89.87, 0
89.88, 0
89.89, 0
89.9, 0
89.91, 0
89.92, 0
89.93, 0
89.94, 0
89.95, 0
89.96, 0
89.97, 0
89.98, 0
89.99, 0
90, 0
90.01, 0
90.02, 0
90.03, 0
90.04, 0
90.05, 0
90.06, 0
90.07, 0
90.08, 0
90.09, 0
90.1, 0
90.11, 0
90.12, 0
90.13, 0
90.14, 0
90.15, 0
90.16, 0
90.17, 0
90.18, 0
90.19, 0
90.2, 0
90.21, 0
90.22, 0
90.23, 0
90.24, 0
90.25, 0
90.26, 0
90.27, 0
90.28, 0
90.29, 0
90.3, 0
90.31, 0
90.32, 0
90.33, 0
90.34, 0
90.35, 0
90.36, 0
90.37, 0
90.38, 0
90.39, 0
90.4, 0
90.41, 0
90.42, 0
90.43, 0
90.44, 0
90.45, 0
90.46, 0
90.47, 0
90.48, 0
90.49, 0
90.5, 0
90.51, 0
90.52, 0
90.53, 0
90.54, 0
90.55, 0
90.56, 0
90.57, 0
90.58, 0
90.59, 0
90.6, 0
90.61, 0
90.62, 0
90.63, 0
90.64, 0
90.65, 0
90.66, 0
90.67, 0
90.68, 0
90.69, 0
90.7, 0
90.71, 0
90.72, 0
90.73, 0
90.74, 0
90.75, 0
90.76, 0
90.77, 0
90.78, 0
90.79, 0
90.8, 0
90.81, 0
90.82, 0
90.83, 0
90.84, 0
90.85, 0
90.86, 0
90.87, 0
90.88, 0
90.89, 0
90.9, 0
90.91, 0
90.92, 0
90.93, 0
90.94, 0
90.95, 0
90.96, 0
90.97, 0
90.98, 0
90.99, 0
91, 0
91.01, 0
91.02, 0
91.03, 0
91.04, 0
91.05, 0
91.06, 0
91.07, 0
91.08, 0
91.09, 0
91.1, 0
91.11, 0
91.12, 0
91.13, 0
91.14, 0
91.15, 0
91.16, 0
91.17, 0
91.18, 0
91.19, 0
91.2, 0
91.21, 0
91.22, 0
91.23, 0
91.24, 0
91.25, 0
91.26, 0
91.27, 0
91.28, 0
91.29, 0
91.3, 0
91.31, 0
91.32, 0
91.33, 0
91.34, 0
91.35, 0
91.36, 0
91.37, 0
91.38, 0
91.39, 0
91.4, 0
91.41, 0
91.42, 0
91.43, 0
91.44, 0
91.45, 0
91.46, 0
91.47, 0
91.48, 0
91.49, 0
91.5, 0
91.51, 0
91.52, 0
91.53, 0
91.54, 0
91.55, 0
91.56, 0
91.57, 0
91.58, 0
91.59, 0
91.6, 0
91.61, 0
91.62, 0
91.63, 0
91.64, 0
91.65, 0
91.66, 0
91.67, 0
91.68, 0
91.69, 0
91.7, 0
91.71, 0
91.72, 0
91.73, 0
91.74, 0
91.75, 0
91.76, 0
91.77, 0
91.78, 0
91.79, 0
91.8, 0
91.81, 0
91.82, 0
91.83, 0
91.84, 0
91.85, 0
91.86, 0
91.87, 0
91.88, 0
91.89, 0
91.9, 0
91.91, 0
91.92, 0
91.93, 0
91.94, 0
91.95, 0
91.96, 0
91.97, 0
91.98, 0
91.99, 0
92, 0
92.01, 0
92.02, 0
92.03, 0
92.04, 0
92.05, 0
92.06, 0
92.07, 0
92.08, 0
92.09, 0
92.1, 0
92.11, 0
92.12, 0
92.13, 0
92.14, 0
92.15, 0
92.16, 0
92.17, 0
92.18, 0
92.19, 0
92.2, 0
92.21, 0
92.22, 0
92.23, 0
92.24, 0
92.25, 0
92.26, 0
92.27, 0
92.28, 0
92.29, 0
92.3, 0
92.31, 0
92.32, 0
92.33, 0
92.34, 0
92.35, 0
92.36, 0
92.37, 0
92.38, 0
92.39, 0
92.4, 0
92.41, 0
92.42, 0
92.43, 0
92.44, 0
92.45, 0
92.46, 0
92.47, 0
92.48, 0
92.49, 0
92.5, 0
92.51, 0
92.52, 0
92.53, 0
92.54, 0
92.55, 0
92.56, 0
92.57, 0
92.58, 0
92.59, 0
92.6, 0
92.61, 0
92.62, 0
92.63, 0
92.64, 0
92.65, 0
92.66, 0
92.67, 0
92.68, 0
92.69, 0
92.7, 0
92.71, 0
92.72, 0
92.73, 0
92.74, 0
92.75, 0
92.76, 0
92.77, 0
92.78, 0
92.79, 0
92.8, 0
92.81, 0
92.82, 0
92.83, 0
92.84, 0
92.85, 0
92.86, 0
92.87, 0
92.88, 0
92.89, 0
92.9, 0
92.91, 0
92.92, 0
92.93, 0
92.94, 0
92.95, 0
92.96, 0
92.97, 0
92.98, 0
92.99, 0
93, 0
93.01, 0
93.02, 0
93.03, 0
93.04, 0
93.05, 0
93.06, 0
93.07, 0
93.08, 0
93.09, 0
93.1, 0
93.11, 0
93.12, 0
93.13, 0
93.14, 0
93.15, 0
93.16, 0
93.17, 0
93.18, 0
93.19, 0
93.2, 0
93.21, 0
93.22, 0
93.23, 0
93.24, 0
93.25, 0
93.26, 0
93.27, 0
93.28, 0
93.29, 0
93.3, 0
93.31, 0
93.32, 0
93.33, 0
93.34, 0
93.35, 0
93.36, 0
93.37, 0
93.38, 0
93.39, 0
93.4, 0
93.41, 0
93.42, 0
93.43, 0
93.44, 0
93.45, 0
93.46, 0
93.47, 0
93.48, 0
93.49, 0
93.5, 0
93.51, 0
93.52, 0
93.53, 0
93.54, 0
93.55, 0
93.56, 0
93.57, 0
93.58, 0
93.59, 0
93.6, 0
93.61, 0
93.62, 0
93.63, 0
93.64, 0
93.65, 0
93.66, 0
93.67, 0
93.68, 0
93.69, 0
93.7, 0
93.71, 0
93.72, 0
93.73, 0
93.74, 0
93.75, 0
93.76, 0
93.77, 0
93.78, 0
93.79, 0
93.8, 0
93.81, 0
93.82, 0
93.83, 0
93.84, 0
93.85, 0
93.86, 0
93.87, 0
93.88, 0
93.89, 0
93.9, 0
93.91, 0
93.92, 0
93.93, 0
93.94, 0
93.95, 0
93.96, 0
93.97, 0
93.98, 0
93.99, 0
94, 0
94.01, 0
94.02, 0
94.03, 0
94.04, 0
94.05, 0
94.06, 0
94.07, 0
94.08, 0
94.09, 0
94.1, 0
94.11, 0
94.12, 0
94.13, 0
94.14, 0
94.15, 0
94.16, 0
94.17, 0
94.18, 0
94.19, 0
94.2, 0
94.21, 0
94.22, 0
94.23, 0
94.24, 0
94.25, 0
94.26, 0
94.27, 0
94.28, 0
94.29, 0
94.3, 0
94.31, 0
94.32, 0
94.33, 0
94.34, 0
94.35, 0
94.36, 0
94.37, 0
94.38, 0
94.39, 0
94.4, 0
94.41, 0
94.42, 0
94.43, 0
94.44, 0
94.45, 0
94.46, 0
94.47, 0
94.48, 0
94.49, 0
94.5, 0
94.51, 0
94.52, 0
94.53, 0
94.54, 0
94.55, 0
94.56, 0
94.57, 0
94.58, 0
94.59, 0
94.6, 0
94.61, 0
94.62, 0
94.63, 0
94.64, 0
94.65, 0
94.66, 0
94.67, 0
94.68, 0
94.69, 0
94.7, 0
94.71, 0
94.72, 0
94.73, 0
94.74, 0
94.75, 0
94.76, 0
94.77, 0
94.78, 0
94.79, 0
94.8, 0
94.81, 0
94.82, 0
94.83, 0
94.84, 0
94.85, 0
94.86, 0
94.87, 0
94.88, 0
94.89, 0
94.9, 0
94.91, 0
94.92, 0
94.93, 0
94.94, 0
94.95, 0
94.96, 0
94.97, 0
94.98, 0
94.99, 0
95, 0
95.01, 0
95.02, 0
95.03, 0
95.04, 0
95.05, 0
95.06, 0
95.07, 0
95.08, 0
95.09, 0
95.1, 0
95.11, 0
95.12, 0
95.13, 0
95.14, 0
95.15, 0
95.16, 0
95.17, 0
95.18, 0
95.19, 0
95.2, 0
95.21, 0
95.22, 0
95.23, 0
95.24, 0
95.25, 0
95.26, 0
95.27, 0
95.28, 0
95.29, 0
95.3, 0
95.31, 0
95.32, 0
95.33, 0
95.34, 0
95.35, 0
95.36, 0
95.37, 0
95.38, 0
95.39, 0
95.4, 0
95.41, 0
95.42, 0
95.43, 0
95.44, 0
95.45, 0
95.46, 0
95.47, 0
95.48, 0
95.49, 0
95.5, 0
95.51, 0
95.52, 0
95.53, 0
95.54, 0
95.55, 0
95.56, 0
95.57, 0
95.58, 0
95.59, 0
95.6, 0
95.61, 0
95.62, 0
95.63, 0
95.64, 0
95.65, 0
95.66, 0
95.67, 0
95.68, 0
95.69, 0
95.7, 0
95.71, 0
95.72, 0
95.73, 0
95.74, 0
95.75, 0
95.76, 0
95.77, 0
95.78, 0
95.79, 0
95.8, 0
95.81, 0
95.82, 0
95.83, 0
95.84, 0
95.85, 0
95.86, 0
95.87, 0
95.88, 0
95.89, 0
95.9, 0
95.91, 0
95.92, 0
95.93, 0
95.94, 0
95.95, 0
95.96, 0
95.97, 0
95.98, 0
95.99, 0
96, 0
96.01, 0
96.02, 0
96.03, 0
96.04, 0
96.05, 0
96.06, 0
96.07, 0
96.08, 0
96.09, 0
96.1, 0
96.11, 0
96.12, 0
96.13, 0
96.14, 0
96.15, 0
96.16, 0
96.17, 0
96.18, 0
96.19, 0
96.2, 0
96.21, 0
96.22, 0
96.23, 0
96.24, 0
96.25, 0
96.26, 0
96.27, 0
96.28, 0
96.29, 0
96.3, 0
96.31, 0
96.32, 0
96.33, 0
96.34, 0
96.35, 0
96.36, 0
96.37, 0
96.38, 0
96.39, 0
96.4, 0
96.41, 0
96.42, 0
96.43, 0
96.44, 0
96.45, 0
96.46, 0
96.47, 0
96.48, 0
96.49, 0
96.5, 0
96.51, 0
96.52, 0
96.53, 0
96.54, 0
96.55, 0
96.56, 0
96.57, 0
96.58, 0
96.59, 0
96.6, 0
96.61, 0
96.62, 0
96.63, 0
96.64, 0
96.65, 0
96.66, 0
96.67, 0
96.68, 0
96.69, 0
96.7, 0
96.71, 0
96.72, 0
96.73, 0
96.74, 0
96.75, 0
96.76, 0
96.77, 0
96.78, 0
96.79, 0
96.8, 0
96.81, 0
96.82, 0
96.83, 0
96.84, 0
96.85, 0
96.86, 0
96.87, 0
96.88, 0
96.89, 0
96.9, 0
96.91, 0
96.92, 0
96.93, 0
96.94, 0
96.95, 0
96.96, 0
96.97, 0
96.98, 0
96.99, 0
97, 0
97.01, 0
97.02, 0
97.03, 0
97.04, 0
97.05, 0
97.06, 0
97.07, 0
97.08, 0
97.09, 0
97.1, 0
97.11, 0
97.12, 0
97.13, 0
97.14, 0
97.15, 0
97.16, 0
97.17, 0
97.18, 0
97.19, 0
97.2, 0
97.21, 0
97.22, 0
97.23, 0
97.24, 0
97.25, 0
97.26, 0
97.27, 0
97.28, 0
97.29, 0
97.3, 0
97.31, 0
97.32, 0
97.33, 0
97.34, 0
97.35, 0
97.36, 0
97.37, 0
97.38, 0
97.39, 0
97.4, 0
97.41, 0
97.42, 0
97.43, 0
97.44, 0
97.45, 0
97.46, 0
97.47, 0
97.48, 0
97.49, 0
97.5, 0
97.51, 0
97.52, 0
97.53, 0
97.54, 0
97.55, 0
97.56, 0
97.57, 0
97.58, 0
97.59, 0
97.6, 0
97.61, 0
97.62, 0
97.63, 0
97.64, 0
97.65, 0
97.66, 0
97.67, 0
97.68, 0
97.69, 0
97.7, 0
97.71, 0
97.72, 0
97.73, 0
97.74, 0
97.75, 0
97.76, 0
97.77, 0
97.78, 0
97.79, 0
97.8, 0
97.81, 0
97.82, 0
97.83, 0
97.84, 0
97.85, 0
97.86, 0
97.87, 0
97.88, 0
97.89, 0
97.9, 0
97.91, 0
97.92, 0
97.93, 0
97.94, 0
97.95, 0
97.96, 0
97.97, 0
97.98, 0
97.99, 0
98, 0
98.01, 0
98.02, 0
98.03, 0
98.04, 0
98.05, 0
98.06, 0
98.07, 0
98.08, 0
98.09, 0
98.1, 0
98.11, 0
98.12, 0
98.13, 0
98.14, 0
98.15, 0
98.16, 0
98.17, 0
98.18, 0
98.19, 0
98.2, 0
98.21, 0
98.22, 0
98.23, 0
98.24, 0
98.25, 0
98.26, 0
98.27, 0
98.28, 0
98.29, 0
98.3, 0
98.31, 0
98.32, 0
98.33, 0
98.34, 0
98.35, 0
98.36, 0
98.37, 0
98.38, 0
98.39, 0
98.4, 0
98.41, 0
98.42, 0
98.43, 0
98.44, 0
98.45, 0
98.46, 0
98.47, 0
98.48, 0
98.49, 0
98.5, 0
98.51, 0
98.52, 0
98.53, 0
98.54, 0
98.55, 0
98.56, 0
98.57, 0
98.58, 0
98.59, 0
98.6, 0
98.61, 0
98.62, 0
98.63, 0
98.64, 0
98.65, 0
98.66, 0
98.67, 0
98.68, 0
98.69, 0
98.7, 0
98.71, 0
98.72, 0
98.73, 0
98.74, 0
98.75, 0
98.76, 0
98.77, 0
98.78, 0
98.79, 0
98.8, 0
98.81, 0
98.82, 0
98.83, 0
98.84, 0
98.85, 0
98.86, 0
98.87, 0
98.88, 0
98.89, 0
98.9, 0
98.91, 0
98.92, 0
98.93, 0
98.94, 0
98.95, 0
98.96, 0
98.97, 0
98.98, 0
98.99, 0
99, 0
99.01, 0
99.02, 0
99.03, 0
99.04, 0
99.05, 0
99.06, 0
99.07, 0
99.08, 0
99.09, 0
99.1, 0
99.11, 0
99.12, 0
99.13, 0
99.14, 0
99.15, 0
99.16, 0
99.17, 0
99.18, 0
99.19, 0
99.2, 0
99.21, 0
99.22, 0
99.23, 0
99.24, 0
99.25, 0
99.26, 0
99.27, 0
99.28, 0
99.29, 0
99.3, 0
99.31, 0
99.32, 0
99.33, 0
99.34, 0
99.35, 0
99.36, 0
99.37, 0
99.38, 0
99.39, 0
99.4, 0
99.41, 0
99.42, 0
99.43, 0
99.44, 0
99.45, 0
99.46, 0
99.47, 0
99.48, 0
99.49, 0
99.5, 0
99.51, 0
99.52, 0
99.53, 0
99.54, 0
99.55, 0
99.56, 0
99.57, 0
99.58, 0
99.59, 0
99.6, 0
99.61, 0
99.62, 0
99.63, 0
99.64, 0
99.65, 0
99.66, 0
99.67, 0
99.68, 0
99.69, 0
99.7, 0
99.71, 0
99.72, 0
99.73, 0
99.74, 0
99.75, 0
99.76, 0
99.77, 0
99.78, 0
99.79, 0
99.8, 0
99.81, 0
99.82, 0
99.83, 0
99.84, 0
99.85, 0
99.86, 0
99.87, 0
99.88, 0
99.89, 0
99.9, 0
99.91, 0
99.92, 0
99.93, 0
99.94, 0
99.95, 0
99.96, 0
99.97, 0
99.98, 0
99.99, 0
100, 0
100.01, 0
100.02, 0
100.03, 0
100.04, 0
100.05, 0
100.06, 0
100.07, 0
100.08, 0
100.09, 0
100.1, 0
100.11, 0
100.12, 0
100.13, 0
100.14, 0
100.15, 0
100.16, 0
100.17, 0
100.18, 0
100.19, 0
100.2, 0
100.21, 0
100.22, 0
100.23, 0
100.24, 0
100.25, 0
100.26, 0
100.27, 0
100.28, 0
100.29, 0
100.3, 0
100.31, 0
100.32, 0
100.33, 0
100.34, 0
100.35, 0
100.36, 0
100.37, 0
100.38, 0
100.39, 0
100.4, 0
100.41, 0
100.42, 0
100.43, 0
100.44, 0
100.45, 0
100.46, 0
100.47, 0
100.48, 0
100.49, 0
100.5, 0
100.51, 0
100.52, 0
100.53, 0
100.54, 0
100.55, 0
100.56, 0
100.57, 0
100.58, 0
100.59, 0
100.6, 0
100.61, 0
100.62, 0
100.63, 0
100.64, 0
100.65, 0
100.66, 0
100.67, 0
100.68, 0
100.69, 0
100.7, 0
100.71, 0
100.72, 0
100.73, 0
100.74, 0
100.75, 0
100.76, 0
100.77, 0
100.78, 0
100.79, 0
100.8, 0
100.81, 0
100.82, 0
100.83, 0
100.84, 0
100.85, 0
100.86, 0
100.87, 0
100.88, 0
100.89, 0
100.9, 0
100.91, 0
100.92, 0
100.93, 0
100.94, 0
100.95, 0
100.96, 0
100.97, 0
100.98, 0
100.99, 0
101, 0
101.01, 0
101.02, 0
101.03, 0
101.04, 0
101.05, 0
101.06, 0
101.07, 0
101.08, 0
101.09, 0
101.1, 0
101.11, 0
101.12, 0
101.13, 0
101.14, 0
101.15, 0
101.16, 0
101.17, 0
101.18, 0
101.19, 0
101.2, 0
101.21, 0
101.22, 0
101.23, 0
101.24, 0
101.25, 0
101.26, 0
101.27, 0
101.28, 0
101.29, 0
101.3, 0
101.31, 0
101.32, 0
101.33, 0
101.34, 0
101.35, 0
101.36, 0
101.37, 0
101.38, 0
101.39, 0
101.4, 0
101.41, 0
101.42, 0
101.43, 0
101.44, 0
101.45, 0
101.46, 0
101.47, 0
101.48, 0
101.49, 0
101.5, 0
101.51, 0
101.52, 0
101.53, 0
101.54, 0
101.55, 0
101.56, 0
101.57, 0
101.58, 0
101.59, 0
101.6, 0
101.61, 0
101.62, 0
101.63, 0
101.64, 0
101.65, 0
101.66, 0
101.67, 0
101.68, 0
101.69, 0
101.7, 0
101.71, 0
101.72, 0
101.73, 0
101.74, 0
101.75, 0
101.76, 0
101.77, 0
101.78, 0
101.79, 0
101.8, 0
101.81, 0
101.82, 0
101.83, 0
101.84, 0
101.85, 0
101.86, 0
101.87, 0
101.88, 0
101.89, 0
101.9, 0
101.91, 0
101.92, 0
101.93, 0
101.94, 0
101.95, 0
101.96, 0
101.97, 0
101.98, 0
101.99, 0
102, 0
102.01, 0
102.02, 0
102.03, 0
102.04, 0
102.05, 0
102.06, 0
102.07, 0
102.08, 0
102.09, 0
102.1, 0
102.11, 0
102.12, 0
102.13, 0
102.14, 0
102.15, 0
102.16, 0
102.17, 0
102.18, 0
102.19, 0
102.2, 0
102.21, 0
102.22, 0
102.23, 0
102.24, 0
102.25, 0
102.26, 0
102.27, 0
102.28, 0
102.29, 0
102.3, 0
102.31, 0
102.32, 0
102.33, 0
102.34, 0
102.35, 0
102.36, 0
102.37, 0
102.38, 0
102.39, 0
102.4, 0
102.41, 0
102.42, 0
102.43, 0
102.44, 0
102.45, 0
102.46, 0
102.47, 0
102.48, 0
102.49, 0
102.5, 0
102.51, 0
102.52, 0
102.53, 0
102.54, 0
102.55, 0
102.56, 0
102.57, 0
102.58, 0
102.59, 0
102.6, 0
102.61, 0
102.62, 0
102.63, 0
102.64, 0
102.65, 0
102.66, 0
102.67, 0
102.68, 0
102.69, 0
102.7, 0
102.71, 0
102.72, 0
102.73, 0
102.74, 0
102.75, 0
102.76, 0
102.77, 0
102.78, 0
102.79, 0
102.8, 0
102.81, 0
102.82, 0
102.83, 0
102.84, 0
102.85, 0
102.86, 0
102.87, 0
102.88, 0
102.89, 0
102.9, 0
102.91, 0
102.92, 0
102.93, 0
102.94, 0
102.95, 0
102.96, 0
102.97, 0
102.98, 0
102.99, 0
103, 0
103.01, 0
103.02, 0
103.03, 0
103.04, 0
103.05, 0
103.06, 0
103.07, 0
103.08, 0
103.09, 0
103.1, 0
103.11, 0
103.12, 0
103.13, 0
103.14, 0
103.15, 0
103.16, 0
103.17, 0
103.18, 0
103.19, 0
103.2, 0
103.21, 0
103.22, 0
103.23, 0
103.24, 0
103.25, 0
103.26, 0
103.27, 0
103.28, 0
103.29, 0
103.3, 0
103.31, 0
103.32, 0
103.33, 0
103.34, 0
103.35, 0
103.36, 0
103.37, 0
103.38, 0
103.39, 0
103.4, 0
103.41, 0
103.42, 0
103.43, 0
103.44, 0
103.45, 0
103.46, 0
103.47, 0
103.48, 0
103.49, 0
103.5, 0
103.51, 0
103.52, 0
103.53, 0
103.54, 0
103.55, 0
103.56, 0
103.57, 0
103.58, 0
103.59, 0
103.6, 0
103.61, 0
103.62, 0
103.63, 0
103.64, 0
103.65, 0
103.66, 0
103.67, 0
103.68, 0
103.69, 0
103.7, 0
103.71, 0
103.72, 0
103.73, 0
103.74, 0
103.75, 0
103.76, 0
103.77, 0
103.78, 0
103.79, 0
103.8, 0
103.81, 0
103.82, 0
103.83, 0
103.84, 0
103.85, 0
103.86, 0
103.87, 0
103.88, 0
103.89, 0
103.9, 0
103.91, 0
103.92, 0
103.93, 0
103.94, 0
103.95, 0
103.96, 0
103.97, 0
103.98, 0
103.99, 0
104, 0
104.01, 0
104.02, 0
104.03, 0
104.04, 0
104.05, 0
104.06, 0
104.07, 0
104.08, 0
104.09, 0
104.1, 0
104.11, 0
104.12, 0
104.13, 0
104.14, 0
104.15, 0
104.16, 0
104.17, 0
104.18, 0
104.19, 0
104.2, 0
104.21, 0
104.22, 0
104.23, 0
104.24, 0
104.25, 0
104.26, 0
104.27, 0
104.28, 0
104.29, 0
104.3, 0
104.31, 0
104.32, 0
104.33, 0
104.34, 0
104.35, 0
104.36, 0
104.37, 0
104.38, 0
104.39, 0
104.4, 0
104.41, 0
104.42, 0
104.43, 0
104.44, 0
104.45, 0
104.46, 0
104.47, 0
104.48, 0
104.49, 0
104.5, 0
104.51, 0
104.52, 0
104.53, 0
104.54, 0
104.55, 0
104.56, 0
104.57, 0
104.58, 0
104.59, 0
104.6, 0
104.61, 0
104.62, 0
104.63, 0
104.64, 0
104.65, 0
104.66, 0
104.67, 0
104.68, 0
104.69, 0
104.7, 0
104.71, 0
104.72, 0
104.73, 0
104.74, 0
104.75, 0
104.76, 0
104.77, 0
104.78, 0
104.79, 0
104.8, 0
104.81, 0
104.82, 0
104.83, 0
104.84, 0
104.85, 0
104.86, 0
104.87, 0
104.88, 0
104.89, 0
104.9, 0
104.91, 0
104.92, 0
104.93, 0
104.94, 0
104.95, 0
104.96, 0
104.97, 0
104.98, 0
104.99, 0
105, 0
105.01, 0
105.02, 0
105.03, 0
105.04, 0
105.05, 0
105.06, 0
105.07, 0
105.08, 0
105.09, 0
105.1, 0
105.11, 0
105.12, 0
105.13, 0
105.14, 0
105.15, 0
105.16, 0
105.17, 0
105.18, 0
105.19, 0
105.2, 0
105.21, 0
105.22, 0
105.23, 0
105.24, 0
105.25, 0
105.26, 0
105.27, 0
105.28, 0
105.29, 0
105.3, 0
105.31, 0
105.32, 0
105.33, 0
105.34, 0
105.35, 0
105.36, 0
105.37, 0
105.38, 0
105.39, 0
105.4, 0
105.41, 0
105.42, 0
105.43, 0
105.44, 0
105.45, 0
105.46, 0
105.47, 0
105.48, 0
105.49, 0
105.5, 0
105.51, 0
105.52, 0
105.53, 0
105.54, 0
105.55, 0
105.56, 0
105.57, 0
105.58, 0
105.59, 0
105.6, 0
105.61, 0
105.62, 0
105.63, 0
105.64, 0
105.65, 0
105.66, 0
105.67, 0
105.68, 0
105.69, 0
105.7, 0
105.71, 0
105.72, 0
105.73, 0
105.74, 0
105.75, 0
105.76, 0
105.77, 0
105.78, 0
105.79, 0
105.8, 0
105.81, 0
105.82, 0
105.83, 0
105.84, 0
105.85, 0
105.86, 0
105.87, 0
105.88, 0
105.89, 0
105.9, 0
105.91, 0
105.92, 0
105.93, 0
105.94, 0
105.95, 0
105.96, 0
105.97, 0
105.98, 0
105.99, 0
106, 0
106.01, 0
106.02, 0
106.03, 0
106.04, 0
106.05, 0
106.06, 0
106.07, 0
106.08, 0
106.09, 0
106.1, 0
106.11, 0
106.12, 0
106.13, 0
106.14, 0
106.15, 0
106.16, 0
106.17, 0
106.18, 0
106.19, 0
106.2, 0
106.21, 0
106.22, 0
106.23, 0
106.24, 0
106.25, 0
106.26, 0
106.27, 0
106.28, 0
106.29, 0
106.3, 0
106.31, 0
106.32, 0
106.33, 0
106.34, 0
106.35, 0
106.36, 0
106.37, 0
106.38, 0
106.39, 0
106.4, 0
106.41, 0
106.42, 0
106.43, 0
106.44, 0
106.45, 0
106.46, 0
106.47, 0
106.48, 0
106.49, 0
106.5, 0
106.51, 0
106.52, 0
106.53, 0
106.54, 0
106.55, 0
106.56, 0
106.57, 0
106.58, 0
106.59, 0
106.6, 0
106.61, 0
106.62, 0
106.63, 0
106.64, 0
106.65, 0
106.66, 0
106.67, 0
106.68, 0
106.69, 0
106.7, 0
106.71, 0
106.72, 0
106.73, 0
106.74, 0
106.75, 0
106.76, 0
106.77, 0
106.78, 0
106.79, 0
106.8, 0
106.81, 0
106.82, 0
106.83, 0
106.84, 0
106.85, 0
106.86, 0
106.87, 0
106.88, 0
106.89, 0
106.9, 0
106.91, 0
106.92, 0
106.93, 0
106.94, 0
106.95, 0
106.96, 0
106.97, 0
106.98, 0
106.99, 0
107, 0
107.01, 0
107.02, 0
107.03, 0
107.04, 0
107.05, 0
107.06, 0
107.07, 0
107.08, 0
107.09, 0
107.1, 0
107.11, 0
107.12, 0
107.13, 0
107.14, 0
107.15, 0
107.16, 0
107.17, 0
107.18, 0
107.19, 0
107.2, 0
107.21, 0
107.22, 0
107.23, 0
107.24, 0
107.25, 0
107.26, 0
107.27, 0
107.28, 0
107.29, 0
107.3, 0
107.31, 0
107.32, 0
107.33, 0
107.34, 0
107.35, 0
107.36, 0
107.37, 0
107.38, 0
107.39, 0
107.4, 0
107.41, 0
107.42, 0
107.43, 0
107.44, 0
107.45, 0
107.46, 0
107.47, 0
107.48, 0
107.49, 0
107.5, 0
107.51, 0
107.52, 0
107.53, 0
107.54, 0
107.55, 0
107.56, 0
107.57, 0
107.58, 0
107.59, 0
107.6, 0
107.61, 0
107.62, 0
107.63, 0
107.64, 0
107.65, 0
107.66, 0
107.67, 0
107.68, 0
107.69, 0
107.7, 0
107.71, 0
107.72, 0
107.73, 0
107.74, 0
107.75, 0
107.76, 0
107.77, 0
107.78, 0
107.79, 0
107.8, 0
107.81, 0
107.82, 0
107.83, 0
107.84, 0
107.85, 0
107.86, 0
107.87, 0
107.88, 0
107.89, 0
107.9, 0
107.91, 0
107.92, 0
107.93, 0
107.94, 0
107.95, 0
107.96, 0
107.97, 0
107.98, 0
107.99, 0
108, 0
108.01, 0
108.02, 0
108.03, 0
108.04, 0
108.05, 0
108.06, 0
108.07, 0
108.08, 0
108.09, 0
108.1, 0
108.11, 0
108.12, 0
108.13, 0
108.14, 0
108.15, 0
108.16, 0
108.17, 0
108.18, 0
108.19, 0
108.2, 0
108.21, 0
108.22, 0
108.23, 0
108.24, 0
108.25, 0
108.26, 0
108.27, 0
108.28, 0
108.29, 0
108.3, 0
108.31, 0
108.32, 0
108.33, 0
108.34, 0
108.35, 0
108.36, 0
108.37, 0
108.38, 0
108.39, 0
108.4, 0
108.41, 0
108.42, 0
108.43, 0
108.44, 0
108.45, 0
108.46, 0
108.47, 0
108.48, 0
108.49, 0
108.5, 0
108.51, 0
108.52, 0
108.53, 0
108.54, 0
108.55, 0
108.56, 0
108.57, 0
108.58, 0
108.59, 0
108.6, 0
108.61, 0
108.62, 0
108.63, 0
108.64, 0
108.65, 0
108.66, 0
108.67, 0
108.68, 0
108.69, 0
108.7, 0
108.71, 0
108.72, 0
108.73, 0
108.74, 0
108.75, 0
108.76, 0
108.77, 0
108.78, 0
108.79, 0
108.8, 0
108.81, 0
108.82, 0
108.83, 0
108.84, 0
108.85, 0
108.86, 0
108.87, 0
108.88, 0
108.89, 0
108.9, 0
108.91, 0
108.92, 0
108.93, 0
108.94, 0
108.95, 0
108.96, 0
108.97, 0
108.98, 0
108.99, 0
109, 0
109.01, 0
109.02, 0
109.03, 0
109.04, 0
109.05, 0
109.06, 0
109.07, 0
109.08, 0
109.09, 0
109.1, 0
109.11, 0
109.12, 0
109.13, 0
109.14, 0
109.15, 0
109.16, 0
109.17, 0
109.18, 0
109.19, 0
109.2, 0
109.21, 0
109.22, 0
109.23, 0
109.24, 0
109.25, 0
109.26, 0
109.27, 0
109.28, 0
109.29, 0
109.3, 0
109.31, 0
109.32, 0
109.33, 0
109.34, 0
109.35, 0
109.36, 0
109.37, 0
109.38, 0
109.39, 0
109.4, 0
109.41, 0
109.42, 0
109.43, 0
109.44, 0
109.45, 0
109.46, 0
109.47, 0
109.48, 0
109.49, 0
109.5, 0
109.51, 0
109.52, 0
109.53, 0
109.54, 0
109.55, 0
109.56, 0
109.57, 0
109.58, 0
109.59, 0
109.6, 0
109.61, 0
109.62, 0
109.63, 0
109.64, 0
109.65, 0
109.66, 0
109.67, 0
109.68, 0
109.69, 0
109.7, 0
109.71, 0
109.72, 0
109.73, 0
109.74, 0
109.75, 0
109.76, 0
109.77, 0
109.78, 0
109.79, 0
109.8, 0
109.81, 0
109.82, 0
109.83, 0
109.84, 0
109.85, 0
109.86, 0
109.87, 0
109.88, 0
109.89, 0
109.9, 0
109.91, 0
109.92, 0
109.93, 0
109.94, 0
109.95, 0
109.96, 0
109.97, 0
109.98, 0
109.99, 0
110, 0
110.01, 0
110.02, 0
110.03, 0
110.04, 0
110.05, 0
110.06, 0
110.07, 0
110.08, 0
110.09, 0
110.1, 0
110.11, 0
110.12, 0
110.13, 0
110.14, 0
110.15, 0
110.16, 0
110.17, 0
110.18, 0
110.19, 0
110.2, 0
110.21, 0
110.22, 0
110.23, 0
110.24, 0
110.25, 0
110.26, 0
110.27, 0
110.28, 0
110.29, 0
110.3, 0
110.31, 0
110.32, 0
110.33, 0
110.34, 0
110.35, 0
110.36, 0
110.37, 0
110.38, 0
110.39, 0
110.4, 0
110.41, 0
110.42, 0
110.43, 0
110.44, 0
110.45, 0
110.46, 0
110.47, 0
110.48, 0
110.49, 0
110.5, 0
110.51, 0
110.52, 0
110.53, 0
110.54, 0
110.55, 0
110.56, 0
110.57, 0
110.58, 0
110.59, 0
110.6, 0
110.61, 0
110.62, 0
110.63, 0
110.64, 0
110.65, 0
110.66, 0
110.67, 0
110.68, 0
110.69, 0
110.7, 0
110.71, 0
110.72, 0
110.73, 0
110.74, 0
110.75, 0
110.76, 0
110.77, 0
110.78, 0
110.79, 0
110.8, 0
110.81, 0
110.82, 0
110.83, 0
110.84, 0
110.85, 0
110.86, 0
110.87, 0
110.88, 0
110.89, 0
110.9, 0
110.91, 0
110.92, 0
110.93, 0
110.94, 0
110.95, 0
110.96, 0
110.97, 0
110.98, 0
110.99, 0
111, 0
111.01, 0
111.02, 0
111.03, 0
111.04, 0
111.05, 0
111.06, 0
111.07, 0
111.08, 0
111.09, 0
111.1, 0
111.11, 0
111.12, 0
111.13, 0
111.14, 0
111.15, 0
111.16, 0
111.17, 0
111.18, 0
111.19, 0
111.2, 0
111.21, 0
111.22, 0
111.23, 0
111.24, 0
111.25, 0
111.26, 0
111.27, 0
111.28, 0
111.29, 0
111.3, 0
111.31, 0
111.32, 0
111.33, 0
111.34, 0
111.35, 0
111.36, 0
111.37, 0
111.38, 0
111.39, 0
111.4, 0
111.41, 0
111.42, 0
111.43, 0
111.44, 0
111.45, 0
111.46, 0
111.47, 0
111.48, 0
111.49, 0
111.5, 0
111.51, 0
111.52, 0
111.53, 0
111.54, 0
111.55, 0
111.56, 0
111.57, 0
111.58, 0
111.59, 0
111.6, 0
111.61, 0
111.62, 0
111.63, 0
111.64, 0
111.65, 0
111.66, 0
111.67, 0
111.68, 0
111.69, 0
111.7, 0
111.71, 0
111.72, 0
111.73, 0
111.74, 0
111.75, 0
111.76, 0
111.77, 0
111.78, 0
111.79, 0
111.8, 0
111.81, 0
111.82, 0
111.83, 0
111.84, 0
111.85, 0
111.86, 0
111.87, 0
111.88, 0
111.89, 0
111.9, 0
111.91, 0
111.92, 0
111.93, 0
111.94, 0
111.95, 0
111.96, 0
111.97, 0
111.98, 0
111.99, 0
112, 0
112.01, 0
112.02, 0
112.03, 0
112.04, 0
112.05, 0
112.06, 0
112.07, 0
112.08, 0
112.09, 0
112.1, 0
112.11, 0
112.12, 0
112.13, 0
112.14, 0
112.15, 0
112.16, 0
112.17, 0
112.18, 0
112.19, 0
112.2, 0
112.21, 0
112.22, 0
112.23, 0
112.24, 0
112.25, 0
112.26, 0
112.27, 0
112.28, 0
112.29, 0
112.3, 0
112.31, 0
112.32, 0
112.33, 0
112.34, 0
112.35, 0
112.36, 0
112.37, 0
112.38, 0
112.39, 0
112.4, 0
112.41, 0
112.42, 0
112.43, 0
112.44, 0
112.45, 0
112.46, 0
112.47, 0
112.48, 0
112.49, 0
112.5, 0
112.51, 0
112.52, 0
112.53, 0
112.54, 0
112.55, 0
112.56, 0
112.57, 0
112.58, 0
112.59, 0
112.6, 0
112.61, 0
112.62, 0
112.63, 0
112.64, 0
112.65, 0
112.66, 0
112.67, 0
112.68, 0
112.69, 0
112.7, 0
112.71, 0
112.72, 0
112.73, 0
112.74, 0
112.75, 0
112.76, 0
112.77, 0
112.78, 0
112.79, 0
112.8, 0
112.81, 0
112.82, 0
112.83, 0
112.84, 0
112.85, 0
112.86, 0
112.87, 0
112.88, 0
112.89, 0
112.9, 0
112.91, 0
112.92, 0
112.93, 0
112.94, 0
112.95, 0
112.96, 0
112.97, 0
112.98, 0
112.99, 0
113, 0
113.01, 0
113.02, 0
113.03, 0
113.04, 0
113.05, 0
113.06, 0
113.07, 0
113.08, 0
113.09, 0
113.1, 0
113.11, 0
113.12, 0
113.13, 0
113.14, 0
113.15, 0
113.16, 0
113.17, 0
113.18, 0
113.19, 0
113.2, 0
113.21, 0
113.22, 0
113.23, 0
113.24, 0
113.25, 0
113.26, 0
113.27, 0
113.28, 0
113.29, 0
113.3, 0
113.31, 0
113.32, 0
113.33, 0
113.34, 0
113.35, 0
113.36, 0
113.37, 0
113.38, 0
113.39, 0
113.4, 0
113.41, 0
113.42, 0
113.43, 0
113.44, 0
113.45, 0
113.46, 0
113.47, 0
113.48, 0
113.49, 0
113.5, 0
113.51, 0
113.52, 0
113.53, 0
113.54, 0
113.55, 0
113.56, 0
113.57, 0
113.58, 0
113.59, 0
113.6, 0
113.61, 0
113.62, 0
113.63, 0
113.64, 0
113.65, 0
113.66, 0
113.67, 0
113.68, 0
113.69, 0
113.7, 0
113.71, 0
113.72, 0
113.73, 0
113.74, 0
113.75, 0
113.76, 0
113.77, 0
113.78, 0
113.79, 0
113.8, 0
113.81, 0
113.82, 0
113.83, 0
113.84, 0
113.85, 0
113.86, 0
113.87, 0
113.88, 0
113.89, 0
113.9, 0
113.91, 0
113.92, 0
113.93, 0
113.94, 0
113.95, 0
113.96, 0
113.97, 0
113.98, 0
113.99, 0
114, 0
114.01, 0
114.02, 0
114.03, 0
114.04, 0
114.05, 0
114.06, 0
114.07, 0
114.08, 0
114.09, 0
114.1, 0
114.11, 0
114.12, 0
114.13, 0
114.14, 0
114.15, 0
114.16, 0
114.17, 0
114.18, 0
114.19, 0
114.2, 0
114.21, 0
114.22, 0
114.23, 0
114.24, 0
114.25, 0
114.26, 0
114.27, 0
114.28, 0
114.29, 0
114.3, 0
114.31, 0
114.32, 0
114.33, 0
114.34, 0
114.35, 0
114.36, 0
114.37, 0
114.38, 0
114.39, 0
114.4, 0
114.41, 0
114.42, 0
114.43, 0
114.44, 0
114.45, 0
114.46, 0
114.47, 0
114.48, 0
114.49, 0
114.5, 0
114.51, 0
114.52, 0
114.53, 0
114.54, 0
114.55, 0
114.56, 0
114.57, 0
114.58, 0
114.59, 0
114.6, 0
114.61, 0
114.62, 0
114.63, 0
114.64, 0
114.65, 0
114.66, 0
114.67, 0
114.68, 0
114.69, 0
114.7, 0
114.71, 0
114.72, 0
114.73, 0
114.74, 0
114.75, 0
114.76, 0
114.77, 0
114.78, 0
114.79, 0
114.8, 0
114.81, 0
114.82, 0
114.83, 0
114.84, 0
114.85, 0
114.86, 0
114.87, 0
114.88, 0
114.89, 0
114.9, 0
114.91, 0
114.92, 0
114.93, 0
114.94, 0
114.95, 0
114.96, 0
114.97, 0
114.98, 0
114.99, 0
115, 0
115.01, 0
115.02, 0
115.03, 0
115.04, 0
115.05, 0
115.06, 0
115.07, 0
115.08, 0
115.09, 0
115.1, 0
115.11, 0
115.12, 0
115.13, 0
115.14, 0
115.15, 0
115.16, 0
115.17, 0
115.18, 0
115.19, 0
115.2, 0
115.21, 0
115.22, 0
115.23, 0
115.24, 0
115.25, 0
115.26, 0
115.27, 0
115.28, 0
115.29, 0
115.3, 0
115.31, 0
115.32, 0
115.33, 0
115.34, 0
115.35, 0
115.36, 0
115.37, 0
115.38, 0
115.39, 0
115.4, 0
115.41, 0
115.42, 0
115.43, 0
115.44, 0
115.45, 0
115.46, 0
115.47, 0
115.48, 0
115.49, 0
115.5, 0
115.51, 0
115.52, 0
115.53, 0
115.54, 0
115.55, 0
115.56, 0
115.57, 0
115.58, 0
115.59, 0
115.6, 0
115.61, 0
115.62, 0
115.63, 0
115.64, 0
115.65, 0
115.66, 0
115.67, 0
115.68, 0
115.69, 0
115.7, 0
115.71, 0
115.72, 0
115.73, 0
115.74, 0
115.75, 0
115.76, 0
115.77, 0
115.78, 0
115.79, 0
115.8, 0
115.81, 0
115.82, 0
115.83, 0
115.84, 0
115.85, 0
115.86, 0
115.87, 0
115.88, 0
115.89, 0
115.9, 0
115.91, 0
115.92, 0
115.93, 0
115.94, 0
115.95, 0
115.96, 0
115.97, 0
115.98, 0
115.99, 0
116, 0
116.01, 0
116.02, 0
116.03, 0
116.04, 0
116.05, 0
116.06, 0
116.07, 0
116.08, 0
116.09, 0
116.1, 0
116.11, 0
116.12, 0
116.13, 0
116.14, 0
116.15, 0
116.16, 0
116.17, 0
116.18, 0
116.19, 0
116.2, 0
116.21, 0
116.22, 0
116.23, 0
116.24, 0
116.25, 0
116.26, 0
116.27, 0
116.28, 0
116.29, 0
116.3, 0
116.31, 0
116.32, 0
116.33, 0
116.34, 0
116.35, 0
116.36, 0
116.37, 0
116.38, 0
116.39, 0
116.4, 0
116.41, 0
116.42, 0
116.43, 0
116.44, 0
116.45, 0
116.46, 0
116.47, 0
116.48, 0
116.49, 0
116.5, 0
116.51, 0
116.52, 0
116.53, 0
116.54, 0
116.55, 0
116.56, 0
116.57, 0
116.58, 0
116.59, 0
116.6, 0
116.61, 0
116.62, 0
116.63, 0
116.64, 0
116.65, 0
116.66, 0
116.67, 0
116.68, 0
116.69, 0
116.7, 0
116.71, 0
116.72, 0
116.73, 0
116.74, 0
116.75, 0
116.76, 0
116.77, 0
116.78, 0
116.79, 0
116.8, 0
116.81, 0
116.82, 0
116.83, 0
116.84, 0
116.85, 0
116.86, 0
116.87, 0
116.88, 0
116.89, 0
116.9, 0
116.91, 0
116.92, 0
116.93, 0
116.94, 0
116.95, 0
116.96, 0
116.97, 0
116.98, 0
116.99, 0
117, 0
117.01, 0
117.02, 0
117.03, 0
117.04, 0
117.05, 0
117.06, 0
117.07, 0
117.08, 0
117.09, 0
117.1, 0
117.11, 0
117.12, 0
117.13, 0
117.14, 0
117.15, 0
117.16, 0
117.17, 0
117.18, 0
117.19, 0
117.2, 0
117.21, 0
117.22, 0
117.23, 0
117.24, 0
117.25, 0
117.26, 0
117.27, 0
117.28, 0
117.29, 0
117.3, 0
117.31, 0
117.32, 0
117.33, 0
117.34, 0
117.35, 0
117.36, 0
117.37, 0
117.38, 0
117.39, 0
117.4, 0
117.41, 0
117.42, 0
117.43, 0
117.44, 0
117.45, 0
117.46, 0
117.47, 0
117.48, 0
117.49, 0
117.5, 0
117.51, 0
117.52, 0
117.53, 0
117.54, 0
117.55, 0
117.56, 0
117.57, 0
117.58, 0
117.59, 0
117.6, 0
117.61, 0
117.62, 0
117.63, 0
117.64, 0
117.65, 0
117.66, 0
117.67, 0
117.68, 0
117.69, 0
117.7, 0
117.71, 0
117.72, 0
117.73, 0
117.74, 0
117.75, 0
117.76, 0
117.77, 0
117.78, 0
117.79, 0
117.8, 0
117.81, 0
117.82, 0
117.83, 0
117.84, 0
117.85, 0
117.86, 0
117.87, 0
117.88, 0
117.89, 0
117.9, 0
117.91, 0
117.92, 0
117.93, 0
117.94, 0
117.95, 0
117.96, 0
117.97, 0
117.98, 0
117.99, 0
118, 0
118.01, 0
118.02, 0
118.03, 0
118.04, 0
118.05, 0
118.06, 0
118.07, 0
118.08, 0
118.09, 0
118.1, 0
118.11, 0
118.12, 0
118.13, 0
118.14, 0
118.15, 0
118.16, 0
118.17, 0
118.18, 0
118.19, 0
118.2, 0
118.21, 0
118.22, 0
118.23, 0
118.24, 0
118.25, 0
118.26, 0
118.27, 0
118.28, 0
118.29, 0
118.3, 0
118.31, 0
118.32, 0
118.33, 0
118.34, 0
118.35, 0
118.36, 0
118.37, 0
118.38, 0
118.39, 0
118.4, 0
118.41, 0
118.42, 0
118.43, 0
118.44, 0
118.45, 0
118.46, 0
118.47, 0
118.48, 0
118.49, 0
118.5, 0
118.51, 0
118.52, 0
118.53, 0
118.54, 0
118.55, 0
118.56, 0
118.57, 0
118.58, 0
118.59, 0
118.6, 0
118.61, 0
118.62, 0
118.63, 0
118.64, 0
118.65, 0
118.66, 0
118.67, 0
118.68, 0
118.69, 0
118.7, 0
118.71, 0
118.72, 0
118.73, 0
118.74, 0
118.75, 0
118.76, 0
118.77, 0
118.78, 0
118.79, 0
118.8, 0
118.81, 0
118.82, 0
118.83, 0
118.84, 0
118.85, 0
118.86, 0
118.87, 0
118.88, 0
118.89, 0
118.9, 0
118.91, 0
118.92, 0
118.93, 0
118.94, 0
118.95, 0
118.96, 0
118.97, 0
118.98, 0
118.99, 0
119, 0
119.01, 0
119.02, 0
119.03, 0
119.04, 0
119.05, 0
119.06, 0
119.07, 0
119.08, 0
119.09, 0
119.1, 0
119.11, 0
119.12, 0
119.13, 0
119.14, 0
119.15, 0
119.16, 0
119.17, 0
119.18, 0
119.19, 0
119.2, 0
119.21, 0
119.22, 0
119.23, 0
119.24, 0
119.25, 0
119.26, 0
119.27, 0
119.28, 0
119.29, 0
119.3, 0
119.31, 0
119.32, 0
119.33, 0
119.34, 0
119.35, 0
119.36, 0
119.37, 0
119.38, 0
119.39, 0
119.4, 0
119.41, 0
119.42, 0
119.43, 0
119.44, 0
119.45, 0
119.46, 0
119.47, 0
119.48, 0
119.49, 0
119.5, 0
119.51, 0
119.52, 0
119.53, 0
119.54, 0
119.55, 0
119.56, 0
119.57, 0
119.58, 0
119.59, 0
119.6, 0
119.61, 0
119.62, 0
119.63, 0
119.64, 0
119.65, 0
119.66, 0
119.67, 0
119.68, 0
119.69, 0
119.7, 0
119.71, 0
119.72, 0
119.73, 0
119.74, 0
119.75, 0
119.76, 0
119.77, 0
119.78, 0
119.79, 0
119.8, 0
119.81, 0
119.82, 0
119.83, 0
119.84, 0
119.85, 0
119.86, 0
119.87, 0
119.88, 0
119.89, 0
119.9, 0
119.91, 0
119.92, 0
119.93, 0
119.94, 0
119.95, 0
119.96, 0
119.97, 0
119.98, 0
119.99, 0
120, 0
120.01, 0
120.02, 0
120.03, 0
120.04, 0
120.05, 0
120.06, 0
120.07, 0
120.08, 0
120.09, 0
120.1, 0
120.11, 0
120.12, 0
120.13, 0
120.14, 0
120.15, 0
120.16, 0
120.17, 0
120.18, 0
120.19, 0
120.2, 0
120.21, 0
120.22, 0
120.23, 0
120.24, 0
120.25, 0
120.26, 0
120.27, 0
120.28, 0
120.29, 0
120.3, 0
120.31, 0
120.32, 0
120.33, 0
120.34, 0
120.35, 0
120.36, 0
120.37, 0
120.38, 0
120.39, 0
120.4, 0
120.41, 0
120.42, 0
120.43, 0
120.44, 0
120.45, 0
120.46, 0
120.47, 0
120.48, 0
120.49, 0
120.5, 0
120.51, 0
120.52, 0
120.53, 0
120.54, 0
120.55, 0
120.56, 0
120.57, 0
120.58, 0
120.59, 0
120.6, 0
120.61, 0
120.62, 0
120.63, 0
120.64, 0
120.65, 0
120.66, 0
120.67, 0
120.68, 0
120.69, 0
120.7, 0
120.71, 0
120.72, 0
120.73, 0
120.74, 0
120.75, 0
120.76, 0
120.77, 0
120.78, 0
120.79, 0
120.8, 0
120.81, 0
120.82, 0
120.83, 0
120.84, 0
120.85, 0
120.86, 0
120.87, 0
120.88, 0
120.89, 0
120.9, 0
120.91, 0
120.92, 0
120.93, 0
120.94, 0
120.95, 0
120.96, 0
120.97, 0
120.98, 0
120.99, 0
121, 0
121.01, 0
121.02, 0
121.03, 0
121.04, 0
121.05, 0
121.06, 0
121.07, 0
121.08, 0
121.09, 0
121.1, 0
121.11, 0
121.12, 0
121.13, 0
121.14, 0
121.15, 0
121.16, 0
121.17, 0
121.18, 0
121.19, 0
121.2, 0
121.21, 0
121.22, 0
121.23, 0
121.24, 0
121.25, 0
121.26, 0
121.27, 0
121.28, 0
121.29, 0
121.3, 0
121.31, 0
121.32, 0
121.33, 0
121.34, 0
121.35, 0
121.36, 0
121.37, 0
121.38, 0
121.39, 0
121.4, 0
121.41, 0
121.42, 0
121.43, 0
121.44, 0
121.45, 0
121.46, 0
121.47, 0
121.48, 0
121.49, 0
121.5, 0
121.51, 0
121.52, 0
121.53, 0
121.54, 0
121.55, 0
121.56, 0
121.57, 0
121.58, 0
121.59, 0
121.6, 0
121.61, 0
121.62, 0
121.63, 0
121.64, 0
121.65, 0
121.66, 0
121.67, 0
121.68, 0
121.69, 0
121.7, 0
121.71, 0
121.72, 0
121.73, 0
121.74, 0
121.75, 0
121.76, 0
121.77, 0
121.78, 0
121.79, 0
121.8, 0
121.81, 0
121.82, 0
121.83, 0
121.84, 0
121.85, 0
121.86, 0
121.87, 0
121.88, 0
121.89, 0
121.9, 0
121.91, 0
121.92, 0
121.93, 0
121.94, 0
121.95, 0
121.96, 0
121.97, 0
121.98, 0
121.99, 0
122, 0
122.01, 0
122.02, 0
122.03, 0
122.04, 0
122.05, 0
122.06, 0
122.07, 0
122.08, 0
122.09, 0
122.1, 0
122.11, 0
122.12, 0
122.13, 0
122.14, 0
122.15, 0
122.16, 0
122.17, 0
122.18, 0
122.19, 0
122.2, 0
122.21, 0
122.22, 0
122.23, 0
122.24, 0
122.25, 0
122.26, 0
122.27, 0
122.28, 0
122.29, 0
122.3, 0
122.31, 0
122.32, 0
122.33, 0
122.34, 0
122.35, 0
122.36, 0
122.37, 0
122.38, 0
122.39, 0
122.4, 0
122.41, 0
122.42, 0
122.43, 0
122.44, 0
122.45, 0
122.46, 0
122.47, 0
122.48, 0
122.49, 0
122.5, 0
122.51, 0
122.52, 0
122.53, 0
122.54, 0
122.55, 0
122.56, 0
122.57, 0
122.58, 0
122.59, 0
122.6, 0
122.61, 0
122.62, 0
122.63, 0
122.64, 0
122.65, 0
122.66, 0
122.67, 0
122.68, 0
122.69, 0
122.7, 0
122.71, 0
122.72, 0
122.73, 0
122.74, 0
122.75, 0
122.76, 0
122.77, 0
122.78, 0
122.79, 0
122.8, 0
122.81, 0
122.82, 0
122.83, 0
122.84, 0
122.85, 0
122.86, 0
122.87, 0
122.88, 0
122.89, 0
122.9, 0
122.91, 0
122.92, 0
122.93, 0
122.94, 0
122.95, 0
122.96, 0
122.97, 0
122.98, 0
122.99, 0
123, 0
123.01, 0
123.02, 0
123.03, 0
123.04, 0
123.05, 0
123.06, 0
123.07, 0
123.08, 0
123.09, 0
123.1, 0
123.11, 0
123.12, 0
123.13, 0
123.14, 0
123.15, 0
123.16, 0
123.17, 0
123.18, 0
123.19, 0
123.2, 0
123.21, 0
123.22, 0
123.23, 0
123.24, 0
123.25, 0
123.26, 0
123.27, 0
123.28, 0
123.29, 0
123.3, 0
123.31, 0
123.32, 0
123.33, 0
123.34, 0
123.35, 0
123.36, 0
123.37, 0
123.38, 0
123.39, 0
123.4, 0
123.41, 0
123.42, 0
123.43, 0
123.44, 0
123.45, 0
123.46, 0
123.47, 0
123.48, 0
123.49, 0
123.5, 0
123.51, 0
123.52, 0
123.53, 0
123.54, 0
123.55, 0
123.56, 0
123.57, 0
123.58, 0
123.59, 0
123.6, 0
123.61, 0
123.62, 0
123.63, 0
123.64, 0
123.65, 0
123.66, 0
123.67, 0
123.68, 0
123.69, 0
123.7, 0
123.71, 0
123.72, 0
123.73, 0
123.74, 0
123.75, 0
123.76, 0
123.77, 0
123.78, 0
123.79, 0
123.8, 0
123.81, 0
123.82, 0
123.83, 0
123.84, 0
123.85, 0
123.86, 0
123.87, 0
123.88, 0
123.89, 0
123.9, 0
123.91, 0
123.92, 0
123.93, 0
123.94, 0
123.95, 0
123.96, 0
123.97, 0
123.98, 0
123.99, 0
124, 0
124.01, 0
124.02, 0
124.03, 0
124.04, 0
124.05, 0
124.06, 0
124.07, 0
124.08, 0
124.09, 0
124.1, 0
124.11, 0
124.12, 0
124.13, 0
124.14, 0
124.15, 0
124.16, 0
124.17, 0
124.18, 0
124.19, 0
124.2, 0
124.21, 0
124.22, 0
124.23, 0
124.24, 0
124.25, 0
124.26, 0
124.27, 0
124.28, 0
124.29, 0
124.3, 0
124.31, 0
124.32, 0
124.33, 0
124.34, 0
124.35, 0
124.36, 0
124.37, 0
124.38, 0
124.39, 0
124.4, 0
124.41, 0
124.42, 0
124.43, 0
124.44, 0
124.45, 0
124.46, 0
124.47, 0
124.48, 0
124.49, 0
124.5, 0
124.51, 0
124.52, 0
124.53, 0
124.54, 0
124.55, 0
124.56, 0
124.57, 0
124.58, 0
124.59, 0
124.6, 0
124.61, 0
124.62, 0
124.63, 0
124.64, 0
124.65, 0
124.66, 0
124.67, 0
124.68, 0
124.69, 0
124.7, 0
124.71, 0
124.72, 0
124.73, 0
124.74, 0
124.75, 0
124.76, 0
124.77, 0
124.78, 0
124.79, 0
124.8, 0
124.81, 0
124.82, 0
124.83, 0
124.84, 0
124.85, 0
124.86, 0
124.87, 0
124.88, 0
124.89, 0
124.9, 0
124.91, 0
124.92, 0
124.93, 0
124.94, 0
124.95, 0
124.96, 0
124.97, 0
124.98, 0
124.99, 0
125, 0
125.01, 0
125.02, 0
125.03, 0
125.04, 0
125.05, 0
125.06, 0
125.07, 0
125.08, 0
125.09, 0
125.1, 0
125.11, 0
125.12, 0
125.13, 0
125.14, 0
125.15, 0
125.16, 0
125.17, 0
125.18, 0
125.19, 0
125.2, 0
125.21, 0
125.22, 0
125.23, 0
125.24, 0
125.25, 0
125.26, 0
125.27, 0
125.28, 0
125.29, 0
125.3, 0
125.31, 0
125.32, 0
125.33, 0
125.34, 0
125.35, 0
125.36, 0
125.37, 0
125.38, 0
125.39, 0
125.4, 0
125.41, 0
125.42, 0
125.43, 0
125.44, 0
125.45, 0
125.46, 0
125.47, 0
125.48, 0
125.49, 0
125.5, 0
125.51, 0
125.52, 0
125.53, 0
125.54, 0
125.55, 0
125.56, 0
125.57, 0
125.58, 0
125.59, 0
125.6, 0
125.61, 0
125.62, 0
125.63, 0
125.64, 0
125.65, 0
125.66, 0
125.67, 0
125.68, 0
125.69, 0
125.7, 0
125.71, 0
125.72, 0
125.73, 0
125.74, 0
125.75, 0
125.76, 0
125.77, 0
125.78, 0
125.79, 0
125.8, 0
125.81, 0
125.82, 0
125.83, 0
125.84, 0
125.85, 0
125.86, 0
125.87, 0
125.88, 0
125.89, 0
125.9, 0
125.91, 0
125.92, 0
125.93, 0
125.94, 0
125.95, 0
125.96, 0
125.97, 0
125.98, 0
125.99, 0
126, 0
126.01, 0
126.02, 0
126.03, 0
126.04, 0
126.05, 0
126.06, 0
126.07, 0
126.08, 0
126.09, 0
126.1, 0
126.11, 0
126.12, 0
126.13, 0
126.14, 0
126.15, 0
126.16, 0
126.17, 0
126.18, 0
126.19, 0
126.2, 0
126.21, 0
126.22, 0
126.23, 0
126.24, 0
126.25, 0
126.26, 0
126.27, 0
126.28, 0
126.29, 0
126.3, 0
126.31, 0
126.32, 0
126.33, 0
126.34, 0
126.35, 0
126.36, 0
126.37, 0
126.38, 0
126.39, 0
126.4, 0
126.41, 0
126.42, 0
126.43, 0
126.44, 0
126.45, 0
126.46, 0
126.47, 0
126.48, 0
126.49, 0
126.5, 0
126.51, 0
126.52, 0
126.53, 0
126.54, 0
126.55, 0
126.56, 0
126.57, 0
126.58, 0
126.59, 0
126.6, 0
126.61, 0
126.62, 0
126.63, 0
126.64, 0
126.65, 0
126.66, 0
126.67, 0
126.68, 0
126.69, 0
126.7, 0
126.71, 0
126.72, 0
126.73, 0
126.74, 0
126.75, 0
126.76, 0
126.77, 0
126.78, 0
126.79, 0
126.8, 0
126.81, 0
126.82, 0
126.83, 0
126.84, 0
126.85, 0
126.86, 0
126.87, 0
126.88, 0
126.89, 0
126.9, 0
126.91, 0
126.92, 0
126.93, 0
126.94, 0
126.95, 0
126.96, 0
126.97, 0
126.98, 0
126.99, 0
127, 0
127.01, 0
127.02, 0
127.03, 0
127.04, 0
127.05, 0
127.06, 0
127.07, 0
127.08, 0
127.09, 0
127.1, 0
127.11, 0
127.12, 0
127.13, 0
127.14, 0
127.15, 0
127.16, 0
127.17, 0
127.18, 0
127.19, 0
127.2, 0
127.21, 0
127.22, 0
127.23, 0
127.24, 0
127.25, 0
127.26, 0
127.27, 0
127.28, 0
127.29, 0
127.3, 0
127.31, 0
127.32, 0
127.33, 0
127.34, 0
127.35, 0
127.36, 0
127.37, 0
127.38, 0
127.39, 0
127.4, 0
127.41, 0
127.42, 0
127.43, 0
127.44, 0
127.45, 0
127.46, 0
127.47, 0
127.48, 0
127.49, 0
127.5, 0
127.51, 0
127.52, 0
127.53, 0
127.54, 0
127.55, 0
127.56, 0
127.57, 0
127.58, 0
127.59, 0
127.6, 0
127.61, 0
127.62, 0
127.63, 0
127.64, 0
127.65, 0
127.66, 0
127.67, 0
127.68, 0
127.69, 0
127.7, 0
127.71, 0
127.72, 0
127.73, 0
127.74, 0
127.75, 0
127.76, 0
127.77, 0
127.78, 0
127.79, 0
127.8, 0
127.81, 0
127.82, 0
127.83, 0
127.84, 0
127.85, 0
127.86, 0
127.87, 0
127.88, 0
127.89, 0
127.9, 0
127.91, 0
127.92, 0
127.93, 0
127.94, 0
127.95, 0
127.96, 0
127.97, 0
127.98, 0
127.99, 0
128, 0
128.01, 0
128.02, 0
128.03, 0
128.04, 0
128.05, 0
128.06, 0
128.07, 0
128.08, 0
128.09, 0
128.1, 0
128.11, 0
128.12, 0
128.13, 0
128.14, 0
128.15, 0
128.16, 0
128.17, 0
128.18, 0
128.19, 0
128.2, 0
128.21, 0
128.22, 0
128.23, 0
128.24, 0
128.25, 0
128.26, 0
128.27, 0
128.28, 0
128.29, 0
128.3, 0
128.31, 0
128.32, 0
128.33, 0
128.34, 0
128.35, 0
128.36, 0
128.37, 0
128.38, 0
128.39, 0
128.4, 0
128.41, 0
128.42, 0
128.43, 0
128.44, 0
128.45, 0
128.46, 0
128.47, 0
128.48, 0
128.49, 0
128.5, 0
128.51, 0
128.52, 0
128.53, 0
128.54, 0
128.55, 0
128.56, 0
128.57, 0
128.58, 0
128.59, 0
128.6, 0
128.61, 0
128.62, 0
128.63, 0
128.64, 0
128.65, 0
128.66, 0
128.67, 0
128.68, 0
128.69, 0
128.7, 0
128.71, 0
128.72, 0
128.73, 0
128.74, 0
128.75, 0
128.76, 0
128.77, 0
128.78, 0
128.79, 0
128.8, 0
128.81, 0
128.82, 0
128.83, 0
128.84, 0
128.85, 0
128.86, 0
128.87, 0
128.88, 0
128.89, 0
128.9, 0
128.91, 0
128.92, 0
128.93, 0
128.94, 0
128.95, 0
128.96, 0
128.97, 0
128.98, 0
128.99, 0
129, 0
129.01, 0
129.02, 0
129.03, 0
129.04, 0
129.05, 0
129.06, 0
129.07, 0
129.08, 0
129.09, 0
129.1, 0
129.11, 0
129.12, 0
129.13, 0
129.14, 0
129.15, 0
129.16, 0
129.17, 0
129.18, 0
129.19, 0
129.2, 0
129.21, 0
129.22, 0
129.23, 0
129.24, 0
129.25, 0
129.26, 0
129.27, 0
129.28, 0
129.29, 0
129.3, 0
129.31, 0
129.32, 0
129.33, 0
129.34, 0
129.35, 0
129.36, 0
129.37, 0
129.38, 0
129.39, 0
129.4, 0
129.41, 0
129.42, 0
129.43, 0
129.44, 0
129.45, 0
129.46, 0
129.47, 0
129.48, 0
129.49, 0
129.5, 0
129.51, 0
129.52, 0
129.53, 0
129.54, 0
129.55, 0
129.56, 0
129.57, 0
129.58, 0
129.59, 0
129.6, 0
129.61, 0
129.62, 0
129.63, 0
129.64, 0
129.65, 0
129.66, 0
129.67, 0
129.68, 0
129.69, 0
129.7, 0
129.71, 0
129.72, 0
129.73, 0
129.74, 0
129.75, 0
129.76, 0
129.77, 0
129.78, 0
129.79, 0
129.8, 0
129.81, 0
129.82, 0
129.83, 0
129.84, 0
129.85, 0
129.86, 0
129.87, 0
129.88, 0
129.89, 0
129.9, 0
129.91, 0
129.92, 0
129.93, 0
129.94, 0
129.95, 0
129.96, 0
129.97, 0
129.98, 0
129.99, 0
130, 0
130.01, 0
130.02, 0
130.03, 0
130.04, 0
130.05, 0
130.06, 0
130.07, 0
130.08, 0
130.09, 0
130.1, 0
130.11, 0
130.12, 0
130.13, 0
130.14, 0
130.15, 0
130.16, 0
130.17, 0
130.18, 0
130.19, 0
130.2, 0
130.21, 0
130.22, 0
130.23, 0
130.24, 0
130.25, 0
130.26, 0
130.27, 0
130.28, 0
130.29, 0
130.3, 0
130.31, 0
130.32, 0
130.33, 0
130.34, 0
130.35, 0
130.36, 0
130.37, 0
130.38, 0
130.39, 0
130.4, 0
130.41, 0
130.42, 0
130.43, 0
130.44, 0
130.45, 0
130.46, 0
130.47, 0
130.48, 0
130.49, 0
130.5, 0
130.51, 0
130.52, 0
130.53, 0
130.54, 0
130.55, 0
130.56, 0
130.57, 0
130.58, 0
130.59, 0
130.6, 0
130.61, 0
130.62, 0
130.63, 0
130.64, 0
130.65, 0
130.66, 0
130.67, 0
130.68, 0
130.69, 0
130.7, 0
130.71, 0
130.72, 0
130.73, 0
130.74, 0
130.75, 0
130.76, 0
130.77, 0
130.78, 0
130.79, 0
130.8, 0
130.81, 0
130.82, 0
130.83, 0
130.84, 0
130.85, 0
130.86, 0
130.87, 0
130.88, 0
130.89, 0
130.9, 0
130.91, 0
130.92, 0
130.93, 0
130.94, 0
130.95, 0
130.96, 0
130.97, 0
130.98, 0
130.99, 0
131, 0
131.01, 0
131.02, 0
131.03, 0
131.04, 0
131.05, 0
131.06, 0
131.07, 0
131.08, 0
131.09, 0
131.1, 0
131.11, 0
131.12, 0
131.13, 0
131.14, 0
131.15, 0
131.16, 0
131.17, 0
131.18, 0
131.19, 0
131.2, 0
131.21, 0
131.22, 0
131.23, 0
131.24, 0
131.25, 0
131.26, 0
131.27, 0
131.28, 0
131.29, 0
131.3, 0
131.31, 0
131.32, 0
131.33, 0
131.34, 0
131.35, 0
131.36, 0
131.37, 0
131.38, 0
131.39, 0
131.4, 0
131.41, 0
131.42, 0
131.43, 0
131.44, 0
131.45, 0
131.46, 0
131.47, 0
131.48, 0
131.49, 0
131.5, 0
131.51, 0
131.52, 0
131.53, 0
131.54, 0
131.55, 0
131.56, 0
131.57, 0
131.58, 0
131.59, 0
131.6, 0
131.61, 0
131.62, 0
131.63, 0
131.64, 0
131.65, 0
131.66, 0
131.67, 0
131.68, 0
131.69, 0
131.7, 0
131.71, 0
131.72, 0
131.73, 0
131.74, 0
131.75, 0
131.76, 0
131.77, 0
131.78, 0
131.79, 0
131.8, 0
131.81, 0
131.82, 0
131.83, 0
131.84, 0
131.85, 0
131.86, 0
131.87, 0
131.88, 0
131.89, 0
131.9, 0
131.91, 0
131.92, 0
131.93, 0
131.94, 0
131.95, 0
131.96, 0
131.97, 0
131.98, 0
131.99, 0
132, 0
132.01, 0
132.02, 0
132.03, 0
132.04, 0
132.05, 0
132.06, 0
132.07, 0
132.08, 0
132.09, 0
132.1, 0
132.11, 0
132.12, 0
132.13, 0
132.14, 0
132.15, 0
132.16, 0
132.17, 0
132.18, 0
132.19, 0
132.2, 0
132.21, 0
132.22, 0
132.23, 0
132.24, 0
132.25, 0
132.26, 0
132.27, 0
132.28, 0
132.29, 0
132.3, 0
132.31, 0
132.32, 0
132.33, 0
132.34, 0
132.35, 0
132.36, 0
132.37, 0
132.38, 0
132.39, 0
132.4, 0
132.41, 0
132.42, 0
132.43, 0
132.44, 0
132.45, 0
132.46, 0
132.47, 0
132.48, 0
132.49, 0
132.5, 0
132.51, 0
132.52, 0
132.53, 0
132.54, 0
132.55, 0
132.56, 0
132.57, 0
132.58, 0
132.59, 0
132.6, 0
132.61, 0
132.62, 0
132.63, 0
132.64, 0
132.65, 0
132.66, 0
132.67, 0
132.68, 0
132.69, 0
132.7, 0
132.71, 0
132.72, 0
132.73, 0
132.74, 0
132.75, 0
132.76, 0
132.77, 0
132.78, 0
132.79, 0
132.8, 0
132.81, 0
132.82, 0
132.83, 0
132.84, 0
132.85, 0
132.86, 0
132.87, 0
132.88, 0
132.89, 0
132.9, 0
132.91, 0
132.92, 0
132.93, 0
132.94, 0
132.95, 0
132.96, 0
132.97, 0
132.98, 0
132.99, 0
133, 0
133.01, 0
133.02, 0
133.03, 0
133.04, 0
133.05, 0
133.06, 0
133.07, 0
133.08, 0
133.09, 0
133.1, 0
133.11, 0
133.12, 0
133.13, 0
133.14, 0
133.15, 0
133.16, 0
133.17, 0
133.18, 0
133.19, 0
133.2, 0
133.21, 0
133.22, 0
133.23, 0
133.24, 0
133.25, 0
133.26, 0
133.27, 0
133.28, 0
133.29, 0
133.3, 0
133.31, 0
133.32, 0
133.33, 0
133.34, 0
133.35, 0
133.36, 0
133.37, 0
133.38, 0
133.39, 0
133.4, 0
133.41, 0
133.42, 0
133.43, 0
133.44, 0
133.45, 0
133.46, 0
133.47, 0
133.48, 0
133.49, 0
133.5, 0
133.51, 0
133.52, 0
133.53, 0
133.54, 0
133.55, 0
133.56, 0
133.57, 0
133.58, 0
133.59, 0
133.6, 0
133.61, 0
133.62, 0
133.63, 0
133.64, 0
133.65, 0
133.66, 0
133.67, 0
133.68, 0
133.69, 0
133.7, 0
133.71, 0
133.72, 0
133.73, 0
133.74, 0
133.75, 0
133.76, 0
133.77, 0
133.78, 0
133.79, 0
133.8, 0
133.81, 0
133.82, 0
133.83, 0
133.84, 0
133.85, 0
133.86, 0
133.87, 0
133.88, 0
133.89, 0
133.9, 0
133.91, 0
133.92, 0
133.93, 0
133.94, 0
133.95, 0
133.96, 0
133.97, 0
133.98, 0
133.99, 0
134, 0
134.01, 0
134.02, 0
134.03, 0
134.04, 0
134.05, 0
134.06, 0
134.07, 0
134.08, 0
134.09, 0
134.1, 0
134.11, 0
134.12, 0
134.13, 0
134.14, 0
134.15, 0
134.16, 0
134.17, 0
134.18, 0
134.19, 0
134.2, 0
134.21, 0
134.22, 0
134.23, 0
134.24, 0
134.25, 0
134.26, 0
134.27, 0
134.28, 0
134.29, 0
134.3, 0
134.31, 0
134.32, 0
134.33, 0
134.34, 0
134.35, 0
134.36, 0
134.37, 0
134.38, 0
134.39, 0
134.4, 0
134.41, 0
134.42, 0
134.43, 0
134.44, 0
134.45, 0
134.46, 0
134.47, 0
134.48, 0
134.49, 0
134.5, 0
134.51, 0
134.52, 0
134.53, 0
134.54, 0
134.55, 0
134.56, 0
134.57, 0
134.58, 0
134.59, 0
134.6, 0
134.61, 0
134.62, 0
134.63, 0
134.64, 0
134.65, 0
134.66, 0
134.67, 0
134.68, 0
134.69, 0
134.7, 0
134.71, 0
134.72, 0
134.73, 0
134.74, 0
134.75, 0
134.76, 0
134.77, 0
134.78, 0
134.79, 0
134.8, 0
134.81, 0
134.82, 0
134.83, 0
134.84, 0
134.85, 0
134.86, 0
134.87, 0
134.88, 0
134.89, 0
134.9, 0
134.91, 0
134.92, 0
134.93, 0
134.94, 0
134.95, 0
134.96, 0
134.97, 0
134.98, 0
134.99, 0
135, 0
135.01, 0
135.02, 0
135.03, 0
135.04, 0
135.05, 0
135.06, 0
135.07, 0
135.08, 0
135.09, 0
135.1, 0
135.11, 0
135.12, 0
135.13, 0
135.14, 0
135.15, 0
135.16, 0
135.17, 0
135.18, 0
135.19, 0
135.2, 0
135.21, 0
135.22, 0
135.23, 0
135.24, 0
135.25, 0
135.26, 0
135.27, 0
135.28, 0
135.29, 0
135.3, 0
135.31, 0
135.32, 0
135.33, 0
135.34, 0
135.35, 0
135.36, 0
135.37, 0
135.38, 0
135.39, 0
135.4, 0
135.41, 0
135.42, 0
135.43, 0
135.44, 0
135.45, 0
135.46, 0
135.47, 0
135.48, 0
135.49, 0
135.5, 0
135.51, 0
135.52, 0
135.53, 0
135.54, 0
135.55, 0
135.56, 0
135.57, 0
135.58, 0
135.59, 0
135.6, 0
135.61, 0
135.62, 0
135.63, 0
135.64, 0
135.65, 0
135.66, 0
135.67, 0
135.68, 0
135.69, 0
135.7, 0
135.71, 0
135.72, 0
135.73, 0
135.74, 0
135.75, 0
135.76, 0
135.77, 0
135.78, 0
135.79, 0
135.8, 0
135.81, 0
135.82, 0
135.83, 0
135.84, 0
135.85, 0
135.86, 0
135.87, 0
135.88, 0
135.89, 0
135.9, 0
135.91, 0
135.92, 0
135.93, 0
135.94, 0
135.95, 0
135.96, 0
135.97, 0
135.98, 0
135.99, 0
136, 0
136.01, 0
136.02, 0
136.03, 0
136.04, 0
136.05, 0
136.06, 0
136.07, 0
136.08, 0
136.09, 0
136.1, 0
136.11, 0
136.12, 0
136.13, 0
136.14, 0
136.15, 0
136.16, 0
136.17, 0
136.18, 0
136.19, 0
136.2, 0
136.21, 0
136.22, 0
136.23, 0
136.24, 0
136.25, 0
136.26, 0
136.27, 0
136.28, 0
136.29, 0
136.3, 0
136.31, 0
136.32, 0
136.33, 0
136.34, 0
136.35, 0
136.36, 0
136.37, 0
136.38, 0
136.39, 0
136.4, 0
136.41, 0
136.42, 0
136.43, 0
136.44, 0
136.45, 0
136.46, 0
136.47, 0
136.48, 0
136.49, 0
136.5, 0
136.51, 0
136.52, 0
136.53, 0
136.54, 0
136.55, 0
136.56, 0
136.57, 0
136.58, 0
136.59, 0
136.6, 0
136.61, 0
136.62, 0
136.63, 0
136.64, 0
136.65, 0
136.66, 0
136.67, 0
136.68, 0
136.69, 0
136.7, 0
136.71, 0
136.72, 0
136.73, 0
136.74, 0
136.75, 0
136.76, 0
136.77, 0
136.78, 0
136.79, 0
136.8, 0
136.81, 0
136.82, 0
136.83, 0
136.84, 0
136.85, 0
136.86, 0
136.87, 0
136.88, 0
136.89, 0
136.9, 0
136.91, 0
136.92, 0
136.93, 0
136.94, 0
136.95, 0
136.96, 0
136.97, 0
136.98, 0
136.99, 0
137, 0
137.01, 0
137.02, 0
137.03, 0
137.04, 0
137.05, 0
137.06, 0
137.07, 0
137.08, 0
137.09, 0
137.1, 0
137.11, 0
137.12, 0
137.13, 0
137.14, 0
137.15, 0
137.16, 0
137.17, 0
137.18, 0
137.19, 0
137.2, 0
137.21, 0
137.22, 0
137.23, 0
137.24, 0
137.25, 0
137.26, 0
137.27, 0
137.28, 0
137.29, 0
137.3, 0
137.31, 0
137.32, 0
137.33, 0
137.34, 0
137.35, 0
137.36, 0
137.37, 0
137.38, 0
137.39, 0
137.4, 0
137.41, 0
137.42, 0
137.43, 0
137.44, 0
137.45, 0
137.46, 0
137.47, 0
137.48, 0
137.49, 0
137.5, 0
137.51, 0
137.52, 0
137.53, 0
137.54, 0
137.55, 0
137.56, 0
137.57, 0
137.58, 0
137.59, 0
137.6, 0
137.61, 0
137.62, 0
137.63, 0
137.64, 0
137.65, 0
137.66, 0
137.67, 0
137.68, 0
137.69, 0
137.7, 0
137.71, 0
137.72, 0
137.73, 0
137.74, 0
137.75, 0
137.76, 0
137.77, 0
137.78, 0
137.79, 0
137.8, 0
137.81, 0
137.82, 0
137.83, 0
137.84, 0
137.85, 0
137.86, 0
137.87, 0
137.88, 0
137.89, 0
137.9, 0
137.91, 0
137.92, 0
137.93, 0
137.94, 0
137.95, 0
137.96, 0
137.97, 0
137.98, 0
137.99, 0
138, 0
138.01, 0
138.02, 0
138.03, 0
138.04, 0
138.05, 0
138.06, 0
138.07, 0
138.08, 0
138.09, 0
138.1, 0
138.11, 0
138.12, 0
138.13, 0
138.14, 0
138.15, 0
138.16, 0
138.17, 0
138.18, 0
138.19, 0
138.2, 0
138.21, 0
138.22, 0
138.23, 0
138.24, 0
138.25, 0
138.26, 0
138.27, 0
138.28, 0
138.29, 0
138.3, 0
138.31, 0
138.32, 0
138.33, 0
138.34, 0
138.35, 0
138.36, 0
138.37, 0
138.38, 0
138.39, 0
138.4, 0
138.41, 0
138.42, 0
138.43, 0
138.44, 0
138.45, 0
138.46, 0
138.47, 0
138.48, 0
138.49, 0
138.5, 0
138.51, 0
138.52, 0
138.53, 0
138.54, 0
138.55, 0
138.56, 0
138.57, 0
138.58, 0
138.59, 0
138.6, 0
138.61, 0
138.62, 0
138.63, 0
138.64, 0
138.65, 0
138.66, 0
138.67, 0
138.68, 0
138.69, 0
138.7, 0
138.71, 0
138.72, 0
138.73, 0
138.74, 0
138.75, 0
138.76, 0
138.77, 0
138.78, 0
138.79, 0
138.8, 0
138.81, 0
138.82, 0
138.83, 0
138.84, 0
138.85, 0
138.86, 0
138.87, 0
138.88, 0
138.89, 0
138.9, 0
138.91, 0
138.92, 0
138.93, 0
138.94, 0
138.95, 0
138.96, 0
138.97, 0
138.98, 0
138.99, 0
139, 0
139.01, 0
139.02, 0
139.03, 0
139.04, 0
139.05, 0
139.06, 0
139.07, 0
139.08, 0
139.09, 0
139.1, 0
139.11, 0
139.12, 0
139.13, 0
139.14, 0
139.15, 0
139.16, 0
139.17, 0
139.18, 0
139.19, 0
139.2, 0
139.21, 0
139.22, 0
139.23, 0
139.24, 0
139.25, 0
139.26, 0
139.27, 0
139.28, 0
139.29, 0
139.3, 0
139.31, 0
139.32, 0
139.33, 0
139.34, 0
139.35, 0
139.36, 0
139.37, 0
139.38, 0
139.39, 0
139.4, 0
139.41, 0
139.42, 0
139.43, 0
139.44, 0
139.45, 0
139.46, 0
139.47, 0
139.48, 0
139.49, 0
139.5, 0
139.51, 0
139.52, 0
139.53, 0
139.54, 0
139.55, 0
139.56, 0
139.57, 0
139.58, 0
139.59, 0
139.6, 0
139.61, 0
139.62, 0
139.63, 0
139.64, 0
139.65, 0
139.66, 0
139.67, 0
139.68, 0
139.69, 0
139.7, 0
139.71, 0
139.72, 0
139.73, 0
139.74, 0
139.75, 0
139.76, 0
139.77, 0
139.78, 0
139.79, 0
139.8, 0
139.81, 0
139.82, 0
139.83, 0
139.84, 0
139.85, 0
139.86, 0
139.87, 0
139.88, 0
139.89, 0
139.9, 0
139.91, 0
139.92, 0
139.93, 0
139.94, 0
139.95, 0
139.96, 0
139.97, 0
139.98, 0
139.99, 0
140, 0
140.01, 0
140.02, 0
140.03, 0
140.04, 0
140.05, 0
140.06, 0
140.07, 0
140.08, 0
140.09, 0
140.1, 0
140.11, 0
140.12, 0
140.13, 0
140.14, 0
140.15, 0
140.16, 0
140.17, 0
140.18, 0
140.19, 0
140.2, 0
140.21, 0
140.22, 0
140.23, 0
140.24, 0
140.25, 0
140.26, 0
140.27, 0
140.28, 0
140.29, 0
140.3, 0
140.31, 0
140.32, 0
140.33, 0
140.34, 0
140.35, 0
140.36, 0
140.37, 0
140.38, 0
140.39, 0
140.4, 0
140.41, 0
140.42, 0
140.43, 0
140.44, 0
140.45, 0
140.46, 0
140.47, 0
140.48, 0
140.49, 0
140.5, 0
140.51, 0
140.52, 0
140.53, 0
140.54, 0
140.55, 0
140.56, 0
140.57, 0
140.58, 0
140.59, 0
140.6, 0
140.61, 0
140.62, 0
140.63, 0
140.64, 0
140.65, 0
140.66, 0
140.67, 0
140.68, 0
140.69, 0
140.7, 0
140.71, 0
140.72, 0
140.73, 0
140.74, 0
140.75, 0
140.76, 0
140.77, 0
140.78, 0
140.79, 0
140.8, 0
140.81, 0
140.82, 0
140.83, 0
140.84, 0
140.85, 0
140.86, 0
140.87, 0
140.88, 0
140.89, 0
140.9, 0
140.91, 0
140.92, 0
140.93, 0
140.94, 0
140.95, 0
140.96, 0
140.97, 0
140.98, 0
140.99, 0
141, 0
141.01, 0
141.02, 0
141.03, 0
141.04, 0
141.05, 0
141.06, 0
141.07, 0
141.08, 0
141.09, 0
141.1, 0
141.11, 0
141.12, 0
141.13, 0
141.14, 0
141.15, 0
141.16, 0
141.17, 0
141.18, 0
141.19, 0
141.2, 0
141.21, 0
141.22, 0
141.23, 0
141.24, 0
141.25, 0
141.26, 0
141.27, 0
141.28, 0
141.29, 0
141.3, 0
141.31, 0
141.32, 0
141.33, 0
141.34, 0
141.35, 0
141.36, 0
141.37, 0
141.38, 0
141.39, 0
141.4, 0
141.41, 0
141.42, 0
141.43, 0
141.44, 0
141.45, 0
141.46, 0
141.47, 0
141.48, 0
141.49, 0
141.5, 0
141.51, 0
141.52, 0
141.53, 0
141.54, 0
141.55, 0
141.56, 0
141.57, 0
141.58, 0
141.59, 0
141.6, 0
141.61, 0
141.62, 0
141.63, 0
141.64, 0
141.65, 0
141.66, 0
141.67, 0
141.68, 0
141.69, 0
141.7, 0
141.71, 0
141.72, 0
141.73, 0
141.74, 0
141.75, 0
141.76, 0
141.77, 0
141.78, 0
141.79, 0
141.8, 0
141.81, 0
141.82, 0
141.83, 0
141.84, 0
141.85, 0
141.86, 0
141.87, 0
141.88, 0
141.89, 0
141.9, 0
141.91, 0
141.92, 0
141.93, 0
141.94, 0
141.95, 0
141.96, 0
141.97, 0
141.98, 0
141.99, 0
142, 0
142.01, 0
142.02, 0
142.03, 0
142.04, 0
142.05, 0
142.06, 0
142.07, 0
142.08, 0
142.09, 0
142.1, 0
142.11, 0
142.12, 0
142.13, 0
142.14, 0
142.15, 0
142.16, 0
142.17, 0
142.18, 0
142.19, 0
142.2, 0
142.21, 0
142.22, 0
142.23, 0
142.24, 0
142.25, 0
142.26, 0
142.27, 0
142.28, 0
142.29, 0
142.3, 0
142.31, 0
142.32, 0
142.33, 0
142.34, 0
142.35, 0
142.36, 0
142.37, 0
142.38, 0
142.39, 0
142.4, 0
142.41, 0
142.42, 0
142.43, 0
142.44, 0
142.45, 0
142.46, 0
142.47, 0
142.48, 0
142.49, 0
142.5, 0
142.51, 0
142.52, 0
142.53, 0
142.54, 0
142.55, 0
142.56, 0
142.57, 0
142.58, 0
142.59, 0
142.6, 0
142.61, 0
142.62, 0
142.63, 0
142.64, 0
142.65, 0
142.66, 0
142.67, 0
142.68, 0
142.69, 0
142.7, 0
142.71, 0
142.72, 0
142.73, 0
142.74, 0
142.75, 0
142.76, 0
142.77, 0
142.78, 0
142.79, 0
142.8, 0
142.81, 0
142.82, 0
142.83, 0
142.84, 0
142.85, 0
142.86, 0
142.87, 0
142.88, 0
142.89, 0
142.9, 0
142.91, 0
142.92, 0
142.93, 0
142.94, 0
142.95, 0
142.96, 0
142.97, 0
142.98, 0
142.99, 0
143, 0
143.01, 0
143.02, 0
143.03, 0
143.04, 0
143.05, 0
143.06, 0
143.07, 0
143.08, 0
143.09, 0
143.1, 0
143.11, 0
143.12, 0
143.13, 0
143.14, 0
143.15, 0
143.16, 0
143.17, 0
143.18, 0
143.19, 0
143.2, 0
143.21, 0
143.22, 0
143.23, 0
143.24, 0
143.25, 0
143.26, 0
143.27, 0
143.28, 0
143.29, 0
143.3, 0
143.31, 0
143.32, 0
143.33, 0
143.34, 0
143.35, 0
143.36, 0
143.37, 0
143.38, 0
143.39, 0
143.4, 0
143.41, 0
143.42, 0
143.43, 0
143.44, 0
143.45, 0
143.46, 0
143.47, 0
143.48, 0
143.49, 0
143.5, 0
143.51, 0
143.52, 0
143.53, 0
143.54, 0
143.55, 0
143.56, 0
143.57, 0
143.58, 0
143.59, 0
143.6, 0
143.61, 0
143.62, 0
143.63, 0
143.64, 0
143.65, 0
143.66, 0
143.67, 0
143.68, 0
143.69, 0
143.7, 0
143.71, 0
143.72, 0
143.73, 0
143.74, 0
143.75, 0
143.76, 0
143.77, 0
143.78, 0
143.79, 0
143.8, 0
143.81, 0
143.82, 0
143.83, 0
143.84, 0
143.85, 0
143.86, 0
143.87, 0
143.88, 0
143.89, 0
143.9, 0
143.91, 0
143.92, 0
143.93, 0
143.94, 0
143.95, 0
143.96, 0
143.97, 0
143.98, 0
143.99, 0
144, 0
144.01, 0
144.02, 0
144.03, 0
144.04, 0
144.05, 0
144.06, 0
144.07, 0
144.08, 0
144.09, 0
144.1, 0
144.11, 0
144.12, 0
144.13, 0
144.14, 0
144.15, 0
144.16, 0
144.17, 0
144.18, 0
144.19, 0
144.2, 0
144.21, 0
144.22, 0
144.23, 0
144.24, 0
144.25, 0
144.26, 0
144.27, 0
144.28, 0
144.29, 0
144.3, 0
144.31, 0
144.32, 0
144.33, 0
144.34, 0
144.35, 0
144.36, 0
144.37, 0
144.38, 0
144.39, 0
144.4, 0
144.41, 0
144.42, 0
144.43, 0
144.44, 0
144.45, 0
144.46, 0
144.47, 0
144.48, 0
144.49, 0
144.5, 0
144.51, 0
144.52, 0
144.53, 0
144.54, 0
144.55, 0
144.56, 0
144.57, 0
144.58, 0
144.59, 0
144.6, 0
144.61, 0
144.62, 0
144.63, 0
144.64, 0
144.65, 0
144.66, 0
144.67, 0
144.68, 0
144.69, 0
144.7, 0
144.71, 0
144.72, 0
144.73, 0
144.74, 0
144.75, 0
144.76, 0
144.77, 0
144.78, 0
144.79, 0
144.8, 0
144.81, 0
144.82, 0
144.83, 0
144.84, 0
144.85, 0
144.86, 0
144.87, 0
144.88, 0
144.89, 0
144.9, 0
144.91, 0
144.92, 0
144.93, 0
144.94, 0
144.95, 0
144.96, 0
144.97, 0
144.98, 0
144.99, 0
145, 0
145.01, 0
145.02, 0
145.03, 0
145.04, 0
145.05, 0
145.06, 0
145.07, 0
145.08, 0
145.09, 0
145.1, 0
145.11, 0
145.12, 0
145.13, 0
145.14, 0
145.15, 0
145.16, 0
145.17, 0
145.18, 0
145.19, 0
145.2, 0
145.21, 0
145.22, 0
145.23, 0
145.24, 0
145.25, 0
145.26, 0
145.27, 0
145.28, 0
145.29, 0
145.3, 0
145.31, 0
145.32, 0
145.33, 0
145.34, 0
145.35, 0
145.36, 0
145.37, 0
145.38, 0
145.39, 0
145.4, 0
145.41, 0
145.42, 0
145.43, 0
145.44, 0
145.45, 0
145.46, 0
145.47, 0
145.48, 0
145.49, 0
145.5, 0
145.51, 0
145.52, 0
145.53, 0
145.54, 0
145.55, 0
145.56, 0
145.57, 0
145.58, 0
145.59, 0
145.6, 0
145.61, 0
145.62, 0
145.63, 0
145.64, 0
145.65, 0
145.66, 0
145.67, 0
145.68, 0
145.69, 0
145.7, 0
145.71, 0
145.72, 0
145.73, 0
145.74, 0
145.75, 0
145.76, 0
145.77, 0
145.78, 0
145.79, 0
145.8, 0
145.81, 0
145.82, 0
145.83, 0
145.84, 0
145.85, 0
145.86, 0
145.87, 0
145.88, 0
145.89, 0
145.9, 0
145.91, 0
145.92, 0
145.93, 0
145.94, 0
145.95, 0
145.96, 0
145.97, 0
145.98, 0
145.99, 0
146, 0
146.01, 0
146.02, 0
146.03, 0
146.04, 0
146.05, 0
146.06, 0
146.07, 0
146.08, 0
146.09, 0
146.1, 0
146.11, 0
146.12, 0
146.13, 0
146.14, 0
146.15, 0
146.16, 0
146.17, 0
146.18, 0
146.19, 0
146.2, 0
146.21, 0
146.22, 0
146.23, 0
146.24, 0
146.25, 0
146.26, 0
146.27, 0
146.28, 0
146.29, 0
146.3, 0
146.31, 0
146.32, 0
146.33, 0
146.34, 0
146.35, 0
146.36, 0
146.37, 0
146.38, 0
146.39, 0
146.4, 0
146.41, 0
146.42, 0
146.43, 0
146.44, 0
146.45, 0
146.46, 0
146.47, 0
146.48, 0
146.49, 0
146.5, 0
146.51, 0
146.52, 0
146.53, 0
146.54, 0
146.55, 0
146.56, 0
146.57, 0
146.58, 0
146.59, 0
146.6, 0
146.61, 0
146.62, 0
146.63, 0
146.64, 0
146.65, 0
146.66, 0
146.67, 0
146.68, 0
146.69, 0
146.7, 0
146.71, 0
146.72, 0
146.73, 0
146.74, 0
146.75, 0
146.76, 0
146.77, 0
146.78, 0
146.79, 0
146.8, 0
146.81, 0
146.82, 0
146.83, 0
146.84, 0
146.85, 0
146.86, 0
146.87, 0
146.88, 0
146.89, 0
146.9, 0
146.91, 0
146.92, 0
146.93, 0
146.94, 0
146.95, 0
146.96, 0
146.97, 0
146.98, 0
146.99, 0
147, 0
147.01, 0
147.02, 0
147.03, 0
147.04, 0
147.05, 0
147.06, 0
147.07, 0
147.08, 0
147.09, 0
147.1, 0
147.11, 0
147.12, 0
147.13, 0
147.14, 0
147.15, 0
147.16, 0
147.17, 0
147.18, 0
147.19, 0
147.2, 0
147.21, 0
147.22, 0
147.23, 0
147.24, 0
147.25, 0
147.26, 0
147.27, 0
147.28, 0
147.29, 0
147.3, 0
147.31, 0
147.32, 0
147.33, 0
147.34, 0
147.35, 0
147.36, 0
147.37, 0
147.38, 0
147.39, 0
147.4, 0
147.41, 0
147.42, 0
147.43, 0
147.44, 0
147.45, 0
147.46, 0
147.47, 0
147.48, 0
147.49, 0
147.5, 0
147.51, 0
147.52, 0
147.53, 0
147.54, 0
147.55, 0
147.56, 0
147.57, 0
147.58, 0
147.59, 0
147.6, 0
147.61, 0
147.62, 0
147.63, 0
147.64, 0
147.65, 0
147.66, 0
147.67, 0
147.68, 0
147.69, 0
147.7, 0
147.71, 0
147.72, 0
147.73, 0
147.74, 0
147.75, 0
147.76, 0
147.77, 0
147.78, 0
147.79, 0
147.8, 0
147.81, 0
147.82, 0
147.83, 0
147.84, 0
147.85, 0
147.86, 0
147.87, 0
147.88, 0
147.89, 0
147.9, 0
147.91, 0
147.92, 0
147.93, 0
147.94, 0
147.95, 0
147.96, 0
147.97, 0
147.98, 0
147.99, 0
148, 0
148.01, 0
148.02, 0
148.03, 0
148.04, 0
148.05, 0
148.06, 0
148.07, 0
148.08, 0
148.09, 0
148.1, 0
148.11, 0
148.12, 0
148.13, 0
148.14, 0
148.15, 0
148.16, 0
148.17, 0
148.18, 0
148.19, 0
148.2, 0
148.21, 0
148.22, 0
148.23, 0
148.24, 0
148.25, 0
148.26, 0
148.27, 0
148.28, 0
148.29, 0
148.3, 0
148.31, 0
148.32, 0
148.33, 0
148.34, 0
148.35, 0
148.36, 0
148.37, 0
148.38, 0
148.39, 0
148.4, 0
148.41, 0
148.42, 0
148.43, 0
148.44, 0
148.45, 0
148.46, 0
148.47, 0
148.48, 0
148.49, 0
148.5, 0
148.51, 0
148.52, 0
148.53, 0
148.54, 0
148.55, 0
148.56, 0
148.57, 0
148.58, 0
148.59, 0
148.6, 0
148.61, 0
148.62, 0
148.63, 0
148.64, 0
148.65, 0
148.66, 0
148.67, 0
148.68, 0
148.69, 0
148.7, 0
148.71, 0
148.72, 0
148.73, 0
148.74, 0
148.75, 0
148.76, 0
148.77, 0
148.78, 0
148.79, 0
148.8, 0
148.81, 0
148.82, 0
148.83, 0
148.84, 0
148.85, 0
148.86, 0
148.87, 0
148.88, 0
148.89, 0
148.9, 0
148.91, 0
148.92, 0
148.93, 0
148.94, 0
148.95, 0
148.96, 0
148.97, 0
148.98, 0
148.99, 0
149, 0
149.01, 0
149.02, 0
149.03, 0
149.04, 0
149.05, 0
149.06, 0
149.07, 0
149.08, 0
149.09, 0
149.1, 0
149.11, 0
149.12, 0
149.13, 0
149.14, 0
149.15, 0
149.16, 0
149.17, 0
149.18, 0
149.19, 0
149.2, 0
149.21, 0
149.22, 0
149.23, 0
149.24, 0
149.25, 0
149.26, 0
149.27, 0
149.28, 0
149.29, 0
149.3, 0
149.31, 0
149.32, 0
149.33, 0
149.34, 0
149.35, 0
149.36, 0
149.37, 0
149.38, 0
149.39, 0
149.4, 0
149.41, 0
149.42, 0
149.43, 0
149.44, 0
149.45, 0
149.46, 0
149.47, 0
149.48, 0
149.49, 0
149.5, 0
149.51, 0
149.52, 0
149.53, 0
149.54, 0
149.55, 0
149.56, 0
149.57, 0
149.58, 0
149.59, 0
149.6, 0
149.61, 0
149.62, 0
149.63, 0
149.64, 0
149.65, 0
149.66, 0
149.67, 0
149.68, 0
149.69, 0
149.7, 0
149.71, 0
149.72, 0
149.73, 0
149.74, 0
149.75, 0
149.76, 0
149.77, 0
149.78, 0
149.79, 0
149.8, 0
149.81, 0
149.82, 0
149.83, 0
149.84, 0
149.85, 0
149.86, 0
149.87, 0
149.88, 0
149.89, 0
149.9, 0
149.91, 0
149.92, 0
149.93, 0
149.94, 0
149.95, 0
149.96, 0
149.97, 0
149.98, 0
149.99, 0
150, 0
150.01, 0
150.02, 0
150.03, 0
150.04, 0
150.05, 0
150.06, 0
150.07, 0
150.08, 0
150.09, 0
150.1, 0
150.11, 0
150.12, 0
150.13, 0
150.14, 0
150.15, 0
150.16, 0
150.17, 0
150.18, 0
150.19, 0
150.2, 0
150.21, 0
150.22, 0
150.23, 0
150.24, 0
150.25, 0
150.26, 0
150.27, 0
150.28, 0
150.29, 0
150.3, 0
150.31, 0
150.32, 0
150.33, 0
150.34, 0
150.35, 0
150.36, 0
150.37, 0
150.38, 0
150.39, 0
150.4, 0
150.41, 0
150.42, 0
150.43, 0
150.44, 0
150.45, 0
150.46, 0
150.47, 0
150.48, 0
150.49, 0
150.5, 0
150.51, 0
150.52, 0
150.53, 0
150.54, 0
150.55, 0
150.56, 0
150.57, 0
150.58, 0
150.59, 0
150.6, 0
150.61, 0
150.62, 0
150.63, 0
150.64, 0
150.65, 0
150.66, 0
150.67, 0
150.68, 0
150.69, 0
150.7, 0
150.71, 0
150.72, 0
150.73, 0
150.74, 0
150.75, 0
150.76, 0
150.77, 0
150.78, 0
150.79, 0
150.8, 0
150.81, 0
150.82, 0
150.83, 0
150.84, 0
150.85, 0
150.86, 0
150.87, 0
150.88, 0
150.89, 0
150.9, 0
150.91, 0
150.92, 0
150.93, 0
150.94, 0
150.95, 0
150.96, 0
150.97, 0
150.98, 0
150.99, 0
151, 0
151.01, 0
151.02, 0
151.03, 0
151.04, 0
151.05, 0
151.06, 0
151.07, 0
151.08, 0
151.09, 0
151.1, 0
151.11, 0
151.12, 0
151.13, 0
151.14, 0
151.15, 0
151.16, 0
151.17, 0
151.18, 0
151.19, 0
151.2, 0
151.21, 0
151.22, 0
151.23, 0
151.24, 0
151.25, 0
151.26, 0
151.27, 0
151.28, 0
151.29, 0
151.3, 0
151.31, 0
151.32, 0
151.33, 0
151.34, 0
151.35, 0
151.36, 0
151.37, 0
151.38, 0
151.39, 0
151.4, 0
151.41, 0
151.42, 0
151.43, 0
151.44, 0
151.45, 0
151.46, 0
151.47, 0
151.48, 0
151.49, 0
151.5, 0
151.51, 0
151.52, 0
151.53, 0
151.54, 0
151.55, 0
151.56, 0
151.57, 0
151.58, 0
151.59, 0
151.6, 0
151.61, 0
151.62, 0
151.63, 0
151.64, 0
151.65, 0
151.66, 0
151.67, 0
151.68, 0
151.69, 0
151.7, 0
151.71, 0
151.72, 0
151.73, 0
151.74, 0
151.75, 0
151.76, 0
151.77, 0
151.78, 0
151.79, 0
151.8, 0
151.81, 0
151.82, 0
151.83, 0
151.84, 0
151.85, 0
151.86, 0
151.87, 0
151.88, 0
151.89, 0
151.9, 0
151.91, 0
151.92, 0
151.93, 0
151.94, 0
151.95, 0
151.96, 0
151.97, 0
151.98, 0
151.99, 0
152, 0
152.01, 0
152.02, 0
152.03, 0
152.04, 0
152.05, 0
152.06, 0
152.07, 0
152.08, 0
152.09, 0
152.1, 0
152.11, 0
152.12, 0
152.13, 0
152.14, 0
152.15, 0
152.16, 0
152.17, 0
152.18, 0
152.19, 0
152.2, 0
152.21, 0
152.22, 0
152.23, 0
152.24, 0
152.25, 0
152.26, 0
152.27, 0
152.28, 0
152.29, 0
152.3, 0
152.31, 0
152.32, 0
152.33, 0
152.34, 0
152.35, 0
152.36, 0
152.37, 0
152.38, 0
152.39, 0
152.4, 0
152.41, 0
152.42, 0
152.43, 0
152.44, 0
152.45, 0
152.46, 0
152.47, 0
152.48, 0
152.49, 0
152.5, 0
152.51, 0
152.52, 0
152.53, 0
152.54, 0
152.55, 0
152.56, 0
152.57, 0
152.58, 0
152.59, 0
152.6, 0
152.61, 0
152.62, 0
152.63, 0
152.64, 0
152.65, 0
152.66, 0
152.67, 0
152.68, 0
152.69, 0
152.7, 0
152.71, 0
152.72, 0
152.73, 0
152.74, 0
152.75, 0
152.76, 0
152.77, 0
152.78, 0
152.79, 0
152.8, 0
152.81, 0
152.82, 0
152.83, 0
152.84, 0
152.85, 0
152.86, 0
152.87, 0
152.88, 0
152.89, 0
152.9, 0
152.91, 0
152.92, 0
152.93, 0
152.94, 0
152.95, 0
152.96, 0
152.97, 0
152.98, 0
152.99, 0
153, 0
153.01, 0
153.02, 0
153.03, 0
153.04, 0
153.05, 0
153.06, 0
153.07, 0
153.08, 0
153.09, 0
153.1, 0
153.11, 0
153.12, 0
153.13, 0
153.14, 0
153.15, 0
153.16, 0
153.17, 0
153.18, 0
153.19, 0
153.2, 0
153.21, 0
153.22, 0
153.23, 0
153.24, 0
153.25, 0
153.26, 0
153.27, 0
153.28, 0
153.29, 0
153.3, 0
153.31, 0
153.32, 0
153.33, 0
153.34, 0
153.35, 0
153.36, 0
153.37, 0
153.38, 0
153.39, 0
153.4, 0
153.41, 0
153.42, 0
153.43, 0
153.44, 0
153.45, 0
153.46, 0
153.47, 0
153.48, 0
153.49, 0
153.5, 0
153.51, 0
153.52, 0
153.53, 0
153.54, 0
153.55, 0
153.56, 0
153.57, 0
153.58, 0
153.59, 0
153.6, 0
153.61, 0
153.62, 0
153.63, 0
153.64, 0
153.65, 0
153.66, 0
153.67, 0
153.68, 0
153.69, 0
153.7, 0
153.71, 0
153.72, 0
153.73, 0
153.74, 0
153.75, 0
153.76, 0
153.77, 0
153.78, 0
153.79, 0
153.8, 0
153.81, 0
153.82, 0
153.83, 0
153.84, 0
153.85, 0
153.86, 0
153.87, 0
153.88, 0
153.89, 0
153.9, 0
153.91, 0
153.92, 0
153.93, 0
153.94, 0
153.95, 0
153.96, 0
153.97, 0
153.98, 0
153.99, 0
154, 0
154.01, 0
154.02, 0
154.03, 0
154.04, 0
154.05, 0
154.06, 0
154.07, 0
154.08, 0
154.09, 0
154.1, 0
154.11, 0
154.12, 0
154.13, 0
154.14, 0
154.15, 0
154.16, 0
154.17, 0
154.18, 0
154.19, 0
154.2, 0
154.21, 0
154.22, 0
154.23, 0
154.24, 0
154.25, 0
154.26, 0
154.27, 0
154.28, 0
154.29, 0
154.3, 0
154.31, 0
154.32, 0
154.33, 0
154.34, 0
154.35, 0
154.36, 0
154.37, 0
154.38, 0
154.39, 0
154.4, 0
154.41, 0
154.42, 0
154.43, 0
154.44, 0
154.45, 0
154.46, 0
154.47, 0
154.48, 0
154.49, 0
154.5, 0
154.51, 0
154.52, 0
154.53, 0
154.54, 0
154.55, 0
154.56, 0
154.57, 0
154.58, 0
154.59, 0
154.6, 0
154.61, 0
154.62, 0
154.63, 0
154.64, 0
154.65, 0
154.66, 0
154.67, 0
154.68, 0
154.69, 0
154.7, 0
154.71, 0
154.72, 0
154.73, 0
154.74, 0
154.75, 0
154.76, 0
154.77, 0
154.78, 0
154.79, 0
154.8, 0
154.81, 0
154.82, 0
154.83, 0
154.84, 0
154.85, 0
154.86, 0
154.87, 0
154.88, 0
154.89, 0
154.9, 0
154.91, 0
154.92, 0
154.93, 0
154.94, 0
154.95, 0
154.96, 0
154.97, 0
154.98, 0
154.99, 0
155, 0
155.01, 0
155.02, 0
155.03, 0
155.04, 0
155.05, 0
155.06, 0
155.07, 0
155.08, 0
155.09, 0
155.1, 0
155.11, 0
155.12, 0
155.13, 0
155.14, 0
155.15, 0
155.16, 0
155.17, 0
155.18, 0
155.19, 0
155.2, 0
155.21, 0
155.22, 0
155.23, 0
155.24, 0
155.25, 0
155.26, 0
155.27, 0
155.28, 0
155.29, 0
155.3, 0
155.31, 0
155.32, 0
155.33, 0
155.34, 0
155.35, 0
155.36, 0
155.37, 0
155.38, 0
155.39, 0
155.4, 0
155.41, 0
155.42, 0
155.43, 0
155.44, 0
155.45, 0
155.46, 0
155.47, 0
155.48, 0
155.49, 0
155.5, 0
155.51, 0
155.52, 0
155.53, 0
155.54, 0
155.55, 0
155.56, 0
155.57, 0
155.58, 0
155.59, 0
155.6, 0
155.61, 0
155.62, 0
155.63, 0
155.64, 0
155.65, 0
155.66, 0
155.67, 0
155.68, 0
155.69, 0
155.7, 0
155.71, 0
155.72, 0
155.73, 0
155.74, 0
155.75, 0
155.76, 0
155.77, 0
155.78, 0
155.79, 0
155.8, 0
155.81, 0
155.82, 0
155.83, 0
155.84, 0
155.85, 0
155.86, 0
155.87, 0
155.88, 0
155.89, 0
155.9, 0
155.91, 0
155.92, 0
155.93, 0
155.94, 0
155.95, 0
155.96, 0
155.97, 0
155.98, 0
155.99, 0
156, 0
156.01, 0
156.02, 0
156.03, 0
156.04, 0
156.05, 0
156.06, 0
156.07, 0
156.08, 0
156.09, 0
156.1, 0
156.11, 0
156.12, 0
156.13, 0
156.14, 0
156.15, 0
156.16, 0
156.17, 0
156.18, 0
156.19, 0
156.2, 0
156.21, 0
156.22, 0
156.23, 0
156.24, 0
156.25, 0
156.26, 0
156.27, 0
156.28, 0
156.29, 0
156.3, 0
156.31, 0
156.32, 0
156.33, 0
156.34, 0
156.35, 0
156.36, 0
156.37, 0
156.38, 0
156.39, 0
156.4, 0
156.41, 0
156.42, 0
156.43, 0
156.44, 0
156.45, 0
156.46, 0
156.47, 0
156.48, 0
156.49, 0
156.5, 0
156.51, 0
156.52, 0
156.53, 0
156.54, 0
156.55, 0
156.56, 0
156.57, 0
156.58, 0
156.59, 0
156.6, 0
156.61, 0
156.62, 0
156.63, 0
156.64, 0
156.65, 0
156.66, 0
156.67, 0
156.68, 0
156.69, 0
156.7, 0
156.71, 0
156.72, 0
156.73, 0
156.74, 0
156.75, 0
156.76, 0
156.77, 0
156.78, 0
156.79, 0
156.8, 0
156.81, 0
156.82, 0
156.83, 0
156.84, 0
156.85, 0
156.86, 0
156.87, 0
156.88, 0
156.89, 0
156.9, 0
156.91, 0
156.92, 0
156.93, 0
156.94, 0
156.95, 0
156.96, 0
156.97, 0
156.98, 0
156.99, 0
157, 0
157.01, 0
157.02, 0
157.03, 0
157.04, 0
157.05, 0
157.06, 0
157.07, 0
157.08, 0
157.09, 0
157.1, 0
157.11, 0
157.12, 0
157.13, 0
157.14, 0
157.15, 0
157.16, 0
157.17, 0
157.18, 0
157.19, 0
157.2, 0
157.21, 0
157.22, 0
157.23, 0
157.24, 0
157.25, 0
157.26, 0
157.27, 0
157.28, 0
157.29, 0
157.3, 0
157.31, 0
157.32, 0
157.33, 0
157.34, 0
157.35, 0
157.36, 0
157.37, 0
157.38, 0
157.39, 0
157.4, 0
157.41, 0
157.42, 0
157.43, 0
157.44, 0
157.45, 0
157.46, 0
157.47, 0
157.48, 0
157.49, 0
157.5, 0
157.51, 0
157.52, 0
157.53, 0
157.54, 0
157.55, 0
157.56, 0
157.57, 0
157.58, 0
157.59, 0
157.6, 0
157.61, 0
157.62, 0
157.63, 0
157.64, 0
157.65, 0
157.66, 0
157.67, 0
157.68, 0
157.69, 0
157.7, 0
157.71, 0
157.72, 0
157.73, 0
157.74, 0
157.75, 0
157.76, 0
157.77, 0
157.78, 0
157.79, 0
157.8, 0
157.81, 0
157.82, 0
157.83, 0
157.84, 0
157.85, 0
157.86, 0
157.87, 0
157.88, 0
157.89, 0
157.9, 0
157.91, 0
157.92, 0
157.93, 0
157.94, 0
157.95, 0
157.96, 0
157.97, 0
157.98, 0
157.99, 0
158, 0
158.01, 0
158.02, 0
158.03, 0
158.04, 0
158.05, 0
158.06, 0
158.07, 0
158.08, 0
158.09, 0
158.1, 0
158.11, 0
158.12, 0
158.13, 0
158.14, 0
158.15, 0
158.16, 0
158.17, 0
158.18, 0
158.19, 0
158.2, 0
158.21, 0
158.22, 0
158.23, 0
158.24, 0
158.25, 0
158.26, 0
158.27, 0
158.28, 0
158.29, 0
158.3, 0
158.31, 0
158.32, 0
158.33, 0
158.34, 0
158.35, 0
158.36, 0
158.37, 0
158.38, 0
158.39, 0
158.4, 0
158.41, 0
158.42, 0
158.43, 0
158.44, 0
158.45, 0
158.46, 0
158.47, 0
158.48, 0
158.49, 0
158.5, 0
158.51, 0
158.52, 0
158.53, 0
158.54, 0
158.55, 0
158.56, 0
158.57, 0
158.58, 0
158.59, 0
158.6, 0
158.61, 0
158.62, 0
158.63, 0
158.64, 0
158.65, 0
158.66, 0
158.67, 0
158.68, 0
158.69, 0
158.7, 0
158.71, 0
158.72, 0
158.73, 0
158.74, 0
158.75, 0
158.76, 0
158.77, 0
158.78, 0
158.79, 0
158.8, 0
158.81, 0
158.82, 0
158.83, 0
158.84, 0
158.85, 0
158.86, 0
158.87, 0
158.88, 0
158.89, 0
158.9, 0
158.91, 0
158.92, 0
158.93, 0
158.94, 0
158.95, 0
158.96, 0
158.97, 0
158.98, 0
158.99, 0
159, 0
159.01, 0
159.02, 0
159.03, 0
159.04, 0
159.05, 0
159.06, 0
159.07, 0
159.08, 0
159.09, 0
159.1, 0
159.11, 0
159.12, 0
159.13, 0
159.14, 0
159.15, 0
159.16, 0
159.17, 0
159.18, 0
159.19, 0
159.2, 0
159.21, 0
159.22, 0
159.23, 0
159.24, 0
159.25, 0
159.26, 0
159.27, 0
159.28, 0
159.29, 0
159.3, 0
159.31, 0
159.32, 0
159.33, 0
159.34, 0
159.35, 0
159.36, 0
159.37, 0
159.38, 0
159.39, 0
159.4, 0
159.41, 0
159.42, 0
159.43, 0
159.44, 0
159.45, 0
159.46, 0
159.47, 0
159.48, 0
159.49, 0
159.5, 0
159.51, 0
159.52, 0
159.53, 0
159.54, 0
159.55, 0
159.56, 0
159.57, 0
159.58, 0
159.59, 0
159.6, 0
159.61, 0
159.62, 0
159.63, 0
159.64, 0
159.65, 0
159.66, 0
159.67, 0
159.68, 0
159.69, 0
159.7, 0
159.71, 0
159.72, 0
159.73, 0
159.74, 0
159.75, 0
159.76, 0
159.77, 0
159.78, 0
159.79, 0
159.8, 0
159.81, 0
159.82, 0
159.83, 0
159.84, 0
159.85, 0
159.86, 0
159.87, 0
159.88, 0
159.89, 0
159.9, 0
159.91, 0
159.92, 0
159.93, 0
159.94, 0
159.95, 0
159.96, 0
159.97, 0
159.98, 0
159.99, 0
160, 0
160.01, 0
160.02, 0
160.03, 0
160.04, 0
160.05, 0
160.06, 0
160.07, 0
160.08, 0
160.09, 0
160.1, 0
160.11, 0
160.12, 0
160.13, 0
160.14, 0
160.15, 0
160.16, 0
160.17, 0
160.18, 0
160.19, 0
160.2, 0
160.21, 0
160.22, 0
160.23, 0
160.24, 0
160.25, 0
160.26, 0
160.27, 0
160.28, 0
160.29, 0
160.3, 0
160.31, 0
160.32, 0
160.33, 0
160.34, 0
160.35, 0
160.36, 0
160.37, 0
160.38, 0
160.39, 0
160.4, 0
160.41, 0
160.42, 0
160.43, 0
160.44, 0
160.45, 0
160.46, 0
160.47, 0
160.48, 0
160.49, 0
160.5, 0
160.51, 0
160.52, 0
160.53, 0
160.54, 0
160.55, 0
160.56, 0
160.57, 0
160.58, 0
160.59, 0
160.6, 0
160.61, 0
160.62, 0
160.63, 0
160.64, 0
160.65, 0
160.66, 0
160.67, 0
160.68, 0
160.69, 0
160.7, 0
160.71, 0
160.72, 0
160.73, 0
160.74, 0
160.75, 0
160.76, 0
160.77, 0
160.78, 0
160.79, 0
160.8, 0
160.81, 0
160.82, 0
160.83, 0
160.84, 0
160.85, 0
160.86, 0
160.87, 0
160.88, 0
160.89, 0
160.9, 0
160.91, 0
160.92, 0
160.93, 0
160.94, 0
160.95, 0
160.96, 0
160.97, 0
160.98, 0
160.99, 0
161, 0
161.01, 0
161.02, 0
161.03, 0
161.04, 0
161.05, 0
161.06, 0
161.07, 0
161.08, 0
161.09, 0
161.1, 0
161.11, 0
161.12, 0
161.13, 0
161.14, 0
161.15, 0
161.16, 0
161.17, 0
161.18, 0
161.19, 0
161.2, 0
161.21, 0
161.22, 0
161.23, 0
161.24, 0
161.25, 0
161.26, 0
161.27, 0
161.28, 0
161.29, 0
161.3, 0
161.31, 0
161.32, 0
161.33, 0
161.34, 0
161.35, 0
161.36, 0
161.37, 0
161.38, 0
161.39, 0
161.4, 0
161.41, 0
161.42, 0
161.43, 0
161.44, 0
161.45, 0
161.46, 0
161.47, 0
161.48, 0
161.49, 0
161.5, 0
161.51, 0
161.52, 0
161.53, 0
161.54, 0
161.55, 0
161.56, 0
161.57, 0
161.58, 0
161.59, 0
161.6, 0
161.61, 0
161.62, 0
161.63, 0
161.64, 0
161.65, 0
161.66, 0
161.67, 0
161.68, 0
161.69, 0
161.7, 0
161.71, 0
161.72, 0
161.73, 0
161.74, 0
161.75, 0
161.76, 0
161.77, 0
161.78, 0
161.79, 0
161.8, 0
161.81, 0
161.82, 0
161.83, 0
161.84, 0
161.85, 0
161.86, 0
161.87, 0
161.88, 0
161.89, 0
161.9, 0
161.91, 0
161.92, 0
161.93, 0
161.94, 0
161.95, 0
161.96, 0
161.97, 0
161.98, 0
161.99, 0
162, 0
162.01, 0
162.02, 0
162.03, 0
162.04, 0
162.05, 0
162.06, 0
162.07, 0
162.08, 0
162.09, 0
162.1, 0
162.11, 0
162.12, 0
162.13, 0
162.14, 0
162.15, 0
162.16, 0
162.17, 0
162.18, 0
162.19, 0
162.2, 0
162.21, 0
162.22, 0
162.23, 0
162.24, 0
162.25, 0
162.26, 0
162.27, 0
162.28, 0
162.29, 0
162.3, 0
162.31, 0
162.32, 0
162.33, 0
162.34, 0
162.35, 0
162.36, 0
162.37, 0
162.38, 0
162.39, 0
162.4, 0
162.41, 0
162.42, 0
162.43, 0
162.44, 0
162.45, 0
162.46, 0
162.47, 0
162.48, 0
162.49, 0
162.5, 0
162.51, 0
162.52, 0
162.53, 0
162.54, 0
162.55, 0
162.56, 0
162.57, 0
162.58, 0
162.59, 0
162.6, 0
162.61, 0
162.62, 0
162.63, 0
162.64, 0
162.65, 0
162.66, 0
162.67, 0
162.68, 0
162.69, 0
162.7, 0
162.71, 0
162.72, 0
162.73, 0
162.74, 0
162.75, 0
162.76, 0
162.77, 0
162.78, 0
162.79, 0
162.8, 0
162.81, 0
162.82, 0
162.83, 0
162.84, 0
162.85, 0
162.86, 0
162.87, 0
162.88, 0
162.89, 0
162.9, 0
162.91, 0
162.92, 0
162.93, 0
162.94, 0
162.95, 0
162.96, 0
162.97, 0
162.98, 0
162.99, 0
163, 0
163.01, 0
163.02, 0
163.03, 0
163.04, 0
163.05, 0
163.06, 0
163.07, 0
163.08, 0
163.09, 0
163.1, 0
163.11, 0
163.12, 0
163.13, 0
163.14, 0
163.15, 0
163.16, 0
163.17, 0
163.18, 0
163.19, 0
163.2, 0
163.21, 0
163.22, 0
163.23, 0
163.24, 0
163.25, 0
163.26, 0
163.27, 0
163.28, 0
163.29, 0
163.3, 0
163.31, 0
163.32, 0
163.33, 0
163.34, 0
163.35, 0
163.36, 0
163.37, 0
163.38, 0
163.39, 0
163.4, 0
163.41, 0
163.42, 0
163.43, 0
163.44, 0
163.45, 0
163.46, 0
163.47, 0
163.48, 0
163.49, 0
163.5, 0
163.51, 0
163.52, 0
163.53, 0
163.54, 0
163.55, 0
163.56, 0
163.57, 0
163.58, 0
163.59, 0
163.6, 0
163.61, 0
163.62, 0
163.63, 0
163.64, 0
163.65, 0
163.66, 0
163.67, 0
163.68, 0
163.69, 0
163.7, 0
163.71, 0
163.72, 0
163.73, 0
163.74, 0
163.75, 0
163.76, 0
163.77, 0
163.78, 0
163.79, 0
163.8, 0
163.81, 0
163.82, 0
163.83, 0
163.84, 0
163.85, 0
163.86, 0
163.87, 0
163.88, 0
163.89, 0
163.9, 0
163.91, 0
163.92, 0
163.93, 0
163.94, 0
163.95, 0
163.96, 0
163.97, 0
163.98, 0
163.99, 0
164, 0
164.01, 0
164.02, 0
164.03, 0
164.04, 0
164.05, 0
164.06, 0
164.07, 0
164.08, 0
164.09, 0
164.1, 0
164.11, 0
164.12, 0
164.13, 0
164.14, 0
164.15, 0
164.16, 0
164.17, 0
164.18, 0
164.19, 0
164.2, 0
164.21, 0
164.22, 0
164.23, 0
164.24, 0
164.25, 0
164.26, 0
164.27, 0
164.28, 0
164.29, 0
164.3, 0
164.31, 0
164.32, 0
164.33, 0
164.34, 0
164.35, 0
164.36, 0
164.37, 0
164.38, 0
164.39, 0
164.4, 0
164.41, 0
164.42, 0
164.43, 0
164.44, 0
164.45, 0
164.46, 0
164.47, 0
164.48, 0
164.49, 0
164.5, 0
164.51, 0
164.52, 0
164.53, 0
164.54, 0
164.55, 0
164.56, 0
164.57, 0
164.58, 0
164.59, 0
164.6, 0
164.61, 0
164.62, 0
164.63, 0
164.64, 0
164.65, 0
164.66, 0
164.67, 0
164.68, 0
164.69, 0
164.7, 0
164.71, 0
164.72, 0
164.73, 0
164.74, 0
164.75, 0
164.76, 0
164.77, 0
164.78, 0
164.79, 0
164.8, 0
164.81, 0
164.82, 0
164.83, 0
164.84, 0
164.85, 0
164.86, 0
164.87, 0
164.88, 0
164.89, 0
164.9, 0
164.91, 0
164.92, 0
164.93, 0
164.94, 0
164.95, 0
164.96, 0
164.97, 0
164.98, 0
164.99, 0
165, 0
165.01, 0
165.02, 0
165.03, 0
165.04, 0
165.05, 0
165.06, 0
165.07, 0
165.08, 0
165.09, 0
165.1, 0
165.11, 0
165.12, 0
165.13, 0
165.14, 0
165.15, 0
165.16, 0
165.17, 0
165.18, 0
165.19, 0
165.2, 0
165.21, 0
165.22, 0
165.23, 0
165.24, 0
165.25, 0
165.26, 0
165.27, 0
165.28, 0
165.29, 0
165.3, 0
165.31, 0
165.32, 0
165.33, 0
165.34, 0
165.35, 0
165.36, 0
165.37, 0
165.38, 0
165.39, 0
165.4, 0
165.41, 0
165.42, 0
165.43, 0
165.44, 0
165.45, 0
165.46, 0
165.47, 0
165.48, 0
165.49, 0
165.5, 0
165.51, 0
165.52, 0
165.53, 0
165.54, 0
165.55, 0
165.56, 0
165.57, 0
165.58, 0
165.59, 0
165.6, 0
165.61, 0
165.62, 0
165.63, 0
165.64, 0
165.65, 0
165.66, 0
165.67, 0
165.68, 0
165.69, 0
165.7, 0
165.71, 0
165.72, 0
165.73, 0
165.74, 0
165.75, 0
165.76, 0
165.77, 0
165.78, 0
165.79, 0
165.8, 0
165.81, 0
165.82, 0
165.83, 0
165.84, 0
165.85, 0
165.86, 0
165.87, 0
165.88, 0
165.89, 0
165.9, 0
165.91, 0
165.92, 0
165.93, 0
165.94, 0
165.95, 0
165.96, 0
165.97, 0
165.98, 0
165.99, 0
166, 0
166.01, 0
166.02, 0
166.03, 0
166.04, 0
166.05, 0
166.06, 0
166.07, 0
166.08, 0
166.09, 0
166.1, 0
166.11, 0
166.12, 0
166.13, 0
166.14, 0
166.15, 0
166.16, 0
166.17, 0
166.18, 0
166.19, 0
166.2, 0
166.21, 0
166.22, 0
166.23, 0
166.24, 0
166.25, 0
166.26, 0
166.27, 0
166.28, 0
166.29, 0
166.3, 0
166.31, 0
166.32, 0
166.33, 0
166.34, 0
166.35, 0
166.36, 0
166.37, 0
166.38, 0
166.39, 0
166.4, 0
166.41, 0
166.42, 0
166.43, 0
166.44, 0
166.45, 0
166.46, 0
166.47, 0
166.48, 0
166.49, 0
166.5, 0
166.51, 0
166.52, 0
166.53, 0
166.54, 0
166.55, 0
166.56, 0
166.57, 0
166.58, 0
166.59, 0
166.6, 0
166.61, 0
166.62, 0
166.63, 0
166.64, 0
166.65, 0
166.66, 0
166.67, 0
166.68, 0
166.69, 0
166.7, 0
166.71, 0
166.72, 0
166.73, 0
166.74, 0
166.75, 0
166.76, 0
166.77, 0
166.78, 0
166.79, 0
166.8, 0
166.81, 0
166.82, 0
166.83, 0
166.84, 0
166.85, 0
166.86, 0
166.87, 0
166.88, 0
166.89, 0
166.9, 0
166.91, 0
166.92, 0
166.93, 0
166.94, 0
166.95, 0
166.96, 0
166.97, 0
166.98, 0
166.99, 0
167, 0
167.01, 0
167.02, 0
167.03, 0
167.04, 0
167.05, 0
167.06, 0
167.07, 0
167.08, 0
167.09, 0
167.1, 0
167.11, 0
167.12, 0
167.13, 0
167.14, 0
167.15, 0
167.16, 0
167.17, 0
167.18, 0
167.19, 0
167.2, 0
167.21, 0
167.22, 0
167.23, 0
167.24, 0
167.25, 0
167.26, 0
167.27, 0
167.28, 0
167.29, 0
167.3, 0
167.31, 0
167.32, 0
167.33, 0
167.34, 0
167.35, 0
167.36, 0
167.37, 0
167.38, 0
167.39, 0
167.4, 0
167.41, 0
167.42, 0
167.43, 0
167.44, 0
167.45, 0
167.46, 0
167.47, 0
167.48, 0
167.49, 0
167.5, 0
167.51, 0
167.52, 0
167.53, 0
167.54, 0
167.55, 0
167.56, 0
167.57, 0
167.58, 0
167.59, 0
167.6, 0
167.61, 0
167.62, 0
167.63, 0
167.64, 0
167.65, 0
167.66, 0
167.67, 0
167.68, 0
167.69, 0
167.7, 0
167.71, 0
167.72, 0
167.73, 0
167.74, 0
167.75, 0
167.76, 0
167.77, 0
167.78, 0
167.79, 0
167.8, 0
167.81, 0
167.82, 0
167.83, 0
167.84, 0
167.85, 0
167.86, 0
167.87, 0
167.88, 0
167.89, 0
167.9, 0
167.91, 0
167.92, 0
167.93, 0
167.94, 0
167.95, 0
167.96, 0
167.97, 0
167.98, 0
167.99, 0
168, 0
168.01, 0
168.02, 0
168.03, 0
168.04, 0
168.05, 0
168.06, 0
168.07, 0
168.08, 0
168.09, 0
168.1, 0
168.11, 0
168.12, 0
168.13, 0
168.14, 0
168.15, 0
168.16, 0
168.17, 0
168.18, 0
168.19, 0
168.2, 0
168.21, 0
168.22, 0
168.23, 0
168.24, 0
168.25, 0
168.26, 0
168.27, 0
168.28, 0
168.29, 0
168.3, 0
168.31, 0
168.32, 0
168.33, 0
168.34, 0
168.35, 0
168.36, 0
168.37, 0
168.38, 0
168.39, 0
168.4, 0
168.41, 0
168.42, 0
168.43, 0
168.44, 0
168.45, 0
168.46, 0
168.47, 0
168.48, 0
168.49, 0
168.5, 0
168.51, 0
168.52, 0
168.53, 0
168.54, 0
168.55, 0
168.56, 0
168.57, 0
168.58, 0
168.59, 0
168.6, 0
168.61, 0
168.62, 0
168.63, 0
168.64, 0
168.65, 0
168.66, 0
168.67, 0
168.68, 0
168.69, 0
168.7, 0
168.71, 0
168.72, 0
168.73, 0
168.74, 0
168.75, 0
168.76, 0
168.77, 0
168.78, 0
168.79, 0
168.8, 0
168.81, 0
168.82, 0
168.83, 0
168.84, 0
168.85, 0
168.86, 0
168.87, 0
168.88, 0
168.89, 0
168.9, 0
168.91, 0
168.92, 0
168.93, 0
168.94, 0
168.95, 0
168.96, 0
168.97, 0
168.98, 0
168.99, 0
169, 0
169.01, 0
169.02, 0
169.03, 0
169.04, 0
169.05, 0
169.06, 0
169.07, 0
169.08, 0
169.09, 0
169.1, 0
169.11, 0
169.12, 0
169.13, 0
169.14, 0
169.15, 0
169.16, 0
169.17, 0
169.18, 0
169.19, 0
169.2, 0
169.21, 0
169.22, 0
169.23, 0
169.24, 0
169.25, 0
169.26, 0
169.27, 0
169.28, 0
169.29, 0
169.3, 0
169.31, 0
169.32, 0
169.33, 0
169.34, 0
169.35, 0
169.36, 0
169.37, 0
169.38, 0
169.39, 0
169.4, 0
169.41, 0
169.42, 0
169.43, 0
169.44, 0
169.45, 0
169.46, 0
169.47, 0
169.48, 0
169.49, 0
169.5, 0
169.51, 0
169.52, 0
169.53, 0
169.54, 0
169.55, 0
169.56, 0
169.57, 0
169.58, 0
169.59, 0
169.6, 0
169.61, 0
169.62, 0
169.63, 0
169.64, 0
169.65, 0
169.66, 0
169.67, 0
169.68, 0
169.69, 0
169.7, 0
169.71, 0
169.72, 0
169.73, 0
169.74, 0
169.75, 0
169.76, 0
169.77, 0
169.78, 0
169.79, 0
169.8, 0
169.81, 0
169.82, 0
169.83, 0
169.84, 0
169.85, 0
169.86, 0
169.87, 0
169.88, 0
169.89, 0
169.9, 0
169.91, 0
169.92, 0
169.93, 0
169.94, 0
169.95, 0
169.96, 0
169.97, 0
169.98, 0
169.99, 0
170, 0
170.01, 0
170.02, 0
170.03, 0
170.04, 0
170.05, 0
170.06, 0
170.07, 0
170.08, 0
170.09, 0
170.1, 0
170.11, 0
170.12, 0
170.13, 0
170.14, 0
170.15, 0
170.16, 0
170.17, 0
170.18, 0
170.19, 0
170.2, 0
170.21, 0
170.22, 0
170.23, 0
170.24, 0
170.25, 0
170.26, 0
170.27, 0
170.28, 0
170.29, 0
170.3, 0
170.31, 0
170.32, 0
170.33, 0
170.34, 0
170.35, 0
170.36, 0
170.37, 0
170.38, 0
170.39, 0
170.4, 0
170.41, 0
170.42, 0
170.43, 0
170.44, 0
170.45, 0
170.46, 0
170.47, 0
170.48, 0
170.49, 0
170.5, 0
170.51, 0
170.52, 0
170.53, 0
170.54, 0
170.55, 0
170.56, 0
170.57, 0
170.58, 0
170.59, 0
170.6, 0
170.61, 0
170.62, 0
170.63, 0
170.64, 0
170.65, 0
170.66, 0
170.67, 0
170.68, 0
170.69, 0
170.7, 0
170.71, 0
170.72, 0
170.73, 0
170.74, 0
170.75, 0
170.76, 0
170.77, 0
170.78, 0
170.79, 0
170.8, 0
170.81, 0
170.82, 0
170.83, 0
170.84, 0
170.85, 0
170.86, 0
170.87, 0
170.88, 0
170.89, 0
170.9, 0
170.91, 0
170.92, 0
170.93, 0
170.94, 0
170.95, 0
170.96, 0
170.97, 0
170.98, 0
170.99, 0
171, 0
171.01, 0
171.02, 0
171.03, 0
171.04, 0
171.05, 0
171.06, 0
171.07, 0
171.08, 0
171.09, 0
171.1, 0
171.11, 0
171.12, 0
171.13, 0
171.14, 0
171.15, 0
171.16, 0
171.17, 0
171.18, 0
171.19, 0
171.2, 0
171.21, 0
171.22, 0
171.23, 0
171.24, 0
171.25, 0
171.26, 0
171.27, 0
171.28, 0
171.29, 0
171.3, 0
171.31, 0
171.32, 0
171.33, 0
171.34, 0
171.35, 0
171.36, 0
171.37, 0
171.38, 0
171.39, 0
171.4, 0
171.41, 0
171.42, 0
171.43, 0
171.44, 0
171.45, 0
171.46, 0
171.47, 0
171.48, 0
171.49, 0
171.5, 0
171.51, 0
171.52, 0
171.53, 0
171.54, 0
171.55, 0
171.56, 0
171.57, 0
171.58, 0
171.59, 0
171.6, 0
171.61, 0
171.62, 0
171.63, 0
171.64, 0
171.65, 0
171.66, 0
171.67, 0
171.68, 0
171.69, 0
171.7, 0
171.71, 0
171.72, 0
171.73, 0
171.74, 0
171.75, 0
171.76, 0
171.77, 0
171.78, 0
171.79, 0
171.8, 0
171.81, 0
171.82, 0
171.83, 0
171.84, 0
171.85, 0
171.86, 0
171.87, 0
171.88, 0
171.89, 0
171.9, 0
171.91, 0
171.92, 0
171.93, 0
171.94, 0
171.95, 0
171.96, 0
171.97, 0
171.98, 0
171.99, 0
172, 0
172.01, 0
172.02, 0
172.03, 0
172.04, 0
172.05, 0
172.06, 0
172.07, 0
172.08, 0
172.09, 0
172.1, 0
172.11, 0
172.12, 0
172.13, 0
172.14, 0
172.15, 0
172.16, 0
172.17, 0
172.18, 0
172.19, 0
172.2, 0
172.21, 0
172.22, 0
172.23, 0
172.24, 0
172.25, 0
172.26, 0
172.27, 0
172.28, 0
172.29, 0
172.3, 0
172.31, 0
172.32, 0
172.33, 0
172.34, 0
172.35, 0
172.36, 0
172.37, 0
172.38, 0
172.39, 0
172.4, 0
172.41, 0
172.42, 0
172.43, 0
172.44, 0
172.45, 0
172.46, 0
172.47, 0
172.48, 0
172.49, 0
172.5, 0
172.51, 0
172.52, 0
172.53, 0
172.54, 0
172.55, 0
172.56, 0
172.57, 0
172.58, 0
172.59, 0
172.6, 0
172.61, 0
172.62, 0
172.63, 0
172.64, 0
172.65, 0
172.66, 0
172.67, 0
172.68, 0
172.69, 0
172.7, 0
172.71, 0
172.72, 0
172.73, 0
172.74, 0
172.75, 0
172.76, 0
172.77, 0
172.78, 0
172.79, 0
172.8, 0
172.81, 0
172.82, 0
172.83, 0
172.84, 0
172.85, 0
172.86, 0
172.87, 0
172.88, 0
172.89, 0
172.9, 0
172.91, 0
172.92, 0
172.93, 0
172.94, 0
172.95, 0
172.96, 0
172.97, 0
172.98, 0
172.99, 0
173, 0
173.01, 0
173.02, 0
173.03, 0
173.04, 0
173.05, 0
173.06, 0
173.07, 0
173.08, 0
173.09, 0
173.1, 0
173.11, 0
173.12, 0
173.13, 0
173.14, 0
173.15, 0
173.16, 0
173.17, 0
173.18, 0
173.19, 0
173.2, 0
173.21, 0
173.22, 0
173.23, 0
173.24, 0
173.25, 0
173.26, 0
173.27, 0
173.28, 0
173.29, 0
173.3, 0
173.31, 0
173.32, 0
173.33, 0
173.34, 0
173.35, 0
173.36, 0
173.37, 0
173.38, 0
173.39, 0
173.4, 0
173.41, 0
173.42, 0
173.43, 0
173.44, 0
173.45, 0
173.46, 0
173.47, 0
173.48, 0
173.49, 0
173.5, 0
173.51, 0
173.52, 0
173.53, 0
173.54, 0
173.55, 0
173.56, 0
173.57, 0
173.58, 0
173.59, 0
173.6, 0
173.61, 0
173.62, 0
173.63, 0
173.64, 0
173.65, 0
173.66, 0
173.67, 0
173.68, 0
173.69, 0
173.7, 0
173.71, 0
173.72, 0
173.73, 0
173.74, 0
173.75, 0
173.76, 0
173.77, 0
173.78, 0
173.79, 0
173.8, 0
173.81, 0
173.82, 0
173.83, 0
173.84, 0
173.85, 0
173.86, 0
173.87, 0
173.88, 0
173.89, 0
173.9, 0
173.91, 0
173.92, 0
173.93, 0
173.94, 0
173.95, 0
173.96, 0
173.97, 0
173.98, 0
173.99, 0
174, 0
174.01, 0
174.02, 0
174.03, 0
174.04, 0
174.05, 0
174.06, 0
174.07, 0
174.08, 0
174.09, 0
174.1, 0
174.11, 0
174.12, 0
174.13, 0
174.14, 0
174.15, 0
174.16, 0
174.17, 0
174.18, 0
174.19, 0
174.2, 0
174.21, 0
174.22, 0
174.23, 0
174.24, 0
174.25, 0
174.26, 0
174.27, 0
174.28, 0
174.29, 0
174.3, 0
174.31, 0
174.32, 0
174.33, 0
174.34, 0
174.35, 0
174.36, 0
174.37, 0
174.38, 0
174.39, 0
174.4, 0
174.41, 0
174.42, 0
174.43, 0
174.44, 0
174.45, 0
174.46, 0
174.47, 0
174.48, 0
174.49, 0
174.5, 0
174.51, 0
174.52, 0
174.53, 0
174.54, 0
174.55, 0
174.56, 0
174.57, 0
174.58, 0
174.59, 0
174.6, 0
174.61, 0
174.62, 0
174.63, 0
174.64, 0
174.65, 0
174.66, 0
174.67, 0
174.68, 0
174.69, 0
174.7, 0
174.71, 0
174.72, 0
174.73, 0
174.74, 0
174.75, 0
174.76, 0
174.77, 0
174.78, 0
174.79, 0
174.8, 0
174.81, 0
174.82, 0
174.83, 0
174.84, 0
174.85, 0
174.86, 0
174.87, 0
174.88, 0
174.89, 0
174.9, 0
174.91, 0
174.92, 0
174.93, 0
174.94, 0
174.95, 0
174.96, 0
174.97, 0
174.98, 0
174.99, 0
175, 0
175.01, 0
175.02, 0
175.03, 0
175.04, 0
175.05, 0
175.06, 0
175.07, 0
175.08, 0
175.09, 0
175.1, 0
175.11, 0
175.12, 0
175.13, 0
175.14, 0
175.15, 0
175.16, 0
175.17, 0
175.18, 0
175.19, 0
175.2, 0
175.21, 0
175.22, 0
175.23, 0
175.24, 0
175.25, 0
175.26, 0
175.27, 0
175.28, 0
175.29, 0
175.3, 0
175.31, 0
175.32, 0
175.33, 0
175.34, 0
175.35, 0
175.36, 0
175.37, 0
175.38, 0
175.39, 0
175.4, 0
175.41, 0
175.42, 0
175.43, 0
175.44, 0
175.45, 0
175.46, 0
175.47, 0
175.48, 0
175.49, 0
175.5, 0
175.51, 0
175.52, 0
175.53, 0
175.54, 0
175.55, 0
175.56, 0
175.57, 0
175.58, 0
175.59, 0
175.6, 0
175.61, 0
175.62, 0
175.63, 0
175.64, 0
175.65, 0
175.66, 0
175.67, 0
175.68, 0
175.69, 0
175.7, 0
175.71, 0
175.72, 0
175.73, 0
175.74, 0
175.75, 0
175.76, 0
175.77, 0
175.78, 0
175.79, 0
175.8, 0
175.81, 0
175.82, 0
175.83, 0
175.84, 0
175.85, 0
175.86, 0
175.87, 0
175.88, 0
175.89, 0
175.9, 0
175.91, 0
175.92, 0
175.93, 0
175.94, 0
175.95, 0
175.96, 0
175.97, 0
175.98, 0
175.99, 0
176, 0
176.01, 0
176.02, 0
176.03, 0
176.04, 0
176.05, 0
176.06, 0
176.07, 0
176.08, 0
176.09, 0
176.1, 0
176.11, 0
176.12, 0
176.13, 0
176.14, 0
176.15, 0
176.16, 0
176.17, 0
176.18, 0
176.19, 0
176.2, 0
176.21, 0
176.22, 0
176.23, 0
176.24, 0
176.25, 0
176.26, 0
176.27, 0
176.28, 0
176.29, 0
176.3, 0
176.31, 0
176.32, 0
176.33, 0
176.34, 0
176.35, 0
176.36, 0
176.37, 0
176.38, 0
176.39, 0
176.4, 0
176.41, 0
176.42, 0
176.43, 0
176.44, 0
176.45, 0
176.46, 0
176.47, 0
176.48, 0
176.49, 0
176.5, 0
176.51, 0
176.52, 0
176.53, 0
176.54, 0
176.55, 0
176.56, 0
176.57, 0
176.58, 0
176.59, 0
176.6, 0
176.61, 0
176.62, 0
176.63, 0
176.64, 0
176.65, 0
176.66, 0
176.67, 0
176.68, 0
176.69, 0
176.7, 0
176.71, 0
176.72, 0
176.73, 0
176.74, 0
176.75, 0
176.76, 0
176.77, 0
176.78, 0
176.79, 0
176.8, 0
176.81, 0
176.82, 0
176.83, 0
176.84, 0
176.85, 0
176.86, 0
176.87, 0
176.88, 0
176.89, 0
176.9, 0
176.91, 0
176.92, 0
176.93, 0
176.94, 0
176.95, 0
176.96, 0
176.97, 0
176.98, 0
176.99, 0
177, 0
177.01, 0
177.02, 0
177.03, 0
177.04, 0
177.05, 0
177.06, 0
177.07, 0
177.08, 0
177.09, 0
177.1, 0
177.11, 0
177.12, 0
177.13, 0
177.14, 0
177.15, 0
177.16, 0
177.17, 0
177.18, 0
177.19, 0
177.2, 0
177.21, 0
177.22, 0
177.23, 0
177.24, 0
177.25, 0
177.26, 0
177.27, 0
177.28, 0
177.29, 0
177.3, 0
177.31, 0
177.32, 0
177.33, 0
177.34, 0
177.35, 0
177.36, 0
177.37, 0
177.38, 0
177.39, 0
177.4, 0
177.41, 0
177.42, 0
177.43, 0
177.44, 0
177.45, 0
177.46, 0
177.47, 0
177.48, 0
177.49, 0
177.5, 0
177.51, 0
177.52, 0
177.53, 0
177.54, 0
177.55, 0
177.56, 0
177.57, 0
177.58, 0
177.59, 0
177.6, 0
177.61, 0
177.62, 0
177.63, 0
177.64, 0
177.65, 0
177.66, 0
177.67, 0
177.68, 0
177.69, 0
177.7, 0
177.71, 0
177.72, 0
177.73, 0
177.74, 0
177.75, 0
177.76, 0
177.77, 0
177.78, 0
177.79, 0
177.8, 0
177.81, 0
177.82, 0
177.83, 0
177.84, 0
177.85, 0
177.86, 0
177.87, 0
177.88, 0
177.89, 0
177.9, 0
177.91, 0
177.92, 0
177.93, 0
177.94, 0
177.95, 0
177.96, 0
177.97, 0
177.98, 0
177.99, 0
178, 0
178.01, 0
178.02, 0
178.03, 0
178.04, 0
178.05, 0
178.06, 0
178.07, 0
178.08, 0
178.09, 0
178.1, 0
178.11, 0
178.12, 0
178.13, 0
178.14, 0
178.15, 0
178.16, 0
178.17, 0
178.18, 0
178.19, 0
178.2, 0
178.21, 0
178.22, 0
178.23, 0
178.24, 0
178.25, 0
178.26, 0
178.27, 0
178.28, 0
178.29, 0
178.3, 0
178.31, 0
178.32, 0
178.33, 0
178.34, 0
178.35, 0
178.36, 0
178.37, 0
178.38, 0
178.39, 0
178.4, 0
178.41, 0
178.42, 0
178.43, 0
178.44, 0
178.45, 0
178.46, 0
178.47, 0
178.48, 0
178.49, 0
178.5, 0
178.51, 0
178.52, 0
178.53, 0
178.54, 0
178.55, 0
178.56, 0
178.57, 0
178.58, 0
178.59, 0
178.6, 0
178.61, 0
178.62, 0
178.63, 0
178.64, 0
178.65, 0
178.66, 0
178.67, 0
178.68, 0
178.69, 0
178.7, 0
178.71, 0
178.72, 0
178.73, 0
178.74, 0
178.75, 0
178.76, 0
178.77, 0
178.78, 0
178.79, 0
178.8, 0
178.81, 0
178.82, 0
178.83, 0
178.84, 0
178.85, 0
178.86, 0
178.87, 0
178.88, 0
178.89, 0
178.9, 0
178.91, 0
178.92, 0
178.93, 0
178.94, 0
178.95, 0
178.96, 0
178.97, 0
178.98, 0
178.99, 0
179, 0
179.01, 0
179.02, 0
179.03, 0
179.04, 0
179.05, 0
179.06, 0
179.07, 0
179.08, 0
179.09, 0
179.1, 0
179.11, 0
179.12, 0
179.13, 0
179.14, 0
179.15, 0
179.16, 0
179.17, 0
179.18, 0
179.19, 0
179.2, 0
179.21, 0
179.22, 0
179.23, 0
179.24, 0
179.25, 0
179.26, 0
179.27, 0
179.28, 0
179.29, 0
179.3, 0
179.31, 0
179.32, 0
179.33, 0
179.34, 0
179.35, 0
179.36, 0
179.37, 0
179.38, 0
179.39, 0
179.4, 0
179.41, 0
179.42, 0
179.43, 0
179.44, 0
179.45, 0
179.46, 0
179.47, 0
179.48, 0
179.49, 0
179.5, 0
179.51, 0
179.52, 0
179.53, 0
179.54, 0
179.55, 0
179.56, 0
179.57, 0
179.58, 0
179.59, 0
179.6, 0
179.61, 0
179.62, 0
179.63, 0
179.64, 0
179.65, 0
179.66, 0
179.67, 0
179.68, 0
179.69, 0
179.7, 0
179.71, 0
179.72, 0
179.73, 0
179.74, 0
179.75, 0
179.76, 0
179.77, 0
179.78, 0
179.79, 0
179.8, 0
179.81, 0
179.82, 0
179.83, 0
179.84, 0
179.85, 0
179.86, 0
179.87, 0
179.88, 0
179.89, 0
179.9, 0
179.91, 0
179.92, 0
179.93, 0
179.94, 0
179.95, 0
179.96, 0
179.97, 0
179.98, 0
179.99, 0
