Petalite
crystal_structure 2
space_group 13
0, 0
0.01, 1
0.02, 0
0.03, 5
0.04, 8
0.05, 9
0.06, 5
0.07, 3
0.08, 8
0.09, 0
0.1, 1
0.11, 15
0.12, 6
0.13, 1
0.14, 6
0.15, 3
0.16, 10
0.17, 14
0.18, 12
0.19, 5
0.2, 1
0.21, 6
0.22, 4
0.23, 12
0.24, 11
0.25, 6
0.26, 14
0.27, 13
0.28, 8
0.29, 14
0.3, 11
0.31, 7
0.32, 8
0.33, 9
0.34, 22
0.35, 12
0.36, 9
0.37, 6
0.38, 3
0.39, 12
0.4, 4
0.41, 16
0.42, 15
0.43, 9
0.44, 9
0.45, 14
0.46, 9
0.47, 14
0.48, 10
0.49, 11
0.5, 12
0.51, 6
0.52, 13
0.53, 8
0.54, 15
0.55, 8
0.56, 13
0.57, 15
0.58, 6
0.59, 6
0.6, 14
0.61, 14
0.62, 15
0.63, 7
0.64, 8
0.65, 16
0.66, 10
0.67, 7
0.68, 14
0.69, 3
0.7, 8
0.71, 3
0.72, 8
0.73, 8
0.74, 3
0.75, 6
0.76, 4
0.77, 12
0.78, 5
0.79, 7
0.8, 9
0.81, 10
0.82, 10
0.83, 5
0.84, 2
0.85, 5
0.86, 4
0.87, 3
0.88, 1
0.89, 4
0.9, 3
0.91, 10
0.92, 3
0.93, 8
0.94, 1
0.95, 0
0.96, 1
0.97, 6
0.98, 2
0.99, 6
1, 0
1.01, 2
1.02, 5
1.03, 3
1.04, 12
1.05, 2
1.06, 3
1.07, 8
1.08, 11
1.09, 0
1.1, 6
1.11, 3
1.12, 2
1.13, 3
1.14, 6
1.15, 1
1.16, 6
1.17, 8
1.18, 6
1.19, 0
1.2, 2
1.21, 1
1.22, 4
1.23, 2
1.24, 6
1.25, 8
1.26, 6
1.27, 7
1.28, 5
1.29, 9
1.3, 6
1.31, 10
1.32, 1
1.33, 1
1.34, 6
1.35, 4
1.36, 4
1.37, 7
1.38, 0
1.39, 3
1.4, 13
1.41, 5
1.42, 5
1.43, 5
1.44, 8
1.45, 4
1.46, 5
1.47, 12
1.48, 8
1.49, 5
1.5, 0
1.51, 6
1.52, 4
1.53, 7
1.54, 1
1.55, 7
1.56, 9
1.57, 6
1.58, 2
1.59, 7
1.6, 1
1.61, 2
1.62, 5
1.63, 9
1.64, 5
1.65, 6
1.66, 10
1.67, 4
1.68, 9
1.69, 5
1.7, 2
1.71, 6
1.72, 7
1.73, 5
1.74, 0
1.75, 5
1.76, 7
1.77, 7
1.78, 7
1.79, 7
1.8, 1
1.81, 2
1.82, 5
1.83, 8
1.84, 3
1.85, 7
1.86, 5
1.87, 0
1.88, 1
1.89, 2
1.9, 8
1.91, 8
1.92, 1
1.93, 3
1.94, 8
1.95, 3
1.96, 3
1.97, 5
1.98, 3
1.99, 6
2, 4
2.01, 1
2.02, 5
2.03, 9
2.04, 2
2.05, 7
2.06, 6
2.07, 4
2.08, 0
2.09, 8
2.1, 2
2.11, 0
2.12, 0
2.13, 7
2.14, 14
2.15, 6
2.16, 7
2.17, 5
2.18, 6
2.19, 1
2.2, 9
2.21, 7
2.22, 1
2.23, 1
2.24, 3
2.25, 6
2.26, 1
2.27, 5
2.28, 4
2.29, 12
2.3, 6
2.31, 5
2.32, 1
2.33, 4
2.34, 4
2.35, 7
2.36, 11
2.37, 4
2.38, 4
2.39, 1
2.4, 2
2.41, 5
2.42, 1
2.43, 3
2.44, 10
2.45, 5
2.46, 10
2.47, 4
2.48, 7
2.49, 10
2.5, 1
2.51, 5
2.52, 10
2.53, 2
2.54, 6
2.55, 2
2.56, 0
2.57, 5
2.58, 2
2.59, 2
2.6, 9
2.61, 8
2.62, 7
2.63, 0
2.64, 4
2.65, 7
2.66, 2
2.67, 9
2.68, 4
2.69, 0
2.7, 6
2.71, 1
2.72, 4
2.73, 3
2.74, 6
2.75, 6
2.76, 6
2.77, 8
2.78, 4
2.79, 3
2.8, 5
2.81, 10
2.82, 0
2.83, 2
2.84, 1
2.85, 1
2.86, 5
2.87, 3
2.88, 6
2.89, 6
2.9, 5
2.91, 4
2.92, 1
2.93, 2
2.94, 2
2.95, 2
2.96, 9
2.97, 1
2.98, 12
2.99, 5
3, 4
3.01, 4
3.02, 5
3.03, 5
3.04, 0
3.05, 9
3.06, 3
3.07, 5
3.08, 4
3.09, 7
3.1, 0
3.11, 2
3.12, 3
3.13, 5
3.14, 6
3.15, 4
3.16, 3
3.17, 0
3.18, 6
3.19, 4
3.2, 5
3.21, 8
3.22, 3
3.23, 3
3.24, 1
3.25, 4
3.26, 4
3.27, 7
3.28, 7
3.29, 6
3.3, 6
3.31, 0
3.32, 10
3.33, 2
3.34, 8
3.35, 1
3.36, 10
3.37, 7
3.38, 7
3.39, 7
3.4, 3
3.41, 2
3.42, 2
3.43, 2
3.44, 2
3.45, 2
3.46, 0
3.47, 4
3.48, 4
3.49, 3
3.5, 2
3.51, 2
3.52, 0
3.53, 0
3.54, 3
3.55, 0
3.56, 3
3.57, 3
3.58, 4
3.59, 5
3.6, 1
3.61, 7
3.62, 8
3.63, 0
3.64, 7
3.65, 2
3.66, 5
3.67, 5
3.68, 6
3.69, 9
3.7, 1
3.71, 5
3.72, 1
3.73, 5
3.74, 5
3.75, 3
3.76, 2
3.77, 2
3.78, 1
3.79, 9
3.8, 5
3.81, 5
3.82, 2
3.83, 5
3.84, 3
3.85, 2
3.86, 1
3.87, 3
3.88, 2
3.89, 4
3.9, 0
3.91, 5
3.92, 3
3.93, 3
3.94, 3
3.95, 3
3.96, 3
3.97, 9
3.98, 4
3.99, 2
4, 7
4.01, 2
4.02, 7
4.03, 3
4.04, 1
4.05, 3
4.06, 4
4.07, 1
4.08, 1
4.09, 4
4.1, 0
4.11, 3
4.12, 1
4.13, 2
4.14, 3
4.15, 3
4.16, 5
4.17, 5
4.18, 8
4.19, 1
4.2, 1
4.21, 3
4.22, 4
4.23, 4
4.24, 3
4.25, 1
4.26, 4
4.27, 1
4.28, 7
4.29, 5
4.3, 3
4.31, 3
4.32, 3
4.33, 2
4.34, 4
4.35, 4
4.36, 0
4.37, 0
4.38, 6
4.39, 6
4.4, 4
4.41, 1
4.42, 4
4.43, 2
4.44, 2
4.45, 5
4.46, 1
4.47, 9
4.48, 4
4.49, 2
4.5, 7
4.51, 1
4.52, 5
4.53, 5
4.54, 6
4.55, 7
4.56, 1
4.57, 7
4.58, 4
4.59, 2
4.6, 7
4.61, 2
4.62, 2
4.63, 6
4.64, 3
4.65, 5
4.66, 2
4.67, 6
4.68, 4
4.69, 3
4.7, 5
4.71, 2
4.72, 5
4.73, 0
4.74, 5
4.75, 6
4.76, 10
4.77, 5
4.78, 3
4.79, 7
4.8, 9
4.81, 6
4.82, 8
4.83, 1
4.84, 5
4.85, 3
4.86, 10
4.87, 3
4.88, 1
4.89, 6
4.9, 12
4.91, 6
4.92, 4
4.93, 6
4.94, 8
4.95, 11
4.96, 5
4.97, 7
4.98, 7
4.99, 5
5, 0
5.01, 3
5.02, 2
5.03, 0
5.04, 5
5.05, 3
5.06, 3
5.07, 8
5.08, 4
5.09, 2
5.1, 3
5.11, 2
5.12, 1
5.13, 5
5.14, 0
5.15, 5
5.16, 3
5.17, 5
5.18, 5
5.19, 11
5.2, 1
5.21, 2
5.22, 5
5.23, 1
5.24, 6
5.25, 7
5.26, 8
5.27, 0
5.28, 1
5.29, 4
5.3, 1
5.31, 3
5.32, 5
5.33, 5
5.34, 5
5.35, 2
5.36, 6
5.37, 2
5.38, 6
5.39, 5
5.4, 3
5.41, 3
5.42, 7
5.43, 6
5.44, 2
5.45, 3
5.46, 9
5.47, 2
5.48, 5
5.49, 2
5.5, 7
5.51, 0
5.52, 0
5.53, 3
5.54, 0
5.55, 6
5.56, 5
5.57, 5
5.58, 3
5.59, 0
5.6, 3
5.61, 3
5.62, 4
5.63, 2
5.64, 2
5.65, 1
5.66, 2
5.67, 1
5.68, 6
5.69, 3
5.7, 2
5.71, 0
5.72, 1
5.73, 7
5.74, 3
5.75, 3
5.76, 0
5.77, 3
5.78, 2
5.79, 1
5.8, 1
5.81, 3
5.82, 6
5.83, 1
5.84, 8
5.85, 3
5.86, 4
5.87, 1
5.88, 1
5.89, 6
5.9, 8
5.91, 3
5.92, 5
5.93, 3
5.94, 6
5.95, 3
5.96, 1
5.97, 2
5.98, 1
5.99, 5
6, 6
6.01, 4
6.02, 6
6.03, 0
6.04, 3
6.05, 2
6.06, 6
6.07, 3
6.08, 6
6.09, 0
6.1, 3
6.11, 3
6.12, 0
6.13, 5
6.14, 5
6.15, 3
6.16, 0
6.17, 6
6.18, 6
6.19, 3
6.2, 6
6.21, 4
6.22, 0
6.23, 6
6.24, 0
6.25, 0
6.26, 4
6.27, 0
6.28, 0
6.29, 5
6.3, 1
6.31, 4
6.32, 3
6.33, 1
6.34, 3
6.35, 3
6.36, 1
6.37, 2
6.38, 1
6.39, 1
6.4, 3
6.41, 2
6.42, 7
6.43, 3
6.44, 0
6.45, 0
6.46, 4
6.47, 2
6.48, 0
6.49, 3
6.5, 3
6.51, 1
6.52, 2
6.53, 1
6.54, 3
6.55, 1
6.56, 1
6.57, 1
6.58, 7
6.59, 3
6.6, 1
6.61, 3
6.62, 4
6.63, 3
6.64, 1
6.65, 3
6.66, 3
6.67, 4
6.68, 2
6.69, 1
6.7, 1
6.71, 2
6.72, 5
6.73, 1
6.74, 3
6.75, 5
6.76, 4
6.77, 0
6.78, 3
6.79, 0
6.8, 7
6.81, 3
6.82, 0
6.83, 3
6.84, 1
6.85, 2
6.86, 1
6.87, 0
6.88, 1
6.89, 0
6.9, 2
6.91, 0
6.92, 5
6.93, 3
6.94, 1
6.95, 0
6.96, 4
6.97, 7
6.98, 1
6.99, 0
7, 2
7.01, 0
7.02, 5
7.03, 3
7.04, 0
7.05, 0
7.06, 6
7.07, 6
7.08, 4
7.09, 3
7.1, 1
7.11, 3
7.12, 10
7.13, 3
7.14, 3
7.15, 1
7.16, 0
7.17, 3
7.18, 3
7.19, 3
7.2, 1
7.21, 3
7.22, 1
7.23, 2
7.24, 5
7.25, 6
7.26, 0
7.27, 4
7.28, 4
7.29, 4
7.3, 3
7.31, 0
7.32, 3
7.33, 3
7.34, 4
7.35, 6
7.36, 1
7.37, 5
7.38, 1
7.39, 11
7.4, 5
7.41, 5
7.42, 4
7.43, 3
7.44, 7
7.45, 2
7.46, 0
7.47, 2
7.48, 2
7.49, 1
7.5, 6
7.51, 1
7.52, 0
7.53, 2
7.54, 2
7.55, 5
7.56, 6
7.57, 11
7.58, 4
7.59, 8
7.6, 10
7.61, 16
7.62, 16
7.63, 19
7.64, 20
7.65, 19
7.66, 19
7.67, 17
7.68, 11
7.69, 8
7.7, 1
7.71, 5
7.72, 4
7.73, 3
7.74, 4
7.75, 3
7.76, 3
7.77, 3
7.78, 6
7.79, 0
7.8, 1
7.81, 7
7.82, 1
7.83, 2
7.84, 6
7.85, 3
7.86, 0
7.87, 0
7.88, 3
7.89, 3
7.9, 0
7.91, 5
7.92, 3
7.93, 3
7.94, 4
7.95, 3
7.96, 7
7.97, 7
7.98, 0
7.99, 6
8, 2
8.01, 4
8.02, 3
8.03, 1
8.04, 4
8.05, 6
8.06, 4
8.07, 5
8.08, 2
8.09, 5
8.1, 1
8.11, 0
8.12, 6
8.13, 1
8.14, 5
8.15, 2
8.16, 3
8.17, 5
8.18, 1
8.19, 0
8.2, 3
8.21, 3
8.22, 3
8.23, 6
8.24, 1
8.25, 6
8.26, 3
8.27, 3
8.28, 1
8.29, 5
8.3, 5
8.31, 3
8.32, 6
8.33, 5
8.34, 2
8.35, 0
8.36, 5
8.37, 0
8.38, 2
8.39, 0
8.4, 8
8.41, 4
8.42, 1
8.43, 4
8.44, 1
8.45, 2
8.46, 0
8.47, 6
8.48, 4
8.49, 6
8.5, 1
8.51, 0
8.52, 4
8.53, 4
8.54, 1
8.55, 4
8.56, 6
8.57, 1
8.58, 4
8.59, 4
8.6, 4
8.61, 1
8.62, 6
8.63, 1
8.64, 6
8.65, 1
8.66, 4
8.67, 1
8.68, 4
8.69, 3
8.7, 2
8.71, 1
8.72, 1
8.73, 4
8.74, 5
8.75, 6
8.76, 3
8.77, 2
8.78, 4
8.79, 6
8.8, 3
8.81, 3
8.82, 3
8.83, 4
8.84, 7
8.85, 1
8.86, 0
8.87, 0
8.88, 6
8.89, 5
8.9, 0
8.91, 1
8.92, 0
8.93, 4
8.94, 3
8.95, 5
8.96, 3
8.97, 3
8.98, 3
8.99, 0
9, 2
9.01, 5
9.02, 0
9.03, 4
9.04, 3
9.05, 0
9.06, 3
9.07, 1
9.08, 8
9.09, 6
9.1, 1
9.11, 0
9.12, 3
9.13, 0
9.14, 3
9.15, 1
9.16, 5
9.17, 5
9.18, 5
9.19, 5
9.2, 0
9.21, 0
9.22, 1
9.23, 4
9.24, 1
9.25, 5
9.26, 8
9.27, 3
9.28, 6
9.29, 1
9.3, 4
9.31, 2
9.32, 5
9.33, 3
9.34, 5
9.35, 7
9.36, 5
9.37, 3
9.38, 3
9.39, 4
9.4, 4
9.41, 5
9.42, 9
9.43, 6
9.44, 4
9.45, 6
9.46, 3
9.47, 5
9.48, 2
9.49, 4
9.5, 6
9.51, 4
9.52, 4
9.53, 2
9.54, 12
9.55, 4
9.56, 0
9.57, 6
9.58, 1
9.59, 1
9.6, 0
9.61, 4
9.62, 3
9.63, 10
9.64, 0
9.65, 6
9.66, 3
9.67, 3
9.68, 3
9.69, 2
9.7, 12
9.71, 1
9.72, 7
9.73, 7
9.74, 5
9.75, 3
9.76, 6
9.77, 3
9.78, 1
9.79, 3
9.8, 7
9.81, 3
9.82, 6
9.83, 2
9.84, 4
9.85, 7
9.86, 4
9.87, 3
9.88, 4
9.89, 6
9.9, 5
9.91, 2
9.92, 8
9.93, 2
9.94, 4
9.95, 4
9.96, 3
9.97, 4
9.98, 7
9.99, 0
10, 0
10.01, 5
10.02, 3
10.03, 3
10.04, 2
10.05, 3
10.06, 2
10.07, 2
10.08, 4
10.09, 2
10.1, 4
10.11, 3
10.12, 4
10.13, 1
10.14, 2
10.15, 5
10.16, 3
10.17, 1
10.18, 1
10.19, 2
10.2, 6
10.21, 1
10.22, 0
10.23, 4
10.24, 1
10.25, 5
10.26, 5
10.27, 4
10.28, 4
10.29, 9
10.3, 3
10.31, 3
10.32, 4
10.33, 3
10.34, 2
10.35, 6
10.36, 1
10.37, 4
10.38, 7
10.39, 3
10.4, 4
10.41, 5
10.42, 1
10.43, 1
10.44, 4
10.45, 3
10.46, 2
10.47, 3
10.48, 0
10.49, 5
10.5, 0
10.51, 4
10.52, 12
10.53, 8
10.54, 5
10.55, 3
10.56, 5
10.57, 0
10.58, 4
10.59, 0
10.6, 4
10.61, 2
10.62, 2
10.63, 0
10.64, 8
10.65, 0
10.66, 8
10.67, 5
10.68, 0
10.69, 2
10.7, 1
10.71, 1
10.72, 0
10.73, 5
10.74, 2
10.75, 5
10.76, 3
10.77, 5
10.78, 6
10.79, 4
10.8, 2
10.81, 2
10.82, 1
10.83, 1
10.84, 5
10.85, 2
10.86, 4
10.87, 2
10.88, 1
10.89, 7
10.9, 6
10.91, 6
10.92, 2
10.93, 1
10.94, 1
10.95, 9
10.96, 2
10.97, 6
10.98, 5
10.99, 7
11, 3
11.01, 1
11.02, 8
11.03, 0
11.04, 1
11.05, 1
11.06, 2
11.07, 4
11.08, 1
11.09, 3
11.1, 7
11.11, 4
11.12, 7
11.13, 1
11.14, 6
11.15, 5
11.16, 4
11.17, 0
11.18, 3
11.19, 0
11.2, 6
11.21, 0
11.22, 2
11.23, 4
11.24, 13
11.25, 10
11.26, 14
11.27, 9
11.28, 11
11.29, 13
11.3, 13
11.31, 20
11.32, 26
11.33, 14
11.34, 17
11.35, 29
11.36, 30
11.37, 31
11.38, 23
11.39, 27
11.4, 26
11.41, 30
11.42, 35
11.43, 19
11.44, 17
11.45, 15
11.46, 9
11.47, 9
11.48, 13
11.49, 13
11.5, 14
11.51, 0
11.52, 3
11.53, 3
11.54, 11
11.55, 6
11.56, 3
11.57, 5
11.58, 0
11.59, 3
11.6, 2
11.61, 5
11.62, 7
11.63, 8
11.64, 3
11.65, 14
11.66, 7
11.67, 7
11.68, 9
11.69, 5
11.7, 0
11.71, 2
11.72, 4
11.73, 7
11.74, 5
11.75, 2
11.76, 7
11.77, 7
11.78, 5
11.79, 3
11.8, 6
11.81, 5
11.82, 9
11.83, 4
11.84, 8
11.85, 3
11.86, 6
11.87, 1
11.88, 5
11.89, 6
11.9, 3
11.91, 2
11.92, 1
11.93, 3
11.94, 0
11.95, 6
11.96, 4
11.97, 3
11.98, 6
11.99, 1
12, 7
12.01, 7
12.02, 6
12.03, 7
12.04, 4
12.05, 1
12.06, 2
12.07, 8
12.08, 1
12.09, 2
12.1, 6
12.11, 2
12.12, 3
12.13, 2
12.14, 4
12.15, 3
12.16, 4
12.17, 3
12.18, 1
12.19, 3
12.2, 8
12.21, 4
12.22, 1
12.23, 6
12.24, 3
12.25, 6
12.26, 3
12.27, 3
12.28, 2
12.29, 1
12.3, 0
12.31, 5
12.32, 8
12.33, 4
12.34, 5
12.35, 3
12.36, 1
12.37, 3
12.38, 3
12.39, 1
12.4, 1
12.41, 4
12.42, 3
12.43, 5
12.44, 3
12.45, 4
12.46, 4
12.47, 6
12.48, 10
12.49, 5
12.5, 5
12.51, 3
12.52, 3
12.53, 3
12.54, 1
12.55, 7
12.56, 3
12.57, 3
12.58, 3
12.59, 5
12.6, 3
12.61, 5
12.62, 8
12.63, 8
12.64, 3
12.65, 3
12.66, 0
12.67, 4
12.68, 1
12.69, 6
12.7, 2
12.71, 5
12.72, 3
12.73, 0
12.74, 4
12.75, 6
12.76, 6
12.77, 2
12.78, 6
12.79, 3
12.8, 3
12.81, 11
12.82, 0
12.83, 5
12.84, 2
12.85, 1
12.86, 1
12.87, 4
12.88, 1
12.89, 1
12.9, 4
12.91, 2
12.92, 3
12.93, 1
12.94, 6
12.95, 13
12.96, 3
12.97, 2
12.98, 1
12.99, 6
13, 6
13.01, 4
13.02, 3
13.03, 7
13.04, 3
13.05, 3
13.06, 1
13.07, 2
13.08, 3
13.09, 6
13.1, 3
13.11, 2
13.12, 3
13.13, 7
13.14, 5
13.15, 4
13.16, 3
13.17, 4
13.18, 3
13.19, 5
13.2, 0
13.21, 4
13.22, 3
13.23, 10
13.24, 4
13.25, 0
13.26, 1
13.27, 5
13.28, 4
13.29, 9
13.3, 4
13.31, 4
13.32, 8
13.33, 8
13.34, 5
13.35, 5
13.36, 9
13.37, 6
13.38, 4
13.39, 4
13.4, 2
13.41, 7
13.42, 4
13.43, 1
13.44, 7
13.45, 4
13.46, 1
13.47, 0
13.48, 7
13.49, 6
13.5, 3
13.51, 4
13.52, 2
13.53, 1
13.54, 4
13.55, 5
13.56, 5
13.57, 7
13.58, 7
13.59, 2
13.6, 2
13.61, 5
13.62, 0
13.63, 0
13.64, 6
13.65, 2
13.66, 2
13.67, 3
13.68, 8
13.69, 0
13.7, 6
13.71, 6
13.72, 1
13.73, 6
13.74, 2
13.75, 4
13.76, 6
13.77, 1
13.78, 8
13.79, 3
13.8, 0
13.81, 6
13.82, 0
13.83, 0
13.84, 5
13.85, 2
13.86, 4
13.87, 1
13.88, 11
13.89, 6
13.9, 1
13.91, 3
13.92, 3
13.93, 5
13.94, 5
13.95, 5
13.96, 0
13.97, 3
13.98, 4
13.99, 9
14, 2
14.01, 4
14.02, 8
14.03, 9
14.04, 9
14.05, 4
14.06, 11
14.07, 10
14.08, 10
14.09, 8
14.1, 19
14.11, 29
14.12, 28
14.13, 44
14.14, 47
14.15, 39
14.16, 36
14.17, 23
14.18, 26
14.19, 40
14.2, 17
14.21, 10
14.22, 8
14.23, 2
14.24, 10
14.25, 13
14.26, 5
14.27, 6
14.28, 4
14.29, 2
14.3, 1
14.31, 2
14.32, 5
14.33, 0
14.34, 3
14.35, 7
14.36, 2
14.37, 5
14.38, 2
14.39, 3
14.4, 5
14.41, 1
14.42, 2
14.43, 5
14.44, 8
14.45, 5
14.46, 2
14.47, 1
14.48, 1
14.49, 5
14.5, 1
14.51, 7
14.52, 6
14.53, 5
14.54, 1
14.55, 6
14.56, 3
14.57, 5
14.58, 6
14.59, 3
14.6, 3
14.61, 5
14.62, 7
14.63, 5
14.64, 8
14.65, 5
14.66, 3
14.67, 3
14.68, 5
14.69, 0
14.7, 4
14.71, 3
14.72, 1
14.73, 0
14.74, 5
14.75, 3
14.76, 1
14.77, 7
14.78, 4
14.79, 2
14.8, 13
14.81, 4
14.82, 5
14.83, 6
14.84, 2
14.85, 4
14.86, 8
14.87, 3
14.88, 6
14.89, 1
14.9, 4
14.91, 3
14.92, 6
14.93, 5
14.94, 4
14.95, 1
14.96, 3
14.97, 2
14.98, 3
14.99, 1
15, 3
15.01, 3
15.02, 5
15.03, 8
15.04, 5
15.05, 2
15.06, 3
15.07, 5
15.08, 3
15.09, 3
15.1, 5
15.11, 13
15.12, 5
15.13, 5
15.14, 10
15.15, 2
15.16, 4
15.17, 2
15.18, 3
15.19, 3
15.2, 0
15.21, 4
15.22, 3
15.23, 8
15.24, 5
15.25, 4
15.26, 3
15.27, 7
15.28, 4
15.29, 6
15.3, 3
15.31, 5
15.32, 0
15.33, 5
15.34, 3
15.35, 2
15.36, 1
15.37, 5
15.38, 5
15.39, 3
15.4, 4
15.41, 7
15.42, 4
15.43, 5
15.44, 0
15.45, 5
15.46, 2
15.47, 1
15.48, 4
15.49, 5
15.5, 2
15.51, 11
15.52, 0
15.53, 3
15.54, 1
15.55, 0
15.56, 6
15.57, 0
15.58, 1
15.59, 7
15.6, 6
15.61, 5
15.62, 6
15.63, 5
15.64, 4
15.65, 0
15.66, 2
15.67, 1
15.68, 2
15.69, 2
15.7, 5
15.71, 3
15.72, 1
15.73, 1
15.74, 5
15.75, 0
15.76, 0
15.77, 2
15.78, 4
15.79, 3
15.8, 2
15.81, 0
15.82, 5
15.83, 1
15.84, 5
15.85, 0
15.86, 8
15.87, 1
15.88, 3
15.89, 3
15.9, 1
15.91, 5
15.92, 0
15.93, 7
15.94, 8
15.95, 5
15.96, 7
15.97, 2
15.98, 6
15.99, 3
16, 9
16.01, 7
16.02, 3
16.03, 14
16.04, 8
16.05, 9
16.06, 12
16.07, 13
16.08, 24
16.09, 19
16.1, 29
16.11, 43
16.12, 29
16.13, 25
16.14, 31
16.15, 25
16.16, 23
16.17, 19
16.18, 21
16.19, 24
16.2, 4
16.21, 8
16.22, 9
16.23, 6
16.24, 7
16.25, 6
16.26, 3
16.27, 6
16.28, 2
16.29, 6
16.3, 3
16.31, 3
16.32, 3
16.33, 3
16.34, 8
16.35, 3
16.36, 4
16.37, 8
16.38, 1
16.39, 2
16.4, 3
16.41, 0
16.42, 8
16.43, 5
16.44, 5
16.45, 0
16.46, 5
16.47, 8
16.48, 9
16.49, 11
16.5, 10
16.51, 9
16.52, 16
16.53, 21
16.54, 10
16.55, 18
16.56, 12
16.57, 22
16.58, 13
16.59, 8
16.6, 13
16.61, 7
16.62, 4
16.63, 8
16.64, 2
16.65, 6
16.66, 8
16.67, 8
16.68, 10
16.69, 3
16.7, 7
16.71, 6
16.72, 3
16.73, 4
16.74, 6
16.75, 3
16.76, 4
16.77, 3
16.78, 4
16.79, 2
16.8, 0
16.81, 4
16.82, 5
16.83, 9
16.84, 10
16.85, 7
16.86, 7
16.87, 18
16.88, 12
16.89, 19
16.9, 22
16.91, 6
16.92, 9
16.93, 4
16.94, 3
16.95, 4
16.96, 9
16.97, 9
16.98, 4
16.99, 4
17, 12
17.01, 16
17.02, 11
17.03, 18
17.04, 14
17.05, 16
17.06, 2
17.07, 5
17.08, 5
17.09, 1
17.1, 6
17.11, 3
17.12, 7
17.13, 2
17.14, 0
17.15, 2
17.16, 7
17.17, 0
17.18, 3
17.19, 3
17.2, 4
17.21, 0
17.22, 6
17.23, 3
17.24, 1
17.25, 3
17.26, 1
17.27, 0
17.28, 4
17.29, 2
17.3, 5
17.31, 6
17.32, 3
17.33, 1
17.34, 6
17.35, 1
17.36, 0
17.37, 5
17.38, 3
17.39, 0
17.4, 2
17.41, 0
17.42, 1
17.43, 4
17.44, 4
17.45, 6
17.46, 5
17.47, 2
17.48, 4
17.49, 7
17.5, 4
17.51, 6
17.52, 4
17.53, 5
17.54, 4
17.55, 0
17.56, 6
17.57, 3
17.58, 2
17.59, 2
17.6, 1
17.61, 3
17.62, 4
17.63, 0
17.64, 5
17.65, 1
17.66, 2
17.67, 0
17.68, 3
17.69, 3
17.7, 2
17.71, 1
17.72, 1
17.73, 1
17.74, 1
17.75, 4
17.76, 2
17.77, 2
17.78, 0
17.79, 3
17.8, 2
17.81, 2
17.82, 2
17.83, 4
17.84, 4
17.85, 0
17.86, 6
17.87, 2
17.88, 1
17.89, 5
17.9, 8
17.91, 7
17.92, 5
17.93, 10
17.94, 1
17.95, 7
17.96, 5
17.97, 0
17.98, 3
17.99, 5
18, 5
18.01, 3
18.02, 0
18.03, 1
18.04, 6
18.05, 2
18.06, 3
18.07, 5
18.08, 2
18.09, 0
18.1, 6
18.11, 3
18.12, 3
18.13, 4
18.14, 1
18.15, 4
18.16, 0
18.17, 0
18.18, 3
18.19, 1
18.2, 6
18.21, 4
18.22, 9
18.23, 3
18.24, 3
18.25, 4
18.26, 9
18.27, 1
18.28, 5
18.29, 6
18.3, 3
18.31, 8
18.32, 1
18.33, 2
18.34, 8
18.35, 5
18.36, 6
18.37, 5
18.38, 6
18.39, 8
18.4, 4
18.41, 0
18.42, 6
18.43, 2
18.44, 7
18.45, 6
18.46, 13
18.47, 11
18.48, 6
18.49, 3
18.5, 9
18.51, 13
18.52, 10
18.53, 2
18.54, 14
18.55, 9
18.56, 6
18.57, 8
18.58, 3
18.59, 11
18.6, 12
18.61, 16
18.62, 8
18.63, 11
18.64, 11
18.65, 13
18.66, 12
18.67, 16
18.68, 23
18.69, 17
18.7, 33
18.71, 26
18.72, 43
18.73, 38
18.74, 42
18.75, 51
18.76, 57
18.77, 80
18.78, 111
18.79, 137
18.8, 201
18.81, 288
18.82, 400
18.83, 551
18.84, 682
18.85, 806
18.86, 758
18.87, 703
18.88, 716
18.89, 793
18.9, 1000
18.91, 942
18.92, 801
18.93, 573
18.94, 442
18.95, 402
18.96, 426
18.97, 338
18.98, 285
18.99, 184
19, 108
19.01, 89
19.02, 69
19.03, 54
19.04, 67
19.05, 53
19.06, 66
19.07, 43
19.08, 37
19.09, 49
19.1, 57
19.11, 38
19.12, 43
19.13, 35
19.14, 46
19.15, 48
19.16, 66
19.17, 81
19.18, 81
19.19, 102
19.2, 173
19.21, 228
19.22, 310
19.23, 438
19.24, 558
19.25, 625
19.26, 599
19.27, 489
19.28, 334
19.29, 338
19.3, 335
19.31, 357
19.32, 323
19.33, 284
19.34, 195
19.35, 163
19.36, 171
19.37, 216
19.38, 268
19.39, 375
19.4, 471
19.41, 555
19.42, 522
19.43, 445
19.44, 309
19.45, 284
19.46, 283
19.47, 293
19.48, 244
19.49, 197
19.5, 144
19.51, 90
19.52, 56
19.53, 43
19.54, 26
19.55, 40
19.56, 24
19.57, 23
19.58, 30
19.59, 15
19.6, 21
19.61, 6
19.62, 21
19.63, 15
19.64, 13
19.65, 23
19.66, 21
19.67, 17
19.68, 23
19.69, 31
19.7, 32
19.71, 45
19.72, 47
19.73, 41
19.74, 32
19.75, 34
19.76, 21
19.77, 17
19.78, 22
19.79, 29
19.8, 12
19.81, 7
19.82, 10
19.83, 15
19.84, 7
19.85, 2
19.86, 8
19.87, 10
19.88, 2
19.89, 2
19.9, 5
19.91, 8
19.92, 0
19.93, 0
19.94, 2
19.95, 3
19.96, 5
19.97, 2
19.98, 2
19.99, 1
20, 4
20.01, 3
20.02, 0
20.03, 0
20.04, 0
20.05, 6
20.06, 0
20.07, 1
20.08, 0
20.09, 1
20.1, 1
20.11, 6
20.12, 2
20.13, 3
20.14, 9
20.15, 1
20.16, 0
20.17, 3
20.18, 6
20.19, 4
20.2, 2
20.21, 1
20.22, 2
20.23, 6
20.24, 10
20.25, 7
20.26, 12
20.27, 8
20.28, 15
20.29, 16
20.3, 25
20.31, 34
20.32, 26
20.33, 47
20.34, 69
20.35, 102
20.36, 125
20.37, 176
20.38, 242
20.39, 243
20.4, 278
20.41, 205
20.42, 163
20.43, 142
20.44, 144
20.45, 134
20.46, 126
20.47, 116
20.48, 80
20.49, 49
20.5, 21
20.51, 25
20.52, 21
20.53, 8
20.54, 7
20.55, 13
20.56, 14
20.57, 12
20.58, 19
20.59, 3
20.6, 10
20.61, 12
20.62, 7
20.63, 10
20.64, 11
20.65, 11
20.66, 6
20.67, 8
20.68, 8
20.69, 6
20.7, 8
20.71, 5
20.72, 4
20.73, 6
20.74, 2
20.75, 1
20.76, 4
20.77, 0
20.78, 5
20.79, 8
20.8, 2
20.81, 7
20.82, 7
20.83, 6
20.84, 2
20.85, 2
20.86, 3
20.87, 14
20.88, 2
20.89, 8
20.9, 4
20.91, 4
20.92, 4
20.93, 3
20.94, 0
20.95, 3
20.96, 10
20.97, 6
20.98, 1
20.99, 4
21, 6
21.01, 13
21.02, 3
21.03, 2
21.04, 3
21.05, 6
21.06, 2
21.07, 0
21.08, 5
21.09, 3
21.1, 1
21.11, 0
21.12, 6
21.13, 0
21.14, 6
21.15, 2
21.16, 11
21.17, 1
21.18, 5
21.19, 3
21.2, 1
21.21, 6
21.22, 2
21.23, 1
21.24, 4
21.25, 2
21.26, 1
21.27, 2
21.28, 4
21.29, 1
21.3, 6
21.31, 2
21.32, 6
21.33, 4
21.34, 0
21.35, 6
21.36, 4
21.37, 0
21.38, 7
21.39, 0
21.4, 3
21.41, 1
21.42, 6
21.43, 4
21.44, 8
21.45, 2
21.46, 4
21.47, 6
21.48, 8
21.49, 12
21.5, 3
21.51, 9
21.52, 0
21.53, 3
21.54, 0
21.55, 7
21.56, 4
21.57, 0
21.58, 6
21.59, 10
21.6, 11
21.61, 2
21.62, 10
21.63, 7
21.64, 2
21.65, 0
21.66, 9
21.67, 8
21.68, 0
21.69, 3
21.7, 6
21.71, 1
21.72, 3
21.73, 13
21.74, 0
21.75, 2
21.76, 6
21.77, 1
21.78, 4
21.79, 3
21.8, 11
21.81, 7
21.82, 0
21.83, 3
21.84, 7
21.85, 4
21.86, 4
21.87, 5
21.88, 11
21.89, 5
21.9, 12
21.91, 8
21.92, 2
21.93, 5
21.94, 5
21.95, 4
21.96, 1
21.97, 7
21.98, 9
21.99, 3
22, 1
22.01, 7
22.02, 7
22.03, 4
22.04, 1
22.05, 2
22.06, 5
22.07, 12
22.08, 10
22.09, 5
22.1, 4
22.11, 9
22.12, 8
22.13, 10
22.14, 7
22.15, 6
22.16, 5
22.17, 8
22.18, 9
22.19, 3
22.2, 8
22.21, 3
22.22, 7
22.23, 1
22.24, 5
22.25, 6
22.26, 3
22.27, 4
22.28, 7
22.29, 3
22.3, 0
22.31, 3
22.32, 3
22.33, 5
22.34, 4
22.35, 8
22.36, 5
22.37, 2
22.38, 0
22.39, 12
22.4, 7
22.41, 6
22.42, 0
22.43, 11
22.44, 2
22.45, 4
22.46, 4
22.47, 1
22.48, 4
22.49, 2
22.5, 6
22.51, 8
22.52, 7
22.53, 3
22.54, 0
22.55, 0
22.56, 4
22.57, 6
22.58, 12
22.59, 1
22.6, 3
22.61, 1
22.62, 4
22.63, 6
22.64, 6
22.65, 7
22.66, 4
22.67, 10
22.68, 4
22.69, 13
22.7, 5
22.71, 8
22.72, 0
22.73, 2
22.74, 6
22.75, 4
22.76, 8
22.77, 0
22.78, 1
22.79, 0
22.8, 3
22.81, 2
22.82, 1
22.83, 5
22.84, 6
22.85, 3
22.86, 13
22.87, 0
22.88, 4
22.89, 0
22.9, 3
22.91, 4
22.92, 3
22.93, 7
22.94, 0
22.95, 3
22.96, 9
22.97, 2
22.98, 4
22.99, 4
23, 6
23.01, 7
23.02, 7
23.03, 0
23.04, 5
23.05, 1
23.06, 4
23.07, 6
23.08, 5
23.09, 6
23.1, 2
23.11, 5
23.12, 5
23.13, 3
23.14, 2
23.15, 3
23.16, 0
23.17, 6
23.18, 4
23.19, 8
23.2, 0
23.21, 1
23.22, 1
23.23, 11
23.24, 0
23.25, 3
23.26, 4
23.27, 4
23.28, 5
23.29, 2
23.3, 6
23.31, 2
23.32, 6
23.33, 4
23.34, 0
23.35, 7
23.36, 2
23.37, 3
23.38, 8
23.39, 6
23.4, 2
23.41, 4
23.42, 0
23.43, 5
23.44, 0
23.45, 0
23.46, 3
23.47, 5
23.48, 1
23.49, 12
23.5, 4
23.51, 1
23.52, 8
23.53, 6
23.54, 8
23.55, 3
23.56, 0
23.57, 6
23.58, 0
23.59, 1
23.6, 0
23.61, 4
23.62, 0
23.63, 7
23.64, 2
23.65, 5
23.66, 8
23.67, 7
23.68, 3
23.69, 5
23.7, 3
23.71, 4
23.72, 9
23.73, 7
23.74, 10
23.75, 15
23.76, 19
23.77, 15
23.78, 22
23.79, 33
23.8, 46
23.81, 56
23.82, 67
23.83, 85
23.84, 74
23.85, 33
23.86, 32
23.87, 38
23.88, 33
23.89, 38
23.9, 43
23.91, 42
23.92, 39
23.93, 15
23.94, 16
23.95, 15
23.96, 10
23.97, 7
23.98, 12
23.99, 3
24, 4
24.01, 2
24.02, 7
24.03, 3
24.04, 4
24.05, 8
24.06, 2
24.07, 9
24.08, 9
24.09, 3
24.1, 11
24.11, 3
24.12, 1
24.13, 10
24.14, 7
24.15, 10
24.16, 5
24.17, 9
24.18, 10
24.19, 23
24.2, 23
24.21, 37
24.22, 28
24.23, 41
24.24, 23
24.25, 13
24.26, 13
24.27, 25
24.28, 24
24.29, 24
24.3, 20
24.31, 13
24.32, 11
24.33, 7
24.34, 1
24.35, 11
24.36, 5
24.37, 2
24.38, 0
24.39, 10
24.4, 8
24.41, 0
24.42, 2
24.43, 5
24.44, 4
24.45, 10
24.46, 7
24.47, 3
24.48, 4
24.49, 5
24.5, 6
24.51, 0
24.52, 1
24.53, 0
24.54, 9
24.55, 1
24.56, 1
24.57, 4
24.58, 2
24.59, 1
24.6, 1
24.61, 4
24.62, 1
24.63, 1
24.64, 5
24.65, 4
24.66, 12
24.67, 4
24.68, 4
24.69, 0
24.7, 0
24.71, 5
24.72, 6
24.73, 6
24.74, 2
24.75, 3
24.76, 12
24.77, 7
24.78, 11
24.79, 5
24.8, 7
24.81, 7
24.82, 0
24.83, 7
24.84, 7
24.85, 17
24.86, 15
24.87, 20
24.88, 34
24.89, 42
24.9, 60
24.91, 86
24.92, 73
24.93, 70
24.94, 41
24.95, 31
24.96, 35
24.97, 37
24.98, 58
24.99, 44
25, 53
25.01, 53
25.02, 48
25.03, 68
25.04, 74
25.05, 65
25.06, 53
25.07, 34
25.08, 32
25.09, 32
25.1, 33
25.11, 45
25.12, 43
25.13, 36
25.14, 35
25.15, 15
25.16, 20
25.17, 15
25.18, 6
25.19, 5
25.2, 7
25.21, 7
25.22, 8
25.23, 8
25.24, 9
25.25, 12
25.26, 10
25.27, 25
25.28, 25
25.29, 36
25.3, 33
25.31, 17
25.32, 17
25.33, 16
25.34, 25
25.35, 12
25.36, 26
25.37, 21
25.38, 16
25.39, 10
25.4, 8
25.41, 5
25.42, 11
25.43, 0
25.44, 2
25.45, 7
25.46, 8
25.47, 1
25.48, 3
25.49, 1
25.5, 5
25.51, 8
25.52, 8
25.53, 1
25.54, 3
25.55, 1
25.56, 6
25.57, 5
25.58, 5
25.59, 3
25.6, 1
25.61, 0
25.62, 8
25.63, 4
25.64, 4
25.65, 4
25.66, 10
25.67, 2
25.68, 4
25.69, 1
25.7, 0
25.71, 5
25.72, 1
25.73, 7
25.74, 4
25.75, 2
25.76, 0
25.77, 4
25.78, 1
25.79, 7
25.8, 4
25.81, 5
25.82, 0
25.83, 0
25.84, 5
25.85, 2
25.86, 2
25.87, 2
25.88, 7
25.89, 0
25.9, 2
25.91, 8
25.92, 4
25.93, 2
25.94, 2
25.95, 1
25.96, 2
25.97, 3
25.98, 1
25.99, 7
26, 0
26.01, 7
26.02, 7
26.03, 9
26.04, 0
26.05, 5
26.06, 3
26.07, 1
26.08, 5
26.09, 7
26.1, 5
26.11, 8
26.12, 5
26.13, 6
26.14, 5
26.15, 2
26.16, 5
26.17, 1
26.18, 9
26.19, 5
26.2, 6
26.21, 4
26.22, 5
26.23, 3
26.24, 2
26.25, 1
26.26, 11
26.27, 3
26.28, 0
26.29, 5
26.3, 3
26.31, 2
26.32, 2
26.33, 5
26.34, 2
26.35, 4
26.36, 3
26.37, 1
26.38, 8
26.39, 3
26.4, 7
26.41, 3
26.42, 2
26.43, 9
26.44, 8
26.45, 12
26.46, 3
26.47, 7
26.48, 4
26.49, 5
26.5, 2
26.51, 0
26.52, 3
26.53, 6
26.54, 10
26.55, 6
26.56, 6
26.57, 4
26.58, 4
26.59, 1
26.6, 3
26.61, 6
26.62, 5
26.63, 6
26.64, 1
26.65, 1
26.66, 4
26.67, 6
26.68, 1
26.69, 4
26.7, 8
26.71, 4
26.72, 1
26.73, 1
26.74, 2
26.75, 8
26.76, 8
26.77, 4
26.78, 3
26.79, 3
26.8, 0
26.81, 3
26.82, 4
26.83, 8
26.84, 0
26.85, 3
26.86, 4
26.87, 4
26.88, 4
26.89, 6
26.9, 3
26.91, 1
26.92, 7
26.93, 1
26.94, 4
26.95, 6
26.96, 7
26.97, 3
26.98, 7
26.99, 1
27, 6
27.01, 4
27.02, 8
27.03, 4
27.04, 5
27.05, 3
27.06, 0
27.07, 0
27.08, 10
27.09, 3
27.1, 3
27.11, 1
27.12, 3
27.13, 6
27.14, 4
27.15, 6
27.16, 0
27.17, 5
27.18, 3
27.19, 3
27.2, 3
27.21, 5
27.22, 3
27.23, 1
27.24, 1
27.25, 5
27.26, 7
27.27, 1
27.28, 2
27.29, 2
27.3, 5
27.31, 6
27.32, 9
27.33, 2
27.34, 1
27.35, 2
27.36, 6
27.37, 5
27.38, 8
27.39, 0
27.4, 4
27.41, 3
27.42, 0
27.43, 3
27.44, 7
27.45, 1
27.46, 5
27.47, 12
27.48, 3
27.49, 5
27.5, 2
27.51, 3
27.52, 7
27.53, 4
27.54, 0
27.55, 3
27.56, 5
27.57, 6
27.58, 12
27.59, 4
27.6, 2
27.61, 9
27.62, 3
27.63, 2
27.64, 1
27.65, 0
27.66, 5
27.67, 5
27.68, 1
27.69, 8
27.7, 5
27.71, 1
27.72, 5
27.73, 5
27.74, 2
27.75, 7
27.76, 11
27.77, 4
27.78, 3
27.79, 8
27.8, 12
27.81, 6
27.82, 7
27.83, 4
27.84, 10
27.85, 7
27.86, 7
27.87, 6
27.88, 3
27.89, 4
27.9, 2
27.91, 9
27.92, 12
27.93, 10
27.94, 12
27.95, 17
27.96, 21
27.97, 20
27.98, 29
27.99, 35
28, 25
28.01, 10
28.02, 17
28.03, 13
28.04, 4
28.05, 24
28.06, 18
28.07, 23
28.08, 24
28.09, 15
28.1, 13
28.11, 14
28.12, 28
28.13, 20
28.14, 31
28.15, 30
28.16, 28
28.17, 22
28.18, 10
28.19, 7
28.2, 6
28.21, 10
28.22, 18
28.23, 18
28.24, 25
28.25, 16
28.26, 13
28.27, 9
28.28, 9
28.29, 0
28.3, 4
28.31, 3
28.32, 2
28.33, 11
28.34, 8
28.35, 7
28.36, 0
28.37, 5
28.38, 8
28.39, 7
28.4, 0
28.41, 1
28.42, 5
28.43, 3
28.44, 8
28.45, 5
28.46, 0
28.47, 1
28.48, 7
28.49, 2
28.5, 4
28.51, 2
28.52, 7
28.53, 1
28.54, 9
28.55, 2
28.56, 7
28.57, 4
28.58, 6
28.59, 5
28.6, 0
28.61, 7
28.62, 2
28.63, 8
28.64, 9
28.65, 1
28.66, 4
28.67, 0
28.68, 3
28.69, 6
28.7, 2
28.71, 6
28.72, 5
28.73, 9
28.74, 4
28.75, 1
28.76, 2
28.77, 1
28.78, 7
28.79, 4
28.8, 6
28.81, 6
28.82, 4
28.83, 1
28.84, 9
28.85, 4
28.86, 1
28.87, 3
28.88, 11
28.89, 4
28.9, 12
28.91, 4
28.92, 5
28.93, 0
28.94, 5
28.95, 3
28.96, 6
28.97, 1
28.98, 0
28.99, 3
29, 3
29.01, 2
29.02, 0
29.03, 2
29.04, 4
29.05, 3
29.06, 0
29.07, 7
29.08, 2
29.09, 9
29.1, 4
29.11, 3
29.12, 5
29.13, 1
29.14, 9
29.15, 3
29.16, 3
29.17, 6
29.18, 0
29.19, 0
29.2, 7
29.21, 1
29.22, 1
29.23, 4
29.24, 3
29.25, 2
29.26, 6
29.27, 1
29.28, 0
29.29, 1
29.3, 0
29.31, 6
29.32, 3
29.33, 4
29.34, 2
29.35, 6
29.36, 6
29.37, 7
29.38, 4
29.39, 2
29.4, 1
29.41, 1
29.42, 2
29.43, 4
29.44, 3
29.45, 6
29.46, 4
29.47, 9
29.48, 5
29.49, 9
29.5, 16
29.51, 11
29.52, 21
29.53, 23
29.54, 29
29.55, 27
29.56, 18
29.57, 18
29.58, 11
29.59, 6
29.6, 8
29.61, 9
29.62, 9
29.63, 11
29.64, 14
29.65, 10
29.66, 6
29.67, 2
29.68, 4
29.69, 3
29.7, 8
29.71, 9
29.72, 8
29.73, 5
29.74, 8
29.75, 7
29.76, 5
29.77, 5
29.78, 10
29.79, 5
29.8, 2
29.81, 7
29.82, 8
29.83, 5
29.84, 9
29.85, 10
29.86, 14
29.87, 25
29.88, 37
29.89, 48
29.9, 54
29.91, 87
29.92, 91
29.93, 83
29.94, 66
29.95, 48
29.96, 37
29.97, 28
29.98, 28
29.99, 41
30, 43
30.01, 57
30.02, 44
30.03, 41
30.04, 22
30.05, 20
30.06, 14
30.07, 12
30.08, 10
30.09, 1
30.1, 8
30.11, 2
30.12, 8
30.13, 4
30.14, 7
30.15, 12
30.16, 1
30.17, 12
30.18, 8
30.19, 3
30.2, 3
30.21, 4
30.22, 7
30.23, 11
30.24, 10
30.25, 3
30.26, 11
30.27, 6
30.28, 9
30.29, 10
30.3, 15
30.31, 13
30.32, 24
30.33, 25
30.34, 34
30.35, 29
30.36, 29
30.37, 13
30.38, 3
30.39, 11
30.4, 11
30.41, 8
30.42, 9
30.43, 21
30.44, 19
30.45, 20
30.46, 11
30.47, 6
30.48, 13
30.49, 11
30.5, 15
30.51, 19
30.52, 20
30.53, 30
30.54, 37
30.55, 27
30.56, 14
30.57, 13
30.58, 9
30.59, 10
30.6, 12
30.61, 15
30.62, 21
30.63, 12
30.64, 12
30.65, 7
30.66, 8
30.67, 11
30.68, 5
30.69, 5
30.7, 4
30.71, 2
30.72, 6
30.73, 7
30.74, 5
30.75, 2
30.76, 9
30.77, 0
30.78, 7
30.79, 8
30.8, 6
30.81, 1
30.82, 5
30.83, 4
30.84, 0
30.85, 3
30.86, 6
30.87, 8
30.88, 6
30.89, 9
30.9, 11
30.91, 10
30.92, 8
30.93, 8
30.94, 10
30.95, 3
30.96, 4
30.97, 4
30.98, 3
30.99, 1
31, 8
31.01, 6
31.02, 9
31.03, 11
31.04, 4
31.05, 9
31.06, 2
31.07, 5
31.08, 3
31.09, 3
31.1, 1
31.11, 4
31.12, 3
31.13, 2
31.14, 0
31.15, 0
31.16, 3
31.17, 5
31.18, 2
31.19, 4
31.2, 4
31.21, 4
31.22, 7
31.23, 3
31.24, 6
31.25, 1
31.26, 7
31.27, 6
31.28, 2
31.29, 6
31.3, 4
31.31, 0
31.32, 3
31.33, 2
31.34, 2
31.35, 2
31.36, 10
31.37, 2
31.38, 3
31.39, 9
31.4, 7
31.41, 4
31.42, 1
31.43, 1
31.44, 2
31.45, 2
31.46, 1
31.47, 6
31.48, 5
31.49, 0
31.5, 6
31.51, 4
31.52, 0
31.53, 4
31.54, 0
31.55, 10
31.56, 0
31.57, 10
31.58, 1
31.59, 15
31.6, 10
31.61, 10
31.62, 12
31.63, 10
31.64, 12
31.65, 5
31.66, 8
31.67, 2
31.68, 8
31.69, 3
31.7, 7
31.71, 9
31.72, 0
31.73, 6
31.74, 5
31.75, 8
31.76, 9
31.77, 2
31.78, 10
31.79, 0
31.8, 5
31.81, 5
31.82, 8
31.83, 0
31.84, 5
31.85, 7
31.86, 6
31.87, 3
31.88, 3
31.89, 5
31.9, 0
31.91, 5
31.92, 3
31.93, 3
31.94, 3
31.95, 1
31.96, 3
31.97, 7
31.98, 3
31.99, 5
32, 3
32.01, 6
32.02, 11
32.03, 1
32.04, 7
32.05, 8
32.06, 29
32.07, 15
32.08, 17
32.09, 19
32.1, 8
32.11, 13
32.12, 13
32.13, 7
32.14, 12
32.15, 17
32.16, 11
32.17, 15
32.18, 13
32.19, 14
32.2, 10
32.21, 8
32.22, 14
32.23, 13
32.24, 26
32.25, 27
32.26, 15
32.27, 24
32.28, 18
32.29, 12
32.3, 19
32.31, 13
32.32, 15
32.33, 5
32.34, 11
32.35, 17
32.36, 12
32.37, 20
32.38, 14
32.39, 13
32.4, 8
32.41, 13
32.42, 16
32.43, 26
32.44, 21
32.45, 33
32.46, 25
32.47, 21
32.48, 14
32.49, 16
32.5, 10
32.51, 12
32.52, 17
32.53, 10
32.54, 21
32.55, 25
32.56, 16
32.57, 14
32.58, 23
32.59, 22
32.6, 23
32.61, 18
32.62, 11
32.63, 12
32.64, 13
32.65, 5
32.66, 12
32.67, 6
32.68, 10
32.69, 10
32.7, 7
32.71, 3
32.72, 8
32.73, 6
32.74, 5
32.75, 7
32.76, 3
32.77, 4
32.78, 9
32.79, 6
32.8, 3
32.81, 1
32.82, 0
32.83, 0
32.84, 3
32.85, 5
32.86, 5
32.87, 6
32.88, 5
32.89, 3
32.9, 0
32.91, 1
32.92, 3
32.93, 10
32.94, 2
32.95, 6
32.96, 1
32.97, 5
32.98, 3
32.99, 4
33, 4
33.01, 0
33.02, 7
33.03, 0
33.04, 3
33.05, 8
33.06, 2
33.07, 5
33.08, 3
33.09, 0
33.1, 0
33.11, 5
33.12, 3
33.13, 0
33.14, 5
33.15, 0
33.16, 5
33.17, 3
33.18, 3
33.19, 2
33.2, 5
33.21, 0
33.22, 2
33.23, 7
33.24, 4
33.25, 8
33.26, 3
33.27, 3
33.28, 3
33.29, 3
33.3, 5
33.31, 0
33.32, 0
33.33, 1
33.34, 1
33.35, 1
33.36, 6
33.37, 4
33.38, 4
33.39, 3
33.4, 0
33.41, 4
33.42, 2
33.43, 0
33.44, 5
33.45, 2
33.46, 8
33.47, 8
33.48, 14
33.49, 2
33.5, 0
33.51, 7
33.52, 6
33.53, 7
33.54, 6
33.55, 14
33.56, 9
33.57, 13
33.58, 7
33.59, 11
33.6, 1
33.61, 2
33.62, 6
33.63, 5
33.64, 3
33.65, 0
33.66, 3
33.67, 1
33.68, 6
33.69, 0
33.7, 3
33.71, 6
33.72, 2
33.73, 5
33.74, 0
33.75, 4
33.76, 6
33.77, 2
33.78, 3
33.79, 8
33.8, 4
33.81, 4
33.82, 0
33.83, 6
33.84, 1
33.85, 0
33.86, 6
33.87, 2
33.88, 7
33.89, 1
33.9, 6
33.91, 5
33.92, 1
33.93, 2
33.94, 5
33.95, 3
33.96, 5
33.97, 4
33.98, 7
33.99, 5
34, 4
34.01, 1
34.02, 1
34.03, 4
34.04, 2
34.05, 4
34.06, 5
34.07, 0
34.08, 2
34.09, 0
34.1, 7
34.11, 3
34.12, 2
34.13, 2
34.14, 4
34.15, 2
34.16, 4
34.17, 11
34.18, 9
34.19, 0
34.2, 0
34.21, 4
34.22, 1
34.23, 8
34.24, 6
34.25, 11
34.26, 3
34.27, 0
34.28, 9
34.29, 8
34.3, 4
34.31, 16
34.32, 10
34.33, 10
34.34, 9
34.35, 9
34.36, 5
34.37, 6
34.38, 2
34.39, 7
34.4, 1
34.41, 4
34.42, 3
34.43, 8
34.44, 5
34.45, 9
34.46, 9
34.47, 6
34.48, 2
34.49, 1
34.5, 4
34.51, 6
34.52, 4
34.53, 9
34.54, 1
34.55, 10
34.56, 9
34.57, 6
34.58, 12
34.59, 6
34.6, 9
34.61, 1
34.62, 5
34.63, 12
34.64, 7
34.65, 10
34.66, 1
34.67, 2
34.68, 3
34.69, 7
34.7, 7
34.71, 10
34.72, 1
34.73, 0
34.74, 3
34.75, 7
34.76, 1
34.77, 3
34.78, 3
34.79, 1
34.8, 0
34.81, 5
34.82, 10
34.83, 2
34.84, 5
34.85, 9
34.86, 5
34.87, 0
34.88, 13
34.89, 2
34.9, 8
34.91, 5
34.92, 0
34.93, 3
34.94, 3
34.95, 6
34.96, 2
34.97, 4
34.98, 6
34.99, 5
35, 0
35.01, 4
35.02, 8
35.03, 5
35.04, 8
35.05, 3
35.06, 3
35.07, 4
35.08, 4
35.09, 2
35.1, 5
35.11, 5
35.12, 10
35.13, 7
35.14, 7
35.15, 5
35.16, 4
35.17, 1
35.18, 2
35.19, 10
35.2, 1
35.21, 7
35.22, 2
35.23, 2
35.24, 6
35.25, 7
35.26, 0
35.27, 1
35.28, 8
35.29, 1
35.3, 3
35.31, 0
35.32, 4
35.33, 6
35.34, 1
35.35, 4
35.36, 1
35.37, 4
35.38, 7
35.39, 1
35.4, 2
35.41, 9
35.42, 6
35.43, 1
35.44, 2
35.45, 2
35.46, 5
35.47, 4
35.48, 4
35.49, 1
35.5, 6
35.51, 4
35.52, 1
35.53, 1
35.54, 4
35.55, 8
35.56, 4
35.57, 4
35.58, 9
35.59, 2
35.6, 7
35.61, 9
35.62, 0
35.63, 5
35.64, 7
35.65, 0
35.66, 4
35.67, 9
35.68, 4
35.69, 7
35.7, 5
35.71, 5
35.72, 1
35.73, 5
35.74, 2
35.75, 8
35.76, 7
35.77, 5
35.78, 8
35.79, 4
35.8, 9
35.81, 3
35.82, 5
35.83, 6
35.84, 1
35.85, 0
35.86, 1
35.87, 6
35.88, 9
35.89, 8
35.9, 5
35.91, 6
35.92, 1
35.93, 4
35.94, 6
35.95, 4
35.96, 4
35.97, 4
35.98, 2
35.99, 6
36, 7
36.01, 5
36.02, 2
36.03, 6
36.04, 3
36.05, 7
36.06, 9
36.07, 5
36.08, 0
36.09, 8
36.1, 2
36.11, 4
36.12, 4
36.13, 7
36.14, 7
36.15, 4
36.16, 2
36.17, 2
36.18, 5
36.19, 7
36.2, 1
36.21, 2
36.22, 4
36.23, 1
36.24, 3
36.25, 6
36.26, 7
36.27, 4
36.28, 9
36.29, 4
36.3, 3
36.31, 8
36.32, 1
36.33, 3
36.34, 4
36.35, 5
36.36, 6
36.37, 4
36.38, 2
36.39, 12
36.4, 1
36.41, 0
36.42, 5
36.43, 0
36.44, 4
36.45, 6
36.46, 0
36.47, 5
36.48, 9
36.49, 9
36.5, 0
36.51, 3
36.52, 7
36.53, 2
36.54, 1
36.55, 3
36.56, 2
36.57, 7
36.58, 9
36.59, 2
36.6, 5
36.61, 3
36.62, 8
36.63, 4
36.64, 12
36.65, 0
36.66, 2
36.67, 1
36.68, 4
36.69, 7
36.7, 7
36.71, 4
36.72, 2
36.73, 6
36.74, 7
36.75, 2
36.76, 5
36.77, 0
36.78, 1
36.79, 1
36.8, 3
36.81, 5
36.82, 4
36.83, 7
36.84, 1
36.85, 6
36.86, 4
36.87, 7
36.88, 0
36.89, 0
36.9, 6
36.91, 2
36.92, 7
36.93, 4
36.94, 0
36.95, 4
36.96, 8
36.97, 1
36.98, 1
36.99, 6
37, 2
37.01, 9
37.02, 0
37.03, 9
37.04, 5
37.05, 7
37.06, 11
37.07, 0
37.08, 5
37.09, 6
37.1, 4
37.11, 3
37.12, 0
37.13, 3
37.14, 6
37.15, 1
37.16, 10
37.17, 6
37.18, 1
37.19, 9
37.2, 10
37.21, 10
37.22, 6
37.23, 3
37.24, 8
37.25, 1
37.26, 3
37.27, 7
37.28, 2
37.29, 9
37.3, 9
37.31, 5
37.32, 2
37.33, 4
37.34, 2
37.35, 7
37.36, 7
37.37, 5
37.38, 3
37.39, 9
37.4, 11
37.41, 15
37.42, 7
37.43, 7
37.44, 16
37.45, 17
37.46, 15
37.47, 10
37.48, 2
37.49, 9
37.5, 3
37.51, 4
37.52, 7
37.53, 4
37.54, 7
37.55, 8
37.56, 4
37.57, 2
37.58, 7
37.59, 4
37.6, 5
37.61, 5
37.62, 1
37.63, 6
37.64, 6
37.65, 4
37.66, 4
37.67, 0
37.68, 1
37.69, 5
37.7, 9
37.71, 11
37.72, 2
37.73, 3
37.74, 4
37.75, 0
37.76, 5
37.77, 5
37.78, 11
37.79, 2
37.8, 8
37.81, 3
37.82, 6
37.83, 5
37.84, 0
37.85, 4
37.86, 3
37.87, 4
37.88, 6
37.89, 0
37.9, 1
37.91, 6
37.92, 2
37.93, 0
37.94, 1
37.95, 1
37.96, 9
37.97, 5
37.98, 0
37.99, 4
38, 3
38.01, 0
38.02, 7
38.03, 5
38.04, 3
38.05, 4
38.06, 5
38.07, 7
38.08, 0
38.09, 0
38.1, 5
38.11, 6
38.12, 2
38.13, 0
38.14, 5
38.15, 2
38.16, 2
38.17, 5
38.18, 2
38.19, 0
38.2, 2
38.21, 2
38.22, 5
38.23, 2
38.24, 3
38.25, 5
38.26, 5
38.27, 1
38.28, 1
38.29, 1
38.3, 0
38.31, 3
38.32, 3
38.33, 2
38.34, 9
38.35, 6
38.36, 7
38.37, 3
38.38, 3
38.39, 11
38.4, 2
38.41, 5
38.42, 5
38.43, 5
38.44, 6
38.45, 2
38.46, 8
38.47, 5
38.48, 10
38.49, 4
38.5, 6
38.51, 0
38.52, 13
38.53, 8
38.54, 0
38.55, 13
38.56, 9
38.57, 4
38.58, 8
38.59, 7
38.6, 13
38.61, 13
38.62, 10
38.63, 20
38.64, 29
38.65, 28
38.66, 34
38.67, 32
38.68, 34
38.69, 21
38.7, 27
38.71, 40
38.72, 39
38.73, 65
38.74, 66
38.75, 71
38.76, 74
38.77, 69
38.78, 47
38.79, 30
38.8, 26
38.81, 19
38.82, 22
38.83, 20
38.84, 32
38.85, 36
38.86, 38
38.87, 47
38.88, 25
38.89, 28
38.9, 23
38.91, 22
38.92, 17
38.93, 8
38.94, 10
38.95, 17
38.96, 37
38.97, 37
38.98, 61
38.99, 63
39, 64
39.01, 82
39.02, 73
39.03, 48
39.04, 24
39.05, 19
39.06, 32
39.07, 13
39.08, 13
39.09, 25
39.1, 26
39.11, 41
39.12, 45
39.13, 46
39.14, 27
39.15, 29
39.16, 21
39.17, 9
39.18, 5
39.19, 10
39.2, 17
39.21, 9
39.22, 8
39.23, 2
39.24, 12
39.25, 4
39.26, 2
39.27, 1
39.28, 7
39.29, 5
39.3, 5
39.31, 0
39.32, 2
39.33, 5
39.34, 3
39.35, 5
39.36, 0
39.37, 2
39.38, 4
39.39, 7
39.4, 5
39.41, 6
39.42, 1
39.43, 10
39.44, 3
39.45, 1
39.46, 4
39.47, 3
39.48, 9
39.49, 4
39.5, 1
39.51, 2
39.52, 4
39.53, 1
39.54, 4
39.55, 4
39.56, 3
39.57, 0
39.58, 6
39.59, 3
39.6, 8
39.61, 5
39.62, 0
39.63, 6
39.64, 1
39.65, 6
39.66, 3
39.67, 8
39.68, 4
39.69, 5
39.7, 6
39.71, 8
39.72, 3
39.73, 6
39.74, 0
39.75, 7
39.76, 4
39.77, 5
39.78, 4
39.79, 2
39.8, 2
39.81, 9
39.82, 4
39.83, 2
39.84, 0
39.85, 7
39.86, 0
39.87, 0
39.88, 8
39.89, 4
39.9, 8
39.91, 2
39.92, 10
39.93, 0
39.94, 4
39.95, 8
39.96, 7
39.97, 3
39.98, 5
39.99, 7
40, 5
40.01, 3
40.02, 3
40.03, 0
40.04, 4
40.05, 10
40.06, 8
40.07, 11
40.08, 1
40.09, 5
40.1, 0
40.11, 7
40.12, 1
40.13, 1
40.14, 6
40.15, 4
40.16, 7
40.17, 13
40.18, 9
40.19, 4
40.2, 3
40.21, 1
40.22, 1
40.23, 7
40.24, 5
40.25, 6
40.26, 4
40.27, 7
40.28, 8
40.29, 10
40.3, 4
40.31, 4
40.32, 3
40.33, 3
40.34, 1
40.35, 8
40.36, 2
40.37, 4
40.38, 2
40.39, 2
40.4, 2
40.41, 2
40.42, 4
40.43, 4
40.44, 6
40.45, 9
40.46, 6
40.47, 5
40.48, 14
40.49, 10
40.5, 15
40.51, 16
40.52, 12
40.53, 15
40.54, 8
40.55, 10
40.56, 2
40.57, 5
40.58, 1
40.59, 6
40.6, 13
40.61, 11
40.62, 2
40.63, 6
40.64, 12
40.65, 5
40.66, 8
40.67, 0
40.68, 7
40.69, 8
40.7, 5
40.71, 5
40.72, 4
40.73, 4
40.74, 4
40.75, 5
40.76, 9
40.77, 2
40.78, 7
40.79, 3
40.8, 10
40.81, 9
40.82, 9
40.83, 8
40.84, 0
40.85, 1
40.86, 3
40.87, 4
40.88, 1
40.89, 3
40.9, 0
40.91, 8
40.92, 7
40.93, 1
40.94, 12
40.95, 0
40.96, 1
40.97, 1
40.98, 7
40.99, 1
41, 4
41.01, 3
41.02, 1
41.03, 3
41.04, 1
41.05, 1
41.06, 3
41.07, 5
41.08, 6
41.09, 8
41.1, 6
41.11, 6
41.12, 6
41.13, 5
41.14, 0
41.15, 7
41.16, 2
41.17, 1
41.18, 5
41.19, 0
41.2, 1
41.21, 10
41.22, 7
41.23, 5
41.24, 1
41.25, 1
41.26, 2
41.27, 2
41.28, 10
41.29, 1
41.3, 5
41.31, 5
41.32, 4
41.33, 0
41.34, 3
41.35, 0
41.36, 3
41.37, 1
41.38, 11
41.39, 0
41.4, 4
41.41, 1
41.42, 6
41.43, 1
41.44, 5
41.45, 0
41.46, 9
41.47, 5
41.48, 0
41.49, 3
41.5, 2
41.51, 6
41.52, 2
41.53, 3
41.54, 5
41.55, 2
41.56, 4
41.57, 3
41.58, 5
41.59, 3
41.6, 6
41.61, 2
41.62, 3
41.63, 3
41.64, 1
41.65, 3
41.66, 7
41.67, 4
41.68, 2
41.69, 6
41.7, 3
41.71, 0
41.72, 7
41.73, 1
41.74, 8
41.75, 2
41.76, 6
41.77, 7
41.78, 1
41.79, 2
41.8, 14
41.81, 11
41.82, 6
41.83, 6
41.84, 9
41.85, 10
41.86, 14
41.87, 7
41.88, 13
41.89, 12
41.9, 14
41.91, 30
41.92, 25
41.93, 31
41.94, 45
41.95, 58
41.96, 81
41.97, 84
41.98, 95
41.99, 67
42, 48
42.01, 40
42.02, 26
42.03, 17
42.04, 22
42.05, 28
42.06, 29
42.07, 39
42.08, 33
42.09, 45
42.1, 39
42.11, 37
42.12, 31
42.13, 34
42.14, 13
42.15, 15
42.16, 8
42.17, 7
42.18, 7
42.19, 4
42.2, 10
42.21, 7
42.22, 4
42.23, 10
42.24, 5
42.25, 7
42.26, 5
42.27, 4
42.28, 5
42.29, 2
42.3, 8
42.31, 7
42.32, 1
42.33, 7
42.34, 5
42.35, 9
42.36, 0
42.37, 2
42.38, 8
42.39, 5
42.4, 2
42.41, 5
42.42, 2
42.43, 1
42.44, 4
42.45, 8
42.46, 2
42.47, 6
42.48, 7
42.49, 10
42.5, 4
42.51, 2
42.52, 3
42.53, 4
42.54, 8
42.55, 8
42.56, 0
42.57, 2
42.58, 1
42.59, 2
42.6, 5
42.61, 1
42.62, 6
42.63, 1
42.64, 5
42.65, 7
42.66, 5
42.67, 7
42.68, 0
42.69, 9
42.7, 10
42.71, 5
42.72, 5
42.73, 2
42.74, 7
42.75, 11
42.76, 14
42.77, 14
42.78, 20
42.79, 28
42.8, 42
42.81, 41
42.82, 43
42.83, 23
42.84, 22
42.85, 16
42.86, 22
42.87, 0
42.88, 11
42.89, 7
42.9, 10
42.91, 12
42.92, 18
42.93, 23
42.94, 27
42.95, 20
42.96, 10
42.97, 13
42.98, 15
42.99, 26
43, 21
43.01, 36
43.02, 38
43.03, 41
43.04, 31
43.05, 26
43.06, 22
43.07, 20
43.08, 24
43.09, 27
43.1, 21
43.11, 27
43.12, 20
43.13, 27
43.14, 30
43.15, 28
43.16, 18
43.17, 16
43.18, 25
43.19, 12
43.2, 9
43.21, 16
43.22, 13
43.23, 14
43.24, 12
43.25, 17
43.26, 7
43.27, 6
43.28, 1
43.29, 4
43.3, 5
43.31, 6
43.32, 2
43.33, 1
43.34, 4
43.35, 4
43.36, 3
43.37, 0
43.38, 4
43.39, 4
43.4, 5
43.41, 4
43.42, 4
43.43, 1
43.44, 0
43.45, 0
43.46, 10
43.47, 2
43.48, 3
43.49, 6
43.5, 0
43.51, 4
43.52, 0
43.53, 5
43.54, 2
43.55, 8
43.56, 5
43.57, 1
43.58, 2
43.59, 5
43.6, 10
43.61, 7
43.62, 5
43.63, 4
43.64, 5
43.65, 5
43.66, 4
43.67, 6
43.68, 4
43.69, 0
43.7, 9
43.71, 4
43.72, 3
43.73, 0
43.74, 1
43.75, 8
43.76, 0
43.77, 7
43.78, 1
43.79, 5
43.8, 3
43.81, 1
43.82, 2
43.83, 1
43.84, 2
43.85, 2
43.86, 5
43.87, 6
43.88, 1
43.89, 4
43.9, 3
43.91, 4
43.92, 2
43.93, 6
43.94, 7
43.95, 1
43.96, 0
43.97, 1
43.98, 0
43.99, 0
44, 0
44.01, 0
44.02, 3
44.03, 0
44.04, 0
44.05, 1
44.06, 4
44.07, 5
44.08, 11
44.09, 6
44.1, 2
44.11, 1
44.12, 5
44.13, 1
44.14, 3
44.15, 7
44.16, 1
44.17, 6
44.18, 0
44.19, 1
44.2, 4
44.21, 6
44.22, 12
44.23, 2
44.24, 3
44.25, 1
44.26, 2
44.27, 1
44.28, 1
44.29, 3
44.3, 0
44.31, 1
44.32, 0
44.33, 1
44.34, 8
44.35, 1
44.36, 1
44.37, 7
44.38, 3
44.39, 5
44.4, 3
44.41, 6
44.42, 3
44.43, 0
44.44, 4
44.45, 5
44.46, 6
44.47, 3
44.48, 1
44.49, 8
44.5, 3
44.51, 1
44.52, 3
44.53, 3
44.54, 3
44.55, 4
44.56, 8
44.57, 2
44.58, 4
44.59, 7
44.6, 2
44.61, 8
44.62, 21
44.63, 16
44.64, 15
44.65, 6
44.66, 5
44.67, 8
44.68, 1
44.69, 9
44.7, 3
44.71, 3
44.72, 1
44.73, 8
44.74, 10
44.75, 6
44.76, 8
44.77, 6
44.78, 8
44.79, 3
44.8, 8
44.81, 2
44.82, 1
44.83, 4
44.84, 2
44.85, 7
44.86, 2
44.87, 6
44.88, 1
44.89, 1
44.9, 7
44.91, 10
44.92, 4
44.93, 9
44.94, 5
44.95, 3
44.96, 3
44.97, 3
44.98, 10
44.99, 14
45, 8
45.01, 6
45.02, 4
45.03, 4
45.04, 1
45.05, 0
45.06, 5
45.07, 4
45.08, 1
45.09, 6
45.1, 6
45.11, 8
45.12, 11
45.13, 3
45.14, 1
45.15, 3
45.16, 5
45.17, 2
45.18, 5
45.19, 0
45.2, 1
45.21, 11
45.22, 6
45.23, 0
45.24, 5
45.25, 0
45.26, 8
45.27, 2
45.28, 5
45.29, 3
45.3, 6
45.31, 5
45.32, 5
45.33, 1
45.34, 0
45.35, 6
45.36, 4
45.37, 2
45.38, 9
45.39, 5
45.4, 2
45.41, 5
45.42, 5
45.43, 7
45.44, 5
45.45, 6
45.46, 4
45.47, 9
45.48, 11
45.49, 21
45.5, 24
45.51, 19
45.52, 17
45.53, 12
45.54, 7
45.55, 6
45.56, 6
45.57, 11
45.58, 12
45.59, 5
45.6, 9
45.61, 11
45.62, 10
45.63, 22
45.64, 22
45.65, 28
45.66, 25
45.67, 17
45.68, 15
45.69, 8
45.7, 6
45.71, 7
45.72, 1
45.73, 10
45.74, 9
45.75, 7
45.76, 8
45.77, 10
45.78, 21
45.79, 12
45.8, 8
45.81, 9
45.82, 8
45.83, 7
45.84, 12
45.85, 10
45.86, 4
45.87, 4
45.88, 2
45.89, 6
45.9, 3
45.91, 4
45.92, 1
45.93, 3
45.94, 9
45.95, 1
45.96, 3
45.97, 4
45.98, 1
45.99, 2
46, 1
46.01, 3
46.02, 1
46.03, 1
46.04, 1
46.05, 0
46.06, 0
46.07, 3
46.08, 1
46.09, 4
46.1, 2
46.11, 3
46.12, 3
46.13, 4
46.14, 0
46.15, 1
46.16, 3
46.17, 6
46.18, 0
46.19, 4
46.2, 7
46.21, 1
46.22, 2
46.23, 4
46.24, 2
46.25, 3
46.26, 2
46.27, 0
46.28, 3
46.29, 6
46.3, 5
46.31, 9
46.32, 11
46.33, 13
46.34, 9
46.35, 4
46.36, 1
46.37, 1
46.38, 4
46.39, 8
46.4, 11
46.41, 10
46.42, 6
46.43, 8
46.44, 1
46.45, 1
46.46, 3
46.47, 5
46.48, 3
46.49, 2
46.5, 1
46.51, 3
46.52, 7
46.53, 12
46.54, 8
46.55, 10
46.56, 5
46.57, 0
46.58, 5
46.59, 8
46.6, 3
46.61, 6
46.62, 5
46.63, 4
46.64, 4
46.65, 3
46.66, 3
46.67, 2
46.68, 4
46.69, 5
46.7, 1
46.71, 3
46.72, 1
46.73, 7
46.74, 0
46.75, 5
46.76, 0
46.77, 1
46.78, 10
46.79, 3
46.8, 0
46.81, 3
46.82, 3
46.83, 0
46.84, 1
46.85, 0
46.86, 1
46.87, 5
46.88, 1
46.89, 6
46.9, 2
46.91, 3
46.92, 1
46.93, 5
46.94, 5
46.95, 5
46.96, 8
46.97, 9
46.98, 7
46.99, 24
47, 13
47.01, 13
47.02, 13
47.03, 17
47.04, 7
47.05, 12
47.06, 14
47.07, 18
47.08, 25
47.09, 33
47.1, 40
47.11, 31
47.12, 30
47.13, 26
47.14, 15
47.15, 13
47.16, 9
47.17, 7
47.18, 5
47.19, 5
47.2, 10
47.21, 15
47.22, 11
47.23, 11
47.24, 12
47.25, 17
47.26, 7
47.27, 11
47.28, 8
47.29, 3
47.3, 5
47.31, 1
47.32, 0
47.33, 8
47.34, 3
47.35, 0
47.36, 2
47.37, 3
47.38, 6
47.39, 4
47.4, 3
47.41, 3
47.42, 0
47.43, 9
47.44, 6
47.45, 4
47.46, 4
47.47, 1
47.48, 8
47.49, 2
47.5, 7
47.51, 0
47.52, 5
47.53, 3
47.54, 1
47.55, 7
47.56, 7
47.57, 3
47.58, 3
47.59, 4
47.6, 5
47.61, 1
47.62, 0
47.63, 1
47.64, 2
47.65, 3
47.66, 1
47.67, 3
47.68, 3
47.69, 4
47.7, 3
47.71, 0
47.72, 3
47.73, 6
47.74, 6
47.75, 3
47.76, 3
47.77, 0
47.78, 3
47.79, 3
47.8, 4
47.81, 6
47.82, 6
47.83, 5
47.84, 0
47.85, 5
47.86, 5
47.87, 6
47.88, 10
47.89, 10
47.9, 11
47.91, 22
47.92, 23
47.93, 48
47.94, 37
47.95, 28
47.96, 31
47.97, 17
47.98, 7
47.99, 8
48, 10
48.01, 6
48.02, 5
48.03, 10
48.04, 9
48.05, 12
48.06, 22
48.07, 22
48.08, 17
48.09, 22
48.1, 16
48.11, 20
48.12, 12
48.13, 5
48.14, 17
48.15, 6
48.16, 5
48.17, 4
48.18, 10
48.19, 5
48.2, 2
48.21, 5
48.22, 9
48.23, 12
48.24, 21
48.25, 31
48.26, 41
48.27, 36
48.28, 36
48.29, 21
48.3, 18
48.31, 2
48.32, 6
48.33, 10
48.34, 5
48.35, 5
48.36, 9
48.37, 11
48.38, 14
48.39, 7
48.4, 16
48.41, 22
48.42, 20
48.43, 13
48.44, 11
48.45, 4
48.46, 6
48.47, 9
48.48, 6
48.49, 4
48.5, 6
48.51, 1
48.52, 7
48.53, 11
48.54, 0
48.55, 2
48.56, 9
48.57, 7
48.58, 1
48.59, 9
48.6, 1
48.61, 3
48.62, 2
48.63, 8
48.64, 4
48.65, 12
48.66, 8
48.67, 7
48.68, 7
48.69, 2
48.7, 2
48.71, 6
48.72, 0
48.73, 6
48.74, 3
48.75, 4
48.76, 4
48.77, 6
48.78, 2
48.79, 7
48.8, 12
48.81, 8
48.82, 7
48.83, 0
48.84, 4
48.85, 13
48.86, 8
48.87, 5
48.88, 7
48.89, 11
48.9, 8
48.91, 4
48.92, 2
48.93, 5
48.94, 8
48.95, 2
48.96, 3
48.97, 5
48.98, 2
48.99, 3
49, 4
49.01, 5
49.02, 8
49.03, 8
49.04, 9
49.05, 5
49.06, 6
49.07, 8
49.08, 5
49.09, 1
49.1, 3
49.11, 0
49.12, 1
49.13, 0
49.14, 0
49.15, 0
49.16, 2
49.17, 2
49.18, 6
49.19, 1
49.2, 10
49.21, 2
49.22, 6
49.23, 9
49.24, 0
49.25, 1
49.26, 0
49.27, 3
49.28, 0
49.29, 3
49.3, 2
49.31, 5
49.32, 6
49.33, 7
49.34, 5
49.35, 5
49.36, 4
49.37, 7
49.38, 4
49.39, 12
49.4, 0
49.41, 5
49.42, 9
49.43, 4
49.44, 7
49.45, 2
49.46, 7
49.47, 1
49.48, 4
49.49, 6
49.5, 6
49.51, 2
49.52, 4
49.53, 4
49.54, 6
49.55, 2
49.56, 3
49.57, 0
49.58, 3
49.59, 0
49.6, 2
49.61, 1
49.62, 1
49.63, 0
49.64, 3
49.65, 1
49.66, 0
49.67, 3
49.68, 0
49.69, 5
49.7, 0
49.71, 4
49.72, 7
49.73, 4
49.74, 2
49.75, 0
49.76, 7
49.77, 5
49.78, 0
49.79, 1
49.8, 3
49.81, 5
49.82, 7
49.83, 2
49.84, 7
49.85, 4
49.86, 2
49.87, 0
49.88, 7
49.89, 5
49.9, 2
49.91, 1
49.92, 0
49.93, 1
49.94, 4
49.95, 3
49.96, 4
49.97, 1
49.98, 4
49.99, 4
50, 3
50.01, 4
50.02, 4
50.03, 4
50.04, 4
50.05, 2
50.06, 6
50.07, 6
50.08, 7
50.09, 1
50.1, 3
50.11, 2
50.12, 4
50.13, 0
50.14, 1
50.15, 4
50.16, 4
50.17, 3
50.18, 2
50.19, 3
50.2, 3
50.21, 1
50.22, 1
50.23, 6
50.24, 3
50.25, 11
50.26, 4
50.27, 1
50.28, 1
50.29, 1
50.3, 5
50.31, 0
50.32, 7
50.33, 3
50.34, 3
50.35, 5
50.36, 0
50.37, 3
50.38, 3
50.39, 1
50.4, 3
50.41, 0
50.42, 1
50.43, 5
50.44, 2
50.45, 5
50.46, 2
50.47, 1
50.48, 5
50.49, 1
50.5, 7
50.51, 9
50.52, 7
50.53, 6
50.54, 3
50.55, 6
50.56, 4
50.57, 4
50.58, 6
50.59, 5
50.6, 2
50.61, 3
50.62, 2
50.63, 1
50.64, 2
50.65, 4
50.66, 8
50.67, 2
50.68, 4
50.69, 2
50.7, 4
50.71, 0
50.72, 2
50.73, 4
50.74, 2
50.75, 2
50.76, 6
50.77, 6
50.78, 4
50.79, 0
50.8, 0
50.81, 4
50.82, 2
50.83, 5
50.84, 3
50.85, 4
50.86, 1
50.87, 8
50.88, 7
50.89, 0
50.9, 10
50.91, 4
50.92, 11
50.93, 12
50.94, 8
50.95, 5
50.96, 6
50.97, 2
50.98, 8
50.99, 7
51, 4
51.01, 11
51.02, 0
51.03, 9
51.04, 9
51.05, 9
51.06, 11
51.07, 7
51.08, 5
51.09, 7
51.1, 9
51.11, 7
51.12, 11
51.13, 0
51.14, 7
51.15, 5
51.16, 4
51.17, 6
51.18, 8
51.19, 6
51.2, 8
51.21, 15
51.22, 10
51.23, 16
51.24, 25
51.25, 25
51.26, 24
51.27, 35
51.28, 54
51.29, 45
51.3, 54
51.31, 51
51.32, 42
51.33, 26
51.34, 24
51.35, 15
51.36, 18
51.37, 16
51.38, 10
51.39, 11
51.4, 12
51.41, 21
51.42, 23
51.43, 35
51.44, 25
51.45, 30
51.46, 21
51.47, 22
51.48, 29
51.49, 15
51.5, 17
51.51, 5
51.52, 10
51.53, 10
51.54, 9
51.55, 7
51.56, 4
51.57, 7
51.58, 3
51.59, 4
51.6, 5
51.61, 3
51.62, 3
51.63, 3
51.64, 2
51.65, 1
51.66, 3
51.67, 8
51.68, 1
51.69, 3
51.7, 0
51.71, 1
51.72, 3
51.73, 5
51.74, 4
51.75, 7
51.76, 3
51.77, 3
51.78, 0
51.79, 9
51.8, 8
51.81, 3
51.82, 3
51.83, 0
51.84, 0
51.85, 6
51.86, 1
51.87, 6
51.88, 0
51.89, 1
51.9, 4
51.91, 2
51.92, 5
51.93, 2
51.94, 6
51.95, 5
51.96, 7
51.97, 5
51.98, 6
51.99, 0
52, 6
52.01, 10
52.02, 4
52.03, 1
52.04, 6
52.05, 4
52.06, 7
52.07, 1
52.08, 4
52.09, 5
52.1, 1
52.11, 3
52.12, 4
52.13, 1
52.14, 3
52.15, 6
52.16, 3
52.17, 4
52.18, 7
52.19, 1
52.2, 2
52.21, 1
52.22, 7
52.23, 0
52.24, 4
52.25, 0
52.26, 8
52.27, 2
52.28, 4
52.29, 2
52.3, 4
52.31, 2
52.32, 7
52.33, 7
52.34, 1
52.35, 0
52.36, 3
52.37, 9
52.38, 2
52.39, 5
52.4, 4
52.41, 1
52.42, 5
52.43, 3
52.44, 3
52.45, 6
52.46, 1
52.47, 5
52.48, 3
52.49, 8
52.5, 6
52.51, 9
52.52, 5
52.53, 11
52.54, 8
52.55, 13
52.56, 19
52.57, 6
52.58, 9
52.59, 10
52.6, 8
52.61, 0
52.62, 0
52.63, 2
52.64, 3
52.65, 10
52.66, 13
52.67, 8
52.68, 9
52.69, 10
52.7, 6
52.71, 11
52.72, 16
52.73, 8
52.74, 3
52.75, 3
52.76, 6
52.77, 4
52.78, 1
52.79, 4
52.8, 7
52.81, 2
52.82, 11
52.83, 9
52.84, 10
52.85, 7
52.86, 6
52.87, 2
52.88, 5
52.89, 5
52.9, 9
52.91, 7
52.92, 7
52.93, 2
52.94, 7
52.95, 3
52.96, 2
52.97, 0
52.98, 5
52.99, 11
53, 8
53.01, 10
53.02, 11
53.03, 2
53.04, 7
53.05, 8
53.06, 2
53.07, 3
53.08, 8
53.09, 7
53.1, 2
53.11, 2
53.12, 6
53.13, 2
53.14, 9
53.15, 5
53.16, 6
53.17, 5
53.18, 7
53.19, 7
53.2, 4
53.21, 2
53.22, 5
53.23, 1
53.24, 2
53.25, 2
53.26, 6
53.27, 1
53.28, 6
53.29, 5
53.3, 10
53.31, 4
53.32, 5
53.33, 4
53.34, 5
53.35, 4
53.36, 5
53.37, 4
53.38, 6
53.39, 6
53.4, 4
53.41, 2
53.42, 1
53.43, 1
53.44, 1
53.45, 2
53.46, 5
53.47, 0
53.48, 1
53.49, 4
53.5, 1
53.51, 4
53.52, 6
53.53, 1
53.54, 6
53.55, 5
53.56, 0
53.57, 0
53.58, 0
53.59, 4
53.6, 4
53.61, 2
53.62, 5
53.63, 5
53.64, 4
53.65, 0
53.66, 4
53.67, 0
53.68, 2
53.69, 2
53.7, 6
53.71, 4
53.72, 4
53.73, 5
53.74, 3
53.75, 5
53.76, 2
53.77, 0
53.78, 5
53.79, 2
53.8, 7
53.81, 5
53.82, 5
53.83, 3
53.84, 3
53.85, 0
53.86, 10
53.87, 5
53.88, 0
53.89, 6
53.9, 4
53.91, 2
53.92, 0
53.93, 3
53.94, 2
53.95, 5
53.96, 3
53.97, 4
53.98, 4
53.99, 3
54, 2
54.01, 6
54.02, 2
54.03, 0
54.04, 6
54.05, 4
54.06, 4
54.07, 2
54.08, 1
54.09, 0
54.1, 3
54.11, 6
54.12, 0
54.13, 1
54.14, 1
54.15, 0
54.16, 0
54.17, 5
54.18, 4
54.19, 3
54.2, 1
54.21, 6
54.22, 6
54.23, 1
54.24, 1
54.25, 8
54.26, 2
54.27, 3
54.28, 15
54.29, 6
54.3, 2
54.31, 2
54.32, 6
54.33, 3
54.34, 3
54.35, 4
54.36, 4
54.37, 6
54.38, 0
54.39, 5
54.4, 3
54.41, 6
54.42, 3
54.43, 3
54.44, 4
54.45, 3
54.46, 4
54.47, 4
54.48, 6
54.49, 3
54.5, 1
54.51, 8
54.52, 10
54.53, 11
54.54, 17
54.55, 8
54.56, 4
54.57, 1
54.58, 8
54.59, 11
54.6, 7
54.61, 10
54.62, 8
54.63, 4
54.64, 5
54.65, 8
54.66, 4
54.67, 6
54.68, 4
54.69, 7
54.7, 9
54.71, 4
54.72, 7
54.73, 9
54.74, 4
54.75, 3
54.76, 4
54.77, 3
54.78, 2
54.79, 4
54.8, 2
54.81, 7
54.82, 6
54.83, 4
54.84, 0
54.85, 4
54.86, 4
54.87, 1
54.88, 6
54.89, 2
54.9, 0
54.91, 7
54.92, 6
54.93, 3
54.94, 4
54.95, 6
54.96, 5
54.97, 2
54.98, 3
54.99, 0
55, 0
55.01, 5
55.02, 7
55.03, 7
55.04, 3
55.05, 1
55.06, 7
55.07, 3
55.08, 5
55.09, 2
55.1, 9
55.11, 3
55.12, 2
55.13, 3
55.14, 8
55.15, 0
55.16, 10
55.17, 11
55.18, 6
55.19, 1
55.2, 3
55.21, 4
55.22, 0
55.23, 1
55.24, 5
55.25, 3
55.26, 10
55.27, 2
55.28, 0
55.29, 4
55.3, 1
55.31, 3
55.32, 6
55.33, 1
55.34, 0
55.35, 2
55.36, 2
55.37, 4
55.38, 3
55.39, 3
55.4, 2
55.41, 2
55.42, 3
55.43, 3
55.44, 8
55.45, 3
55.46, 1
55.47, 8
55.48, 2
55.49, 5
55.5, 5
55.51, 14
55.52, 19
55.53, 22
55.54, 16
55.55, 16
55.56, 22
55.57, 12
55.58, 5
55.59, 10
55.6, 7
55.61, 5
55.62, 6
55.63, 10
55.64, 5
55.65, 5
55.66, 11
55.67, 21
55.68, 19
55.69, 19
55.7, 26
55.71, 21
55.72, 29
55.73, 30
55.74, 26
55.75, 17
55.76, 16
55.77, 10
55.78, 7
55.79, 9
55.8, 5
55.81, 8
55.82, 1
55.83, 6
55.84, 5
55.85, 15
55.86, 8
55.87, 5
55.88, 10
55.89, 16
55.9, 8
55.91, 5
55.92, 6
55.93, 0
55.94, 8
55.95, 5
55.96, 8
55.97, 5
55.98, 4
55.99, 0
56, 4
56.01, 6
56.02, 4
56.03, 5
56.04, 2
56.05, 2
56.06, 0
56.07, 0
56.08, 5
56.09, 5
56.1, 1
56.11, 2
56.12, 6
56.13, 2
56.14, 5
56.15, 5
56.16, 8
56.17, 1
56.18, 5
56.19, 2
56.2, 1
56.21, 0
56.22, 2
56.23, 0
56.24, 0
56.25, 12
56.26, 6
56.27, 6
56.28, 0
56.29, 7
56.3, 2
56.31, 2
56.32, 13
56.33, 5
56.34, 7
56.35, 3
56.36, 0
56.37, 7
56.38, 9
56.39, 7
56.4, 1
56.41, 5
56.42, 3
56.43, 1
56.44, 0
56.45, 7
56.46, 3
56.47, 4
56.48, 1
56.49, 2
56.5, 4
56.51, 3
56.52, 4
56.53, 3
56.54, 4
56.55, 6
56.56, 6
56.57, 4
56.58, 4
56.59, 1
56.6, 3
56.61, 6
56.62, 1
56.63, 0
56.64, 1
56.65, 0
56.66, 6
56.67, 6
56.68, 6
56.69, 2
56.7, 2
56.71, 4
56.72, 3
56.73, 4
56.74, 1
56.75, 6
56.76, 4
56.77, 1
56.78, 5
56.79, 5
56.8, 4
56.81, 3
56.82, 7
56.83, 3
56.84, 3
56.85, 3
56.86, 8
56.87, 5
56.88, 0
56.89, 2
56.9, 1
56.91, 6
56.92, 1
56.93, 0
56.94, 0
56.95, 6
56.96, 3
56.97, 3
56.98, 0
56.99, 6
57, 3
57.01, 3
57.02, 3
57.03, 8
57.04, 3
57.05, 1
57.06, 1
57.07, 0
57.08, 3
57.09, 0
57.1, 1
57.11, 6
57.12, 0
57.13, 2
57.14, 1
57.15, 3
57.16, 4
57.17, 6
57.18, 1
57.19, 7
57.2, 1
57.21, 3
57.22, 2
57.23, 0
57.24, 4
57.25, 6
57.26, 4
57.27, 6
57.28, 5
57.29, 5
57.3, 9
57.31, 6
57.32, 6
57.33, 0
57.34, 6
57.35, 6
57.36, 9
57.37, 1
57.38, 9
57.39, 0
57.4, 3
57.41, 3
57.42, 5
57.43, 3
57.44, 5
57.45, 5
57.46, 6
57.47, 0
57.48, 7
57.49, 2
57.5, 5
57.51, 6
57.52, 1
57.53, 6
57.54, 1
57.55, 5
57.56, 6
57.57, 2
57.58, 1
57.59, 6
57.6, 3
57.61, 0
57.62, 7
57.63, 2
57.64, 3
57.65, 9
57.66, 11
57.67, 6
57.68, 17
57.69, 3
57.7, 8
57.71, 19
57.72, 27
57.73, 32
57.74, 37
57.75, 31
57.76, 33
57.77, 26
57.78, 15
57.79, 5
57.8, 8
57.81, 8
57.82, 5
57.83, 8
57.84, 8
57.85, 11
57.86, 15
57.87, 16
57.88, 15
57.89, 18
57.9, 16
57.91, 24
57.92, 31
57.93, 27
57.94, 40
57.95, 40
57.96, 36
57.97, 29
57.98, 30
57.99, 23
58, 17
58.01, 20
58.02, 11
58.03, 8
58.04, 2
58.05, 14
58.06, 3
58.07, 5
58.08, 9
58.09, 10
58.1, 0
58.11, 10
58.12, 18
58.13, 20
58.14, 20
58.15, 21
58.16, 18
58.17, 16
58.18, 4
58.19, 11
58.2, 2
58.21, 0
58.22, 8
58.23, 5
58.24, 4
58.25, 3
58.26, 5
58.27, 2
58.28, 6
58.29, 5
58.3, 8
58.31, 2
58.32, 5
58.33, 5
58.34, 3
58.35, 2
58.36, 5
58.37, 2
58.38, 1
58.39, 1
58.4, 2
58.41, 3
58.42, 0
58.43, 5
58.44, 2
58.45, 2
58.46, 0
58.47, 0
58.48, 4
58.49, 0
58.5, 0
58.51, 3
58.52, 4
58.53, 2
58.54, 6
58.55, 2
58.56, 5
58.57, 1
58.58, 3
58.59, 3
58.6, 2
58.61, 7
58.62, 4
58.63, 1
58.64, 2
58.65, 4
58.66, 6
58.67, 5
58.68, 0
58.69, 0
58.7, 1
58.71, 3
58.72, 6
58.73, 7
58.74, 9
58.75, 3
58.76, 5
58.77, 2
58.78, 2
58.79, 0
58.8, 4
58.81, 3
58.82, 0
58.83, 0
58.84, 3
58.85, 7
58.86, 1
58.87, 0
58.88, 6
58.89, 4
58.9, 1
58.91, 2
58.92, 5
58.93, 0
58.94, 3
58.95, 0
58.96, 2
58.97, 2
58.98, 7
58.99, 1
59, 1
59.01, 8
59.02, 0
59.03, 0
59.04, 1
59.05, 0
59.06, 8
59.07, 0
59.08, 3
59.09, 6
59.1, 6
59.11, 1
59.12, 6
59.13, 2
59.14, 5
59.15, 3
59.16, 8
59.17, 6
59.18, 15
59.19, 17
59.2, 15
59.21, 31
59.22, 26
59.23, 33
59.24, 41
59.25, 36
59.26, 30
59.27, 22
59.28, 27
59.29, 20
59.3, 15
59.31, 12
59.32, 10
59.33, 25
59.34, 18
59.35, 20
59.36, 28
59.37, 23
59.38, 20
59.39, 24
59.4, 27
59.41, 25
59.42, 29
59.43, 20
59.44, 25
59.45, 17
59.46, 24
59.47, 13
59.48, 21
59.49, 26
59.5, 19
59.51, 13
59.52, 13
59.53, 13
59.54, 16
59.55, 12
59.56, 13
59.57, 10
59.58, 15
59.59, 16
59.6, 20
59.61, 22
59.62, 17
59.63, 21
59.64, 8
59.65, 7
59.66, 10
59.67, 12
59.68, 7
59.69, 6
59.7, 7
59.71, 3
59.72, 4
59.73, 3
59.74, 5
59.75, 10
59.76, 0
59.77, 2
59.78, 12
59.79, 15
59.8, 8
59.81, 13
59.82, 14
59.83, 6
59.84, 8
59.85, 7
59.86, 3
59.87, 4
59.88, 5
59.89, 6
59.9, 6
59.91, 0
59.92, 0
59.93, 5
59.94, 1
59.95, 2
59.96, 1
59.97, 2
59.98, 0
59.99, 0
60, 2
60.01, 3
60.02, 5
60.03, 7
60.04, 8
60.05, 2
60.06, 4
60.07, 2
60.08, 2
60.09, 0
60.1, 6
60.11, 2
60.12, 6
60.13, 2
60.14, 2
60.15, 0
60.16, 0
60.17, 6
60.18, 6
60.19, 0
60.2, 3
60.21, 1
60.22, 1
60.23, 0
60.24, 3
60.25, 1
60.26, 0
60.27, 1
60.28, 1
60.29, 0
60.3, 3
60.31, 0
60.32, 3
60.33, 1
60.34, 2
60.35, 3
60.36, 0
60.37, 0
60.38, 2
60.39, 2
60.4, 0
60.41, 2
60.42, 4
60.43, 2
60.44, 3
60.45, 8
60.46, 5
60.47, 3
60.48, 1
60.49, 8
60.5, 8
60.51, 0
60.52, 0
60.53, 2
60.54, 1
60.55, 1
60.56, 4
60.57, 0
60.58, 3
60.59, 1
60.6, 2
60.61, 0
60.62, 0
60.63, 0
60.64, 0
60.65, 2
60.66, 3
60.67, 9
60.68, 1
60.69, 3
60.7, 3
60.71, 8
60.72, 3
60.73, 8
60.74, 4
60.75, 2
60.76, 2
60.77, 2
60.78, 7
60.79, 2
60.8, 10
60.81, 10
60.82, 8
60.83, 15
60.84, 9
60.85, 5
60.86, 5
60.87, 2
60.88, 1
60.89, 5
60.9, 4
60.91, 5
60.92, 3
60.93, 1
60.94, 4
60.95, 0
60.96, 2
60.97, 6
60.98, 6
60.99, 3
61, 1
61.01, 8
61.02, 8
61.03, 5
61.04, 3
61.05, 0
61.06, 5
61.07, 2
61.08, 5
61.09, 7
61.1, 5
61.11, 4
61.12, 7
61.13, 2
61.14, 5
61.15, 7
61.16, 5
61.17, 2
61.18, 2
61.19, 6
61.2, 0
61.21, 2
61.22, 4
61.23, 0
61.24, 0
61.25, 0
61.26, 5
61.27, 2
61.28, 5
61.29, 6
61.3, 1
61.31, 1
61.32, 5
61.33, 3
61.34, 5
61.35, 8
61.36, 1
61.37, 2
61.38, 0
61.39, 5
61.4, 1
61.41, 2
61.42, 7
61.43, 11
61.44, 12
61.45, 10
61.46, 21
61.47, 20
61.48, 30
61.49, 25
61.5, 20
61.51, 20
61.52, 14
61.53, 23
61.54, 11
61.55, 5
61.56, 15
61.57, 21
61.58, 23
61.59, 21
61.6, 21
61.61, 18
61.62, 17
61.63, 12
61.64, 12
61.65, 11
61.66, 16
61.67, 11
61.68, 11
61.69, 11
61.7, 11
61.71, 2
61.72, 1
61.73, 10
61.74, 6
61.75, 6
61.76, 14
61.77, 19
61.78, 9
61.79, 8
61.8, 14
61.81, 4
61.82, 6
61.83, 8
61.84, 0
61.85, 4
61.86, 4
61.87, 3
61.88, 0
61.89, 1
61.9, 7
61.91, 6
61.92, 8
61.93, 6
61.94, 12
61.95, 4
61.96, 10
61.97, 16
61.98, 13
61.99, 23
62, 10
62.01, 12
62.02, 8
62.03, 9
62.04, 7
62.05, 4
62.06, 8
62.07, 5
62.08, 0
62.09, 1
62.1, 5
62.11, 4
62.12, 6
62.13, 0
62.14, 3
62.15, 8
62.16, 6
62.17, 10
62.18, 7
62.19, 7
62.2, 10
62.21, 6
62.22, 4
62.23, 5
62.24, 7
62.25, 11
62.26, 2
62.27, 4
62.28, 3
62.29, 0
62.3, 0
62.31, 0
62.32, 5
62.33, 0
62.34, 1
62.35, 2
62.36, 1
62.37, 2
62.38, 5
62.39, 3
62.4, 5
62.41, 4
62.42, 5
62.43, 7
62.44, 1
62.45, 1
62.46, 2
62.47, 0
62.48, 9
62.49, 6
62.5, 1
62.51, 3
62.52, 5
62.53, 9
62.54, 5
62.55, 1
62.56, 3
62.57, 6
62.58, 6
62.59, 10
62.6, 3
62.61, 5
62.62, 6
62.63, 6
62.64, 2
62.65, 2
62.66, 6
62.67, 3
62.68, 2
62.69, 2
62.7, 5
62.71, 10
62.72, 8
62.73, 6
62.74, 10
62.75, 6
62.76, 8
62.77, 6
62.78, 6
62.79, 3
62.8, 6
62.81, 7
62.82, 3
62.83, 4
62.84, 1
62.85, 2
62.86, 3
62.87, 3
62.88, 6
62.89, 4
62.9, 4
62.91, 6
62.92, 8
62.93, 1
62.94, 6
62.95, 1
62.96, 4
62.97, 2
62.98, 9
62.99, 1
63, 7
63.01, 2
63.02, 7
63.03, 1
63.04, 2
63.05, 0
63.06, 1
63.07, 2
63.08, 3
63.09, 7
63.1, 2
63.11, 6
63.12, 4
63.13, 5
63.14, 1
63.15, 5
63.16, 2
63.17, 1
63.18, 2
63.19, 1
63.2, 1
63.21, 5
63.22, 1
63.23, 2
63.24, 8
63.25, 6
63.26, 0
63.27, 4
63.28, 6
63.29, 2
63.3, 0
63.31, 4
63.32, 2
63.33, 0
63.34, 2
63.35, 0
63.36, 0
63.37, 2
63.38, 2
63.39, 2
63.4, 5
63.41, 0
63.42, 2
63.43, 2
63.44, 0
63.45, 7
63.46, 5
63.47, 0
63.48, 4
63.49, 5
63.5, 8
63.51, 5
63.52, 0
63.53, 7
63.54, 1
63.55, 2
63.56, 5
63.57, 8
63.58, 4
63.59, 5
63.6, 10
63.61, 5
63.62, 0
63.63, 6
63.64, 5
63.65, 1
63.66, 1
63.67, 1
63.68, 3
63.69, 8
63.7, 9
63.71, 4
63.72, 9
63.73, 14
63.74, 15
63.75, 9
63.76, 12
63.77, 14
63.78, 9
63.79, 9
63.8, 5
63.81, 7
63.82, 3
63.83, 4
63.84, 4
63.85, 10
63.86, 7
63.87, 13
63.88, 12
63.89, 7
63.9, 13
63.91, 12
63.92, 18
63.93, 20
63.94, 20
63.95, 10
63.96, 8
63.97, 4
63.98, 6
63.99, 2
64, 10
64.01, 2
64.02, 2
64.03, 1
64.04, 9
64.05, 8
64.06, 7
64.07, 7
64.08, 10
64.09, 7
64.1, 12
64.11, 14
64.12, 17
64.13, 13
64.14, 15
64.15, 23
64.16, 4
64.17, 6
64.18, 6
64.19, 10
64.2, 0
64.21, 3
64.22, 7
64.23, 5
64.24, 5
64.25, 6
64.26, 8
64.27, 7
64.28, 10
64.29, 13
64.3, 3
64.31, 3
64.32, 11
64.33, 8
64.34, 8
64.35, 8
64.36, 6
64.37, 3
64.38, 6
64.39, 10
64.4, 3
64.41, 10
64.42, 7
64.43, 0
64.44, 6
64.45, 14
64.46, 8
64.47, 10
64.48, 12
64.49, 9
64.5, 13
64.51, 10
64.52, 15
64.53, 10
64.54, 12
64.55, 7
64.56, 6
64.57, 3
64.58, 5
64.59, 7
64.6, 3
64.61, 5
64.62, 10
64.63, 2
64.64, 1
64.65, 7
64.66, 7
64.67, 9
64.68, 3
64.69, 10
64.7, 7
64.71, 4
64.72, 6
64.73, 4
64.74, 8
64.75, 8
64.76, 3
64.77, 6
64.78, 7
64.79, 3
64.8, 7
64.81, 6
64.82, 5
64.83, 1
64.84, 4
64.85, 0
64.86, 1
64.87, 1
64.88, 6
64.89, 3
64.9, 0
64.91, 6
64.92, 0
64.93, 5
64.94, 7
64.95, 3
64.96, 3
64.97, 5
64.98, 1
64.99, 0
65, 5
65.01, 9
65.02, 2
65.03, 4
65.04, 3
65.05, 5
65.06, 8
65.07, 3
65.08, 1
65.09, 1
65.1, 1
65.11, 7
65.12, 5
65.13, 6
65.14, 6
65.15, 2
65.16, 5
65.17, 6
65.18, 4
65.19, 4
65.2, 7
65.21, 4
65.22, 7
65.23, 5
65.24, 2
65.25, 4
65.26, 2
65.27, 6
65.28, 2
65.29, 3
65.3, 3
65.31, 0
65.32, 7
65.33, 0
65.34, 2
65.35, 2
65.36, 2
65.37, 5
65.38, 2
65.39, 4
65.4, 4
65.41, 7
65.42, 6
65.43, 2
65.44, 4
65.45, 5
65.46, 2
65.47, 3
65.48, 3
65.49, 0
65.5, 3
65.51, 7
65.52, 0
65.53, 1
65.54, 1
65.55, 3
65.56, 4
65.57, 2
65.58, 12
65.59, 5
65.6, 2
65.61, 4
65.62, 4
65.63, 13
65.64, 7
65.65, 0
65.66, 5
65.67, 4
65.68, 6
65.69, 9
65.7, 5
65.71, 6
65.72, 2
65.73, 2
65.74, 5
65.75, 5
65.76, 10
65.77, 4
65.78, 2
65.79, 6
65.8, 0
65.81, 7
65.82, 7
65.83, 6
65.84, 1
65.85, 7
65.86, 3
65.87, 2
65.88, 9
65.89, 5
65.9, 0
65.91, 2
65.92, 11
65.93, 0
65.94, 3
65.95, 6
65.96, 0
65.97, 3
65.98, 2
65.99, 1
66, 7
66.01, 2
66.02, 5
66.03, 1
66.04, 0
66.05, 0
66.06, 2
66.07, 4
66.08, 1
66.09, 0
66.1, 1
66.11, 2
66.12, 3
66.13, 9
66.14, 3
66.15, 3
66.16, 3
66.17, 2
66.18, 3
66.19, 4
66.2, 5
66.21, 1
66.22, 2
66.23, 2
66.24, 3
66.25, 3
66.26, 0
66.27, 1
66.28, 1
66.29, 3
66.3, 2
66.31, 0
66.32, 0
66.33, 1
66.34, 2
66.35, 0
66.36, 3
66.37, 2
66.38, 2
66.39, 0
66.4, 4
66.41, 2
66.42, 4
66.43, 2
66.44, 5
66.45, 5
66.46, 3
66.47, 9
66.48, 11
66.49, 0
66.5, 1
66.51, 2
66.52, 3
66.53, 6
66.54, 2
66.55, 3
66.56, 1
66.57, 6
66.58, 2
66.59, 2
66.6, 2
66.61, 10
66.62, 0
66.63, 1
66.64, 0
66.65, 0
66.66, 4
66.67, 2
66.68, 2
66.69, 0
66.7, 0
66.71, 2
66.72, 0
66.73, 3
66.74, 0
66.75, 4
66.76, 8
66.77, 6
66.78, 3
66.79, 4
66.8, 5
66.81, 2
66.82, 10
66.83, 2
66.84, 7
66.85, 0
66.86, 4
66.87, 5
66.88, 5
66.89, 6
66.9, 7
66.91, 4
66.92, 0
66.93, 2
66.94, 3
66.95, 1
66.96, 4
66.97, 4
66.98, 6
66.99, 4
67, 5
67.01, 3
67.02, 0
67.03, 6
67.04, 3
67.05, 1
67.06, 5
67.07, 2
67.08, 3
67.09, 3
67.1, 2
67.11, 4
67.12, 3
67.13, 8
67.14, 8
67.15, 0
67.16, 2
67.17, 7
67.18, 2
67.19, 2
67.2, 7
67.21, 3
67.22, 3
67.23, 7
67.24, 6
67.25, 9
67.26, 7
67.27, 7
67.28, 2
67.29, 6
67.3, 2
67.31, 1
67.32, 5
67.33, 6
67.34, 1
67.35, 3
67.36, 3
67.37, 3
67.38, 6
67.39, 9
67.4, 5
67.41, 1
67.42, 8
67.43, 6
67.44, 6
67.45, 4
67.46, 3
67.47, 2
67.48, 7
67.49, 5
67.5, 5
67.51, 6
67.52, 8
67.53, 13
67.54, 7
67.55, 8
67.56, 8
67.57, 9
67.58, 0
67.59, 3
67.6, 2
67.61, 0
67.62, 6
67.63, 1
67.64, 0
67.65, 3
67.66, 6
67.67, 2
67.68, 3
67.69, 0
67.7, 5
67.71, 4
67.72, 3
67.73, 2
67.74, 4
67.75, 9
67.76, 3
67.77, 5
67.78, 4
67.79, 7
67.8, 8
67.81, 6
67.82, 1
67.83, 4
67.84, 3
67.85, 1
67.86, 0
67.87, 7
67.88, 3
67.89, 2
67.9, 6
67.91, 2
67.92, 6
67.93, 10
67.94, 5
67.95, 7
67.96, 1
67.97, 1
67.98, 8
67.99, 4
68, 4
68.01, 1
68.02, 3
68.03, 4
68.04, 4
68.05, 5
68.06, 3
68.07, 7
68.08, 2
68.09, 4
68.1, 1
68.11, 2
68.12, 6
68.13, 3
68.14, 1
68.15, 4
68.16, 9
68.17, 7
68.18, 1
68.19, 12
68.2, 1
68.21, 4
68.22, 4
68.23, 4
68.24, 2
68.25, 4
68.26, 1
68.27, 5
68.28, 2
68.29, 1
68.3, 5
68.31, 0
68.32, 0
68.33, 8
68.34, 3
68.35, 10
68.36, 6
68.37, 9
68.38, 0
68.39, 1
68.4, 2
68.41, 0
68.42, 2
68.43, 2
68.44, 4
68.45, 6
68.46, 8
68.47, 7
68.48, 6
68.49, 6
68.5, 3
68.51, 3
68.52, 11
68.53, 6
68.54, 7
68.55, 6
68.56, 5
68.57, 4
68.58, 4
68.59, 4
68.6, 9
68.61, 4
68.62, 9
68.63, 4
68.64, 12
68.65, 4
68.66, 12
68.67, 7
68.68, 11
68.69, 23
68.7, 17
68.71, 17
68.72, 13
68.73, 13
68.74, 14
68.75, 7
68.76, 8
68.77, 7
68.78, 11
68.79, 7
68.8, 7
68.81, 6
68.82, 5
68.83, 4
68.84, 7
68.85, 2
68.86, 9
68.87, 7
68.88, 8
68.89, 11
68.9, 9
68.91, 15
68.92, 14
68.93, 4
68.94, 8
68.95, 2
68.96, 8
68.97, 2
68.98, 6
68.99, 7
69, 4
69.01, 4
69.02, 1
69.03, 5
69.04, 9
69.05, 5
69.06, 3
69.07, 5
69.08, 0
69.09, 0
69.1, 3
69.11, 4
69.12, 1
69.13, 4
69.14, 1
69.15, 0
69.16, 4
69.17, 1
69.18, 2
69.19, 4
69.2, 8
69.21, 5
69.22, 6
69.23, 4
69.24, 0
69.25, 1
69.26, 2
69.27, 4
69.28, 9
69.29, 4
69.3, 3
69.31, 12
69.32, 14
69.33, 15
69.34, 23
69.35, 17
69.36, 15
69.37, 14
69.38, 12
69.39, 11
69.4, 8
69.41, 4
69.42, 6
69.43, 1
69.44, 12
69.45, 1
69.46, 3
69.47, 1
69.48, 2
69.49, 5
69.5, 3
69.51, 4
69.52, 6
69.53, 14
69.54, 11
69.55, 14
69.56, 11
69.57, 11
69.58, 9
69.59, 4
69.6, 7
69.61, 18
69.62, 6
69.63, 8
69.64, 7
69.65, 5
69.66, 3
69.67, 7
69.68, 3
69.69, 8
69.7, 5
69.71, 6
69.72, 5
69.73, 8
69.74, 2
69.75, 2
69.76, 2
69.77, 0
69.78, 2
69.79, 4
69.8, 3
69.81, 4
69.82, 2
69.83, 0
69.84, 2
69.85, 0
69.86, 2
69.87, 2
69.88, 0
69.89, 6
69.9, 0
69.91, 6
69.92, 3
69.93, 0
69.94, 1
69.95, 4
69.96, 2
69.97, 5
69.98, 4
69.99, 1
70, 2
70.01, 5
70.02, 4
70.03, 2
70.04, 5
70.05, 0
70.06, 5
70.07, 5
70.08, 8
70.09, 6
70.1, 6
70.11, 5
70.12, 2
70.13, 6
70.14, 10
70.15, 3
70.16, 10
70.17, 7
70.18, 4
70.19, 10
70.2, 9
70.21, 7
70.22, 0
70.23, 3
70.24, 2
70.25, 0
70.26, 0
70.27, 4
70.28, 2
70.29, 4
70.3, 7
70.31, 4
70.32, 2
70.33, 4
70.34, 3
70.35, 4
70.36, 2
70.37, 3
70.38, 1
70.39, 11
70.4, 5
70.41, 7
70.42, 9
70.43, 1
70.44, 1
70.45, 1
70.46, 0
70.47, 0
70.48, 6
70.49, 0
70.5, 3
70.51, 3
70.52, 2
70.53, 0
70.54, 1
70.55, 1
70.56, 2
70.57, 7
70.58, 3
70.59, 3
70.6, 10
70.61, 2
70.62, 3
70.63, 2
70.64, 0
70.65, 1
70.66, 0
70.67, 5
70.68, 6
70.69, 1
70.7, 0
70.71, 7
70.72, 0
70.73, 4
70.74, 12
70.75, 3
70.76, 1
70.77, 5
70.78, 0
70.79, 1
70.8, 2
70.81, 4
70.82, 1
70.83, 0
70.84, 3
70.85, 4
70.86, 7
70.87, 4
70.88, 3
70.89, 1
70.9, 9
70.91, 5
70.92, 10
70.93, 17
70.94, 14
70.95, 9
70.96, 6
70.97, 4
70.98, 2
70.99, 1
71, 4
71.01, 11
71.02, 6
71.03, 1
71.04, 3
71.05, 6
71.06, 0
71.07, 2
71.08, 1
71.09, 6
71.1, 4
71.11, 9
71.12, 8
71.13, 12
71.14, 7
71.15, 14
71.16, 24
71.17, 21
71.18, 21
71.19, 18
71.2, 27
71.21, 11
71.22, 13
71.23, 10
71.24, 10
71.25, 12
71.26, 11
71.27, 10
71.28, 6
71.29, 3
71.3, 4
71.31, 2
71.32, 2
71.33, 5
71.34, 3
71.35, 6
71.36, 3
71.37, 9
71.38, 10
71.39, 4
71.4, 12
71.41, 17
71.42, 7
71.43, 25
71.44, 23
71.45, 19
71.46, 16
71.47, 18
71.48, 9
71.49, 11
71.5, 8
71.51, 5
71.52, 4
71.53, 0
71.54, 4
71.55, 3
71.56, 3
71.57, 9
71.58, 5
71.59, 2
71.6, 0
71.61, 0
71.62, 5
71.63, 9
71.64, 8
71.65, 3
71.66, 3
71.67, 9
71.68, 8
71.69, 8
71.7, 9
71.71, 8
71.72, 9
71.73, 5
71.74, 5
71.75, 0
71.76, 0
71.77, 1
71.78, 3
71.79, 3
71.8, 4
71.81, 7
71.82, 8
71.83, 0
71.84, 2
71.85, 2
71.86, 2
71.87, 2
71.88, 3
71.89, 3
71.9, 2
71.91, 4
71.92, 2
71.93, 5
71.94, 2
71.95, 4
71.96, 5
71.97, 3
71.98, 3
71.99, 2
72, 2
72.01, 1
72.02, 2
72.03, 0
72.04, 0
72.05, 4
72.06, 2
72.07, 4
72.08, 3
72.09, 0
72.1, 1
72.11, 7
72.12, 7
72.13, 6
72.14, 2
72.15, 0
72.16, 4
72.17, 2
72.18, 7
72.19, 1
72.2, 5
72.21, 3
72.22, 7
72.23, 6
72.24, 0
72.25, 5
72.26, 5
72.27, 10
72.28, 9
72.29, 5
72.3, 14
72.31, 18
72.32, 17
72.33, 22
72.34, 22
72.35, 10
72.36, 17
72.37, 12
72.38, 18
72.39, 20
72.4, 20
72.41, 22
72.42, 28
72.43, 23
72.44, 23
72.45, 18
72.46, 16
72.47, 10
72.48, 7
72.49, 8
72.5, 11
72.51, 13
72.52, 6
72.53, 14
72.54, 8
72.55, 16
72.56, 17
72.57, 11
72.58, 11
72.59, 9
72.6, 5
72.61, 12
72.62, 7
72.63, 9
72.64, 16
72.65, 11
72.66, 21
72.67, 10
72.68, 7
72.69, 11
72.7, 8
72.71, 8
72.72, 6
72.73, 7
72.74, 3
72.75, 8
72.76, 8
72.77, 15
72.78, 17
72.79, 13
72.8, 18
72.81, 19
72.82, 16
72.83, 12
72.84, 15
72.85, 6
72.86, 3
72.87, 7
72.88, 8
72.89, 3
72.9, 2
72.91, 5
72.92, 3
72.93, 2
72.94, 5
72.95, 6
72.96, 4
72.97, 5
72.98, 2
72.99, 5
73, 5
73.01, 12
73.02, 16
73.03, 6
73.04, 5
73.05, 7
73.06, 3
73.07, 3
73.08, 7
73.09, 2
73.1, 0
73.11, 2
73.12, 5
73.13, 4
73.14, 5
73.15, 3
73.16, 8
73.17, 5
73.18, 7
73.19, 1
73.2, 0
73.21, 0
73.22, 1
73.23, 2
73.24, 4
73.25, 2
73.26, 0
73.27, 0
73.28, 4
73.29, 6
73.3, 3
73.31, 2
73.32, 8
73.33, 0
73.34, 5
73.35, 9
73.36, 1
73.37, 1
73.38, 0
73.39, 6
73.4, 6
73.41, 0
73.42, 3
73.43, 7
73.44, 4
73.45, 2
73.46, 5
73.47, 4
73.48, 10
73.49, 3
73.5, 0
73.51, 8
73.52, 2
73.53, 2
73.54, 3
73.55, 4
73.56, 1
73.57, 1
73.58, 5
73.59, 5
73.6, 1
73.61, 1
73.62, 5
73.63, 6
73.64, 10
73.65, 2
73.66, 10
73.67, 2
73.68, 5
73.69, 2
73.7, 2
73.71, 0
73.72, 0
73.73, 6
73.74, 5
73.75, 4
73.76, 5
73.77, 7
73.78, 5
73.79, 8
73.8, 5
73.81, 15
73.82, 12
73.83, 7
73.84, 12
73.85, 7
73.86, 14
73.87, 13
73.88, 12
73.89, 14
73.9, 13
73.91, 17
73.92, 14
73.93, 11
73.94, 19
73.95, 15
73.96, 13
73.97, 14
73.98, 8
73.99, 8
74, 10
74.01, 10
74.02, 10
74.03, 12
74.04, 8
74.05, 13
74.06, 15
74.07, 16
74.08, 13
74.09, 23
74.1, 21
74.11, 14
74.12, 7
74.13, 13
74.14, 8
74.15, 18
74.16, 10
74.17, 11
74.18, 8
74.19, 7
74.2, 12
74.21, 8
74.22, 16
74.23, 6
74.24, 8
74.25, 2
74.26, 6
74.27, 7
74.28, 3
74.29, 13
74.3, 9
74.31, 5
74.32, 6
74.33, 5
74.34, 8
74.35, 8
74.36, 8
74.37, 6
74.38, 7
74.39, 5
74.4, 1
74.41, 6
74.42, 2
74.43, 3
74.44, 11
74.45, 7
74.46, 8
74.47, 9
74.48, 4
74.49, 1
74.5, 2
74.51, 2
74.52, 5
74.53, 7
74.54, 0
74.55, 1
74.56, 5
74.57, 2
74.58, 4
74.59, 0
74.6, 5
74.61, 2
74.62, 3
74.63, 6
74.64, 4
74.65, 3
74.66, 3
74.67, 8
74.68, 1
74.69, 3
74.7, 1
74.71, 2
74.72, 4
74.73, 4
74.74, 1
74.75, 5
74.76, 3
74.77, 0
74.78, 0
74.79, 3
74.8, 2
74.81, 3
74.82, 3
74.83, 14
74.84, 7
74.85, 10
74.86, 6
74.87, 5
74.88, 4
74.89, 2
74.9, 6
74.91, 3
74.92, 3
74.93, 2
74.94, 4
74.95, 0
74.96, 0
74.97, 8
74.98, 8
74.99, 1
75, 6
75.01, 1
75.02, 0
75.03, 6
75.04, 4
75.05, 0
75.06, 3
75.07, 7
75.08, 6
75.09, 6
75.1, 1
75.11, 0
75.12, 6
75.13, 4
75.14, 3
75.15, 5
75.16, 5
75.17, 7
75.18, 0
75.19, 4
75.2, 1
75.21, 4
75.22, 2
75.23, 4
75.24, 5
75.25, 7
75.26, 1
75.27, 1
75.28, 3
75.29, 2
75.3, 4
75.31, 2
75.32, 5
75.33, 4
75.34, 8
75.35, 3
75.36, 1
75.37, 10
75.38, 5
75.39, 5
75.4, 6
75.41, 10
75.42, 6
75.43, 6
75.44, 6
75.45, 0
75.46, 0
75.47, 4
75.48, 6
75.49, 6
75.5, 11
75.51, 4
75.52, 0
75.53, 2
75.54, 0
75.55, 0
75.56, 0
75.57, 1
75.58, 5
75.59, 2
75.6, 5
75.61, 1
75.62, 3
75.63, 0
75.64, 0
75.65, 2
75.66, 5
75.67, 8
75.68, 3
75.69, 4
75.7, 8
75.71, 5
75.72, 3
75.73, 0
75.74, 0
75.75, 3
75.76, 4
75.77, 1
75.78, 5
75.79, 2
75.8, 3
75.81, 5
75.82, 3
75.83, 2
75.84, 5
75.85, 0
75.86, 3
75.87, 6
75.88, 3
75.89, 3
75.9, 3
75.91, 4
75.92, 1
75.93, 1
75.94, 1
75.95, 11
75.96, 7
75.97, 3
75.98, 1
75.99, 2
76, 2
76.01, 1
76.02, 0
76.03, 3
76.04, 5
76.05, 0
76.06, 2
76.07, 0
76.08, 4
76.09, 4
76.1, 4
76.11, 2
76.12, 12
76.13, 1
76.14, 6
76.15, 5
76.16, 3
76.17, 6
76.18, 1
76.19, 1
76.2, 4
76.21, 2
76.22, 8
76.23, 4
76.24, 1
76.25, 3
76.26, 0
76.27, 3
76.28, 0
76.29, 2
76.3, 1
76.31, 6
76.32, 0
76.33, 0
76.34, 4
76.35, 7
76.36, 7
76.37, 1
76.38, 4
76.39, 4
76.4, 3
76.41, 3
76.42, 1
76.43, 8
76.44, 2
76.45, 5
76.46, 9
76.47, 1
76.48, 6
76.49, 5
76.5, 2
76.51, 3
76.52, 9
76.53, 4
76.54, 2
76.55, 5
76.56, 2
76.57, 0
76.58, 8
76.59, 5
76.6, 5
76.61, 2
76.62, 6
76.63, 5
76.64, 4
76.65, 6
76.66, 3
76.67, 1
76.68, 1
76.69, 4
76.7, 0
76.71, 3
76.72, 4
76.73, 0
76.74, 1
76.75, 5
76.76, 6
76.77, 2
76.78, 1
76.79, 10
76.8, 1
76.81, 4
76.82, 3
76.83, 1
76.84, 5
76.85, 1
76.86, 2
76.87, 1
76.88, 1
76.89, 2
76.9, 4
76.91, 6
76.92, 1
76.93, 3
76.94, 1
76.95, 4
76.96, 1
76.97, 5
76.98, 3
76.99, 6
77, 1
77.01, 3
77.02, 0
77.03, 5
77.04, 6
77.05, 6
77.06, 3
77.07, 9
77.08, 6
77.09, 4
77.1, 1
77.11, 1
77.12, 3
77.13, 5
77.14, 6
77.15, 6
77.16, 0
77.17, 3
77.18, 5
77.19, 3
77.2, 2
77.21, 0
77.22, 4
77.23, 5
77.24, 3
77.25, 4
77.26, 2
77.27, 2
77.28, 2
77.29, 5
77.3, 5
77.31, 4
77.32, 1
77.33, 5
77.34, 6
77.35, 2
77.36, 13
77.37, 6
77.38, 10
77.39, 7
77.4, 6
77.41, 8
77.42, 2
77.43, 2
77.44, 5
77.45, 4
77.46, 1
77.47, 5
77.48, 4
77.49, 6
77.5, 3
77.51, 3
77.52, 5
77.53, 1
77.54, 5
77.55, 8
77.56, 6
77.57, 8
77.58, 7
77.59, 2
77.6, 5
77.61, 6
77.62, 3
77.63, 6
77.64, 11
77.65, 5
77.66, 6
77.67, 3
77.68, 2
77.69, 3
77.7, 5
77.71, 7
77.72, 3
77.73, 5
77.74, 2
77.75, 3
77.76, 0
77.77, 3
77.78, 0
77.79, 0
77.8, 2
77.81, 4
77.82, 3
77.83, 2
77.84, 4
77.85, 4
77.86, 0
77.87, 0
77.88, 0
77.89, 0
77.9, 5
77.91, 3
77.92, 2
77.93, 1
77.94, 2
77.95, 6
77.96, 6
77.97, 2
77.98, 4
77.99, 1
78, 3
78.01, 3
78.02, 5
78.03, 3
78.04, 4
78.05, 2
78.06, 0
78.07, 5
78.08, 1
78.09, 8
78.1, 4
78.11, 5
78.12, 6
78.13, 10
78.14, 9
78.15, 0
78.16, 3
78.17, 6
78.18, 3
78.19, 3
78.2, 0
78.21, 6
78.22, 0
78.23, 3
78.24, 0
78.25, 7
78.26, 2
78.27, 3
78.28, 3
78.29, 3
78.3, 1
78.31, 1
78.32, 7
78.33, 4
78.34, 3
78.35, 1
78.36, 4
78.37, 2
78.38, 1
78.39, 2
78.4, 0
78.41, 0
78.42, 4
78.43, 1
78.44, 7
78.45, 2
78.46, 4
78.47, 7
78.48, 0
78.49, 4
78.5, 2
78.51, 5
78.52, 2
78.53, 0
78.54, 2
78.55, 5
78.56, 1
78.57, 4
78.58, 1
78.59, 4
78.6, 4
78.61, 1
78.62, 2
78.63, 4
78.64, 7
78.65, 4
78.66, 4
78.67, 3
78.68, 4
78.69, 4
78.7, 4
78.71, 1
78.72, 5
78.73, 7
78.74, 2
78.75, 6
78.76, 5
78.77, 7
78.78, 2
78.79, 0
78.8, 4
78.81, 2
78.82, 6
78.83, 0
78.84, 3
78.85, 2
78.86, 2
78.87, 3
78.88, 0
78.89, 6
78.9, 4
78.91, 6
78.92, 0
78.93, 2
78.94, 1
78.95, 4
78.96, 4
78.97, 5
78.98, 1
78.99, 7
79, 3
79.01, 7
79.02, 3
79.03, 5
79.04, 7
79.05, 0
79.06, 11
79.07, 10
79.08, 3
79.09, 3
79.1, 2
79.11, 2
79.12, 1
79.13, 2
79.14, 2
79.15, 5
79.16, 0
79.17, 0
79.18, 0
79.19, 0
79.2, 1
79.21, 3
79.22, 6
79.23, 2
79.24, 6
79.25, 3
79.26, 4
79.27, 2
79.28, 12
79.29, 9
79.3, 4
79.31, 5
79.32, 0
79.33, 0
79.34, 6
79.35, 4
79.36, 4
79.37, 5
79.38, 0
79.39, 2
79.4, 3
79.41, 8
79.42, 1
79.43, 4
79.44, 1
79.45, 6
79.46, 7
79.47, 4
79.48, 0
79.49, 0
79.5, 3
79.51, 3
79.52, 2
79.53, 7
79.54, 0
79.55, 0
79.56, 2
79.57, 6
79.58, 2
79.59, 5
79.6, 2
79.61, 4
79.62, 6
79.63, 8
79.64, 2
79.65, 3
79.66, 4
79.67, 0
79.68, 9
79.69, 3
79.7, 6
79.71, 9
79.72, 1
79.73, 9
79.74, 8
79.75, 3
79.76, 3
79.77, 5
79.78, 5
79.79, 0
79.8, 10
79.81, 8
79.82, 4
79.83, 4
79.84, 4
79.85, 4
79.86, 11
79.87, 11
79.88, 11
79.89, 4
79.9, 5
79.91, 10
79.92, 6
79.93, 5
79.94, 6
79.95, 11
79.96, 9
79.97, 3
79.98, 6
79.99, 3
80, 3
80.01, 2
80.02, 7
80.03, 7
80.04, 1
80.05, 4
80.06, 8
80.07, 6
80.08, 0
80.09, 7
80.1, 2
80.11, 3
80.12, 9
80.13, 1
80.14, 5
80.15, 3
80.16, 3
80.17, 1
80.18, 2
80.19, 7
80.2, 5
80.21, 2
80.22, 0
80.23, 3
80.24, 5
80.25, 5
80.26, 8
80.27, 0
80.28, 10
80.29, 2
80.3, 2
80.31, 2
80.32, 0
80.33, 5
80.34, 8
80.35, 7
80.36, 3
80.37, 2
80.38, 1
80.39, 3
80.4, 3
80.41, 4
80.42, 14
80.43, 1
80.44, 2
80.45, 2
80.46, 0
80.47, 4
80.48, 5
80.49, 2
80.5, 2
80.51, 2
80.52, 2
80.53, 1
80.54, 3
80.55, 4
80.56, 0
80.57, 3
80.58, 1
80.59, 1
80.6, 8
80.61, 2
80.62, 5
80.63, 4
80.64, 4
80.65, 10
80.66, 6
80.67, 11
80.68, 4
80.69, 9
80.7, 0
80.71, 8
80.72, 8
80.73, 3
80.74, 3
80.75, 8
80.76, 0
80.77, 1
80.78, 3
80.79, 9
80.8, 1
80.81, 7
80.82, 3
80.83, 1
80.84, 6
80.85, 4
80.86, 4
80.87, 4
80.88, 3
80.89, 7
80.9, 13
80.91, 8
80.92, 12
80.93, 15
80.94, 16
80.95, 10
80.96, 6
80.97, 7
80.98, 9
80.99, 5
81, 2
81.01, 5
81.02, 7
81.03, 10
81.04, 8
81.05, 9
81.06, 1
81.07, 7
81.08, 2
81.09, 9
81.1, 2
81.11, 1
81.12, 1
81.13, 3
81.14, 9
81.15, 4
81.16, 7
81.17, 5
81.18, 5
81.19, 7
81.2, 4
81.21, 2
81.22, 0
81.23, 11
81.24, 5
81.25, 6
81.26, 0
81.27, 4
81.28, 7
81.29, 2
81.3, 7
81.31, 5
81.32, 11
81.33, 0
81.34, 9
81.35, 4
81.36, 8
81.37, 2
81.38, 2
81.39, 7
81.4, 2
81.41, 2
81.42, 7
81.43, 4
81.44, 4
81.45, 4
81.46, 1
81.47, 2
81.48, 0
81.49, 8
81.5, 0
81.51, 2
81.52, 4
81.53, 5
81.54, 0
81.55, 2
81.56, 0
81.57, 2
81.58, 4
81.59, 2
81.6, 5
81.61, 2
81.62, 0
81.63, 1
81.64, 5
81.65, 7
81.66, 2
81.67, 10
81.68, 6
81.69, 7
81.7, 7
81.71, 9
81.72, 0
81.73, 4
81.74, 5
81.75, 5
81.76, 0
81.77, 4
81.78, 0
81.79, 1
81.8, 5
81.81, 0
81.82, 3
81.83, 0
81.84, 5
81.85, 1
81.86, 3
81.87, 0
81.88, 0
81.89, 2
81.9, 0
81.91, 3
81.92, 12
81.93, 1
81.94, 1
81.95, 2
81.96, 3
81.97, 1
81.98, 6
81.99, 3
82, 7
82.01, 2
82.02, 0
82.03, 1
82.04, 1
82.05, 0
82.06, 1
82.07, 0
82.08, 1
82.09, 9
82.1, 6
82.11, 0
82.12, 3
82.13, 5
82.14, 6
82.15, 2
82.16, 10
82.17, 5
82.18, 8
82.19, 4
82.2, 4
82.21, 2
82.22, 4
82.23, 3
82.24, 6
82.25, 8
82.26, 3
82.27, 7
82.28, 5
82.29, 4
82.3, 2
82.31, 1
82.32, 3
82.33, 4
82.34, 6
82.35, 2
82.36, 6
82.37, 4
82.38, 9
82.39, 4
82.4, 9
82.41, 4
82.42, 9
82.43, 5
82.44, 7
82.45, 5
82.46, 12
82.47, 7
82.48, 2
82.49, 8
82.5, 15
82.51, 7
82.52, 2
82.53, 1
82.54, 3
82.55, 0
82.56, 4
82.57, 4
82.58, 2
82.59, 4
82.6, 5
82.61, 4
82.62, 0
82.63, 4
82.64, 7
82.65, 3
82.66, 2
82.67, 5
82.68, 3
82.69, 1
82.7, 8
82.71, 4
82.72, 6
82.73, 6
82.74, 5
82.75, 4
82.76, 4
82.77, 2
82.78, 2
82.79, 6
82.8, 7
82.81, 4
82.82, 13
82.83, 11
82.84, 5
82.85, 2
82.86, 1
82.87, 2
82.88, 6
82.89, 6
82.9, 3
82.91, 7
82.92, 2
82.93, 0
82.94, 7
82.95, 2
82.96, 3
82.97, 6
82.98, 2
82.99, 7
83, 2
83.01, 0
83.02, 1
83.03, 8
83.04, 3
83.05, 1
83.06, 7
83.07, 4
83.08, 5
83.09, 3
83.1, 6
83.11, 4
83.12, 3
83.13, 6
83.14, 6
83.15, 4
83.16, 2
83.17, 4
83.18, 3
83.19, 6
83.2, 0
83.21, 0
83.22, 5
83.23, 5
83.24, 2
83.25, 0
83.26, 0
83.27, 5
83.28, 3
83.29, 3
83.3, 7
83.31, 4
83.32, 4
83.33, 0
83.34, 4
83.35, 2
83.36, 0
83.37, 10
83.38, 2
83.39, 3
83.4, 2
83.41, 2
83.42, 5
83.43, 10
83.44, 6
83.45, 9
83.46, 3
83.47, 0
83.48, 5
83.49, 2
83.5, 1
83.51, 2
83.52, 9
83.53, 2
83.54, 5
83.55, 2
83.56, 5
83.57, 8
83.58, 3
83.59, 5
83.6, 7
83.61, 0
83.62, 8
83.63, 5
83.64, 5
83.65, 0
83.66, 2
83.67, 4
83.68, 7
83.69, 3
83.7, 1
83.71, 6
83.72, 3
83.73, 4
83.74, 0
83.75, 10
83.76, 2
83.77, 0
83.78, 2
83.79, 3
83.8, 4
83.81, 4
83.82, 0
83.83, 9
83.84, 2
83.85, 5
83.86, 4
83.87, 4
83.88, 2
83.89, 2
83.9, 0
83.91, 4
83.92, 7
83.93, 2
83.94, 0
83.95, 4
83.96, 4
83.97, 4
83.98, 4
83.99, 9
84, 3
84.01, 2
84.02, 1
84.03, 6
84.04, 6
84.05, 4
84.06, 4
84.07, 1
84.08, 0
84.09, 3
84.1, 4
84.11, 0
84.12, 9
84.13, 6
84.14, 2
84.15, 3
84.16, 3
84.17, 5
84.18, 0
84.19, 7
84.2, 3
84.21, 0
84.22, 7
84.23, 3
84.24, 5
84.25, 5
84.26, 6
84.27, 5
84.28, 2
84.29, 7
84.3, 9
84.31, 5
84.32, 5
84.33, 5
84.34, 7
84.35, 4
84.36, 6
84.37, 1
84.38, 3
84.39, 2
84.4, 5
84.41, 4
84.42, 4
84.43, 1
84.44, 7
84.45, 6
84.46, 8
84.47, 4
84.48, 4
84.49, 3
84.5, 5
84.51, 7
84.52, 3
84.53, 3
84.54, 4
84.55, 12
84.56, 2
84.57, 0
84.58, 7
84.59, 5
84.6, 3
84.61, 0
84.62, 3
84.63, 4
84.64, 4
84.65, 4
84.66, 1
84.67, 5
84.68, 6
84.69, 4
84.7, 5
84.71, 3
84.72, 4
84.73, 4
84.74, 1
84.75, 8
84.76, 8
84.77, 4
84.78, 4
84.79, 0
84.8, 4
84.81, 3
84.82, 3
84.83, 1
84.84, 4
84.85, 5
84.86, 5
84.87, 5
84.88, 7
84.89, 3
84.9, 5
84.91, 3
84.92, 4
84.93, 9
84.94, 0
84.95, 7
84.96, 10
84.97, 11
84.98, 5
84.99, 0
85, 0
85.01, 0
85.02, 0
85.03, 0
85.04, 0
85.05, 0
85.06, 0
85.07, 0
85.08, 0
85.09, 0
85.1, 0
85.11, 0
85.12, 0
85.13, 0
85.14, 0
85.15, 0
85.16, 0
85.17, 0
85.18, 0
85.19, 0
85.2, 0
85.21, 0
85.22, 0
85.23, 0
85.24, 0
85.25, 0
85.26, 0
85.27, 0
85.28, 0
85.29, 0
85.3, 0
85.31, 0
85.32, 0
85.33, 0
85.34, 0
85.35, 0
85.36, 0
85.37, 0
85.38, 0
85.39, 0
85.4, 0
85.41, 0
85.42, 0
85.43, 0
85.44, 0
85.45, 0
85.46, 0
85.47, 0
85.48, 0
85.49, 0
85.5, 0
85.51, 0
85.52, 0
85.53, 0
85.54, 0
85.55, 0
85.56, 0
85.57, 0
85.58, 0
85.59, 0
85.6, 0
85.61, 0
85.62, 0
85.63, 0
85.64, 0
85.65, 0
85.66, 0
85.67, 0
85.68, 0
85.69, 0
85.7, 0
85.71, 0
85.72, 0
85.73, 0
85.74, 0
85.75, 0
85.76, 0
85.77, 0
85.78, 0
85.79, 0
85.8, 0
85.81, 0
85.82, 0
85.83, 0
85.84, 0
85.85, 0
85.86, 0
85.87, 0
85.88, 0
85.89, 0
85.9, 0
85.91, 0
85.92, 0
85.93, 0
85.94, 0
85.95, 0
85.96, 0
85.97, 0
85.98, 0
85.99, 0
86, 0
86.01, 0
86.02, 0
86.03, 0
86.04, 0
86.05, 0
86.06, 0
86.07, 0
86.08, 0
86.09, 0
86.1, 0
86.11, 0
86.12, 0
86.13, 0
86.14, 0
86.15, 0
86.16, 0
86.17, 0
86.18, 0
86.19, 0
86.2, 0
86.21, 0
86.22, 0
86.23, 0
86.24, 0
86.25, 0
86.26, 0
86.27, 0
86.28, 0
86.29, 0
86.3, 0
86.31, 0
86.32, 0
86.33, 0
86.34, 0
86.35, 0
86.36, 0
86.37, 0
86.38, 0
86.39, 0
86.4, 0
86.41, 0
86.42, 0
86.43, 0
86.44, 0
86.45, 0
86.46, 0
86.47, 0
86.48, 0
86.49, 0
86.5, 0
86.51, 0
86.52, 0
86.53, 0
86.54, 0
86.55, 0
86.56, 0
86.57, 0
86.58, 0
86.59, 0
86.6, 0
86.61, 0
86.62, 0
86.63, 0
86.64, 0
86.65, 0
86.66, 0
86.67, 0
86.68, 0
86.69, 0
86.7, 0
86.71, 0
86.72, 0
86.73, 0
86.74, 0
86.75, 0
86.76, 0
86.77, 0
86.78, 0
86.79, 0
86.8, 0
86.81, 0
86.82, 0
86.83, 0
86.84, 0
86.85, 0
86.86, 0
86.87, 0
86.88, 0
86.89, 0
86.9, 0
86.91, 0
86.92, 0
86.93, 0
86.94, 0
86.95, 0
86.96, 0
86.97, 0
86.98, 0
86.99, 0
87, 0
87.01, 0
87.02, 0
87.03, 0
87.04, 0
87.05, 0
87.06, 0
87.07, 0
87.08, 0
87.09, 0
87.1, 0
87.11, 0
87.12, 0
87.13, 0
87.14, 0
87.15, 0
87.16, 0
87.17, 0
87.18, 0
87.19, 0
87.2, 0
87.21, 0
87.22, 0
87.23, 0
87.24, 0
87.25, 0
87.26, 0
87.27, 0
87.28, 0
87.29, 0
87.3, 0
87.31, 0
87.32, 0
87.33, 0
87.34, 0
87.35, 0
87.36, 0
87.37, 0
87.38, 0
87.39, 0
87.4, 0
87.41, 0
87.42, 0
87.43, 0
87.44, 0
87.45, 0
87.46, 0
87.47, 0
87.48, 0
87.49, 0
87.5, 0
87.51, 0
87.52, 0
87.53, 0
87.54, 0
87.55, 0
87.56, 0
87.57, 0
87.58, 0
87.59, 0
87.6, 0
87.61, 0
87.62, 0
87.63, 0
87.64, 0
87.65, 0
87.66, 0
87.67, 0
87.68, 0
87.69, 0
87.7, 0
87.71, 0
87.72, 0
87.73, 0
87.74, 0
87.75, 0
87.76, 0
87.77, 0
87.78, 0
87.79, 0
87.8, 0
87.81, 0
87.82, 0
87.83, 0
87.84, 0
87.85, 0
87.86, 0
87.87, 0
87.88, 0
87.89, 0
87.9, 0
87.91, 0
87.92, 0
87.93, 0
87.94, 0
87.95, 0
87.96, 0
87.97, 0
87.98, 0
87.99, 0
88, 0
88.01, 0
88.02, 0
88.03, 0
88.04, 0
88.05, 0
88.06, 0
88.07, 0
88.08, 0
88.09, 0
88.1, 0
88.11, 0
88.12, 0
88.13, 0
88.14, 0
88.15, 0
88.16, 0
88.17, 0
88.18, 0
88.19, 0
88.2, 0
88.21, 0
88.22, 0
88.23, 0
88.24, 0
88.25, 0
88.26, 0
88.27, 0
88.28, 0
88.29, 0
88.3, 0
88.31, 0
88.32, 0
88.33, 0
88.34, 0
88.35, 0
88.36, 0
88.37, 0
88.38, 0
88.39, 0
88.4, 0
88.41, 0
88.42, 0
88.43, 0
88.44, 0
88.45, 0
88.46, 0
88.47, 0
88.48, 0
88.49, 0
88.5, 0
88.51, 0
88.52, 0
88.53, 0
88.54, 0
88.55, 0
88.56, 0
88.57, 0
88.58, 0
88.59, 0
88.6, 0
88.61, 0
88.62, 0
88.63, 0
88.64, 0
88.65, 0
88.66, 0
88.67, 0
88.68, 0
88.69, 0
88.7, 0
88.71, 0
88.72, 0
88.73, 0
88.74, 0
88.75, 0
88.76, 0
88.77, 0
88.78, 0
88.79, 0
88.8, 0
88.81, 0
88.82, 0
88.83, 0
88.84, 0
88.85, 0
88.86, 0
88.87, 0
88.88, 0
88.89, 0
88.9, 0
88.91, 0
88.92, 0
88.93, 0
88.94, 0
88.95, 0
88.96, 0
88.97, 0
88.98, 0
88.99, 0
89, 0
89.01, 0
89.02, 0
89.03, 0
89.04, 0
89.05, 0
89.06, 0
89.07, 0
89.08, 0
89.09, 0
89.1, 0
89.11, 0
89.12, 0
89.13, 0
89.14, 0
89.15, 0
89.16, 0
89.17, 0
89.18, 0
89.19, 0
89.2, 0
89.21, 0
89.22, 0
89.23, 0
89.24, 0
89.25, 0
89.26, 0
89.27, 0
89.28, 0
89.29, 0
89.3, 0
89.31, 0
89.32, 0
89.33, 0
89.34, 0
89.35, 0
89.36, 0
89.37, 0
89.38, 0
89.39, 0
89.4, 0
89.41, 0
89.42, 0
89.43, 0
89.44, 0
89.45, 0
89.46, 0
89.47, 0
89.48, 0
89.49, 0
89.5, 0
89.51, 0
89.52, 0
89.53, 0
89.54, 0
89.55, 0
89.56, 0
89.57, 0
89.58, 0
89.59, 0
89.6, 0
89.61, 0
89.62, 0
89.63, 0
89.64, 0
89.65, 0
89.66, 0
89.67, 0
89.68, 0
89.69, 0
89.7, 0
89.71, 0
89.72, 0
89.73, 0
89.74, 0
89.75, 0
89.76, 0
89.77, 0
89.78, 0
89.79, 0
89.8, 0
89.81, 0
89.82, 0
89.83, 0
89.84, 0
89.85, 0
89.86, 0
89.87, 0
89.88, 0
89.89, 0
89.9, 0
89.91, 0
89.92, 0
89.93, 0
89.94, 0
89.95, 0
89.96, 0
89.97, 0
89.98, 0
89.99, 0
90, 0
90.01, 0
90.02, 0
90.03, 0
90.04, 0
90.05, 0
90.06, 0
90.07, 0
90.08, 0
90.09, 0
90.1, 0
90.11, 0
90.12, 0
90.13, 0
90.14, 0
90.15, 0
90.16, 0
90.17, 0
90.18, 0
90.19, 0
90.2, 0
90.21, 0
90.22, 0
90.23, 0
90.24, 0
90.25, 0
90.26, 0
90.27, 0
90.28, 0
90.29, 0
90.3, 0
90.31, 0
90.32, 0
90.33, 0
90.34, 0
90.35, 0
90.36, 0
90.37, 0
90.38, 0
90.39, 0
90.4, 0
90.41, 0
90.42, 0
90.43, 0
90.44, 0
90.45, 0
90.46, 0
90.47, 0
90.48, 0
90.49, 0
90.5, 0
90.51, 0
90.52, 0
90.53, 0
90.54, 0
90.55, 0
90.56, 0
90.57, 0
90.58, 0
90.59, 0
90.6, 0
90.61, 0
90.62, 0
90.63, 0
90.64, 0
90.65, 0
90.66, 0
90.67, 0
90.68, 0
90.69, 0
90.7, 0
90.71, 0
90.72, 0
90.73, 0
90.74, 0
90.75, 0
90.76, 0
90.77, 0
90.78, 0
90.79, 0
90.8, 0
90.81, 0
90.82, 0
90.83, 0
90.84, 0
90.85, 0
90.86, 0
90.87, 0
90.88, 0
90.89, 0
90.9, 0
90.91, 0
90.92, 0
90.93, 0
90.94, 0
90.95, 0
90.96, 0
90.97, 0
90.98, 0
90.99, 0
91, 0
91.01, 0
91.02, 0
91.03, 0
91.04, 0
91.05, 0
91.06, 0
91.07, 0
91.08, 0
91.09, 0
91.1, 0
91.11, 0
91.12, 0
91.13, 0
91.14, 0
91.15, 0
91.16, 0
91.17, 0
91.18, 0
91.19, 0
91.2, 0
91.21, 0
91.22, 0
91.23, 0
91.24, 0
91.25, 0
91.26, 0
91.27, 0
91.28, 0
91.29, 0
91.3, 0
91.31, 0
91.32, 0
91.33, 0
91.34, 0
91.35, 0
91.36, 0
91.37, 0
91.38, 0
91.39, 0
91.4, 0
91.41, 0
91.42, 0
91.43, 0
91.44, 0
91.45, 0
91.46, 0
91.47, 0
91.48, 0
91.49, 0
91.5, 0
91.51, 0
91.52, 0
91.53, 0
91.54, 0
91.55, 0
91.56, 0
91.57, 0
91.58, 0
91.59, 0
91.6, 0
91.61, 0
91.62, 0
91.63, 0
91.64, 0
91.65, 0
91.66, 0
91.67, 0
91.68, 0
91.69, 0
91.7, 0
91.71, 0
91.72, 0
91.73, 0
91.74, 0
91.75, 0
91.76, 0
91.77, 0
91.78, 0
91.79, 0
91.8, 0
91.81, 0
91.82, 0
91.83, 0
91.84, 0
91.85, 0
91.86, 0
91.87, 0
91.88, 0
91.89, 0
91.9, 0
91.91, 0
91.92, 0
91.93, 0
91.94, 0
91.95, 0
91.96, 0
91.97, 0
91.98, 0
91.99, 0
92, 0
92.01, 0
92.02, 0
92.03, 0
92.04, 0
92.05, 0
92.06, 0
92.07, 0
92.08, 0
92.09, 0
92.1, 0
92.11, 0
92.12, 0
92.13, 0
92.14, 0
92.15, 0
92.16, 0
92.17, 0
92.18, 0
92.19, 0
92.2, 0
92.21, 0
92.22, 0
92.23, 0
92.24, 0
92.25, 0
92.26, 0
92.27, 0
92.28, 0
92.29, 0
92.3, 0
92.31, 0
92.32, 0
92.33, 0
92.34, 0
92.35, 0
92.36, 0
92.37, 0
92.38, 0
92.39, 0
92.4, 0
92.41, 0
92.42, 0
92.43, 0
92.44, 0
92.45, 0
92.46, 0
92.47, 0
92.48, 0
92.49, 0
92.5, 0
92.51, 0
92.52, 0
92.53, 0
92.54, 0
92.55, 0
92.56, 0
92.57, 0
92.58, 0
92.59, 0
92.6, 0
92.61, 0
92.62, 0
92.63, 0
92.64, 0
92.65, 0
92.66, 0
92.67, 0
92.68, 0
92.69, 0
92.7, 0
92.71, 0
92.72, 0
92.73, 0
92.74, 0
92.75, 0
92.76, 0
92.77, 0
92.78, 0
92.79, 0
92.8, 0
92.81, 0
92.82, 0
92.83, 0
92.84, 0
92.85, 0
92.86, 0
92.87, 0
92.88, 0
92.89, 0
92.9, 0
92.91, 0
92.92, 0
92.93, 0
92.94, 0
92.95, 0
92.96, 0
92.97, 0
92.98, 0
92.99, 0
93, 0
93.01, 0
93.02, 0
93.03, 0
93.04, 0
93.05, 0
93.06, 0
93.07, 0
93.08, 0
93.09, 0
93.1, 0
93.11, 0
93.12, 0
93.13, 0
93.14, 0
93.15, 0
93.16, 0
93.17, 0
93.18, 0
93.19, 0
93.2, 0
93.21, 0
93.22, 0
93.23, 0
93.24, 0
93.25, 0
93.26, 0
93.27, 0
93.28, 0
93.29, 0
93.3, 0
93.31, 0
93.32, 0
93.33, 0
93.34, 0
93.35, 0
93.36, 0
93.37, 0
93.38, 0
93.39, 0
93.4, 0
93.41, 0
93.42, 0
93.43, 0
93.44, 0
93.45, 0
93.46, 0
93.47, 0
93.48, 0
93.49, 0
93.5, 0
93.51, 0
93.52, 0
93.53, 0
93.54, 0
93.55, 0
93.56, 0
93.57, 0
93.58, 0
93.59, 0
93.6, 0
93.61, 0
93.62, 0
93.63, 0
93.64, 0
93.65, 0
93.66, 0
93.67, 0
93.68, 0
93.69, 0
93.7, 0
93.71, 0
93.72, 0
93.73, 0
93.74, 0
93.75, 0
93.76, 0
93.77, 0
93.78, 0
93.79, 0
93.8, 0
93.81, 0
93.82, 0
93.83, 0
93.84, 0
93.85, 0
93.86, 0
93.87, 0
93.88, 0
93.89, 0
93.9, 0
93.91, 0
93.92, 0
93.93, 0
93.94, 0
93.95, 0
93.96, 0
93.97, 0
93.98, 0
93.99, 0
94, 0
94.01, 0
94.02, 0
94.03, 0
94.04, 0
94.05, 0
94.06, 0
94.07, 0
94.08, 0
94.09, 0
94.1, 0
94.11, 0
94.12, 0
94.13, 0
94.14, 0
94.15, 0
94.16, 0
94.17, 0
94.18, 0
94.19, 0
94.2, 0
94.21, 0
94.22, 0
94.23, 0
94.24, 0
94.25, 0
94.26, 0
94.27, 0
94.28, 0
94.29, 0
94.3, 0
94.31, 0
94.32, 0
94.33, 0
94.34, 0
94.35, 0
94.36, 0
94.37, 0
94.38, 0
94.39, 0
94.4, 0
94.41, 0
94.42, 0
94.43, 0
94.44, 0
94.45, 0
94.46, 0
94.47, 0
94.48, 0
94.49, 0
94.5, 0
94.51, 0
94.52, 0
94.53, 0
94.54, 0
94.55, 0
94.56, 0
94.57, 0
94.58, 0
94.59, 0
94.6, 0
94.61, 0
94.62, 0
94.63, 0
94.64, 0
94.65, 0
94.66, 0
94.67, 0
94.68, 0
94.69, 0
94.7, 0
94.71, 0
94.72, 0
94.73, 0
94.74, 0
94.75, 0
94.76, 0
94.77, 0
94.78, 0
94.79, 0
94.8, 0
94.81, 0
94.82, 0
94.83, 0
94.84, 0
94.85, 0
94.86, 0
94.87, 0
94.88, 0
94.89, 0
94.9, 0
94.91, 0
94.92, 0
94.93, 0
94.94, 0
94.95, 0
94.96, 0
94.97, 0
94.98, 0
94.99, 0
95, 0
95.01, 0
95.02, 0
95.03, 0
95.04, 0
95.05, 0
95.06, 0
95.07, 0
95.08, 0
95.09, 0
95.1, 0
95.11, 0
95.12, 0
95.13, 0
95.14, 0
95.15, 0
95.16, 0
95.17, 0
95.18, 0
95.19, 0
95.2, 0
95.21, 0
95.22, 0
95.23, 0
95.24, 0
95.25, 0
95.26, 0
95.27, 0
95.28, 0
95.29, 0
95.3, 0
95.31, 0
95.32, 0
95.33, 0
95.34, 0
95.35, 0
95.36, 0
95.37, 0
95.38, 0
95.39, 0
95.4, 0
95.41, 0
95.42, 0
95.43, 0
95.44, 0
95.45, 0
95.46, 0
95.47, 0
95.48, 0
95.49, 0
95.5, 0
95.51, 0
95.52, 0
95.53, 0
95.54, 0
95.55, 0
95.56, 0
95.57, 0
95.58, 0
95.59, 0
95.6, 0
95.61, 0
95.62, 0
95.63, 0
95.64, 0
95.65, 0
95.66, 0
95.67, 0
95.68, 0
95.69, 0
95.7, 0
95.71, 0
95.72, 0
95.73, 0
95.74, 0
95.75, 0
95.76, 0
95.77, 0
95.78, 0
95.79, 0
95.8, 0
95.81, 0
95.82, 0
95.83, 0
95.84, 0
95.85, 0
95.86, 0
95.87, 0
95.88, 0
95.89, 0
95.9, 0
95.91, 0
95.92, 0
95.93, 0
95.94, 0
95.95, 0
95.96, 0
95.97, 0
95.98, 0
95.99, 0
96, 0
96.01, 0
96.02, 0
96.03, 0
96.04, 0
96.05, 0
96.06, 0
96.07, 0
96.08, 0
96.09, 0
96.1, 0
96.11, 0
96.12, 0
96.13, 0
96.14, 0
96.15, 0
96.16, 0
96.17, 0
96.18, 0
96.19, 0
96.2, 0
96.21, 0
96.22, 0
96.23, 0
96.24, 0
96.25, 0
96.26, 0
96.27, 0
96.28, 0
96.29, 0
96.3, 0
96.31, 0
96.32, 0
96.33, 0
96.34, 0
96.35, 0
96.36, 0
96.37, 0
96.38, 0
96.39, 0
96.4, 0
96.41, 0
96.42, 0
96.43, 0
96.44, 0
96.45, 0
96.46, 0
96.47, 0
96.48, 0
96.49, 0
96.5, 0
96.51, 0
96.52, 0
96.53, 0
96.54, 0
96.55, 0
96.56, 0
96.57, 0
96.58, 0
96.59, 0
96.6, 0
96.61, 0
96.62, 0
96.63, 0
96.64, 0
96.65, 0
96.66, 0
96.67, 0
96.68, 0
96.69, 0
96.7, 0
96.71, 0
96.72, 0
96.73, 0
96.74, 0
96.75, 0
96.76, 0
96.77, 0
96.78, 0
96.79, 0
96.8, 0
96.81, 0
96.82, 0
96.83, 0
96.84, 0
96.85, 0
96.86, 0
96.87, 0
96.88, 0
96.89, 0
96.9, 0
96.91, 0
96.92, 0
96.93, 0
96.94, 0
96.95, 0
96.96, 0
96.97, 0
96.98, 0
96.99, 0
97, 0
97.01, 0
97.02, 0
97.03, 0
97.04, 0
97.05, 0
97.06, 0
97.07, 0
97.08, 0
97.09, 0
97.1, 0
97.11, 0
97.12, 0
97.13, 0
97.14, 0
97.15, 0
97.16, 0
97.17, 0
97.18, 0
97.19, 0
97.2, 0
97.21, 0
97.22, 0
97.23, 0
97.24, 0
97.25, 0
97.26, 0
97.27, 0
97.28, 0
97.29, 0
97.3, 0
97.31, 0
97.32, 0
97.33, 0
97.34, 0
97.35, 0
97.36, 0
97.37, 0
97.38, 0
97.39, 0
97.4, 0
97.41, 0
97.42, 0
97.43, 0
97.44, 0
97.45, 0
97.46, 0
97.47, 0
97.48, 0
97.49, 0
97.5, 0
97.51, 0
97.52, 0
97.53, 0
97.54, 0
97.55, 0
97.56, 0
97.57, 0
97.58, 0
97.59, 0
97.6, 0
97.61, 0
97.62, 0
97.63, 0
97.64, 0
97.65, 0
97.66, 0
97.67, 0
97.68, 0
97.69, 0
97.7, 0
97.71, 0
97.72, 0
97.73, 0
97.74, 0
97.75, 0
97.76, 0
97.77, 0
97.78, 0
97.79, 0
97.8, 0
97.81, 0
97.82, 0
97.83, 0
97.84, 0
97.85, 0
97.86, 0
97.87, 0
97.88, 0
97.89, 0
97.9, 0
97.91, 0
97.92, 0
97.93, 0
97.94, 0
97.95, 0
97.96, 0
97.97, 0
97.98, 0
97.99, 0
98, 0
98.01, 0
98.02, 0
98.03, 0
98.04, 0
98.05, 0
98.06, 0
98.07, 0
98.08, 0
98.09, 0
98.1, 0
98.11, 0
98.12, 0
98.13, 0
98.14, 0
98.15, 0
98.16, 0
98.17, 0
98.18, 0
98.19, 0
98.2, 0
98.21, 0
98.22, 0
98.23, 0
98.24, 0
98.25, 0
98.26, 0
98.27, 0
98.28, 0
98.29, 0
98.3, 0
98.31, 0
98.32, 0
98.33, 0
98.34, 0
98.35, 0
98.36, 0
98.37, 0
98.38, 0
98.39, 0
98.4, 0
98.41, 0
98.42, 0
98.43, 0
98.44, 0
98.45, 0
98.46, 0
98.47, 0
98.48, 0
98.49, 0
98.5, 0
98.51, 0
98.52, 0
98.53, 0
98.54, 0
98.55, 0
98.56, 0
98.57, 0
98.58, 0
98.59, 0
98.6, 0
98.61, 0
98.62, 0
98.63, 0
98.64, 0
98.65, 0
98.66, 0
98.67, 0
98.68, 0
98.69, 0
98.7, 0
98.71, 0
98.72, 0
98.73, 0
98.74, 0
98.75, 0
98.76, 0
98.77, 0
98.78, 0
98.79, 0
98.8, 0
98.81, 0
98.82, 0
98.83, 0
98.84, 0
98.85, 0
98.86, 0
98.87, 0
98.88, 0
98.89, 0
98.9, 0
98.91, 0
98.92, 0
98.93, 0
98.94, 0
98.95, 0
98.96, 0
98.97, 0
98.98, 0
98.99, 0
99, 0
99.01, 0
99.02, 0
99.03, 0
99.04, 0
99.05, 0
99.06, 0
99.07, 0
99.08, 0
99.09, 0
99.1, 0
99.11, 0
99.12, 0
99.13, 0
99.14, 0
99.15, 0
99.16, 0
99.17, 0
99.18, 0
99.19, 0
99.2, 0
99.21, 0
99.22, 0
99.23, 0
99.24, 0
99.25, 0
99.26, 0
99.27, 0
99.28, 0
99.29, 0
99.3, 0
99.31, 0
99.32, 0
99.33, 0
99.34, 0
99.35, 0
99.36, 0
99.37, 0
99.38, 0
99.39, 0
99.4, 0
99.41, 0
99.42, 0
99.43, 0
99.44, 0
99.45, 0
99.46, 0
99.47, 0
99.48, 0
99.49, 0
99.5, 0
99.51, 0
99.52, 0
99.53, 0
99.54, 0
99.55, 0
99.56, 0
99.57, 0
99.58, 0
99.59, 0
99.6, 0
99.61, 0
99.62, 0
99.63, 0
99.64, 0
99.65, 0
99.66, 0
99.67, 0
99.68, 0
99.69, 0
99.7, 0
99.71, 0
99.72, 0
99.73, 0
99.74, 0
99.75, 0
99.76, 0
99.77, 0
99.78, 0
99.79, 0
99.8, 0
99.81, 0
99.82, 0
99.83, 0
99.84, 0
99.85, 0
99.86, 0
99.87, 0
99.88, 0
99.89, 0
99.9, 0
99.91, 0
99.92, 0
99.93, 0
99.94, 0
99.95, 0
99.96, 0
99.97, 0
99.98, 0
99.99, 0
100, 0
100.01, 0
100.02, 0
100.03, 0
100.04, 0
100.05, 0
100.06, 0
100.07, 0
100.08, 0
100.09, 0
100.1, 0
100.11, 0
100.12, 0
100.13, 0
100.14, 0
100.15, 0
100.16, 0
100.17, 0
100.18, 0
100.19, 0
100.2, 0
100.21, 0
100.22, 0
100.23, 0
100.24, 0
100.25, 0
100.26, 0
100.27, 0
100.28, 0
100.29, 0
100.3, 0
100.31, 0
100.32, 0
100.33, 0
100.34, 0
100.35, 0
100.36, 0
100.37, 0
100.38, 0
100.39, 0
100.4, 0
100.41, 0
100.42, 0
100.43, 0
100.44, 0
100.45, 0
100.46, 0
100.47, 0
100.48, 0
100.49, 0
100.5, 0
100.51, 0
100.52, 0
100.53, 0
100.54, 0
100.55, 0
100.56, 0
100.57, 0
100.58, 0
100.59, 0
100.6, 0
100.61, 0
100.62, 0
100.63, 0
100.64, 0
100.65, 0
100.66, 0
100.67, 0
100.68, 0
100.69, 0
100.7, 0
100.71, 0
100.72, 0
100.73, 0
100.74, 0
100.75, 0
100.76, 0
100.77, 0
100.78, 0
100.79, 0
100.8, 0
100.81, 0
100.82, 0
100.83, 0
100.84, 0
100.85, 0
100.86, 0
100.87, 0
100.88, 0
100.89, 0
100.9, 0
100.91, 0
100.92, 0
100.93, 0
100.94, 0
100.95, 0
100.96, 0
100.97, 0
100.98, 0
100.99, 0
101, 0
101.01, 0
101.02, 0
101.03, 0
101.04, 0
101.05, 0
101.06, 0
101.07, 0
101.08, 0
101.09, 0
101.1, 0
101.11, 0
101.12, 0
101.13, 0
101.14, 0
101.15, 0
101.16, 0
101.17, 0
101.18, 0
101.19, 0
101.2, 0
101.21, 0
101.22, 0
101.23, 0
101.24, 0
101.25, 0
101.26, 0
101.27, 0
101.28, 0
101.29, 0
101.3, 0
101.31, 0
101.32, 0
101.33, 0
101.34, 0
101.35, 0
101.36, 0
101.37, 0
101.38, 0
101.39, 0
101.4, 0
101.41, 0
101.42, 0
101.43, 0
101.44, 0
101.45, 0
101.46, 0
101.47, 0
101.48, 0
101.49, 0
101.5, 0
101.51, 0
101.52, 0
101.53, 0
101.54, 0
101.55, 0
101.56, 0
101.57, 0
101.58, 0
101.59, 0
101.6, 0
101.61, 0
101.62, 0
101.63, 0
101.64, 0
101.65, 0
101.66, 0
101.67, 0
101.68, 0
101.69, 0
101.7, 0
101.71, 0
101.72, 0
101.73, 0
101.74, 0
101.75, 0
101.76, 0
101.77, 0
101.78, 0
101.79, 0
101.8, 0
101.81, 0
101.82, 0
101.83, 0
101.84, 0
101.85, 0
101.86, 0
101.87, 0
101.88, 0
101.89, 0
101.9, 0
101.91, 0
101.92, 0
101.93, 0
101.94, 0
101.95, 0
101.96, 0
101.97, 0
101.98, 0
101.99, 0
102, 0
102.01, 0
102.02, 0
102.03, 0
102.04, 0
102.05, 0
102.06, 0
102.07, 0
102.08, 0
102.09, 0
102.1, 0
102.11, 0
102.12, 0
102.13, 0
102.14, 0
102.15, 0
102.16, 0
102.17, 0
102.18, 0
102.19, 0
102.2, 0
102.21, 0
102.22, 0
102.23, 0
102.24, 0
102.25, 0
102.26, 0
102.27, 0
102.28, 0
102.29, 0
102.3, 0
102.31, 0
102.32, 0
102.33, 0
102.34, 0
102.35, 0
102.36, 0
102.37, 0
102.38, 0
102.39, 0
102.4, 0
102.41, 0
102.42, 0
102.43, 0
102.44, 0
102.45, 0
102.46, 0
102.47, 0
102.48, 0
102.49, 0
102.5, 0
102.51, 0
102.52, 0
102.53, 0
102.54, 0
102.55, 0
102.56, 0
102.57, 0
102.58, 0
102.59, 0
102.6, 0
102.61, 0
102.62, 0
102.63, 0
102.64, 0
102.65, 0
102.66, 0
102.67, 0
102.68, 0
102.69, 0
102.7, 0
102.71, 0
102.72, 0
102.73, 0
102.74, 0
102.75, 0
102.76, 0
102.77, 0
102.78, 0
102.79, 0
102.8, 0
102.81, 0
102.82, 0
102.83, 0
102.84, 0
102.85, 0
102.86, 0
102.87, 0
102.88, 0
102.89, 0
102.9, 0
102.91, 0
102.92, 0
102.93, 0
102.94, 0
102.95, 0
102.96, 0
102.97, 0
102.98, 0
102.99, 0
103, 0
103.01, 0
103.02, 0
103.03, 0
103.04, 0
103.05, 0
103.06, 0
103.07, 0
103.08, 0
103.09, 0
103.1, 0
103.11, 0
103.12, 0
103.13, 0
103.14, 0
103.15, 0
103.16, 0
103.17, 0
103.18, 0
103.19, 0
103.2, 0
103.21, 0
103.22, 0
103.23, 0
103.24, 0
103.25, 0
103.26, 0
103.27, 0
103.28, 0
103.29, 0
103.3, 0
103.31, 0
103.32, 0
103.33, 0
103.34, 0
103.35, 0
103.36, 0
103.37, 0
103.38, 0
103.39, 0
103.4, 0
103.41, 0
103.42, 0
103.43, 0
103.44, 0
103.45, 0
103.46, 0
103.47, 0
103.48, 0
103.49, 0
103.5, 0
103.51, 0
103.52, 0
103.53, 0
103.54, 0
103.55, 0
103.56, 0
103.57, 0
103.58, 0
103.59, 0
103.6, 0
103.61, 0
103.62, 0
103.63, 0
103.64, 0
103.65, 0
103.66, 0
103.67, 0
103.68, 0
103.69, 0
103.7, 0
103.71, 0
103.72, 0
103.73, 0
103.74, 0
103.75, 0
103.76, 0
103.77, 0
103.78, 0
103.79, 0
103.8, 0
103.81, 0
103.82, 0
103.83, 0
103.84, 0
103.85, 0
103.86, 0
103.87, 0
103.88, 0
103.89, 0
103.9, 0
103.91, 0
103.92, 0
103.93, 0
103.94, 0
103.95, 0
103.96, 0
103.97, 0
103.98, 0
103.99, 0
104, 0
104.01, 0
104.02, 0
104.03, 0
104.04, 0
104.05, 0
104.06, 0
104.07, 0
104.08, 0
104.09, 0
104.1, 0
104.11, 0
104.12, 0
104.13, 0
104.14, 0
104.15, 0
104.16, 0
104.17, 0
104.18, 0
104.19, 0
104.2, 0
104.21, 0
104.22, 0
104.23, 0
104.24, 0
104.25, 0
104.26, 0
104.27, 0
104.28, 0
104.29, 0
104.3, 0
104.31, 0
104.32, 0
104.33, 0
104.34, 0
104.35, 0
104.36, 0
104.37, 0
104.38, 0
104.39, 0
104.4, 0
104.41, 0
104.42, 0
104.43, 0
104.44, 0
104.45, 0
104.46, 0
104.47, 0
104.48, 0
104.49, 0
104.5, 0
104.51, 0
104.52, 0
104.53, 0
104.54, 0
104.55, 0
104.56, 0
104.57, 0
104.58, 0
104.59, 0
104.6, 0
104.61, 0
104.62, 0
104.63, 0
104.64, 0
104.65, 0
104.66, 0
104.67, 0
104.68, 0
104.69, 0
104.7, 0
104.71, 0
104.72, 0
104.73, 0
104.74, 0
104.75, 0
104.76, 0
104.77, 0
104.78, 0
104.79, 0
104.8, 0
104.81, 0
104.82, 0
104.83, 0
104.84, 0
104.85, 0
104.86, 0
104.87, 0
104.88, 0
104.89, 0
104.9, 0
104.91, 0
104.92, 0
104.93, 0
104.94, 0
104.95, 0
104.96, 0
104.97, 0
104.98, 0
104.99, 0
105, 0
105.01, 0
105.02, 0
105.03, 0
105.04, 0
105.05, 0
105.06, 0
105.07, 0
105.08, 0
105.09, 0
105.1, 0
105.11, 0
105.12, 0
105.13, 0
105.14, 0
105.15, 0
105.16, 0
105.17, 0
105.18, 0
105.19, 0
105.2, 0
105.21, 0
105.22, 0
105.23, 0
105.24, 0
105.25, 0
105.26, 0
105.27, 0
105.28, 0
105.29, 0
105.3, 0
105.31, 0
105.32, 0
105.33, 0
105.34, 0
105.35, 0
105.36, 0
105.37, 0
105.38, 0
105.39, 0
105.4, 0
105.41, 0
105.42, 0
105.43, 0
105.44, 0
105.45, 0
105.46, 0
105.47, 0
105.48, 0
105.49, 0
105.5, 0
105.51, 0
105.52, 0
105.53, 0
105.54, 0
105.55, 0
105.56, 0
105.57, 0
105.58, 0
105.59, 0
105.6, 0
105.61, 0
105.62, 0
105.63, 0
105.64, 0
105.65, 0
105.66, 0
105.67, 0
105.68, 0
105.69, 0
105.7, 0
105.71, 0
105.72, 0
105.73, 0
105.74, 0
105.75, 0
105.76, 0
105.77, 0
105.78, 0
105.79, 0
105.8, 0
105.81, 0
105.82, 0
105.83, 0
105.84, 0
105.85, 0
105.86, 0
105.87, 0
105.88, 0
105.89, 0
105.9, 0
105.91, 0
105.92, 0
105.93, 0
105.94, 0
105.95, 0
105.96, 0
105.97, 0
105.98, 0
105.99, 0
106, 0
106.01, 0
106.02, 0
106.03, 0
106.04, 0
106.05, 0
106.06, 0
106.07, 0
106.08, 0
106.09, 0
106.1, 0
106.11, 0
106.12, 0
106.13, 0
106.14, 0
106.15, 0
106.16, 0
106.17, 0
106.18, 0
106.19, 0
106.2, 0
106.21, 0
106.22, 0
106.23, 0
106.24, 0
106.25, 0
106.26, 0
106.27, 0
106.28, 0
106.29, 0
106.3, 0
106.31, 0
106.32, 0
106.33, 0
106.34, 0
106.35, 0
106.36, 0
106.37, 0
106.38, 0
106.39, 0
106.4, 0
106.41, 0
106.42, 0
106.43, 0
106.44, 0
106.45, 0
106.46, 0
106.47, 0
106.48, 0
106.49, 0
106.5, 0
106.51, 0
106.52, 0
106.53, 0
106.54, 0
106.55, 0
106.56, 0
106.57, 0
106.58, 0
106.59, 0
106.6, 0
106.61, 0
106.62, 0
106.63, 0
106.64, 0
106.65, 0
106.66, 0
106.67, 0
106.68, 0
106.69, 0
106.7, 0
106.71, 0
106.72, 0
106.73, 0
106.74, 0
106.75, 0
106.76, 0
106.77, 0
106.78, 0
106.79, 0
106.8, 0
106.81, 0
106.82, 0
106.83, 0
106.84, 0
106.85, 0
106.86, 0
106.87, 0
106.88, 0
106.89, 0
106.9, 0
106.91, 0
106.92, 0
106.93, 0
106.94, 0
106.95, 0
106.96, 0
106.97, 0
106.98, 0
106.99, 0
107, 0
107.01, 0
107.02, 0
107.03, 0
107.04, 0
107.05, 0
107.06, 0
107.07, 0
107.08, 0
107.09, 0
107.1, 0
107.11, 0
107.12, 0
107.13, 0
107.14, 0
107.15, 0
107.16, 0
107.17, 0
107.18, 0
107.19, 0
107.2, 0
107.21, 0
107.22, 0
107.23, 0
107.24, 0
107.25, 0
107.26, 0
107.27, 0
107.28, 0
107.29, 0
107.3, 0
107.31, 0
107.32, 0
107.33, 0
107.34, 0
107.35, 0
107.36, 0
107.37, 0
107.38, 0
107.39, 0
107.4, 0
107.41, 0
107.42, 0
107.43, 0
107.44, 0
107.45, 0
107.46, 0
107.47, 0
107.48, 0
107.49, 0
107.5, 0
107.51, 0
107.52, 0
107.53, 0
107.54, 0
107.55, 0
107.56, 0
107.57, 0
107.58, 0
107.59, 0
107.6, 0
107.61, 0
107.62, 0
107.63, 0
107.64, 0
107.65, 0
107.66, 0
107.67, 0
107.68, 0
107.69, 0
107.7, 0
107.71, 0
107.72, 0
107.73, 0
107.74, 0
107.75, 0
107.76, 0
107.77, 0
107.78, 0
107.79, 0
107.8, 0
107.81, 0
107.82, 0
107.83, 0
107.84, 0
107.85, 0
107.86, 0
107.87, 0
107.88, 0
107.89, 0
107.9, 0
107.91, 0
107.92, 0
107.93, 0
107.94, 0
107.95, 0
107.96, 0
107.97, 0
107.98, 0
107.99, 0
108, 0
108.01, 0
108.02, 0
108.03, 0
108.04, 0
108.05, 0
108.06, 0
108.07, 0
108.08, 0
108.09, 0
108.1, 0
108.11, 0
108.12, 0
108.13, 0
108.14, 0
108.15, 0
108.16, 0
108.17, 0
108.18, 0
108.19, 0
108.2, 0
108.21, 0
108.22, 0
108.23, 0
108.24, 0
108.25, 0
108.26, 0
108.27, 0
108.28, 0
108.29, 0
108.3, 0
108.31, 0
108.32, 0
108.33, 0
108.34, 0
108.35, 0
108.36, 0
108.37, 0
108.38, 0
108.39, 0
108.4, 0
108.41, 0
108.42, 0
108.43, 0
108.44, 0
108.45, 0
108.46, 0
108.47, 0
108.48, 0
108.49, 0
108.5, 0
108.51, 0
108.52, 0
108.53, 0
108.54, 0
108.55, 0
108.56, 0
108.57, 0
108.58, 0
108.59, 0
108.6, 0
108.61, 0
108.62, 0
108.63, 0
108.64, 0
108.65, 0
108.66, 0
108.67, 0
108.68, 0
108.69, 0
108.7, 0
108.71, 0
108.72, 0
108.73, 0
108.74, 0
108.75, 0
108.76, 0
108.77, 0
108.78, 0
108.79, 0
108.8, 0
108.81, 0
108.82, 0
108.83, 0
108.84, 0
108.85, 0
108.86, 0
108.87, 0
108.88, 0
108.89, 0
108.9, 0
108.91, 0
108.92, 0
108.93, 0
108.94, 0
108.95, 0
108.96, 0
108.97, 0
108.98, 0
108.99, 0
109, 0
109.01, 0
109.02, 0
109.03, 0
109.04, 0
109.05, 0
109.06, 0
109.07, 0
109.08, 0
109.09, 0
109.1, 0
109.11, 0
109.12, 0
109.13, 0
109.14, 0
109.15, 0
109.16, 0
109.17, 0
109.18, 0
109.19, 0
109.2, 0
109.21, 0
109.22, 0
109.23, 0
109.24, 0
109.25, 0
109.26, 0
109.27, 0
109.28, 0
109.29, 0
109.3, 0
109.31, 0
109.32, 0
109.33, 0
109.34, 0
109.35, 0
109.36, 0
109.37, 0
109.38, 0
109.39, 0
109.4, 0
109.41, 0
109.42, 0
109.43, 0
109.44, 0
109.45, 0
109.46, 0
109.47, 0
109.48, 0
109.49, 0
109.5, 0
109.51, 0
109.52, 0
109.53, 0
109.54, 0
109.55, 0
109.56, 0
109.57, 0
109.58, 0
109.59, 0
109.6, 0
109.61, 0
109.62, 0
109.63, 0
109.64, 0
109.65, 0
109.66, 0
109.67, 0
109.68, 0
109.69, 0
109.7, 0
109.71, 0
109.72, 0
109.73, 0
109.74, 0
109.75, 0
109.76, 0
109.77, 0
109.78, 0
109.79, 0
109.8, 0
109.81, 0
109.82, 0
109.83, 0
109.84, 0
109.85, 0
109.86, 0
109.87, 0
109.88, 0
109.89, 0
109.9, 0
109.91, 0
109.92, 0
109.93, 0
109.94, 0
109.95, 0
109.96, 0
109.97, 0
109.98, 0
109.99, 0
110, 0
110.01, 0
110.02, 0
110.03, 0
110.04, 0
110.05, 0
110.06, 0
110.07, 0
110.08, 0
110.09, 0
110.1, 0
110.11, 0
110.12, 0
110.13, 0
110.14, 0
110.15, 0
110.16, 0
110.17, 0
110.18, 0
110.19, 0
110.2, 0
110.21, 0
110.22, 0
110.23, 0
110.24, 0
110.25, 0
110.26, 0
110.27, 0
110.28, 0
110.29, 0
110.3, 0
110.31, 0
110.32, 0
110.33, 0
110.34, 0
110.35, 0
110.36, 0
110.37, 0
110.38, 0
110.39, 0
110.4, 0
110.41, 0
110.42, 0
110.43, 0
110.44, 0
110.45, 0
110.46, 0
110.47, 0
110.48, 0
110.49, 0
110.5, 0
110.51, 0
110.52, 0
110.53, 0
110.54, 0
110.55, 0
110.56, 0
110.57, 0
110.58, 0
110.59, 0
110.6, 0
110.61, 0
110.62, 0
110.63, 0
110.64, 0
110.65, 0
110.66, 0
110.67, 0
110.68, 0
110.69, 0
110.7, 0
110.71, 0
110.72, 0
110.73, 0
110.74, 0
110.75, 0
110.76, 0
110.77, 0
110.78, 0
110.79, 0
110.8, 0
110.81, 0
110.82, 0
110.83, 0
110.84, 0
110.85, 0
110.86, 0
110.87, 0
110.88, 0
110.89, 0
110.9, 0
110.91, 0
110.92, 0
110.93, 0
110.94, 0
110.95, 0
110.96, 0
110.97, 0
110.98, 0
110.99, 0
111, 0
111.01, 0
111.02, 0
111.03, 0
111.04, 0
111.05, 0
111.06, 0
111.07, 0
111.08, 0
111.09, 0
111.1, 0
111.11, 0
111.12, 0
111.13, 0
111.14, 0
111.15, 0
111.16, 0
111.17, 0
111.18, 0
111.19, 0
111.2, 0
111.21, 0
111.22, 0
111.23, 0
111.24, 0
111.25, 0
111.26, 0
111.27, 0
111.28, 0
111.29, 0
111.3, 0
111.31, 0
111.32, 0
111.33, 0
111.34, 0
111.35, 0
111.36, 0
111.37, 0
111.38, 0
111.39, 0
111.4, 0
111.41, 0
111.42, 0
111.43, 0
111.44, 0
111.45, 0
111.46, 0
111.47, 0
111.48, 0
111.49, 0
111.5, 0
111.51, 0
111.52, 0
111.53, 0
111.54, 0
111.55, 0
111.56, 0
111.57, 0
111.58, 0
111.59, 0
111.6, 0
111.61, 0
111.62, 0
111.63, 0
111.64, 0
111.65, 0
111.66, 0
111.67, 0
111.68, 0
111.69, 0
111.7, 0
111.71, 0
111.72, 0
111.73, 0
111.74, 0
111.75, 0
111.76, 0
111.77, 0
111.78, 0
111.79, 0
111.8, 0
111.81, 0
111.82, 0
111.83, 0
111.84, 0
111.85, 0
111.86, 0
111.87, 0
111.88, 0
111.89, 0
111.9, 0
111.91, 0
111.92, 0
111.93, 0
111.94, 0
111.95, 0
111.96, 0
111.97, 0
111.98, 0
111.99, 0
112, 0
112.01, 0
112.02, 0
112.03, 0
112.04, 0
112.05, 0
112.06, 0
112.07, 0
112.08, 0
112.09, 0
112.1, 0
112.11, 0
112.12, 0
112.13, 0
112.14, 0
112.15, 0
112.16, 0
112.17, 0
112.18, 0
112.19, 0
112.2, 0
112.21, 0
112.22, 0
112.23, 0
112.24, 0
112.25, 0
112.26, 0
112.27, 0
112.28, 0
112.29, 0
112.3, 0
112.31, 0
112.32, 0
112.33, 0
112.34, 0
112.35, 0
112.36, 0
112.37, 0
112.38, 0
112.39, 0
112.4, 0
112.41, 0
112.42, 0
112.43, 0
112.44, 0
112.45, 0
112.46, 0
112.47, 0
112.48, 0
112.49, 0
112.5, 0
112.51, 0
112.52, 0
112.53, 0
112.54, 0
112.55, 0
112.56, 0
112.57, 0
112.58, 0
112.59, 0
112.6, 0
112.61, 0
112.62, 0
112.63, 0
112.64, 0
112.65, 0
112.66, 0
112.67, 0
112.68, 0
112.69, 0
112.7, 0
112.71, 0
112.72, 0
112.73, 0
112.74, 0
112.75, 0
112.76, 0
112.77, 0
112.78, 0
112.79, 0
112.8, 0
112.81, 0
112.82, 0
112.83, 0
112.84, 0
112.85, 0
112.86, 0
112.87, 0
112.88, 0
112.89, 0
112.9, 0
112.91, 0
112.92, 0
112.93, 0
112.94, 0
112.95, 0
112.96, 0
112.97, 0
112.98, 0
112.99, 0
113, 0
113.01, 0
113.02, 0
113.03, 0
113.04, 0
113.05, 0
113.06, 0
113.07, 0
113.08, 0
113.09, 0
113.1, 0
113.11, 0
113.12, 0
113.13, 0
113.14, 0
113.15, 0
113.16, 0
113.17, 0
113.18, 0
113.19, 0
113.2, 0
113.21, 0
113.22, 0
113.23, 0
113.24, 0
113.25, 0
113.26, 0
113.27, 0
113.28, 0
113.29, 0
113.3, 0
113.31, 0
113.32, 0
113.33, 0
113.34, 0
113.35, 0
113.36, 0
113.37, 0
113.38, 0
113.39, 0
113.4, 0
113.41, 0
113.42, 0
113.43, 0
113.44, 0
113.45, 0
113.46, 0
113.47, 0
113.48, 0
113.49, 0
113.5, 0
113.51, 0
113.52, 0
113.53, 0
113.54, 0
113.55, 0
113.56, 0
113.57, 0
113.58, 0
113.59, 0
113.6, 0
113.61, 0
113.62, 0
113.63, 0
113.64, 0
113.65, 0
113.66, 0
113.67, 0
113.68, 0
113.69, 0
113.7, 0
113.71, 0
113.72, 0
113.73, 0
113.74, 0
113.75, 0
113.76, 0
113.77, 0
113.78, 0
113.79, 0
113.8, 0
113.81, 0
113.82, 0
113.83, 0
113.84, 0
113.85, 0
113.86, 0
113.87, 0
113.88, 0
113.89, 0
113.9, 0
113.91, 0
113.92, 0
113.93, 0
113.94, 0
113.95, 0
113.96, 0
113.97, 0
113.98, 0
113.99, 0
114, 0
114.01, 0
114.02, 0
114.03, 0
114.04, 0
114.05, 0
114.06, 0
114.07, 0
114.08, 0
114.09, 0
114.1, 0
114.11, 0
114.12, 0
114.13, 0
114.14, 0
114.15, 0
114.16, 0
114.17, 0
114.18, 0
114.19, 0
114.2, 0
114.21, 0
114.22, 0
114.23, 0
114.24, 0
114.25, 0
114.26, 0
114.27, 0
114.28, 0
114.29, 0
114.3, 0
114.31, 0
114.32, 0
114.33, 0
114.34, 0
114.35, 0
114.36, 0
114.37, 0
114.38, 0
114.39, 0
114.4, 0
114.41, 0
114.42, 0
114.43, 0
114.44, 0
114.45, 0
114.46, 0
114.47, 0
114.48, 0
114.49, 0
114.5, 0
114.51, 0
114.52, 0
114.53, 0
114.54, 0
114.55, 0
114.56, 0
114.57, 0
114.58, 0
114.59, 0
114.6, 0
114.61, 0
114.62, 0
114.63, 0
114.64, 0
114.65, 0
114.66, 0
114.67, 0
114.68, 0
114.69, 0
114.7, 0
114.71, 0
114.72, 0
114.73, 0
114.74, 0
114.75, 0
114.76, 0
114.77, 0
114.78, 0
114.79, 0
114.8, 0
114.81, 0
114.82, 0
114.83, 0
114.84, 0
114.85, 0
114.86, 0
114.87, 0
114.88, 0
114.89, 0
114.9, 0
114.91, 0
114.92, 0
114.93, 0
114.94, 0
114.95, 0
114.96, 0
114.97, 0
114.98, 0
114.99, 0
115, 0
115.01, 0
115.02, 0
115.03, 0
115.04, 0
115.05, 0
115.06, 0
115.07, 0
115.08, 0
115.09, 0
115.1, 0
115.11, 0
115.12, 0
115.13, 0
115.14, 0
115.15, 0
115.16, 0
115.17, 0
115.18, 0
115.19, 0
115.2, 0
115.21, 0
115.22, 0
115.23, 0
115.24, 0
115.25, 0
115.26, 0
115.27, 0
115.28, 0
115.29, 0
115.3, 0
115.31, 0
115.32, 0
115.33, 0
115.34, 0
115.35, 0
115.36, 0
115.37, 0
115.38, 0
115.39, 0
115.4, 0
115.41, 0
115.42, 0
115.43, 0
115.44, 0
115.45, 0
115.46, 0
115.47, 0
115.48, 0
115.49, 0
115.5, 0
115.51, 0
115.52, 0
115.53, 0
115.54, 0
115.55, 0
115.56, 0
115.57, 0
115.58, 0
115.59, 0
115.6, 0
115.61, 0
115.62, 0
115.63, 0
115.64, 0
115.65, 0
115.66, 0
115.67, 0
115.68, 0
115.69, 0
115.7, 0
115.71, 0
115.72, 0
115.73, 0
115.74, 0
115.75, 0
115.76, 0
115.77, 0
115.78, 0
115.79, 0
115.8, 0
115.81, 0
115.82, 0
115.83, 0
115.84, 0
115.85, 0
115.86, 0
115.87, 0
115.88, 0
115.89, 0
115.9, 0
115.91, 0
115.92, 0
115.93, 0
115.94, 0
115.95, 0
115.96, 0
115.97, 0
115.98, 0
115.99, 0
116, 0
116.01, 0
116.02, 0
116.03, 0
116.04, 0
116.05, 0
116.06, 0
116.07, 0
116.08, 0
116.09, 0
116.1, 0
116.11, 0
116.12, 0
116.13, 0
116.14, 0
116.15, 0
116.16, 0
116.17, 0
116.18, 0
116.19, 0
116.2, 0
116.21, 0
116.22, 0
116.23, 0
116.24, 0
116.25, 0
116.26, 0
116.27, 0
116.28, 0
116.29, 0
116.3, 0
116.31, 0
116.32, 0
116.33, 0
116.34, 0
116.35, 0
116.36, 0
116.37, 0
116.38, 0
116.39, 0
116.4, 0
116.41, 0
116.42, 0
116.43, 0
116.44, 0
116.45, 0
116.46, 0
116.47, 0
116.48, 0
116.49, 0
116.5, 0
116.51, 0
116.52, 0
116.53, 0
116.54, 0
116.55, 0
116.56, 0
116.57, 0
116.58, 0
116.59, 0
116.6, 0
116.61, 0
116.62, 0
116.63, 0
116.64, 0
116.65, 0
116.66, 0
116.67, 0
116.68, 0
116.69, 0
116.7, 0
116.71, 0
116.72, 0
116.73, 0
116.74, 0
116.75, 0
116.76, 0
116.77, 0
116.78, 0
116.79, 0
116.8, 0
116.81, 0
116.82, 0
116.83, 0
116.84, 0
116.85, 0
116.86, 0
116.87, 0
116.88, 0
116.89, 0
116.9, 0
116.91, 0
116.92, 0
116.93, 0
116.94, 0
116.95, 0
116.96, 0
116.97, 0
116.98, 0
116.99, 0
117, 0
117.01, 0
117.02, 0
117.03, 0
117.04, 0
117.05, 0
117.06, 0
117.07, 0
117.08, 0
117.09, 0
117.1, 0
117.11, 0
117.12, 0
117.13, 0
117.14, 0
117.15, 0
117.16, 0
117.17, 0
117.18, 0
117.19, 0
117.2, 0
117.21, 0
117.22, 0
117.23, 0
117.24, 0
117.25, 0
117.26, 0
117.27, 0
117.28, 0
117.29, 0
117.3, 0
117.31, 0
117.32, 0
117.33, 0
117.34, 0
117.35, 0
117.36, 0
117.37, 0
117.38, 0
117.39, 0
117.4, 0
117.41, 0
117.42, 0
117.43, 0
117.44, 0
117.45, 0
117.46, 0
117.47, 0
117.48, 0
117.49, 0
117.5, 0
117.51, 0
117.52, 0
117.53, 0
117.54, 0
117.55, 0
117.56, 0
117.57, 0
117.58, 0
117.59, 0
117.6, 0
117.61, 0
117.62, 0
117.63, 0
117.64, 0
117.65, 0
117.66, 0
117.67, 0
117.68, 0
117.69, 0
117.7, 0
117.71, 0
117.72, 0
117.73, 0
117.74, 0
117.75, 0
117.76, 0
117.77, 0
117.78, 0
117.79, 0
117.8, 0
117.81, 0
117.82, 0
117.83, 0
117.84, 0
117.85, 0
117.86, 0
117.87, 0
117.88, 0
117.89, 0
117.9, 0
117.91, 0
117.92, 0
117.93, 0
117.94, 0
117.95, 0
117.96, 0
117.97, 0
117.98, 0
117.99, 0
118, 0
118.01, 0
118.02, 0
118.03, 0
118.04, 0
118.05, 0
118.06, 0
118.07, 0
118.08, 0
118.09, 0
118.1, 0
118.11, 0
118.12, 0
118.13, 0
118.14, 0
118.15, 0
118.16, 0
118.17, 0
118.18, 0
118.19, 0
118.2, 0
118.21, 0
118.22, 0
118.23, 0
118.24, 0
118.25, 0
118.26, 0
118.27, 0
118.28, 0
118.29, 0
118.3, 0
118.31, 0
118.32, 0
118.33, 0
118.34, 0
118.35, 0
118.36, 0
118.37, 0
118.38, 0
118.39, 0
118.4, 0
118.41, 0
118.42, 0
118.43, 0
118.44, 0
118.45, 0
118.46, 0
118.47, 0
118.48, 0
118.49, 0
118.5, 0
118.51, 0
118.52, 0
118.53, 0
118.54, 0
118.55, 0
118.56, 0
118.57, 0
118.58, 0
118.59, 0
118.6, 0
118.61, 0
118.62, 0
118.63, 0
118.64, 0
118.65, 0
118.66, 0
118.67, 0
118.68, 0
118.69, 0
118.7, 0
118.71, 0
118.72, 0
118.73, 0
118.74, 0
118.75, 0
118.76, 0
118.77, 0
118.78, 0
118.79, 0
118.8, 0
118.81, 0
118.82, 0
118.83, 0
118.84, 0
118.85, 0
118.86, 0
118.87, 0
118.88, 0
118.89, 0
118.9, 0
118.91, 0
118.92, 0
118.93, 0
118.94, 0
118.95, 0
118.96, 0
118.97, 0
118.98, 0
118.99, 0
119, 0
119.01, 0
119.02, 0
119.03, 0
119.04, 0
119.05, 0
119.06, 0
119.07, 0
119.08, 0
119.09, 0
119.1, 0
119.11, 0
119.12, 0
119.13, 0
119.14, 0
119.15, 0
119.16, 0
119.17, 0
119.18, 0
119.19, 0
119.2, 0
119.21, 0
119.22, 0
119.23, 0
119.24, 0
119.25, 0
119.26, 0
119.27, 0
119.28, 0
119.29, 0
119.3, 0
119.31, 0
119.32, 0
119.33, 0
119.34, 0
119.35, 0
119.36, 0
119.37, 0
119.38, 0
119.39, 0
119.4, 0
119.41, 0
119.42, 0
119.43, 0
119.44, 0
119.45, 0
119.46, 0
119.47, 0
119.48, 0
119.49, 0
119.5, 0
119.51, 0
119.52, 0
119.53, 0
119.54, 0
119.55, 0
119.56, 0
119.57, 0
119.58, 0
119.59, 0
119.6, 0
119.61, 0
119.62, 0
119.63, 0
119.64, 0
119.65, 0
119.66, 0
119.67, 0
119.68, 0
119.69, 0
119.7, 0
119.71, 0
119.72, 0
119.73, 0
119.74, 0
119.75, 0
119.76, 0
119.77, 0
119.78, 0
119.79, 0
119.8, 0
119.81, 0
119.82, 0
119.83, 0
119.84, 0
119.85, 0
119.86, 0
119.87, 0
119.88, 0
119.89, 0
119.9, 0
119.91, 0
119.92, 0
119.93, 0
119.94, 0
119.95, 0
119.96, 0
119.97, 0
119.98, 0
119.99, 0
120, 0
120.01, 0
120.02, 0
120.03, 0
120.04, 0
120.05, 0
120.06, 0
120.07, 0
120.08, 0
120.09, 0
120.1, 0
120.11, 0
120.12, 0
120.13, 0
120.14, 0
120.15, 0
120.16, 0
120.17, 0
120.18, 0
120.19, 0
120.2, 0
120.21, 0
120.22, 0
120.23, 0
120.24, 0
120.25, 0
120.26, 0
120.27, 0
120.28, 0
120.29, 0
120.3, 0
120.31, 0
120.32, 0
120.33, 0
120.34, 0
120.35, 0
120.36, 0
120.37, 0
120.38, 0
120.39, 0
120.4, 0
120.41, 0
120.42, 0
120.43, 0
120.44, 0
120.45, 0
120.46, 0
120.47, 0
120.48, 0
120.49, 0
120.5, 0
120.51, 0
120.52, 0
120.53, 0
120.54, 0
120.55, 0
120.56, 0
120.57, 0
120.58, 0
120.59, 0
120.6, 0
120.61, 0
120.62, 0
120.63, 0
120.64, 0
120.65, 0
120.66, 0
120.67, 0
120.68, 0
120.69, 0
120.7, 0
120.71, 0
120.72, 0
120.73, 0
120.74, 0
120.75, 0
120.76, 0
120.77, 0
120.78, 0
120.79, 0
120.8, 0
120.81, 0
120.82, 0
120.83, 0
120.84, 0
120.85, 0
120.86, 0
120.87, 0
120.88, 0
120.89, 0
120.9, 0
120.91, 0
120.92, 0
120.93, 0
120.94, 0
120.95, 0
120.96, 0
120.97, 0
120.98, 0
120.99, 0
121, 0
121.01, 0
121.02, 0
121.03, 0
121.04, 0
121.05, 0
121.06, 0
121.07, 0
121.08, 0
121.09, 0
121.1, 0
121.11, 0
121.12, 0
121.13, 0
121.14, 0
121.15, 0
121.16, 0
121.17, 0
121.18, 0
121.19, 0
121.2, 0
121.21, 0
121.22, 0
121.23, 0
121.24, 0
121.25, 0
121.26, 0
121.27, 0
121.28, 0
121.29, 0
121.3, 0
121.31, 0
121.32, 0
121.33, 0
121.34, 0
121.35, 0
121.36, 0
121.37, 0
121.38, 0
121.39, 0
121.4, 0
121.41, 0
121.42, 0
121.43, 0
121.44, 0
121.45, 0
121.46, 0
121.47, 0
121.48, 0
121.49, 0
121.5, 0
121.51, 0
121.52, 0
121.53, 0
121.54, 0
121.55, 0
121.56, 0
121.57, 0
121.58, 0
121.59, 0
121.6, 0
121.61, 0
121.62, 0
121.63, 0
121.64, 0
121.65, 0
121.66, 0
121.67, 0
121.68, 0
121.69, 0
121.7, 0
121.71, 0
121.72, 0
121.73, 0
121.74, 0
121.75, 0
121.76, 0
121.77, 0
121.78, 0
121.79, 0
121.8, 0
121.81, 0
121.82, 0
121.83, 0
121.84, 0
121.85, 0
121.86, 0
121.87, 0
121.88, 0
121.89, 0
121.9, 0
121.91, 0
121.92, 0
121.93, 0
121.94, 0
121.95, 0
121.96, 0
121.97, 0
121.98, 0
121.99, 0
122, 0
122.01, 0
122.02, 0
122.03, 0
122.04, 0
122.05, 0
122.06, 0
122.07, 0
122.08, 0
122.09, 0
122.1, 0
122.11, 0
122.12, 0
122.13, 0
122.14, 0
122.15, 0
122.16, 0
122.17, 0
122.18, 0
122.19, 0
122.2, 0
122.21, 0
122.22, 0
122.23, 0
122.24, 0
122.25, 0
122.26, 0
122.27, 0
122.28, 0
122.29, 0
122.3, 0
122.31, 0
122.32, 0
122.33, 0
122.34, 0
122.35, 0
122.36, 0
122.37, 0
122.38, 0
122.39, 0
122.4, 0
122.41, 0
122.42, 0
122.43, 0
122.44, 0
122.45, 0
122.46, 0
122.47, 0
122.48, 0
122.49, 0
122.5, 0
122.51, 0
122.52, 0
122.53, 0
122.54, 0
122.55, 0
122.56, 0
122.57, 0
122.58, 0
122.59, 0
122.6, 0
122.61, 0
122.62, 0
122.63, 0
122.64, 0
122.65, 0
122.66, 0
122.67, 0
122.68, 0
122.69, 0
122.7, 0
122.71, 0
122.72, 0
122.73, 0
122.74, 0
122.75, 0
122.76, 0
122.77, 0
122.78, 0
122.79, 0
122.8, 0
122.81, 0
122.82, 0
122.83, 0
122.84, 0
122.85, 0
122.86, 0
122.87, 0
122.88, 0
122.89, 0
122.9, 0
122.91, 0
122.92, 0
122.93, 0
122.94, 0
122.95, 0
122.96, 0
122.97, 0
122.98, 0
122.99, 0
123, 0
123.01, 0
123.02, 0
123.03, 0
123.04, 0
123.05, 0
123.06, 0
123.07, 0
123.08, 0
123.09, 0
123.1, 0
123.11, 0
123.12, 0
123.13, 0
123.14, 0
123.15, 0
123.16, 0
123.17, 0
123.18, 0
123.19, 0
123.2, 0
123.21, 0
123.22, 0
123.23, 0
123.24, 0
123.25, 0
123.26, 0
123.27, 0
123.28, 0
123.29, 0
123.3, 0
123.31, 0
123.32, 0
123.33, 0
123.34, 0
123.35, 0
123.36, 0
123.37, 0
123.38, 0
123.39, 0
123.4, 0
123.41, 0
123.42, 0
123.43, 0
123.44, 0
123.45, 0
123.46, 0
123.47, 0
123.48, 0
123.49, 0
123.5, 0
123.51, 0
123.52, 0
123.53, 0
123.54, 0
123.55, 0
123.56, 0
123.57, 0
123.58, 0
123.59, 0
123.6, 0
123.61, 0
123.62, 0
123.63, 0
123.64, 0
123.65, 0
123.66, 0
123.67, 0
123.68, 0
123.69, 0
123.7, 0
123.71, 0
123.72, 0
123.73, 0
123.74, 0
123.75, 0
123.76, 0
123.77, 0
123.78, 0
123.79, 0
123.8, 0
123.81, 0
123.82, 0
123.83, 0
123.84, 0
123.85, 0
123.86, 0
123.87, 0
123.88, 0
123.89, 0
123.9, 0
123.91, 0
123.92, 0
123.93, 0
123.94, 0
123.95, 0
123.96, 0
123.97, 0
123.98, 0
123.99, 0
124, 0
124.01, 0
124.02, 0
124.03, 0
124.04, 0
124.05, 0
124.06, 0
124.07, 0
124.08, 0
124.09, 0
124.1, 0
124.11, 0
124.12, 0
124.13, 0
124.14, 0
124.15, 0
124.16, 0
124.17, 0
124.18, 0
124.19, 0
124.2, 0
124.21, 0
124.22, 0
124.23, 0
124.24, 0
124.25, 0
124.26, 0
124.27, 0
124.28, 0
124.29, 0
124.3, 0
124.31, 0
124.32, 0
124.33, 0
124.34, 0
124.35, 0
124.36, 0
124.37, 0
124.38, 0
124.39, 0
124.4, 0
124.41, 0
124.42, 0
124.43, 0
124.44, 0
124.45, 0
124.46, 0
124.47, 0
124.48, 0
124.49, 0
124.5, 0
124.51, 0
124.52, 0
124.53, 0
124.54, 0
124.55, 0
124.56, 0
124.57, 0
124.58, 0
124.59, 0
124.6, 0
124.61, 0
124.62, 0
124.63, 0
124.64, 0
124.65, 0
124.66, 0
124.67, 0
124.68, 0
124.69, 0
124.7, 0
124.71, 0
124.72, 0
124.73, 0
124.74, 0
124.75, 0
124.76, 0
124.77, 0
124.78, 0
124.79, 0
124.8, 0
124.81, 0
124.82, 0
124.83, 0
124.84, 0
124.85, 0
124.86, 0
124.87, 0
124.88, 0
124.89, 0
124.9, 0
124.91, 0
124.92, 0
124.93, 0
124.94, 0
124.95, 0
124.96, 0
124.97, 0
124.98, 0
124.99, 0
125, 0
125.01, 0
125.02, 0
125.03, 0
125.04, 0
125.05, 0
125.06, 0
125.07, 0
125.08, 0
125.09, 0
125.1, 0
125.11, 0
125.12, 0
125.13, 0
125.14, 0
125.15, 0
125.16, 0
125.17, 0
125.18, 0
125.19, 0
125.2, 0
125.21, 0
125.22, 0
125.23, 0
125.24, 0
125.25, 0
125.26, 0
125.27, 0
125.28, 0
125.29, 0
125.3, 0
125.31, 0
125.32, 0
125.33, 0
125.34, 0
125.35, 0
125.36, 0
125.37, 0
125.38, 0
125.39, 0
125.4, 0
125.41, 0
125.42, 0
125.43, 0
125.44, 0
125.45, 0
125.46, 0
125.47, 0
125.48, 0
125.49, 0
125.5, 0
125.51, 0
125.52, 0
125.53, 0
125.54, 0
125.55, 0
125.56, 0
125.57, 0
125.58, 0
125.59, 0
125.6, 0
125.61, 0
125.62, 0
125.63, 0
125.64, 0
125.65, 0
125.66, 0
125.67, 0
125.68, 0
125.69, 0
125.7, 0
125.71, 0
125.72, 0
125.73, 0
125.74, 0
125.75, 0
125.76, 0
125.77, 0
125.78, 0
125.79, 0
125.8, 0
125.81, 0
125.82, 0
125.83, 0
125.84, 0
125.85, 0
125.86, 0
125.87, 0
125.88, 0
125.89, 0
125.9, 0
125.91, 0
125.92, 0
125.93, 0
125.94, 0
125.95, 0
125.96, 0
125.97, 0
125.98, 0
125.99, 0
126, 0
126.01, 0
126.02, 0
126.03, 0
126.04, 0
126.05, 0
126.06, 0
126.07, 0
126.08, 0
126.09, 0
126.1, 0
126.11, 0
126.12, 0
126.13, 0
126.14, 0
126.15, 0
126.16, 0
126.17, 0
126.18, 0
126.19, 0
126.2, 0
126.21, 0
126.22, 0
126.23, 0
126.24, 0
126.25, 0
126.26, 0
126.27, 0
126.28, 0
126.29, 0
126.3, 0
126.31, 0
126.32, 0
126.33, 0
126.34, 0
126.35, 0
126.36, 0
126.37, 0
126.38, 0
126.39, 0
126.4, 0
126.41, 0
126.42, 0
126.43, 0
126.44, 0
126.45, 0
126.46, 0
126.47, 0
126.48, 0
126.49, 0
126.5, 0
126.51, 0
126.52, 0
126.53, 0
126.54, 0
126.55, 0
126.56, 0
126.57, 0
126.58, 0
126.59, 0
126.6, 0
126.61, 0
126.62, 0
126.63, 0
126.64, 0
126.65, 0
126.66, 0
126.67, 0
126.68, 0
126.69, 0
126.7, 0
126.71, 0
126.72, 0
126.73, 0
126.74, 0
126.75, 0
126.76, 0
126.77, 0
126.78, 0
126.79, 0
126.8, 0
126.81, 0
126.82, 0
126.83, 0
126.84, 0
126.85, 0
126.86, 0
126.87, 0
126.88, 0
126.89, 0
126.9, 0
126.91, 0
126.92, 0
126.93, 0
126.94, 0
126.95, 0
126.96, 0
126.97, 0
126.98, 0
126.99, 0
127, 0
127.01, 0
127.02, 0
127.03, 0
127.04, 0
127.05, 0
127.06, 0
127.07, 0
127.08, 0
127.09, 0
127.1, 0
127.11, 0
127.12, 0
127.13, 0
127.14, 0
127.15, 0
127.16, 0
127.17, 0
127.18, 0
127.19, 0
127.2, 0
127.21, 0
127.22, 0
127.23, 0
127.24, 0
127.25, 0
127.26, 0
127.27, 0
127.28, 0
127.29, 0
127.3, 0
127.31, 0
127.32, 0
127.33, 0
127.34, 0
127.35, 0
127.36, 0
127.37, 0
127.38, 0
127.39, 0
127.4, 0
127.41, 0
127.42, 0
127.43, 0
127.44, 0
127.45, 0
127.46, 0
127.47, 0
127.48, 0
127.49, 0
127.5, 0
127.51, 0
127.52, 0
127.53, 0
127.54, 0
127.55, 0
127.56, 0
127.57, 0
127.58, 0
127.59, 0
127.6, 0
127.61, 0
127.62, 0
127.63, 0
127.64, 0
127.65, 0
127.66, 0
127.67, 0
127.68, 0
127.69, 0
127.7, 0
127.71, 0
127.72, 0
127.73, 0
127.74, 0
127.75, 0
127.76, 0
127.77, 0
127.78, 0
127.79, 0
127.8, 0
127.81, 0
127.82, 0
127.83, 0
127.84, 0
127.85, 0
127.86, 0
127.87, 0
127.88, 0
127.89, 0
127.9, 0
127.91, 0
127.92, 0
127.93, 0
127.94, 0
127.95, 0
127.96, 0
127.97, 0
127.98, 0
127.99, 0
128, 0
128.01, 0
128.02, 0
128.03, 0
128.04, 0
128.05, 0
128.06, 0
128.07, 0
128.08, 0
128.09, 0
128.1, 0
128.11, 0
128.12, 0
128.13, 0
128.14, 0
128.15, 0
128.16, 0
128.17, 0
128.18, 0
128.19, 0
128.2, 0
128.21, 0
128.22, 0
128.23, 0
128.24, 0
128.25, 0
128.26, 0
128.27, 0
128.28, 0
128.29, 0
128.3, 0
128.31, 0
128.32, 0
128.33, 0
128.34, 0
128.35, 0
128.36, 0
128.37, 0
128.38, 0
128.39, 0
128.4, 0
128.41, 0
128.42, 0
128.43, 0
128.44, 0
128.45, 0
128.46, 0
128.47, 0
128.48, 0
128.49, 0
128.5, 0
128.51, 0
128.52, 0
128.53, 0
128.54, 0
128.55, 0
128.56, 0
128.57, 0
128.58, 0
128.59, 0
128.6, 0
128.61, 0
128.62, 0
128.63, 0
128.64, 0
128.65, 0
128.66, 0
128.67, 0
128.68, 0
128.69, 0
128.7, 0
128.71, 0
128.72, 0
128.73, 0
128.74, 0
128.75, 0
128.76, 0
128.77, 0
128.78, 0
128.79, 0
128.8, 0
128.81, 0
128.82, 0
128.83, 0
128.84, 0
128.85, 0
128.86, 0
128.87, 0
128.88, 0
128.89, 0
128.9, 0
128.91, 0
128.92, 0
128.93, 0
128.94, 0
128.95, 0
128.96, 0
128.97, 0
128.98, 0
128.99, 0
129, 0
129.01, 0
129.02, 0
129.03, 0
129.04, 0
129.05, 0
129.06, 0
129.07, 0
129.08, 0
129.09, 0
129.1, 0
129.11, 0
129.12, 0
129.13, 0
129.14, 0
129.15, 0
129.16, 0
129.17, 0
129.18, 0
129.19, 0
129.2, 0
129.21, 0
129.22, 0
129.23, 0
129.24, 0
129.25, 0
129.26, 0
129.27, 0
129.28, 0
129.29, 0
129.3, 0
129.31, 0
129.32, 0
129.33, 0
129.34, 0
129.35, 0
129.36, 0
129.37, 0
129.38, 0
129.39, 0
129.4, 0
129.41, 0
129.42, 0
129.43, 0
129.44, 0
129.45, 0
129.46, 0
129.47, 0
129.48, 0
129.49, 0
129.5, 0
129.51, 0
129.52, 0
129.53, 0
129.54, 0
129.55, 0
129.56, 0
129.57, 0
129.58, 0
129.59, 0
129.6, 0
129.61, 0
129.62, 0
129.63, 0
129.64, 0
129.65, 0
129.66, 0
129.67, 0
129.68, 0
129.69, 0
129.7, 0
129.71, 0
129.72, 0
129.73, 0
129.74, 0
129.75, 0
129.76, 0
129.77, 0
129.78, 0
129.79, 0
129.8, 0
129.81, 0
129.82, 0
129.83, 0
129.84, 0
129.85, 0
129.86, 0
129.87, 0
129.88, 0
129.89, 0
129.9, 0
129.91, 0
129.92, 0
129.93, 0
129.94, 0
129.95, 0
129.96, 0
129.97, 0
129.98, 0
129.99, 0
130, 0
130.01, 0
130.02, 0
130.03, 0
130.04, 0
130.05, 0
130.06, 0
130.07, 0
130.08, 0
130.09, 0
130.1, 0
130.11, 0
130.12, 0
130.13, 0
130.14, 0
130.15, 0
130.16, 0
130.17, 0
130.18, 0
130.19, 0
130.2, 0
130.21, 0
130.22, 0
130.23, 0
130.24, 0
130.25, 0
130.26, 0
130.27, 0
130.28, 0
130.29, 0
130.3, 0
130.31, 0
130.32, 0
130.33, 0
130.34, 0
130.35, 0
130.36, 0
130.37, 0
130.38, 0
130.39, 0
130.4, 0
130.41, 0
130.42, 0
130.43, 0
130.44, 0
130.45, 0
130.46, 0
130.47, 0
130.48, 0
130.49, 0
130.5, 0
130.51, 0
130.52, 0
130.53, 0
130.54, 0
130.55, 0
130.56, 0
130.57, 0
130.58, 0
130.59, 0
130.6, 0
130.61, 0
130.62, 0
130.63, 0
130.64, 0
130.65, 0
130.66, 0
130.67, 0
130.68, 0
130.69, 0
130.7, 0
130.71, 0
130.72, 0
130.73, 0
130.74, 0
130.75, 0
130.76, 0
130.77, 0
130.78, 0
130.79, 0
130.8, 0
130.81, 0
130.82, 0
130.83, 0
130.84, 0
130.85, 0
130.86, 0
130.87, 0
130.88, 0
130.89, 0
130.9, 0
130.91, 0
130.92, 0
130.93, 0
130.94, 0
130.95, 0
130.96, 0
130.97, 0
130.98, 0
130.99, 0
131, 0
131.01, 0
131.02, 0
131.03, 0
131.04, 0
131.05, 0
131.06, 0
131.07, 0
131.08, 0
131.09, 0
131.1, 0
131.11, 0
131.12, 0
131.13, 0
131.14, 0
131.15, 0
131.16, 0
131.17, 0
131.18, 0
131.19, 0
131.2, 0
131.21, 0
131.22, 0
131.23, 0
131.24, 0
131.25, 0
131.26, 0
131.27, 0
131.28, 0
131.29, 0
131.3, 0
131.31, 0
131.32, 0
131.33, 0
131.34, 0
131.35, 0
131.36, 0
131.37, 0
131.38, 0
131.39, 0
131.4, 0
131.41, 0
131.42, 0
131.43, 0
131.44, 0
131.45, 0
131.46, 0
131.47, 0
131.48, 0
131.49, 0
131.5, 0
131.51, 0
131.52, 0
131.53, 0
131.54, 0
131.55, 0
131.56, 0
131.57, 0
131.58, 0
131.59, 0
131.6, 0
131.61, 0
131.62, 0
131.63, 0
131.64, 0
131.65, 0
131.66, 0
131.67, 0
131.68, 0
131.69, 0
131.7, 0
131.71, 0
131.72, 0
131.73, 0
131.74, 0
131.75, 0
131.76, 0
131.77, 0
131.78, 0
131.79, 0
131.8, 0
131.81, 0
131.82, 0
131.83, 0
131.84, 0
131.85, 0
131.86, 0
131.87, 0
131.88, 0
131.89, 0
131.9, 0
131.91, 0
131.92, 0
131.93, 0
131.94, 0
131.95, 0
131.96, 0
131.97, 0
131.98, 0
131.99, 0
132, 0
132.01, 0
132.02, 0
132.03, 0
132.04, 0
132.05, 0
132.06, 0
132.07, 0
132.08, 0
132.09, 0
132.1, 0
132.11, 0
132.12, 0
132.13, 0
132.14, 0
132.15, 0
132.16, 0
132.17, 0
132.18, 0
132.19, 0
132.2, 0
132.21, 0
132.22, 0
132.23, 0
132.24, 0
132.25, 0
132.26, 0
132.27, 0
132.28, 0
132.29, 0
132.3, 0
132.31, 0
132.32, 0
132.33, 0
132.34, 0
132.35, 0
132.36, 0
132.37, 0
132.38, 0
132.39, 0
132.4, 0
132.41, 0
132.42, 0
132.43, 0
132.44, 0
132.45, 0
132.46, 0
132.47, 0
132.48, 0
132.49, 0
132.5, 0
132.51, 0
132.52, 0
132.53, 0
132.54, 0
132.55, 0
132.56, 0
132.57, 0
132.58, 0
132.59, 0
132.6, 0
132.61, 0
132.62, 0
132.63, 0
132.64, 0
132.65, 0
132.66, 0
132.67, 0
132.68, 0
132.69, 0
132.7, 0
132.71, 0
132.72, 0
132.73, 0
132.74, 0
132.75, 0
132.76, 0
132.77, 0
132.78, 0
132.79, 0
132.8, 0
132.81, 0
132.82, 0
132.83, 0
132.84, 0
132.85, 0
132.86, 0
132.87, 0
132.88, 0
132.89, 0
132.9, 0
132.91, 0
132.92, 0
132.93, 0
132.94, 0
132.95, 0
132.96, 0
132.97, 0
132.98, 0
132.99, 0
133, 0
133.01, 0
133.02, 0
133.03, 0
133.04, 0
133.05, 0
133.06, 0
133.07, 0
133.08, 0
133.09, 0
133.1, 0
133.11, 0
133.12, 0
133.13, 0
133.14, 0
133.15, 0
133.16, 0
133.17, 0
133.18, 0
133.19, 0
133.2, 0
133.21, 0
133.22, 0
133.23, 0
133.24, 0
133.25, 0
133.26, 0
133.27, 0
133.28, 0
133.29, 0
133.3, 0
133.31, 0
133.32, 0
133.33, 0
133.34, 0
133.35, 0
133.36, 0
133.37, 0
133.38, 0
133.39, 0
133.4, 0
133.41, 0
133.42, 0
133.43, 0
133.44, 0
133.45, 0
133.46, 0
133.47, 0
133.48, 0
133.49, 0
133.5, 0
133.51, 0
133.52, 0
133.53, 0
133.54, 0
133.55, 0
133.56, 0
133.57, 0
133.58, 0
133.59, 0
133.6, 0
133.61, 0
133.62, 0
133.63, 0
133.64, 0
133.65, 0
133.66, 0
133.67, 0
133.68, 0
133.69, 0
133.7, 0
133.71, 0
133.72, 0
133.73, 0
133.74, 0
133.75, 0
133.76, 0
133.77, 0
133.78, 0
133.79, 0
133.8, 0
133.81, 0
133.82, 0
133.83, 0
133.84, 0
133.85, 0
133.86, 0
133.87, 0
133.88, 0
133.89, 0
133.9, 0
133.91, 0
133.92, 0
133.93, 0
133.94, 0
133.95, 0
133.96, 0
133.97, 0
133.98, 0
133.99, 0
134, 0
134.01, 0
134.02, 0
134.03, 0
134.04, 0
134.05, 0
134.06, 0
134.07, 0
134.08, 0
134.09, 0
134.1, 0
134.11, 0
134.12, 0
134.13, 0
134.14, 0
134.15, 0
134.16, 0
134.17, 0
134.18, 0
134.19, 0
134.2, 0
134.21, 0
134.22, 0
134.23, 0
134.24, 0
134.25, 0
134.26, 0
134.27, 0
134.28, 0
134.29, 0
134.3, 0
134.31, 0
134.32, 0
134.33, 0
134.34, 0
134.35, 0
134.36, 0
134.37, 0
134.38, 0
134.39, 0
134.4, 0
134.41, 0
134.42, 0
134.43, 0
134.44, 0
134.45, 0
134.46, 0
134.47, 0
134.48, 0
134.49, 0
134.5, 0
134.51, 0
134.52, 0
134.53, 0
134.54, 0
134.55, 0
134.56, 0
134.57, 0
134.58, 0
134.59, 0
134.6, 0
134.61, 0
134.62, 0
134.63, 0
134.64, 0
134.65, 0
134.66, 0
134.67, 0
134.68, 0
134.69, 0
134.7, 0
134.71, 0
134.72, 0
134.73, 0
134.74, 0
134.75, 0
134.76, 0
134.77, 0
134.78, 0
134.79, 0
134.8, 0
134.81, 0
134.82, 0
134.83, 0
134.84, 0
134.85, 0
134.86, 0
134.87, 0
134.88, 0
134.89, 0
134.9, 0
134.91, 0
134.92, 0
134.93, 0
134.94, 0
134.95, 0
134.96, 0
134.97, 0
134.98, 0
134.99, 0
135, 0
135.01, 0
135.02, 0
135.03, 0
135.04, 0
135.05, 0
135.06, 0
135.07, 0
135.08, 0
135.09, 0
135.1, 0
135.11, 0
135.12, 0
135.13, 0
135.14, 0
135.15, 0
135.16, 0
135.17, 0
135.18, 0
135.19, 0
135.2, 0
135.21, 0
135.22, 0
135.23, 0
135.24, 0
135.25, 0
135.26, 0
135.27, 0
135.28, 0
135.29, 0
135.3, 0
135.31, 0
135.32, 0
135.33, 0
135.34, 0
135.35, 0
135.36, 0
135.37, 0
135.38, 0
135.39, 0
135.4, 0
135.41, 0
135.42, 0
135.43, 0
135.44, 0
135.45, 0
135.46, 0
135.47, 0
135.48, 0
135.49, 0
135.5, 0
135.51, 0
135.52, 0
135.53, 0
135.54, 0
135.55, 0
135.56, 0
135.57, 0
135.58, 0
135.59, 0
135.6, 0
135.61, 0
135.62, 0
135.63, 0
135.64, 0
135.65, 0
135.66, 0
135.67, 0
135.68, 0
135.69, 0
135.7, 0
135.71, 0
135.72, 0
135.73, 0
135.74, 0
135.75, 0
135.76, 0
135.77, 0
135.78, 0
135.79, 0
135.8, 0
135.81, 0
135.82, 0
135.83, 0
135.84, 0
135.85, 0
135.86, 0
135.87, 0
135.88, 0
135.89, 0
135.9, 0
135.91, 0
135.92, 0
135.93, 0
135.94, 0
135.95, 0
135.96, 0
135.97, 0
135.98, 0
135.99, 0
136, 0
136.01, 0
136.02, 0
136.03, 0
136.04, 0
136.05, 0
136.06, 0
136.07, 0
136.08, 0
136.09, 0
136.1, 0
136.11, 0
136.12, 0
136.13, 0
136.14, 0
136.15, 0
136.16, 0
136.17, 0
136.18, 0
136.19, 0
136.2, 0
136.21, 0
136.22, 0
136.23, 0
136.24, 0
136.25, 0
136.26, 0
136.27, 0
136.28, 0
136.29, 0
136.3, 0
136.31, 0
136.32, 0
136.33, 0
136.34, 0
136.35, 0
136.36, 0
136.37, 0
136.38, 0
136.39, 0
136.4, 0
136.41, 0
136.42, 0
136.43, 0
136.44, 0
136.45, 0
136.46, 0
136.47, 0
136.48, 0
136.49, 0
136.5, 0
136.51, 0
136.52, 0
136.53, 0
136.54, 0
136.55, 0
136.56, 0
136.57, 0
136.58, 0
136.59, 0
136.6, 0
136.61, 0
136.62, 0
136.63, 0
136.64, 0
136.65, 0
136.66, 0
136.67, 0
136.68, 0
136.69, 0
136.7, 0
136.71, 0
136.72, 0
136.73, 0
136.74, 0
136.75, 0
136.76, 0
136.77, 0
136.78, 0
136.79, 0
136.8, 0
136.81, 0
136.82, 0
136.83, 0
136.84, 0
136.85, 0
136.86, 0
136.87, 0
136.88, 0
136.89, 0
136.9, 0
136.91, 0
136.92, 0
136.93, 0
136.94, 0
136.95, 0
136.96, 0
136.97, 0
136.98, 0
136.99, 0
137, 0
137.01, 0
137.02, 0
137.03, 0
137.04, 0
137.05, 0
137.06, 0
137.07, 0
137.08, 0
137.09, 0
137.1, 0
137.11, 0
137.12, 0
137.13, 0
137.14, 0
137.15, 0
137.16, 0
137.17, 0
137.18, 0
137.19, 0
137.2, 0
137.21, 0
137.22, 0
137.23, 0
137.24, 0
137.25, 0
137.26, 0
137.27, 0
137.28, 0
137.29, 0
137.3, 0
137.31, 0
137.32, 0
137.33, 0
137.34, 0
137.35, 0
137.36, 0
137.37, 0
137.38, 0
137.39, 0
137.4, 0
137.41, 0
137.42, 0
137.43, 0
137.44, 0
137.45, 0
137.46, 0
137.47, 0
137.48, 0
137.49, 0
137.5, 0
137.51, 0
137.52, 0
137.53, 0
137.54, 0
137.55, 0
137.56, 0
137.57, 0
137.58, 0
137.59, 0
137.6, 0
137.61, 0
137.62, 0
137.63, 0
137.64, 0
137.65, 0
137.66, 0
137.67, 0
137.68, 0
137.69, 0
137.7, 0
137.71, 0
137.72, 0
137.73, 0
137.74, 0
137.75, 0
137.76, 0
137.77, 0
137.78, 0
137.79, 0
137.8, 0
137.81, 0
137.82, 0
137.83, 0
137.84, 0
137.85, 0
137.86, 0
137.87, 0
137.88, 0
137.89, 0
137.9, 0
137.91, 0
137.92, 0
137.93, 0
137.94, 0
137.95, 0
137.96, 0
137.97, 0
137.98, 0
137.99, 0
138, 0
138.01, 0
138.02, 0
138.03, 0
138.04, 0
138.05, 0
138.06, 0
138.07, 0
138.08, 0
138.09, 0
138.1, 0
138.11, 0
138.12, 0
138.13, 0
138.14, 0
138.15, 0
138.16, 0
138.17, 0
138.18, 0
138.19, 0
138.2, 0
138.21, 0
138.22, 0
138.23, 0
138.24, 0
138.25, 0
138.26, 0
138.27, 0
138.28, 0
138.29, 0
138.3, 0
138.31, 0
138.32, 0
138.33, 0
138.34, 0
138.35, 0
138.36, 0
138.37, 0
138.38, 0
138.39, 0
138.4, 0
138.41, 0
138.42, 0
138.43, 0
138.44, 0
138.45, 0
138.46, 0
138.47, 0
138.48, 0
138.49, 0
138.5, 0
138.51, 0
138.52, 0
138.53, 0
138.54, 0
138.55, 0
138.56, 0
138.57, 0
138.58, 0
138.59, 0
138.6, 0
138.61, 0
138.62, 0
138.63, 0
138.64, 0
138.65, 0
138.66, 0
138.67, 0
138.68, 0
138.69, 0
138.7, 0
138.71, 0
138.72, 0
138.73, 0
138.74, 0
138.75, 0
138.76, 0
138.77, 0
138.78, 0
138.79, 0
138.8, 0
138.81, 0
138.82, 0
138.83, 0
138.84, 0
138.85, 0
138.86, 0
138.87, 0
138.88, 0
138.89, 0
138.9, 0
138.91, 0
138.92, 0
138.93, 0
138.94, 0
138.95, 0
138.96, 0
138.97, 0
138.98, 0
138.99, 0
139, 0
139.01, 0
139.02, 0
139.03, 0
139.04, 0
139.05, 0
139.06, 0
139.07, 0
139.08, 0
139.09, 0
139.1, 0
139.11, 0
139.12, 0
139.13, 0
139.14, 0
139.15, 0
139.16, 0
139.17, 0
139.18, 0
139.19, 0
139.2, 0
139.21, 0
139.22, 0
139.23, 0
139.24, 0
139.25, 0
139.26, 0
139.27, 0
139.28, 0
139.29, 0
139.3, 0
139.31, 0
139.32, 0
139.33, 0
139.34, 0
139.35, 0
139.36, 0
139.37, 0
139.38, 0
139.39, 0
139.4, 0
139.41, 0
139.42, 0
139.43, 0
139.44, 0
139.45, 0
139.46, 0
139.47, 0
139.48, 0
139.49, 0
139.5, 0
139.51, 0
139.52, 0
139.53, 0
139.54, 0
139.55, 0
139.56, 0
139.57, 0
139.58, 0
139.59, 0
139.6, 0
139.61, 0
139.62, 0
139.63, 0
139.64, 0
139.65, 0
139.66, 0
139.67, 0
139.68, 0
139.69, 0
139.7, 0
139.71, 0
139.72, 0
139.73, 0
139.74, 0
139.75, 0
139.76, 0
139.77, 0
139.78, 0
139.79, 0
139.8, 0
139.81, 0
139.82, 0
139.83, 0
139.84, 0
139.85, 0
139.86, 0
139.87, 0
139.88, 0
139.89, 0
139.9, 0
139.91, 0
139.92, 0
139.93, 0
139.94, 0
139.95, 0
139.96, 0
139.97, 0
139.98, 0
139.99, 0
140, 0
140.01, 0
140.02, 0
140.03, 0
140.04, 0
140.05, 0
140.06, 0
140.07, 0
140.08, 0
140.09, 0
140.1, 0
140.11, 0
140.12, 0
140.13, 0
140.14, 0
140.15, 0
140.16, 0
140.17, 0
140.18, 0
140.19, 0
140.2, 0
140.21, 0
140.22, 0
140.23, 0
140.24, 0
140.25, 0
140.26, 0
140.27, 0
140.28, 0
140.29, 0
140.3, 0
140.31, 0
140.32, 0
140.33, 0
140.34, 0
140.35, 0
140.36, 0
140.37, 0
140.38, 0
140.39, 0
140.4, 0
140.41, 0
140.42, 0
140.43, 0
140.44, 0
140.45, 0
140.46, 0
140.47, 0
140.48, 0
140.49, 0
140.5, 0
140.51, 0
140.52, 0
140.53, 0
140.54, 0
140.55, 0
140.56, 0
140.57, 0
140.58, 0
140.59, 0
140.6, 0
140.61, 0
140.62, 0
140.63, 0
140.64, 0
140.65, 0
140.66, 0
140.67, 0
140.68, 0
140.69, 0
140.7, 0
140.71, 0
140.72, 0
140.73, 0
140.74, 0
140.75, 0
140.76, 0
140.77, 0
140.78, 0
140.79, 0
140.8, 0
140.81, 0
140.82, 0
140.83, 0
140.84, 0
140.85, 0
140.86, 0
140.87, 0
140.88, 0
140.89, 0
140.9, 0
140.91, 0
140.92, 0
140.93, 0
140.94, 0
140.95, 0
140.96, 0
140.97, 0
140.98, 0
140.99, 0
141, 0
141.01, 0
141.02, 0
141.03, 0
141.04, 0
141.05, 0
141.06, 0
141.07, 0
141.08, 0
141.09, 0
141.1, 0
141.11, 0
141.12, 0
141.13, 0
141.14, 0
141.15, 0
141.16, 0
141.17, 0
141.18, 0
141.19, 0
141.2, 0
141.21, 0
141.22, 0
141.23, 0
141.24, 0
141.25, 0
141.26, 0
141.27, 0
141.28, 0
141.29, 0
141.3, 0
141.31, 0
141.32, 0
141.33, 0
141.34, 0
141.35, 0
141.36, 0
141.37, 0
141.38, 0
141.39, 0
141.4, 0
141.41, 0
141.42, 0
141.43, 0
141.44, 0
141.45, 0
141.46, 0
141.47, 0
141.48, 0
141.49, 0
141.5, 0
141.51, 0
141.52, 0
141.53, 0
141.54, 0
141.55, 0
141.56, 0
141.57, 0
141.58, 0
141.59, 0
141.6, 0
141.61, 0
141.62, 0
141.63, 0
141.64, 0
141.65, 0
141.66, 0
141.67, 0
141.68, 0
141.69, 0
141.7, 0
141.71, 0
141.72, 0
141.73, 0
141.74, 0
141.75, 0
141.76, 0
141.77, 0
141.78, 0
141.79, 0
141.8, 0
141.81, 0
141.82, 0
141.83, 0
141.84, 0
141.85, 0
141.86, 0
141.87, 0
141.88, 0
141.89, 0
141.9, 0
141.91, 0
141.92, 0
141.93, 0
141.94, 0
141.95, 0
141.96, 0
141.97, 0
141.98, 0
141.99, 0
142, 0
142.01, 0
142.02, 0
142.03, 0
142.04, 0
142.05, 0
142.06, 0
142.07, 0
142.08, 0
142.09, 0
142.1, 0
142.11, 0
142.12, 0
142.13, 0
142.14, 0
142.15, 0
142.16, 0
142.17, 0
142.18, 0
142.19, 0
142.2, 0
142.21, 0
142.22, 0
142.23, 0
142.24, 0
142.25, 0
142.26, 0
142.27, 0
142.28, 0
142.29, 0
142.3, 0
142.31, 0
142.32, 0
142.33, 0
142.34, 0
142.35, 0
142.36, 0
142.37, 0
142.38, 0
142.39, 0
142.4, 0
142.41, 0
142.42, 0
142.43, 0
142.44, 0
142.45, 0
142.46, 0
142.47, 0
142.48, 0
142.49, 0
142.5, 0
142.51, 0
142.52, 0
142.53, 0
142.54, 0
142.55, 0
142.56, 0
142.57, 0
142.58, 0
142.59, 0
142.6, 0
142.61, 0
142.62, 0
142.63, 0
142.64, 0
142.65, 0
142.66, 0
142.67, 0
142.68, 0
142.69, 0
142.7, 0
142.71, 0
142.72, 0
142.73, 0
142.74, 0
142.75, 0
142.76, 0
142.77, 0
142.78, 0
142.79, 0
142.8, 0
142.81, 0
142.82, 0
142.83, 0
142.84, 0
142.85, 0
142.86, 0
142.87, 0
142.88, 0
142.89, 0
142.9, 0
142.91, 0
142.92, 0
142.93, 0
142.94, 0
142.95, 0
142.96, 0
142.97, 0
142.98, 0
142.99, 0
143, 0
143.01, 0
143.02, 0
143.03, 0
143.04, 0
143.05, 0
143.06, 0
143.07, 0
143.08, 0
143.09, 0
143.1, 0
143.11, 0
143.12, 0
143.13, 0
143.14, 0
143.15, 0
143.16, 0
143.17, 0
143.18, 0
143.19, 0
143.2, 0
143.21, 0
143.22, 0
143.23, 0
143.24, 0
143.25, 0
143.26, 0
143.27, 0
143.28, 0
143.29, 0
143.3, 0
143.31, 0
143.32, 0
143.33, 0
143.34, 0
143.35, 0
143.36, 0
143.37, 0
143.38, 0
143.39, 0
143.4, 0
143.41, 0
143.42, 0
143.43, 0
143.44, 0
143.45, 0
143.46, 0
143.47, 0
143.48, 0
143.49, 0
143.5, 0
143.51, 0
143.52, 0
143.53, 0
143.54, 0
143.55, 0
143.56, 0
143.57, 0
143.58, 0
143.59, 0
143.6, 0
143.61, 0
143.62, 0
143.63, 0
143.64, 0
143.65, 0
143.66, 0
143.67, 0
143.68, 0
143.69, 0
143.7, 0
143.71, 0
143.72, 0
143.73, 0
143.74, 0
143.75, 0
143.76, 0
143.77, 0
143.78, 0
143.79, 0
143.8, 0
143.81, 0
143.82, 0
143.83, 0
143.84, 0
143.85, 0
143.86, 0
143.87, 0
143.88, 0
143.89, 0
143.9, 0
143.91, 0
143.92, 0
143.93, 0
143.94, 0
143.95, 0
143.96, 0
143.97, 0
143.98, 0
143.99, 0
144, 0
144.01, 0
144.02, 0
144.03, 0
144.04, 0
144.05, 0
144.06, 0
144.07, 0
144.08, 0
144.09, 0
144.1, 0
144.11, 0
144.12, 0
144.13, 0
144.14, 0
144.15, 0
144.16, 0
144.17, 0
144.18, 0
144.19, 0
144.2, 0
144.21, 0
144.22, 0
144.23, 0
144.24, 0
144.25, 0
144.26, 0
144.27, 0
144.28, 0
144.29, 0
144.3, 0
144.31, 0
144.32, 0
144.33, 0
144.34, 0
144.35, 0
144.36, 0
144.37, 0
144.38, 0
144.39, 0
144.4, 0
144.41, 0
144.42, 0
144.43, 0
144.44, 0
144.45, 0
144.46, 0
144.47, 0
144.48, 0
144.49, 0
144.5, 0
144.51, 0
144.52, 0
144.53, 0
144.54, 0
144.55, 0
144.56, 0
144.57, 0
144.58, 0
144.59, 0
144.6, 0
144.61, 0
144.62, 0
144.63, 0
144.64, 0
144.65, 0
144.66, 0
144.67, 0
144.68, 0
144.69, 0
144.7, 0
144.71, 0
144.72, 0
144.73, 0
144.74, 0
144.75, 0
144.76, 0
144.77, 0
144.78, 0
144.79, 0
144.8, 0
144.81, 0
144.82, 0
144.83, 0
144.84, 0
144.85, 0
144.86, 0
144.87, 0
144.88, 0
144.89, 0
144.9, 0
144.91, 0
144.92, 0
144.93, 0
144.94, 0
144.95, 0
144.96, 0
144.97, 0
144.98, 0
144.99, 0
145, 0
145.01, 0
145.02, 0
145.03, 0
145.04, 0
145.05, 0
145.06, 0
145.07, 0
145.08, 0
145.09, 0
145.1, 0
145.11, 0
145.12, 0
145.13, 0
145.14, 0
145.15, 0
145.16, 0
145.17, 0
145.18, 0
145.19, 0
145.2, 0
145.21, 0
145.22, 0
145.23, 0
145.24, 0
145.25, 0
145.26, 0
145.27, 0
145.28, 0
145.29, 0
145.3, 0
145.31, 0
145.32, 0
145.33, 0
145.34, 0
145.35, 0
145.36, 0
145.37, 0
145.38, 0
145.39, 0
145.4, 0
145.41, 0
145.42, 0
145.43, 0
145.44, 0
145.45, 0
145.46, 0
145.47, 0
145.48, 0
145.49, 0
145.5, 0
145.51, 0
145.52, 0
145.53, 0
145.54, 0
145.55, 0
145.56, 0
145.57, 0
145.58, 0
145.59, 0
145.6, 0
145.61, 0
145.62, 0
145.63, 0
145.64, 0
145.65, 0
145.66, 0
145.67, 0
145.68, 0
145.69, 0
145.7, 0
145.71, 0
145.72, 0
145.73, 0
145.74, 0
145.75, 0
145.76, 0
145.77, 0
145.78, 0
145.79, 0
145.8, 0
145.81, 0
145.82, 0
145.83, 0
145.84, 0
145.85, 0
145.86, 0
145.87, 0
145.88, 0
145.89, 0
145.9, 0
145.91, 0
145.92, 0
145.93, 0
145.94, 0
145.95, 0
145.96, 0
145.97, 0
145.98, 0
145.99, 0
146, 0
146.01, 0
146.02, 0
146.03, 0
146.04, 0
146.05, 0
146.06, 0
146.07, 0
146.08, 0
146.09, 0
146.1, 0
146.11, 0
146.12, 0
146.13, 0
146.14, 0
146.15, 0
146.16, 0
146.17, 0
146.18, 0
146.19, 0
146.2, 0
146.21, 0
146.22, 0
146.23, 0
146.24, 0
146.25, 0
146.26, 0
146.27, 0
146.28, 0
146.29, 0
146.3, 0
146.31, 0
146.32, 0
146.33, 0
146.34, 0
146.35, 0
146.36, 0
146.37, 0
146.38, 0
146.39, 0
146.4, 0
146.41, 0
146.42, 0
146.43, 0
146.44, 0
146.45, 0
146.46, 0
146.47, 0
146.48, 0
146.49, 0
146.5, 0
146.51, 0
146.52, 0
146.53, 0
146.54, 0
146.55, 0
146.56, 0
146.57, 0
146.58, 0
146.59, 0
146.6, 0
146.61, 0
146.62, 0
146.63, 0
146.64, 0
146.65, 0
146.66, 0
146.67, 0
146.68, 0
146.69, 0
146.7, 0
146.71, 0
146.72, 0
146.73, 0
146.74, 0
146.75, 0
146.76, 0
146.77, 0
146.78, 0
146.79, 0
146.8, 0
146.81, 0
146.82, 0
146.83, 0
146.84, 0
146.85, 0
146.86, 0
146.87, 0
146.88, 0
146.89, 0
146.9, 0
146.91, 0
146.92, 0
146.93, 0
146.94, 0
146.95, 0
146.96, 0
146.97, 0
146.98, 0
146.99, 0
147, 0
147.01, 0
147.02, 0
147.03, 0
147.04, 0
147.05, 0
147.06, 0
147.07, 0
147.08, 0
147.09, 0
147.1, 0
147.11, 0
147.12, 0
147.13, 0
147.14, 0
147.15, 0
147.16, 0
147.17, 0
147.18, 0
147.19, 0
147.2, 0
147.21, 0
147.22, 0
147.23, 0
147.24, 0
147.25, 0
147.26, 0
147.27, 0
147.28, 0
147.29, 0
147.3, 0
147.31, 0
147.32, 0
147.33, 0
147.34, 0
147.35, 0
147.36, 0
147.37, 0
147.38, 0
147.39, 0
147.4, 0
147.41, 0
147.42, 0
147.43, 0
147.44, 0
147.45, 0
147.46, 0
147.47, 0
147.48, 0
147.49, 0
147.5, 0
147.51, 0
147.52, 0
147.53, 0
147.54, 0
147.55, 0
147.56, 0
147.57, 0
147.58, 0
147.59, 0
147.6, 0
147.61, 0
147.62, 0
147.63, 0
147.64, 0
147.65, 0
147.66, 0
147.67, 0
147.68, 0
147.69, 0
147.7, 0
147.71, 0
147.72, 0
147.73, 0
147.74, 0
147.75, 0
147.76, 0
147.77, 0
147.78, 0
147.79, 0
147.8, 0
147.81, 0
147.82, 0
147.83, 0
147.84, 0
147.85, 0
147.86, 0
147.87, 0
147.88, 0
147.89, 0
147.9, 0
147.91, 0
147.92, 0
147.93, 0
147.94, 0
147.95, 0
147.96, 0
147.97, 0
147.98, 0
147.99, 0
148, 0
148.01, 0
148.02, 0
148.03, 0
148.04, 0
148.05, 0
148.06, 0
148.07, 0
148.08, 0
148.09, 0
148.1, 0
148.11, 0
148.12, 0
148.13, 0
148.14, 0
148.15, 0
148.16, 0
148.17, 0
148.18, 0
148.19, 0
148.2, 0
148.21, 0
148.22, 0
148.23, 0
148.24, 0
148.25, 0
148.26, 0
148.27, 0
148.28, 0
148.29, 0
148.3, 0
148.31, 0
148.32, 0
148.33, 0
148.34, 0
148.35, 0
148.36, 0
148.37, 0
148.38, 0
148.39, 0
148.4, 0
148.41, 0
148.42, 0
148.43, 0
148.44, 0
148.45, 0
148.46, 0
148.47, 0
148.48, 0
148.49, 0
148.5, 0
148.51, 0
148.52, 0
148.53, 0
148.54, 0
148.55, 0
148.56, 0
148.57, 0
148.58, 0
148.59, 0
148.6, 0
148.61, 0
148.62, 0
148.63, 0
148.64, 0
148.65, 0
148.66, 0
148.67, 0
148.68, 0
148.69, 0
148.7, 0
148.71, 0
148.72, 0
148.73, 0
148.74, 0
148.75, 0
148.76, 0
148.77, 0
148.78, 0
148.79, 0
148.8, 0
148.81, 0
148.82, 0
148.83, 0
148.84, 0
148.85, 0
148.86, 0
148.87, 0
148.88, 0
148.89, 0
148.9, 0
148.91, 0
148.92, 0
148.93, 0
148.94, 0
148.95, 0
148.96, 0
148.97, 0
148.98, 0
148.99, 0
149, 0
149.01, 0
149.02, 0
149.03, 0
149.04, 0
149.05, 0
149.06, 0
149.07, 0
149.08, 0
149.09, 0
149.1, 0
149.11, 0
149.12, 0
149.13, 0
149.14, 0
149.15, 0
149.16, 0
149.17, 0
149.18, 0
149.19, 0
149.2, 0
149.21, 0
149.22, 0
149.23, 0
149.24, 0
149.25, 0
149.26, 0
149.27, 0
149.28, 0
149.29, 0
149.3, 0
149.31, 0
149.32, 0
149.33, 0
149.34, 0
149.35, 0
149.36, 0
149.37, 0
149.38, 0
149.39, 0
149.4, 0
149.41, 0
149.42, 0
149.43, 0
149.44, 0
149.45, 0
149.46, 0
149.47, 0
149.48, 0
149.49, 0
149.5, 0
149.51, 0
149.52, 0
149.53, 0
149.54, 0
149.55, 0
149.56, 0
149.57, 0
149.58, 0
149.59, 0
149.6, 0
149.61, 0
149.62, 0
149.63, 0
149.64, 0
149.65, 0
149.66, 0
149.67, 0
149.68, 0
149.69, 0
149.7, 0
149.71, 0
149.72, 0
149.73, 0
149.74, 0
149.75, 0
149.76, 0
149.77, 0
149.78, 0
149.79, 0
149.8, 0
149.81, 0
149.82, 0
149.83, 0
149.84, 0
149.85, 0
149.86, 0
149.87, 0
149.88, 0
149.89, 0
149.9, 0
149.91, 0
149.92, 0
149.93, 0
149.94, 0
149.95, 0
149.96, 0
149.97, 0
149.98, 0
149.99, 0
150, 0
150.01, 0
150.02, 0
150.03, 0
150.04, 0
150.05, 0
150.06, 0
150.07, 0
150.08, 0
150.09, 0
150.1, 0
150.11, 0
150.12, 0
150.13, 0
150.14, 0
150.15, 0
150.16, 0
150.17, 0
150.18, 0
150.19, 0
150.2, 0
150.21, 0
150.22, 0
150.23, 0
150.24, 0
150.25, 0
150.26, 0
150.27, 0
150.28, 0
150.29, 0
150.3, 0
150.31, 0
150.32, 0
150.33, 0
150.34, 0
150.35, 0
150.36, 0
150.37, 0
150.38, 0
150.39, 0
150.4, 0
150.41, 0
150.42, 0
150.43, 0
150.44, 0
150.45, 0
150.46, 0
150.47, 0
150.48, 0
150.49, 0
150.5, 0
150.51, 0
150.52, 0
150.53, 0
150.54, 0
150.55, 0
150.56, 0
150.57, 0
150.58, 0
150.59, 0
150.6, 0
150.61, 0
150.62, 0
150.63, 0
150.64, 0
150.65, 0
150.66, 0
150.67, 0
150.68, 0
150.69, 0
150.7, 0
150.71, 0
150.72, 0
150.73, 0
150.74, 0
150.75, 0
150.76, 0
150.77, 0
150.78, 0
150.79, 0
150.8, 0
150.81, 0
150.82, 0
150.83, 0
150.84, 0
150.85, 0
150.86, 0
150.87, 0
150.88, 0
150.89, 0
150.9, 0
150.91, 0
150.92, 0
150.93, 0
150.94, 0
150.95, 0
150.96, 0
150.97, 0
150.98, 0
150.99, 0
151, 0
151.01, 0
151.02, 0
151.03, 0
151.04, 0
151.05, 0
151.06, 0
151.07, 0
151.08, 0
151.09, 0
151.1, 0
151.11, 0
151.12, 0
151.13, 0
151.14, 0
151.15, 0
151.16, 0
151.17, 0
151.18, 0
151.19, 0
151.2, 0
151.21, 0
151.22, 0
151.23, 0
151.24, 0
151.25, 0
151.26, 0
151.27, 0
151.28, 0
151.29, 0
151.3, 0
151.31, 0
151.32, 0
151.33, 0
151.34, 0
151.35, 0
151.36, 0
151.37, 0
151.38, 0
151.39, 0
151.4, 0
151.41, 0
151.42, 0
151.43, 0
151.44, 0
151.45, 0
151.46, 0
151.47, 0
151.48, 0
151.49, 0
151.5, 0
151.51, 0
151.52, 0
151.53, 0
151.54, 0
151.55, 0
151.56, 0
151.57, 0
151.58, 0
151.59, 0
151.6, 0
151.61, 0
151.62, 0
151.63, 0
151.64, 0
151.65, 0
151.66, 0
151.67, 0
151.68, 0
151.69, 0
151.7, 0
151.71, 0
151.72, 0
151.73, 0
151.74, 0
151.75, 0
151.76, 0
151.77, 0
151.78, 0
151.79, 0
151.8, 0
151.81, 0
151.82, 0
151.83, 0
151.84, 0
151.85, 0
151.86, 0
151.87, 0
151.88, 0
151.89, 0
151.9, 0
151.91, 0
151.92, 0
151.93, 0
151.94, 0
151.95, 0
151.96, 0
151.97, 0
151.98, 0
151.99, 0
152, 0
152.01, 0
152.02, 0
152.03, 0
152.04, 0
152.05, 0
152.06, 0
152.07, 0
152.08, 0
152.09, 0
152.1, 0
152.11, 0
152.12, 0
152.13, 0
152.14, 0
152.15, 0
152.16, 0
152.17, 0
152.18, 0
152.19, 0
152.2, 0
152.21, 0
152.22, 0
152.23, 0
152.24, 0
152.25, 0
152.26, 0
152.27, 0
152.28, 0
152.29, 0
152.3, 0
152.31, 0
152.32, 0
152.33, 0
152.34, 0
152.35, 0
152.36, 0
152.37, 0
152.38, 0
152.39, 0
152.4, 0
152.41, 0
152.42, 0
152.43, 0
152.44, 0
152.45, 0
152.46, 0
152.47, 0
152.48, 0
152.49, 0
152.5, 0
152.51, 0
152.52, 0
152.53, 0
152.54, 0
152.55, 0
152.56, 0
152.57, 0
152.58, 0
152.59, 0
152.6, 0
152.61, 0
152.62, 0
152.63, 0
152.64, 0
152.65, 0
152.66, 0
152.67, 0
152.68, 0
152.69, 0
152.7, 0
152.71, 0
152.72, 0
152.73, 0
152.74, 0
152.75, 0
152.76, 0
152.77, 0
152.78, 0
152.79, 0
152.8, 0
152.81, 0
152.82, 0
152.83, 0
152.84, 0
152.85, 0
152.86, 0
152.87, 0
152.88, 0
152.89, 0
152.9, 0
152.91, 0
152.92, 0
152.93, 0
152.94, 0
152.95, 0
152.96, 0
152.97, 0
152.98, 0
152.99, 0
153, 0
153.01, 0
153.02, 0
153.03, 0
153.04, 0
153.05, 0
153.06, 0
153.07, 0
153.08, 0
153.09, 0
153.1, 0
153.11, 0
153.12, 0
153.13, 0
153.14, 0
153.15, 0
153.16, 0
153.17, 0
153.18, 0
153.19, 0
153.2, 0
153.21, 0
153.22, 0
153.23, 0
153.24, 0
153.25, 0
153.26, 0
153.27, 0
153.28, 0
153.29, 0
153.3, 0
153.31, 0
153.32, 0
153.33, 0
153.34, 0
153.35, 0
153.36, 0
153.37, 0
153.38, 0
153.39, 0
153.4, 0
153.41, 0
153.42, 0
153.43, 0
153.44, 0
153.45, 0
153.46, 0
153.47, 0
153.48, 0
153.49, 0
153.5, 0
153.51, 0
153.52, 0
153.53, 0
153.54, 0
153.55, 0
153.56, 0
153.57, 0
153.58, 0
153.59, 0
153.6, 0
153.61, 0
153.62, 0
153.63, 0
153.64, 0
153.65, 0
153.66, 0
153.67, 0
153.68, 0
153.69, 0
153.7, 0
153.71, 0
153.72, 0
153.73, 0
153.74, 0
153.75, 0
153.76, 0
153.77, 0
153.78, 0
153.79, 0
153.8, 0
153.81, 0
153.82, 0
153.83, 0
153.84, 0
153.85, 0
153.86, 0
153.87, 0
153.88, 0
153.89, 0
153.9, 0
153.91, 0
153.92, 0
153.93, 0
153.94, 0
153.95, 0
153.96, 0
153.97, 0
153.98, 0
153.99, 0
154, 0
154.01, 0
154.02, 0
154.03, 0
154.04, 0
154.05, 0
154.06, 0
154.07, 0
154.08, 0
154.09, 0
154.1, 0
154.11, 0
154.12, 0
154.13, 0
154.14, 0
154.15, 0
154.16, 0
154.17, 0
154.18, 0
154.19, 0
154.2, 0
154.21, 0
154.22, 0
154.23, 0
154.24, 0
154.25, 0
154.26, 0
154.27, 0
154.28, 0
154.29, 0
154.3, 0
154.31, 0
154.32, 0
154.33, 0
154.34, 0
154.35, 0
154.36, 0
154.37, 0
154.38, 0
154.39, 0
154.4, 0
154.41, 0
154.42, 0
154.43, 0
154.44, 0
154.45, 0
154.46, 0
154.47, 0
154.48, 0
154.49, 0
154.5, 0
154.51, 0
154.52, 0
154.53, 0
154.54, 0
154.55, 0
154.56, 0
154.57, 0
154.58, 0
154.59, 0
154.6, 0
154.61, 0
154.62, 0
154.63, 0
154.64, 0
154.65, 0
154.66, 0
154.67, 0
154.68, 0
154.69, 0
154.7, 0
154.71, 0
154.72, 0
154.73, 0
154.74, 0
154.75, 0
154.76, 0
154.77, 0
154.78, 0
154.79, 0
154.8, 0
154.81, 0
154.82, 0
154.83, 0
154.84, 0
154.85, 0
154.86, 0
154.87, 0
154.88, 0
154.89, 0
154.9, 0
154.91, 0
154.92, 0
154.93, 0
154.94, 0
154.95, 0
154.96, 0
154.97, 0
154.98, 0
154.99, 0
155, 0
155.01, 0
155.02, 0
155.03, 0
155.04, 0
155.05, 0
155.06, 0
155.07, 0
155.08, 0
155.09, 0
155.1, 0
155.11, 0
155.12, 0
155.13, 0
155.14, 0
155.15, 0
155.16, 0
155.17, 0
155.18, 0
155.19, 0
155.2, 0
155.21, 0
155.22, 0
155.23, 0
155.24, 0
155.25, 0
155.26, 0
155.27, 0
155.28, 0
155.29, 0
155.3, 0
155.31, 0
155.32, 0
155.33, 0
155.34, 0
155.35, 0
155.36, 0
155.37, 0
155.38, 0
155.39, 0
155.4, 0
155.41, 0
155.42, 0
155.43, 0
155.44, 0
155.45, 0
155.46, 0
155.47, 0
155.48, 0
155.49, 0
155.5, 0
155.51, 0
155.52, 0
155.53, 0
155.54, 0
155.55, 0
155.56, 0
155.57, 0
155.58, 0
155.59, 0
155.6, 0
155.61, 0
155.62, 0
155.63, 0
155.64, 0
155.65, 0
155.66, 0
155.67, 0
155.68, 0
155.69, 0
155.7, 0
155.71, 0
155.72, 0
155.73, 0
155.74, 0
155.75, 0
155.76, 0
155.77, 0
155.78, 0
155.79, 0
155.8, 0
155.81, 0
155.82, 0
155.83, 0
155.84, 0
155.85, 0
155.86, 0
155.87, 0
155.88, 0
155.89, 0
155.9, 0
155.91, 0
155.92, 0
155.93, 0
155.94, 0
155.95, 0
155.96, 0
155.97, 0
155.98, 0
155.99, 0
156, 0
156.01, 0
156.02, 0
156.03, 0
156.04, 0
156.05, 0
156.06, 0
156.07, 0
156.08, 0
156.09, 0
156.1, 0
156.11, 0
156.12, 0
156.13, 0
156.14, 0
156.15, 0
156.16, 0
156.17, 0
156.18, 0
156.19, 0
156.2, 0
156.21, 0
156.22, 0
156.23, 0
156.24, 0
156.25, 0
156.26, 0
156.27, 0
156.28, 0
156.29, 0
156.3, 0
156.31, 0
156.32, 0
156.33, 0
156.34, 0
156.35, 0
156.36, 0
156.37, 0
156.38, 0
156.39, 0
156.4, 0
156.41, 0
156.42, 0
156.43, 0
156.44, 0
156.45, 0
156.46, 0
156.47, 0
156.48, 0
156.49, 0
156.5, 0
156.51, 0
156.52, 0
156.53, 0
156.54, 0
156.55, 0
156.56, 0
156.57, 0
156.58, 0
156.59, 0
156.6, 0
156.61, 0
156.62, 0
156.63, 0
156.64, 0
156.65, 0
156.66, 0
156.67, 0
156.68, 0
156.69, 0
156.7, 0
156.71, 0
156.72, 0
156.73, 0
156.74, 0
156.75, 0
156.76, 0
156.77, 0
156.78, 0
156.79, 0
156.8, 0
156.81, 0
156.82, 0
156.83, 0
156.84, 0
156.85, 0
156.86, 0
156.87, 0
156.88, 0
156.89, 0
156.9, 0
156.91, 0
156.92, 0
156.93, 0
156.94, 0
156.95, 0
156.96, 0
156.97, 0
156.98, 0
156.99, 0
157, 0
157.01, 0
157.02, 0
157.03, 0
157.04, 0
157.05, 0
157.06, 0
157.07, 0
157.08, 0
157.09, 0
157.1, 0
157.11, 0
157.12, 0
157.13, 0
157.14, 0
157.15, 0
157.16, 0
157.17, 0
157.18, 0
157.19, 0
157.2, 0
157.21, 0
157.22, 0
157.23, 0
157.24, 0
157.25, 0
157.26, 0
157.27, 0
157.28, 0
157.29, 0
157.3, 0
157.31, 0
157.32, 0
157.33, 0
157.34, 0
157.35, 0
157.36, 0
157.37, 0
157.38, 0
157.39, 0
157.4, 0
157.41, 0
157.42, 0
157.43, 0
157.44, 0
157.45, 0
157.46, 0
157.47, 0
157.48, 0
157.49, 0
157.5, 0
157.51, 0
157.52, 0
157.53, 0
157.54, 0
157.55, 0
157.56, 0
157.57, 0
157.58, 0
157.59, 0
157.6, 0
157.61, 0
157.62, 0
157.63, 0
157.64, 0
157.65, 0
157.66, 0
157.67, 0
157.68, 0
157.69, 0
157.7, 0
157.71, 0
157.72, 0
157.73, 0
157.74, 0
157.75, 0
157.76, 0
157.77, 0
157.78, 0
157.79, 0
157.8, 0
157.81, 0
157.82, 0
157.83, 0
157.84, 0
157.85, 0
157.86, 0
157.87, 0
157.88, 0
157.89, 0
157.9, 0
157.91, 0
157.92, 0
157.93, 0
157.94, 0
157.95, 0
157.96, 0
157.97, 0
157.98, 0
157.99, 0
158, 0
158.01, 0
158.02, 0
158.03, 0
158.04, 0
158.05, 0
158.06, 0
158.07, 0
158.08, 0
158.09, 0
158.1, 0
158.11, 0
158.12, 0
158.13, 0
158.14, 0
158.15, 0
158.16, 0
158.17, 0
158.18, 0
158.19, 0
158.2, 0
158.21, 0
158.22, 0
158.23, 0
158.24, 0
158.25, 0
158.26, 0
158.27, 0
158.28, 0
158.29, 0
158.3, 0
158.31, 0
158.32, 0
158.33, 0
158.34, 0
158.35, 0
158.36, 0
158.37, 0
158.38, 0
158.39, 0
158.4, 0
158.41, 0
158.42, 0
158.43, 0
158.44, 0
158.45, 0
158.46, 0
158.47, 0
158.48, 0
158.49, 0
158.5, 0
158.51, 0
158.52, 0
158.53, 0
158.54, 0
158.55, 0
158.56, 0
158.57, 0
158.58, 0
158.59, 0
158.6, 0
158.61, 0
158.62, 0
158.63, 0
158.64, 0
158.65, 0
158.66, 0
158.67, 0
158.68, 0
158.69, 0
158.7, 0
158.71, 0
158.72, 0
158.73, 0
158.74, 0
158.75, 0
158.76, 0
158.77, 0
158.78, 0
158.79, 0
158.8, 0
158.81, 0
158.82, 0
158.83, 0
158.84, 0
158.85, 0
158.86, 0
158.87, 0
158.88, 0
158.89, 0
158.9, 0
158.91, 0
158.92, 0
158.93, 0
158.94, 0
158.95, 0
158.96, 0
158.97, 0
158.98, 0
158.99, 0
159, 0
159.01, 0
159.02, 0
159.03, 0
159.04, 0
159.05, 0
159.06, 0
159.07, 0
159.08, 0
159.09, 0
159.1, 0
159.11, 0
159.12, 0
159.13, 0
159.14, 0
159.15, 0
159.16, 0
159.17, 0
159.18, 0
159.19, 0
159.2, 0
159.21, 0
159.22, 0
159.23, 0
159.24, 0
159.25, 0
159.26, 0
159.27, 0
159.28, 0
159.29, 0
159.3, 0
159.31, 0
159.32, 0
159.33, 0
159.34, 0
159.35, 0
159.36, 0
159.37, 0
159.38, 0
159.39, 0
159.4, 0
159.41, 0
159.42, 0
159.43, 0
159.44, 0
159.45, 0
159.46, 0
159.47, 0
159.48, 0
159.49, 0
159.5, 0
159.51, 0
159.52, 0
159.53, 0
159.54, 0
159.55, 0
159.56, 0
159.57, 0
159.58, 0
159.59, 0
159.6, 0
159.61, 0
159.62, 0
159.63, 0
159.64, 0
159.65, 0
159.66, 0
159.67, 0
159.68, 0
159.69, 0
159.7, 0
159.71, 0
159.72, 0
159.73, 0
159.74, 0
159.75, 0
159.76, 0
159.77, 0
159.78, 0
159.79, 0
159.8, 0
159.81, 0
159.82, 0
159.83, 0
159.84, 0
159.85, 0
159.86, 0
159.87, 0
159.88, 0
159.89, 0
159.9, 0
159.91, 0
159.92, 0
159.93, 0
159.94, 0
159.95, 0
159.96, 0
159.97, 0
159.98, 0
159.99, 0
160, 0
160.01, 0
160.02, 0
160.03, 0
160.04, 0
160.05, 0
160.06, 0
160.07, 0
160.08, 0
160.09, 0
160.1, 0
160.11, 0
160.12, 0
160.13, 0
160.14, 0
160.15, 0
160.16, 0
160.17, 0
160.18, 0
160.19, 0
160.2, 0
160.21, 0
160.22, 0
160.23, 0
160.24, 0
160.25, 0
160.26, 0
160.27, 0
160.28, 0
160.29, 0
160.3, 0
160.31, 0
160.32, 0
160.33, 0
160.34, 0
160.35, 0
160.36, 0
160.37, 0
160.38, 0
160.39, 0
160.4, 0
160.41, 0
160.42, 0
160.43, 0
160.44, 0
160.45, 0
160.46, 0
160.47, 0
160.48, 0
160.49, 0
160.5, 0
160.51, 0
160.52, 0
160.53, 0
160.54, 0
160.55, 0
160.56, 0
160.57, 0
160.58, 0
160.59, 0
160.6, 0
160.61, 0
160.62, 0
160.63, 0
160.64, 0
160.65, 0
160.66, 0
160.67, 0
160.68, 0
160.69, 0
160.7, 0
160.71, 0
160.72, 0
160.73, 0
160.74, 0
160.75, 0
160.76, 0
160.77, 0
160.78, 0
160.79, 0
160.8, 0
160.81, 0
160.82, 0
160.83, 0
160.84, 0
160.85, 0
160.86, 0
160.87, 0
160.88, 0
160.89, 0
160.9, 0
160.91, 0
160.92, 0
160.93, 0
160.94, 0
160.95, 0
160.96, 0
160.97, 0
160.98, 0
160.99, 0
161, 0
161.01, 0
161.02, 0
161.03, 0
161.04, 0
161.05, 0
161.06, 0
161.07, 0
161.08, 0
161.09, 0
161.1, 0
161.11, 0
161.12, 0
161.13, 0
161.14, 0
161.15, 0
161.16, 0
161.17, 0
161.18, 0
161.19, 0
161.2, 0
161.21, 0
161.22, 0
161.23, 0
161.24, 0
161.25, 0
161.26, 0
161.27, 0
161.28, 0
161.29, 0
161.3, 0
161.31, 0
161.32, 0
161.33, 0
161.34, 0
161.35, 0
161.36, 0
161.37, 0
161.38, 0
161.39, 0
161.4, 0
161.41, 0
161.42, 0
161.43, 0
161.44, 0
161.45, 0
161.46, 0
161.47, 0
161.48, 0
161.49, 0
161.5, 0
161.51, 0
161.52, 0
161.53, 0
161.54, 0
161.55, 0
161.56, 0
161.57, 0
161.58, 0
161.59, 0
161.6, 0
161.61, 0
161.62, 0
161.63, 0
161.64, 0
161.65, 0
161.66, 0
161.67, 0
161.68, 0
161.69, 0
161.7, 0
161.71, 0
161.72, 0
161.73, 0
161.74, 0
161.75, 0
161.76, 0
161.77, 0
161.78, 0
161.79, 0
161.8, 0
161.81, 0
161.82, 0
161.83, 0
161.84, 0
161.85, 0
161.86, 0
161.87, 0
161.88, 0
161.89, 0
161.9, 0
161.91, 0
161.92, 0
161.93, 0
161.94, 0
161.95, 0
161.96, 0
161.97, 0
161.98, 0
161.99, 0
162, 0
162.01, 0
162.02, 0
162.03, 0
162.04, 0
162.05, 0
162.06, 0
162.07, 0
162.08, 0
162.09, 0
162.1, 0
162.11, 0
162.12, 0
162.13, 0
162.14, 0
162.15, 0
162.16, 0
162.17, 0
162.18, 0
162.19, 0
162.2, 0
162.21, 0
162.22, 0
162.23, 0
162.24, 0
162.25, 0
162.26, 0
162.27, 0
162.28, 0
162.29, 0
162.3, 0
162.31, 0
162.32, 0
162.33, 0
162.34, 0
162.35, 0
162.36, 0
162.37, 0
162.38, 0
162.39, 0
162.4, 0
162.41, 0
162.42, 0
162.43, 0
162.44, 0
162.45, 0
162.46, 0
162.47, 0
162.48, 0
162.49, 0
162.5, 0
162.51, 0
162.52, 0
162.53, 0
162.54, 0
162.55, 0
162.56, 0
162.57, 0
162.58, 0
162.59, 0
162.6, 0
162.61, 0
162.62, 0
162.63, 0
162.64, 0
162.65, 0
162.66, 0
162.67, 0
162.68, 0
162.69, 0
162.7, 0
162.71, 0
162.72, 0
162.73, 0
162.74, 0
162.75, 0
162.76, 0
162.77, 0
162.78, 0
162.79, 0
162.8, 0
162.81, 0
162.82, 0
162.83, 0
162.84, 0
162.85, 0
162.86, 0
162.87, 0
162.88, 0
162.89, 0
162.9, 0
162.91, 0
162.92, 0
162.93, 0
162.94, 0
162.95, 0
162.96, 0
162.97, 0
162.98, 0
162.99, 0
163, 0
163.01, 0
163.02, 0
163.03, 0
163.04, 0
163.05, 0
163.06, 0
163.07, 0
163.08, 0
163.09, 0
163.1, 0
163.11, 0
163.12, 0
163.13, 0
163.14, 0
163.15, 0
163.16, 0
163.17, 0
163.18, 0
163.19, 0
163.2, 0
163.21, 0
163.22, 0
163.23, 0
163.24, 0
163.25, 0
163.26, 0
163.27, 0
163.28, 0
163.29, 0
163.3, 0
163.31, 0
163.32, 0
163.33, 0
163.34, 0
163.35, 0
163.36, 0
163.37, 0
163.38, 0
163.39, 0
163.4, 0
163.41, 0
163.42, 0
163.43, 0
163.44, 0
163.45, 0
163.46, 0
163.47, 0
163.48, 0
163.49, 0
163.5, 0
163.51, 0
163.52, 0
163.53, 0
163.54, 0
163.55, 0
163.56, 0
163.57, 0
163.58, 0
163.59, 0
163.6, 0
163.61, 0
163.62, 0
163.63, 0
163.64, 0
163.65, 0
163.66, 0
163.67, 0
163.68, 0
163.69, 0
163.7, 0
163.71, 0
163.72, 0
163.73, 0
163.74, 0
163.75, 0
163.76, 0
163.77, 0
163.78, 0
163.79, 0
163.8, 0
163.81, 0
163.82, 0
163.83, 0
163.84, 0
163.85, 0
163.86, 0
163.87, 0
163.88, 0
163.89, 0
163.9, 0
163.91, 0
163.92, 0
163.93, 0
163.94, 0
163.95, 0
163.96, 0
163.97, 0
163.98, 0
163.99, 0
164, 0
164.01, 0
164.02, 0
164.03, 0
164.04, 0
164.05, 0
164.06, 0
164.07, 0
164.08, 0
164.09, 0
164.1, 0
164.11, 0
164.12, 0
164.13, 0
164.14, 0
164.15, 0
164.16, 0
164.17, 0
164.18, 0
164.19, 0
164.2, 0
164.21, 0
164.22, 0
164.23, 0
164.24, 0
164.25, 0
164.26, 0
164.27, 0
164.28, 0
164.29, 0
164.3, 0
164.31, 0
164.32, 0
164.33, 0
164.34, 0
164.35, 0
164.36, 0
164.37, 0
164.38, 0
164.39, 0
164.4, 0
164.41, 0
164.42, 0
164.43, 0
164.44, 0
164.45, 0
164.46, 0
164.47, 0
164.48, 0
164.49, 0
164.5, 0
164.51, 0
164.52, 0
164.53, 0
164.54, 0
164.55, 0
164.56, 0
164.57, 0
164.58, 0
164.59, 0
164.6, 0
164.61, 0
164.62, 0
164.63, 0
164.64, 0
164.65, 0
164.66, 0
164.67, 0
164.68, 0
164.69, 0
164.7, 0
164.71, 0
164.72, 0
164.73, 0
164.74, 0
164.75, 0
164.76, 0
164.77, 0
164.78, 0
164.79, 0
164.8, 0
164.81, 0
164.82, 0
164.83, 0
164.84, 0
164.85, 0
164.86, 0
164.87, 0
164.88, 0
164.89, 0
164.9, 0
164.91, 0
164.92, 0
164.93, 0
164.94, 0
164.95, 0
164.96, 0
164.97, 0
164.98, 0
164.99, 0
165, 0
165.01, 0
165.02, 0
165.03, 0
165.04, 0
165.05, 0
165.06, 0
165.07, 0
165.08, 0
165.09, 0
165.1, 0
165.11, 0
165.12, 0
165.13, 0
165.14, 0
165.15, 0
165.16, 0
165.17, 0
165.18, 0
165.19, 0
165.2, 0
165.21, 0
165.22, 0
165.23, 0
165.24, 0
165.25, 0
165.26, 0
165.27, 0
165.28, 0
165.29, 0
165.3, 0
165.31, 0
165.32, 0
165.33, 0
165.34, 0
165.35, 0
165.36, 0
165.37, 0
165.38, 0
165.39, 0
165.4, 0
165.41, 0
165.42, 0
165.43, 0
165.44, 0
165.45, 0
165.46, 0
165.47, 0
165.48, 0
165.49, 0
165.5, 0
165.51, 0
165.52, 0
165.53, 0
165.54, 0
165.55, 0
165.56, 0
165.57, 0
165.58, 0
165.59, 0
165.6, 0
165.61, 0
165.62, 0
165.63, 0
165.64, 0
165.65, 0
165.66, 0
165.67, 0
165.68, 0
165.69, 0
165.7, 0
165.71, 0
165.72, 0
165.73, 0
165.74, 0
165.75, 0
165.76, 0
165.77, 0
165.78, 0
165.79, 0
165.8, 0
165.81, 0
165.82, 0
165.83, 0
165.84, 0
165.85, 0
165.86, 0
165.87, 0
165.88, 0
165.89, 0
165.9, 0
165.91, 0
165.92, 0
165.93, 0
165.94, 0
165.95, 0
165.96, 0
165.97, 0
165.98, 0
165.99, 0
166, 0
166.01, 0
166.02, 0
166.03, 0
166.04, 0
166.05, 0
166.06, 0
166.07, 0
166.08, 0
166.09, 0
166.1, 0
166.11, 0
166.12, 0
166.13, 0
166.14, 0
166.15, 0
166.16, 0
166.17, 0
166.18, 0
166.19, 0
166.2, 0
166.21, 0
166.22, 0
166.23, 0
166.24, 0
166.25, 0
166.26, 0
166.27, 0
166.28, 0
166.29, 0
166.3, 0
166.31, 0
166.32, 0
166.33, 0
166.34, 0
166.35, 0
166.36, 0
166.37, 0
166.38, 0
166.39, 0
166.4, 0
166.41, 0
166.42, 0
166.43, 0
166.44, 0
166.45, 0
166.46, 0
166.47, 0
166.48, 0
166.49, 0
166.5, 0
166.51, 0
166.52, 0
166.53, 0
166.54, 0
166.55, 0
166.56, 0
166.57, 0
166.58, 0
166.59, 0
166.6, 0
166.61, 0
166.62, 0
166.63, 0
166.64, 0
166.65, 0
166.66, 0
166.67, 0
166.68, 0
166.69, 0
166.7, 0
166.71, 0
166.72, 0
166.73, 0
166.74, 0
166.75, 0
166.76, 0
166.77, 0
166.78, 0
166.79, 0
166.8, 0
166.81, 0
166.82, 0
166.83, 0
166.84, 0
166.85, 0
166.86, 0
166.87, 0
166.88, 0
166.89, 0
166.9, 0
166.91, 0
166.92, 0
166.93, 0
166.94, 0
166.95, 0
166.96, 0
166.97, 0
166.98, 0
166.99, 0
167, 0
167.01, 0
167.02, 0
167.03, 0
167.04, 0
167.05, 0
167.06, 0
167.07, 0
167.08, 0
167.09, 0
167.1, 0
167.11, 0
167.12, 0
167.13, 0
167.14, 0
167.15, 0
167.16, 0
167.17, 0
167.18, 0
167.19, 0
167.2, 0
167.21, 0
167.22, 0
167.23, 0
167.24, 0
167.25, 0
167.26, 0
167.27, 0
167.28, 0
167.29, 0
167.3, 0
167.31, 0
167.32, 0
167.33, 0
167.34, 0
167.35, 0
167.36, 0
167.37, 0
167.38, 0
167.39, 0
167.4, 0
167.41, 0
167.42, 0
167.43, 0
167.44, 0
167.45, 0
167.46, 0
167.47, 0
167.48, 0
167.49, 0
167.5, 0
167.51, 0
167.52, 0
167.53, 0
167.54, 0
167.55, 0
167.56, 0
167.57, 0
167.58, 0
167.59, 0
167.6, 0
167.61, 0
167.62, 0
167.63, 0
167.64, 0
167.65, 0
167.66, 0
167.67, 0
167.68, 0
167.69, 0
167.7, 0
167.71, 0
167.72, 0
167.73, 0
167.74, 0
167.75, 0
167.76, 0
167.77, 0
167.78, 0
167.79, 0
167.8, 0
167.81, 0
167.82, 0
167.83, 0
167.84, 0
167.85, 0
167.86, 0
167.87, 0
167.88, 0
167.89, 0
167.9, 0
167.91, 0
167.92, 0
167.93, 0
167.94, 0
167.95, 0
167.96, 0
167.97, 0
167.98, 0
167.99, 0
168, 0
168.01, 0
168.02, 0
168.03, 0
168.04, 0
168.05, 0
168.06, 0
168.07, 0
168.08, 0
168.09, 0
168.1, 0
168.11, 0
168.12, 0
168.13, 0
168.14, 0
168.15, 0
168.16, 0
168.17, 0
168.18, 0
168.19, 0
168.2, 0
168.21, 0
168.22, 0
168.23, 0
168.24, 0
168.25, 0
168.26, 0
168.27, 0
168.28, 0
168.29, 0
168.3, 0
168.31, 0
168.32, 0
168.33, 0
168.34, 0
168.35, 0
168.36, 0
168.37, 0
168.38, 0
168.39, 0
168.4, 0
168.41, 0
168.42, 0
168.43, 0
168.44, 0
168.45, 0
168.46, 0
168.47, 0
168.48, 0
168.49, 0
168.5, 0
168.51, 0
168.52, 0
168.53, 0
168.54, 0
168.55, 0
168.56, 0
168.57, 0
168.58, 0
168.59, 0
168.6, 0
168.61, 0
168.62, 0
168.63, 0
168.64, 0
168.65, 0
168.66, 0
168.67, 0
168.68, 0
168.69, 0
168.7, 0
168.71, 0
168.72, 0
168.73, 0
168.74, 0
168.75, 0
168.76, 0
168.77, 0
168.78, 0
168.79, 0
168.8, 0
168.81, 0
168.82, 0
168.83, 0
168.84, 0
168.85, 0
168.86, 0
168.87, 0
168.88, 0
168.89, 0
168.9, 0
168.91, 0
168.92, 0
168.93, 0
168.94, 0
168.95, 0
168.96, 0
168.97, 0
168.98, 0
168.99, 0
169, 0
169.01, 0
169.02, 0
169.03, 0
169.04, 0
169.05, 0
169.06, 0
169.07, 0
169.08, 0
169.09, 0
169.1, 0
169.11, 0
169.12, 0
169.13, 0
169.14, 0
169.15, 0
169.16, 0
169.17, 0
169.18, 0
169.19, 0
169.2, 0
169.21, 0
169.22, 0
169.23, 0
169.24, 0
169.25, 0
169.26, 0
169.27, 0
169.28, 0
169.29, 0
169.3, 0
169.31, 0
169.32, 0
169.33, 0
169.34, 0
169.35, 0
169.36, 0
169.37, 0
169.38, 0
169.39, 0
169.4, 0
169.41, 0
169.42, 0
169.43, 0
169.44, 0
169.45, 0
169.46, 0
169.47, 0
169.48, 0
169.49, 0
169.5, 0
169.51, 0
169.52, 0
169.53, 0
169.54, 0
169.55, 0
169.56, 0
169.57, 0
169.58, 0
169.59, 0
169.6, 0
169.61, 0
169.62, 0
169.63, 0
169.64, 0
169.65, 0
169.66, 0
169.67, 0
169.68, 0
169.69, 0
169.7, 0
169.71, 0
169.72, 0
169.73, 0
169.74, 0
169.75, 0
169.76, 0
169.77, 0
169.78, 0
169.79, 0
169.8, 0
169.81, 0
169.82, 0
169.83, 0
169.84, 0
169.85, 0
169.86, 0
169.87, 0
169.88, 0
169.89, 0
169.9, 0
169.91, 0
169.92, 0
169.93, 0
169.94, 0
169.95, 0
169.96, 0
169.97, 0
169.98, 0
169.99, 0
170, 0
170.01, 0
170.02, 0
170.03, 0
170.04, 0
170.05, 0
170.06, 0
170.07, 0
170.08, 0
170.09, 0
170.1, 0
170.11, 0
170.12, 0
170.13, 0
170.14, 0
170.15, 0
170.16, 0
170.17, 0
170.18, 0
170.19, 0
170.2, 0
170.21, 0
170.22, 0
170.23, 0
170.24, 0
170.25, 0
170.26, 0
170.27, 0
170.28, 0
170.29, 0
170.3, 0
170.31, 0
170.32, 0
170.33, 0
170.34, 0
170.35, 0
170.36, 0
170.37, 0
170.38, 0
170.39, 0
170.4, 0
170.41, 0
170.42, 0
170.43, 0
170.44, 0
170.45, 0
170.46, 0
170.47, 0
170.48, 0
170.49, 0
170.5, 0
170.51, 0
170.52, 0
170.53, 0
170.54, 0
170.55, 0
170.56, 0
170.57, 0
170.58, 0
170.59, 0
170.6, 0
170.61, 0
170.62, 0
170.63, 0
170.64, 0
170.65, 0
170.66, 0
170.67, 0
170.68, 0
170.69, 0
170.7, 0
170.71, 0
170.72, 0
170.73, 0
170.74, 0
170.75, 0
170.76, 0
170.77, 0
170.78, 0
170.79, 0
170.8, 0
170.81, 0
170.82, 0
170.83, 0
170.84, 0
170.85, 0
170.86, 0
170.87, 0
170.88, 0
170.89, 0
170.9, 0
170.91, 0
170.92, 0
170.93, 0
170.94, 0
170.95, 0
170.96, 0
170.97, 0
170.98, 0
170.99, 0
171, 0
171.01, 0
171.02, 0
171.03, 0
171.04, 0
171.05, 0
171.06, 0
171.07, 0
171.08, 0
171.09, 0
171.1, 0
171.11, 0
171.12, 0
171.13, 0
171.14, 0
171.15, 0
171.16, 0
171.17, 0
171.18, 0
171.19, 0
171.2, 0
171.21, 0
171.22, 0
171.23, 0
171.24, 0
171.25, 0
171.26, 0
171.27, 0
171.28, 0
171.29, 0
171.3, 0
171.31, 0
171.32, 0
171.33, 0
171.34, 0
171.35, 0
171.36, 0
171.37, 0
171.38, 0
171.39, 0
171.4, 0
171.41, 0
171.42, 0
171.43, 0
171.44, 0
171.45, 0
171.46, 0
171.47, 0
171.48, 0
171.49, 0
171.5, 0
171.51, 0
171.52, 0
171.53, 0
171.54, 0
171.55, 0
171.56, 0
171.57, 0
171.58, 0
171.59, 0
171.6, 0
171.61, 0
171.62, 0
171.63, 0
171.64, 0
171.65, 0
171.66, 0
171.67, 0
171.68, 0
171.69, 0
171.7, 0
171.71, 0
171.72, 0
171.73, 0
171.74, 0
171.75, 0
171.76, 0
171.77, 0
171.78, 0
171.79, 0
171.8, 0
171.81, 0
171.82, 0
171.83, 0
171.84, 0
171.85, 0
171.86, 0
171.87, 0
171.88, 0
171.89, 0
171.9, 0
171.91, 0
171.92, 0
171.93, 0
171.94, 0
171.95, 0
171.96, 0
171.97, 0
171.98, 0
171.99, 0
172, 0
172.01, 0
172.02, 0
172.03, 0
172.04, 0
172.05, 0
172.06, 0
172.07, 0
172.08, 0
172.09, 0
172.1, 0
172.11, 0
172.12, 0
172.13, 0
172.14, 0
172.15, 0
172.16, 0
172.17, 0
172.18, 0
172.19, 0
172.2, 0
172.21, 0
172.22, 0
172.23, 0
172.24, 0
172.25, 0
172.26, 0
172.27, 0
172.28, 0
172.29, 0
172.3, 0
172.31, 0
172.32, 0
172.33, 0
172.34, 0
172.35, 0
172.36, 0
172.37, 0
172.38, 0
172.39, 0
172.4, 0
172.41, 0
172.42, 0
172.43, 0
172.44, 0
172.45, 0
172.46, 0
172.47, 0
172.48, 0
172.49, 0
172.5, 0
172.51, 0
172.52, 0
172.53, 0
172.54, 0
172.55, 0
172.56, 0
172.57, 0
172.58, 0
172.59, 0
172.6, 0
172.61, 0
172.62, 0
172.63, 0
172.64, 0
172.65, 0
172.66, 0
172.67, 0
172.68, 0
172.69, 0
172.7, 0
172.71, 0
172.72, 0
172.73, 0
172.74, 0
172.75, 0
172.76, 0
172.77, 0
172.78, 0
172.79, 0
172.8, 0
172.81, 0
172.82, 0
172.83, 0
172.84, 0
172.85, 0
172.86, 0
172.87, 0
172.88, 0
172.89, 0
172.9, 0
172.91, 0
172.92, 0
172.93, 0
172.94, 0
172.95, 0
172.96, 0
172.97, 0
172.98, 0
172.99, 0
173, 0
173.01, 0
173.02, 0
173.03, 0
173.04, 0
173.05, 0
173.06, 0
173.07, 0
173.08, 0
173.09, 0
173.1, 0
173.11, 0
173.12, 0
173.13, 0
173.14, 0
173.15, 0
173.16, 0
173.17, 0
173.18, 0
173.19, 0
173.2, 0
173.21, 0
173.22, 0
173.23, 0
173.24, 0
173.25, 0
173.26, 0
173.27, 0
173.28, 0
173.29, 0
173.3, 0
173.31, 0
173.32, 0
173.33, 0
173.34, 0
173.35, 0
173.36, 0
173.37, 0
173.38, 0
173.39, 0
173.4, 0
173.41, 0
173.42, 0
173.43, 0
173.44, 0
173.45, 0
173.46, 0
173.47, 0
173.48, 0
173.49, 0
173.5, 0
173.51, 0
173.52, 0
173.53, 0
173.54, 0
173.55, 0
173.56, 0
173.57, 0
173.58, 0
173.59, 0
173.6, 0
173.61, 0
173.62, 0
173.63, 0
173.64, 0
173.65, 0
173.66, 0
173.67, 0
173.68, 0
173.69, 0
173.7, 0
173.71, 0
173.72, 0
173.73, 0
173.74, 0
173.75, 0
173.76, 0
173.77, 0
173.78, 0
173.79, 0
173.8, 0
173.81, 0
173.82, 0
173.83, 0
173.84, 0
173.85, 0
173.86, 0
173.87, 0
173.88, 0
173.89, 0
173.9, 0
173.91, 0
173.92, 0
173.93, 0
173.94, 0
173.95, 0
173.96, 0
173.97, 0
173.98, 0
173.99, 0
174, 0
174.01, 0
174.02, 0
174.03, 0
174.04, 0
174.05, 0
174.06, 0
174.07, 0
174.08, 0
174.09, 0
174.1, 0
174.11, 0
174.12, 0
174.13, 0
174.14, 0
174.15, 0
174.16, 0
174.17, 0
174.18, 0
174.19, 0
174.2, 0
174.21, 0
174.22, 0
174.23, 0
174.24, 0
174.25, 0
174.26, 0
174.27, 0
174.28, 0
174.29, 0
174.3, 0
174.31, 0
174.32, 0
174.33, 0
174.34, 0
174.35, 0
174.36, 0
174.37, 0
174.38, 0
174.39, 0
174.4, 0
174.41, 0
174.42, 0
174.43, 0
174.44, 0
174.45, 0
174.46, 0
174.47, 0
174.48, 0
174.49, 0
174.5, 0
174.51, 0
174.52, 0
174.53, 0
174.54, 0
174.55, 0
174.56, 0
174.57, 0
174.58, 0
174.59, 0
174.6, 0
174.61, 0
174.62, 0
174.63, 0
174.64, 0
174.65, 0
174.66, 0
174.67, 0
174.68, 0
174.69, 0
174.7, 0
174.71, 0
174.72, 0
174.73, 0
174.74, 0
174.75, 0
174.76, 0
174.77, 0
174.78, 0
174.79, 0
174.8, 0
174.81, 0
174.82, 0
174.83, 0
174.84, 0
174.85, 0
174.86, 0
174.87, 0
174.88, 0
174.89, 0
174.9, 0
174.91, 0
174.92, 0
174.93, 0
174.94, 0
174.95, 0
174.96, 0
174.97, 0
174.98, 0
174.99, 0
175, 0
175.01, 0
175.02, 0
175.03, 0
175.04, 0
175.05, 0
175.06, 0
175.07, 0
175.08, 0
175.09, 0
175.1, 0
175.11, 0
175.12, 0
175.13, 0
175.14, 0
175.15, 0
175.16, 0
175.17, 0
175.18, 0
175.19, 0
175.2, 0
175.21, 0
175.22, 0
175.23, 0
175.24, 0
175.25, 0
175.26, 0
175.27, 0
175.28, 0
175.29, 0
175.3, 0
175.31, 0
175.32, 0
175.33, 0
175.34, 0
175.35, 0
175.36, 0
175.37, 0
175.38, 0
175.39, 0
175.4, 0
175.41, 0
175.42, 0
175.43, 0
175.44, 0
175.45, 0
175.46, 0
175.47, 0
175.48, 0
175.49, 0
175.5, 0
175.51, 0
175.52, 0
175.53, 0
175.54, 0
175.55, 0
175.56, 0
175.57, 0
175.58, 0
175.59, 0
175.6, 0
175.61, 0
175.62, 0
175.63, 0
175.64, 0
175.65, 0
175.66, 0
175.67, 0
175.68, 0
175.69, 0
175.7, 0
175.71, 0
175.72, 0
175.73, 0
175.74, 0
175.75, 0
175.76, 0
175.77, 0
175.78, 0
175.79, 0
175.8, 0
175.81, 0
175.82, 0
175.83, 0
175.84, 0
175.85, 0
175.86, 0
175.87, 0
175.88, 0
175.89, 0
175.9, 0
175.91, 0
175.92, 0
175.93, 0
175.94, 0
175.95, 0
175.96, 0
175.97, 0
175.98, 0
175.99, 0
176, 0
176.01, 0
176.02, 0
176.03, 0
176.04, 0
176.05, 0
176.06, 0
176.07, 0
176.08, 0
176.09, 0
176.1, 0
176.11, 0
176.12, 0
176.13, 0
176.14, 0
176.15, 0
176.16, 0
176.17, 0
176.18, 0
176.19, 0
176.2, 0
176.21, 0
176.22, 0
176.23, 0
176.24, 0
176.25, 0
176.26, 0
176.27, 0
176.28, 0
176.29, 0
176.3, 0
176.31, 0
176.32, 0
176.33, 0
176.34, 0
176.35, 0
176.36, 0
176.37, 0
176.38, 0
176.39, 0
176.4, 0
176.41, 0
176.42, 0
176.43, 0
176.44, 0
176.45, 0
176.46, 0
176.47, 0
176.48, 0
176.49, 0
176.5, 0
176.51, 0
176.52, 0
176.53, 0
176.54, 0
176.55, 0
176.56, 0
176.57, 0
176.58, 0
176.59, 0
176.6, 0
176.61, 0
176.62, 0
176.63, 0
176.64, 0
176.65, 0
176.66, 0
176.67, 0
176.68, 0
176.69, 0
176.7, 0
176.71, 0
176.72, 0
176.73, 0
176.74, 0
176.75, 0
176.76, 0
176.77, 0
176.78, 0
176.79, 0
176.8, 0
176.81, 0
176.82, 0
176.83, 0
176.84, 0
176.85, 0
176.86, 0
176.87, 0
176.88, 0
176.89, 0
176.9, 0
176.91, 0
176.92, 0
176.93, 0
176.94, 0
176.95, 0
176.96, 0
176.97, 0
176.98, 0
176.99, 0
177, 0
177.01, 0
177.02, 0
177.03, 0
177.04, 0
177.05, 0
177.06, 0
177.07, 0
177.08, 0
177.09, 0
177.1, 0
177.11, 0
177.12, 0
177.13, 0
177.14, 0
177.15, 0
177.16, 0
177.17, 0
177.18, 0
177.19, 0
177.2, 0
177.21, 0
177.22, 0
177.23, 0
177.24, 0
177.25, 0
177.26, 0
177.27, 0
177.28, 0
177.29, 0
177.3, 0
177.31, 0
177.32, 0
177.33, 0
177.34, 0
177.35, 0
177.36, 0
177.37, 0
177.38, 0
177.39, 0
177.4, 0
177.41, 0
177.42, 0
177.43, 0
177.44, 0
177.45, 0
177.46, 0
177.47, 0
177.48, 0
177.49, 0
177.5, 0
177.51, 0
177.52, 0
177.53, 0
177.54, 0
177.55, 0
177.56, 0
177.57, 0
177.58, 0
177.59, 0
177.6, 0
177.61, 0
177.62, 0
177.63, 0
177.64, 0
177.65, 0
177.66, 0
177.67, 0
177.68, 0
177.69, 0
177.7, 0
177.71, 0
177.72, 0
177.73, 0
177.74, 0
177.75, 0
177.76, 0
177.77, 0
177.78, 0
177.79, 0
177.8, 0
177.81, 0
177.82, 0
177.83, 0
177.84, 0
177.85, 0
177.86, 0
177.87, 0
177.88, 0
177.89, 0
177.9, 0
177.91, 0
177.92, 0
177.93, 0
177.94, 0
177.95, 0
177.96, 0
177.97, 0
177.98, 0
177.99, 0
178, 0
178.01, 0
178.02, 0
178.03, 0
178.04, 0
178.05, 0
178.06, 0
178.07, 0
178.08, 0
178.09, 0
178.1, 0
178.11, 0
178.12, 0
178.13, 0
178.14, 0
178.15, 0
178.16, 0
178.17, 0
178.18, 0
178.19, 0
178.2, 0
178.21, 0
178.22, 0
178.23, 0
178.24, 0
178.25, 0
178.26, 0
178.27, 0
178.28, 0
178.29, 0
178.3, 0
178.31, 0
178.32, 0
178.33, 0
178.34, 0
178.35, 0
178.36, 0
178.37, 0
178.38, 0
178.39, 0
178.4, 0
178.41, 0
178.42, 0
178.43, 0
178.44, 0
178.45, 0
178.46, 0
178.47, 0
178.48, 0
178.49, 0
178.5, 0
178.51, 0
178.52, 0
178.53, 0
178.54, 0
178.55, 0
178.56, 0
178.57, 0
178.58, 0
178.59, 0
178.6, 0
178.61, 0
178.62, 0
178.63, 0
178.64, 0
178.65, 0
178.66, 0
178.67, 0
178.68, 0
178.69, 0
178.7, 0
178.71, 0
178.72, 0
178.73, 0
178.74, 0
178.75, 0
178.76, 0
178.77, 0
178.78, 0
178.79, 0
178.8, 0
178.81, 0
178.82, 0
178.83, 0
178.84, 0
178.85, 0
178.86, 0
178.87, 0
178.88, 0
178.89, 0
178.9, 0
178.91, 0
178.92, 0
178.93, 0
178.94, 0
178.95, 0
178.96, 0
178.97, 0
178.98, 0
178.99, 0
179, 0
179.01, 0
179.02, 0
179.03, 0
179.04, 0
179.05, 0
179.06, 0
179.07, 0
179.08, 0
179.09, 0
179.1, 0
179.11, 0
179.12, 0
179.13, 0
179.14, 0
179.15, 0
179.16, 0
179.17, 0
179.18, 0
179.19, 0
179.2, 0
179.21, 0
179.22, 0
179.23, 0
179.24, 0
179.25, 0
179.26, 0
179.27, 0
179.28, 0
179.29, 0
179.3, 0
179.31, 0
179.32, 0
179.33, 0
179.34, 0
179.35, 0
179.36, 0
179.37, 0
179.38, 0
179.39, 0
179.4, 0
179.41, 0
179.42, 0
179.43, 0
179.44, 0
179.45, 0
179.46, 0
179.47, 0
179.48, 0
179.49, 0
179.5, 0
179.51, 0
179.52, 0
179.53, 0
179.54, 0
179.55, 0
179.56, 0
179.57, 0
179.58, 0
179.59, 0
179.6, 0
179.61, 0
179.62, 0
179.63, 0
179.64, 0
179.65, 0
179.66, 0
179.67, 0
179.68, 0
179.69, 0
179.7, 0
179.71, 0
179.72, 0
179.73, 0
179.74, 0
179.75, 0
179.76, 0
179.77, 0
179.78, 0
179.79, 0
179.8, 0
179.81, 0
179.82, 0
179.83, 0
179.84, 0
179.85, 0
179.86, 0
179.87, 0
179.88, 0
179.89, 0
179.9, 0
179.91, 0
179.92, 0
179.93, 0
179.94, 0
179.95, 0
179.96, 0
179.97, 0
179.98, 0
179.99, 0
