Spessartine
crystal_structure 7
space_group 230
0, 0
0.01, 18
0.02, 33
0.03, 13
0.04, 15
0.05, 22
0.06, 7
0.07, 19
0.08, 32
0.09, 23
0.1, 5
0.11, 16
0.12, 17
0.13, 13
0.14, 10
0.15, 12
0.16, 17
0.17, 15
0.18, 20
0.19, 22
0.2, 11
0.21, 14
0.22, 6
0.23, 20
0.24, 25
0.25, 12
0.26, 5
0.27, 46
0.28, 38
0.29, 3
0.3, 17
0.31, 9
0.32, 18
0.33, 32
0.34, 42
0.35, 37
0.36, 31
0.37, 35
0.38, 25
0.39, 10
0.4, 37
0.41, 29
0.42, 22
0.43, 26
0.44, 20
0.45, 18
0.46, 33
0.47, 24
0.48, 17
0.49, 8
0.5, 20
0.51, 18
0.52, 28
0.53, 9
0.54, 24
0.55, 22
0.56, 2
0.57, 18
0.58, 0
0.59, 27
0.6, 7
0.61, 14
0.62, 22
0.63, 22
0.64, 21
0.65, 22
0.66, 21
0.67, 20
0.68, 27
0.69, 14
0.7, 14
0.71, 17
0.72, 34
0.73, 30
0.74, 14
0.75, 35
0.76, 6
0.77, 2
0.78, 7
0.79, 14
0.8, 40
0.81, 5
0.82, 25
0.83, 9
0.84, 9
0.85, 9
0.86, 28
0.87, 2
0.88, 6
0.89, 37
0.9, 22
0.91, 7
0.92, 9
0.93, 25
0.94, 7
0.95, 42
0.96, 13
0.97, 30
0.98, 24
0.99, 29
1, 9
1.01, 18
1.02, 12
1.03, 14
1.04, 21
1.05, 36
1.06, 10
1.07, 19
1.08, 12
1.09, 21
1.1, 15
1.11, 6
1.12, 0
1.13, 32
1.14, 9
1.15, 16
1.16, 18
1.17, 8
1.18, 24
1.19, 54
1.2, 20
1.21, 11
1.22, 42
1.23, 39
1.24, 15
1.25, 23
1.26, 9
1.27, 8
1.28, 2
1.29, 7
1.3, 8
1.31, 10
1.32, 7
1.33, 17
1.34, 28
1.35, 24
1.36, 21
1.37, 30
1.38, 8
1.39, 18
1.4, 11
1.41, 28
1.42, 33
1.43, 33
1.44, 37
1.45, 8
1.46, 16
1.47, 19
1.48, 1
1.49, 2
1.5, 21
1.51, 10
1.52, 10
1.53, 18
1.54, 8
1.55, 9
1.56, 21
1.57, 21
1.58, 9
1.59, 0
1.6, 19
1.61, 14
1.62, 16
1.63, 20
1.64, 13
1.65, 1
1.66, 19
1.67, 4
1.68, 24
1.69, 0
1.7, 24
1.71, 18
1.72, 13
1.73, 20
1.74, 26
1.75, 20
1.76, 17
1.77, 7
1.78, 26
1.79, 19
1.8, 31
1.81, 18
1.82, 20
1.83, 36
1.84, 7
1.85, 24
1.86, 5
1.87, 9
1.88, 26
1.89, 22
1.9, 14
1.91, 5
1.92, 23
1.93, 42
1.94, 14
1.95, 13
1.96, 38
1.97, 30
1.98, 47
1.99, 19
2, 0
2.01, 16
2.02, 14
2.03, 19
2.04, 37
2.05, 30
2.06, 34
2.07, 47
2.08, 28
2.09, 24
2.1, 10
2.11, 7
2.12, 34
2.13, 17
2.14, 12
2.15, 35
2.16, 23
2.17, 21
2.18, 8
2.19, 15
2.2, 31
2.21, 17
2.22, 28
2.23, 9
2.24, 23
2.25, 8
2.26, 19
2.27, 14
2.28, 18
2.29, 12
2.3, 19
2.31, 40
2.32, 27
2.33, 8
2.34, 22
2.35, 22
2.36, 28
2.37, 9
2.38, 24
2.39, 10
2.4, 5
2.41, 23
2.42, 12
2.43, 14
2.44, 4
2.45, 1
2.46, 1
2.47, 16
2.48, 13
2.49, 14
2.5, 29
2.51, 32
2.52, 19
2.53, 20
2.54, 2
2.55, 27
2.56, 26
2.57, 1
2.58, 19
2.59, 1
2.6, 0
2.61, 15
2.62, 41
2.63, 21
2.64, 29
2.65, 17
2.66, 17
2.67, 8
2.68, 12
2.69, 15
2.7, 1
2.71, 21
2.72, 30
2.73, 11
2.74, 19
2.75, 32
2.76, 13
2.77, 19
2.78, 13
2.79, 25
2.8, 6
2.81, 12
2.82, 8
2.83, 14
2.84, 29
2.85, 24
2.86, 6
2.87, 14
2.88, 18
2.89, 9
2.9, 7
2.91, 12
2.92, 28
2.93, 27
2.94, 33
2.95, 31
2.96, 20
2.97, 18
2.98, 15
2.99, 26
3, 30
3.01, 7
3.02, 25
3.03, 30
3.04, 15
3.05, 41
3.06, 4
3.07, 15
3.08, 22
3.09, 25
3.1, 17
3.11, 28
3.12, 21
3.13, 7
3.14, 18
3.15, 25
3.16, 19
3.17, 12
3.18, 15
3.19, 23
3.2, 35
3.21, 29
3.22, 5
3.23, 20
3.24, 5
3.25, 2
3.26, 25
3.27, 21
3.28, 12
3.29, 23
3.3, 2
3.31, 13
3.32, 33
3.33, 3
3.34, 11
3.35, 30
3.36, 33
3.37, 23
3.38, 34
3.39, 21
3.4, 19
3.41, 19
3.42, 19
3.43, 12
3.44, 23
3.45, 23
3.46, 27
3.47, 5
3.48, 35
3.49, 17
3.5, 37
3.51, 11
3.52, 26
3.53, 13
3.54, 24
3.55, 19
3.56, 27
3.57, 26
3.58, 29
3.59, 0
3.6, 30
3.61, 7
3.62, 17
3.63, 17
3.64, 23
3.65, 17
3.66, 36
3.67, 20
3.68, 5
3.69, 19
3.7, 2
3.71, 31
3.72, 15
3.73, 10
3.74, 4
3.75, 20
3.76, 3
3.77, 1
3.78, 4
3.79, 29
3.8, 12
3.81, 10
3.82, 33
3.83, 9
3.84, 41
3.85, 5
3.86, 23
3.87, 10
3.88, 6
3.89, 18
3.9, 0
3.91, 9
3.92, 24
3.93, 20
3.94, 5
3.95, 20
3.96, 10
3.97, 42
3.98, 28
3.99, 7
4, 29
4.01, 19
4.02, 22
4.03, 5
4.04, 21
4.05, 21
4.06, 2
4.07, 3
4.08, 17
4.09, 14
4.1, 21
4.11, 17
4.12, 13
4.13, 6
4.14, 15
4.15, 13
4.16, 14
4.17, 22
4.18, 1
4.19, 14
4.2, 11
4.21, 18
4.22, 7
4.23, 1
4.24, 13
4.25, 32
4.26, 9
4.27, 8
4.28, 28
4.29, 37
4.3, 17
4.31, 26
4.32, 11
4.33, 21
4.34, 5
4.35, 18
4.36, 20
4.37, 16
4.38, 20
4.39, 14
4.4, 32
4.41, 20
4.42, 1
4.43, 9
4.44, 18
4.45, 19
4.46, 19
4.47, 11
4.48, 31
4.49, 8
4.5, 9
4.51, 12
4.52, 11
4.53, 24
4.54, 41
4.55, 15
4.56, 3
4.57, 27
4.58, 9
4.59, 8
4.6, 10
4.61, 27
4.62, 29
4.63, 19
4.64, 16
4.65, 20
4.66, 14
4.67, 19
4.68, 25
4.69, 26
4.7, 4
4.71, 21
4.72, 20
4.73, 11
4.74, 9
4.75, 17
4.76, 16
4.77, 26
4.78, 36
4.79, 34
4.8, 21
4.81, 1
4.82, 23
4.83, 26
4.84, 37
4.85, 24
4.86, 20
4.87, 1
4.88, 22
4.89, 13
4.9, 17
4.91, 9
4.92, 19
4.93, 8
4.94, 6
4.95, 21
4.96, 28
4.97, 19
4.98, 9
4.99, 39
5, 0
5.01, 20
5.02, 27
5.03, 0
5.04, 10
5.05, 25
5.06, 26
5.07, 20
5.08, 38
5.09, 37
5.1, 4
5.11, 13
5.12, 32
5.13, 7
5.14, 8
5.15, 0
5.16, 10
5.17, 22
5.18, 14
5.19, 18
5.2, 34
5.21, 28
5.22, 6
5.23, 17
5.24, 9
5.25, 29
5.26, 25
5.27, 3
5.28, 17
5.29, 10
5.3, 27
5.31, 24
5.32, 39
5.33, 17
5.34, 7
5.35, 16
5.36, 0
5.37, 7
5.38, 5
5.39, 21
5.4, 10
5.41, 10
5.42, 24
5.43, 2
5.44, 9
5.45, 12
5.46, 25
5.47, 5
5.48, 14
5.49, 14
5.5, 49
5.51, 25
5.52, 12
5.53, 25
5.54, 14
5.55, 33
5.56, 14
5.57, 14
5.58, 12
5.59, 6
5.6, 11
5.61, 1
5.62, 12
5.63, 32
5.64, 25
5.65, 6
5.66, 11
5.67, 2
5.68, 12
5.69, 22
5.7, 22
5.71, 2
5.72, 15
5.73, 25
5.74, 23
5.75, 19
5.76, 4
5.77, 16
5.78, 4
5.79, 26
5.8, 17
5.81, 11
5.82, 17
5.83, 14
5.84, 14
5.85, 19
5.86, 10
5.87, 11
5.88, 26
5.89, 19
5.9, 14
5.91, 5
5.92, 10
5.93, 10
5.94, 18
5.95, 14
5.96, 21
5.97, 5
5.98, 31
5.99, 14
6, 0
6.01, 12
6.02, 25
6.03, 20
6.04, 13
6.05, 19
6.06, 8
6.07, 30
6.08, 29
6.09, 28
6.1, 16
6.11, 0
6.12, 0
6.13, 25
6.14, 28
6.15, 12
6.16, 28
6.17, 9
6.18, 7
6.19, 37
6.2, 17
6.21, 18
6.22, 18
6.23, 14
6.24, 1
6.25, 10
6.26, 3
6.27, 18
6.28, 37
6.29, 18
6.3, 14
6.31, 17
6.32, 26
6.33, 10
6.34, 27
6.35, 27
6.36, 23
6.37, 15
6.38, 23
6.39, 5
6.4, 13
6.41, 13
6.42, 1
6.43, 12
6.44, 17
6.45, 7
6.46, 34
6.47, 24
6.48, 1
6.49, 6
6.5, 13
6.51, 18
6.52, 15
6.53, 1
6.54, 2
6.55, 22
6.56, 8
6.57, 11
6.58, 9
6.59, 29
6.6, 28
6.61, 9
6.62, 14
6.63, 5
6.64, 37
6.65, 24
6.66, 9
6.67, 25
6.68, 16
6.69, 32
6.7, 22
6.71, 30
6.72, 4
6.73, 33
6.74, 39
6.75, 14
6.76, 31
6.77, 14
6.78, 34
6.79, 16
6.8, 0
6.81, 28
6.82, 22
6.83, 6
6.84, 23
6.85, 12
6.86, 6
6.87, 21
6.88, 9
6.89, 2
6.9, 28
6.91, 9
6.92, 4
6.93, 20
6.94, 28
6.95, 14
6.96, 12
6.97, 4
6.98, 22
6.99, 14
7, 26
7.01, 11
7.02, 27
7.03, 41
7.04, 20
7.05, 13
7.06, 9
7.07, 4
7.08, 3
7.09, 11
7.1, 5
7.11, 29
7.12, 17
7.13, 13
7.14, 8
7.15, 2
7.16, 21
7.17, 27
7.18, 39
7.19, 14
7.2, 15
7.21, 18
7.22, 8
7.23, 15
7.24, 14
7.25, 8
7.26, 19
7.27, 19
7.28, 22
7.29, 10
7.3, 18
7.31, 6
7.32, 3
7.33, 10
7.34, 29
7.35, 11
7.36, 16
7.37, 8
7.38, 13
7.39, 11
7.4, 18
7.41, 19
7.42, 0
7.43, 24
7.44, 29
7.45, 1
7.46, 20
7.47, 40
7.48, 0
7.49, 20
7.5, 12
7.51, 22
7.52, 12
7.53, 0
7.54, 9
7.55, 15
7.56, 19
7.57, 10
7.58, 26
7.59, 13
7.6, 18
7.61, 2
7.62, 37
7.63, 13
7.64, 14
7.65, 19
7.66, 2
7.67, 17
7.68, 6
7.69, 16
7.7, 18
7.71, 10
7.72, 12
7.73, 26
7.74, 4
7.75, 20
7.76, 6
7.77, 6
7.78, 32
7.79, 15
7.8, 9
7.81, 8
7.82, 17
7.83, 7
7.84, 11
7.85, 12
7.86, 15
7.87, 36
7.88, 3
7.89, 12
7.9, 19
7.91, 15
7.92, 22
7.93, 33
7.94, 12
7.95, 22
7.96, 15
7.97, 23
7.98, 25
7.99, 49
8, 7
8.01, 26
8.02, 10
8.03, 9
8.04, 10
8.05, 10
8.06, 3
8.07, 10
8.08, 19
8.09, 3
8.1, 13
8.11, 12
8.12, 5
8.13, 17
8.14, 3
8.15, 32
8.16, 18
8.17, 27
8.18, 26
8.19, 17
8.2, 42
8.21, 32
8.22, 17
8.23, 33
8.24, 6
8.25, 7
8.26, 29
8.27, 14
8.28, 6
8.29, 12
8.3, 0
8.31, 3
8.32, 19
8.33, 32
8.34, 10
8.35, 17
8.36, 6
8.37, 10
8.38, 13
8.39, 3
8.4, 1
8.41, 1
8.42, 13
8.43, 9
8.44, 17
8.45, 20
8.46, 14
8.47, 13
8.48, 3
8.49, 24
8.5, 11
8.51, 19
8.52, 22
8.53, 18
8.54, 31
8.55, 7
8.56, 9
8.57, 10
8.58, 38
8.59, 2
8.6, 11
8.61, 20
8.62, 24
8.63, 25
8.64, 28
8.65, 18
8.66, 16
8.67, 34
8.68, 1
8.69, 5
8.7, 27
8.71, 0
8.72, 7
8.73, 26
8.74, 11
8.75, 11
8.76, 7
8.77, 12
8.78, 10
8.79, 2
8.8, 28
8.81, 19
8.82, 16
8.83, 11
8.84, 18
8.85, 18
8.86, 3
8.87, 24
8.88, 17
8.89, 14
8.9, 29
8.91, 24
8.92, 5
8.93, 15
8.94, 12
8.95, 20
8.96, 10
8.97, 20
8.98, 19
8.99, 8
9, 20
9.01, 40
9.02, 4
9.03, 0
9.04, 3
9.05, 5
9.06, 23
9.07, 8
9.08, 3
9.09, 18
9.1, 20
9.11, 19
9.12, 21
9.13, 15
9.14, 38
9.15, 4
9.16, 23
9.17, 8
9.18, 12
9.19, 22
9.2, 6
9.21, 16
9.22, 4
9.23, 20
9.24, 21
9.25, 7
9.26, 21
9.27, 30
9.28, 23
9.29, 19
9.3, 21
9.31, 10
9.32, 19
9.33, 14
9.34, 22
9.35, 9
9.36, 19
9.37, 12
9.38, 2
9.39, 5
9.4, 21
9.41, 11
9.42, 11
9.43, 14
9.44, 8
9.45, 5
9.46, 8
9.47, 3
9.48, 4
9.49, 22
9.5, 6
9.51, 20
9.52, 4
9.53, 16
9.54, 8
9.55, 20
9.56, 18
9.57, 25
9.58, 30
9.59, 21
9.6, 36
9.61, 13
9.62, 15
9.63, 32
9.64, 14
9.65, 18
9.66, 18
9.67, 18
9.68, 32
9.69, 10
9.7, 7
9.71, 30
9.72, 14
9.73, 11
9.74, 14
9.75, 14
9.76, 6
9.77, 14
9.78, 10
9.79, 10
9.8, 13
9.81, 19
9.82, 13
9.83, 13
9.84, 3
9.85, 18
9.86, 3
9.87, 0
9.88, 4
9.89, 28
9.9, 25
9.91, 10
9.92, 19
9.93, 3
9.94, 18
9.95, 22
9.96, 11
9.97, 19
9.98, 16
9.99, 15
10, 10
10.01, 5
10.02, 0
10.03, 15
10.04, 17
10.05, 16
10.06, 1
10.07, 27
10.08, 8
10.09, 17
10.1, 9
10.11, 20
10.12, 8
10.13, 18
10.14, 26
10.15, 25
10.16, 1
10.17, 29
10.18, 1
10.19, 20
10.2, 5
10.21, 8
10.22, 15
10.23, 11
10.24, 6
10.25, 14
10.26, 16
10.27, 25
10.28, 12
10.29, 26
10.3, 6
10.31, 17
10.32, 1
10.33, 17
10.34, 34
10.35, 18
10.36, 9
10.37, 20
10.38, 11
10.39, 15
10.4, 13
10.41, 11
10.42, 21
10.43, 19
10.44, 6
10.45, 22
10.46, 24
10.47, 14
10.48, 16
10.49, 6
10.5, 3
10.51, 8
10.52, 23
10.53, 20
10.54, 8
10.55, 18
10.56, 11
10.57, 17
10.58, 16
10.59, 13
10.6, 20
10.61, 30
10.62, 21
10.63, 21
10.64, 18
10.65, 21
10.66, 18
10.67, 17
10.68, 23
10.69, 29
10.7, 1
10.71, 1
10.72, 24
10.73, 44
10.74, 26
10.75, 11
10.76, 16
10.77, 14
10.78, 3
10.79, 8
10.8, 20
10.81, 23
10.82, 24
10.83, 26
10.84, 30
10.85, 16
10.86, 26
10.87, 1
10.88, 19
10.89, 11
10.9, 7
10.91, 11
10.92, 12
10.93, 20
10.94, 7
10.95, 15
10.96, 7
10.97, 1
10.98, 22
10.99, 7
11, 2
11.01, 14
11.02, 17
11.03, 6
11.04, 8
11.05, 1
11.06, 1
11.07, 27
11.08, 25
11.09, 30
11.1, 49
11.11, 13
11.12, 14
11.13, 9
11.14, 12
11.15, 22
11.16, 21
11.17, 22
11.18, 10
11.19, 22
11.2, 25
11.21, 23
11.22, 20
11.23, 3
11.24, 12
11.25, 24
11.26, 24
11.27, 11
11.28, 10
11.29, 32
11.3, 9
11.31, 34
11.32, 33
11.33, 30
11.34, 14
11.35, 18
11.36, 10
11.37, 22
11.38, 21
11.39, 10
11.4, 4
11.41, 7
11.42, 13
11.43, 8
11.44, 17
11.45, 2
11.46, 13
11.47, 19
11.48, 28
11.49, 19
11.5, 15
11.51, 38
11.52, 4
11.53, 13
11.54, 44
11.55, 4
11.56, 1
11.57, 13
11.58, 25
11.59, 13
11.6, 21
11.61, 6
11.62, 15
11.63, 25
11.64, 12
11.65, 11
11.66, 19
11.67, 6
11.68, 7
11.69, 10
11.7, 22
11.71, 5
11.72, 7
11.73, 3
11.74, 24
11.75, 33
11.76, 17
11.77, 6
11.78, 19
11.79, 36
11.8, 11
11.81, 13
11.82, 26
11.83, 10
11.84, 18
11.85, 20
11.86, 14
11.87, 38
11.88, 34
11.89, 21
11.9, 14
11.91, 26
11.92, 3
11.93, 6
11.94, 33
11.95, 6
11.96, 24
11.97, 3
11.98, 13
11.99, 13
12, 13
12.01, 2
12.02, 19
12.03, 4
12.04, 17
12.05, 29
12.06, 4
12.07, 23
12.08, 36
12.09, 28
12.1, 24
12.11, 9
12.12, 5
12.13, 18
12.14, 21
12.15, 20
12.16, 12
12.17, 13
12.18, 1
12.19, 19
12.2, 12
12.21, 24
12.22, 42
12.23, 23
12.24, 14
12.25, 4
12.26, 13
12.27, 13
12.28, 12
12.29, 14
12.3, 15
12.31, 21
12.32, 29
12.33, 28
12.34, 8
12.35, 5
12.36, 3
12.37, 15
12.38, 24
12.39, 17
12.4, 13
12.41, 16
12.42, 16
12.43, 30
12.44, 3
12.45, 28
12.46, 30
12.47, 31
12.48, 17
12.49, 20
12.5, 5
12.51, 11
12.52, 22
12.53, 1
12.54, 6
12.55, 18
12.56, 1
12.57, 1
12.58, 31
12.59, 15
12.6, 23
12.61, 23
12.62, 29
12.63, 16
12.64, 5
12.65, 29
12.66, 20
12.67, 37
12.68, 10
12.69, 12
12.7, 2
12.71, 4
12.72, 14
12.73, 6
12.74, 20
12.75, 4
12.76, 11
12.77, 0
12.78, 23
12.79, 13
12.8, 12
12.81, 21
12.82, 4
12.83, 10
12.84, 2
12.85, 5
12.86, 11
12.87, 20
12.88, 18
12.89, 14
12.9, 22
12.91, 32
12.92, 8
12.93, 21
12.94, 12
12.95, 7
12.96, 5
12.97, 35
12.98, 12
12.99, 6
13, 23
13.01, 4
13.02, 20
13.03, 23
13.04, 31
13.05, 16
13.06, 41
13.07, 21
13.08, 11
13.09, 14
13.1, 28
13.11, 21
13.12, 10
13.13, 34
13.14, 37
13.15, 15
13.16, 20
13.17, 1
13.18, 18
13.19, 1
13.2, 14
13.21, 7
13.22, 23
13.23, 27
13.24, 15
13.25, 10
13.26, 0
13.27, 22
13.28, 13
13.29, 12
13.3, 21
13.31, 8
13.32, 11
13.33, 31
13.34, 25
13.35, 16
13.36, 22
13.37, 51
13.38, 39
13.39, 19
13.4, 21
13.41, 13
13.42, 33
13.43, 6
13.44, 1
13.45, 12
13.46, 25
13.47, 6
13.48, 9
13.49, 3
13.5, 27
13.51, 24
13.52, 25
13.53, 12
13.54, 21
13.55, 24
13.56, 22
13.57, 2
13.58, 19
13.59, 15
13.6, 12
13.61, 13
13.62, 3
13.63, 3
13.64, 1
13.65, 32
13.66, 6
13.67, 17
13.68, 8
13.69, 32
13.7, 19
13.71, 3
13.72, 23
13.73, 41
13.74, 38
13.75, 29
13.76, 17
13.77, 27
13.78, 16
13.79, 19
13.8, 24
13.81, 36
13.82, 29
13.83, 15
13.84, 21
13.85, 19
13.86, 18
13.87, 28
13.88, 10
13.89, 2
13.9, 11
13.91, 12
13.92, 5
13.93, 19
13.94, 20
13.95, 25
13.96, 15
13.97, 17
13.98, 9
13.99, 35
14, 12
14.01, 13
14.02, 13
14.03, 27
14.04, 16
14.05, 15
14.06, 4
14.07, 12
14.08, 10
14.09, 11
14.1, 9
14.11, 11
14.12, 31
14.13, 17
14.14, 31
14.15, 23
14.16, 39
14.17, 9
14.18, 15
14.19, 26
14.2, 35
14.21, 8
14.22, 7
14.23, 17
14.24, 25
14.25, 28
14.26, 17
14.27, 16
14.28, 22
14.29, 18
14.3, 23
14.31, 22
14.32, 18
14.33, 22
14.34, 17
14.35, 2
14.36, 16
14.37, 28
14.38, 4
14.39, 4
14.4, 13
14.41, 13
14.42, 19
14.43, 12
14.44, 21
14.45, 33
14.46, 20
14.47, 13
14.48, 29
14.49, 24
14.5, 3
14.51, 17
14.52, 7
14.53, 13
14.54, 30
14.55, 33
14.56, 3
14.57, 24
14.58, 9
14.59, 8
14.6, 32
14.61, 12
14.62, 12
14.63, 19
14.64, 10
14.65, 0
14.66, 9
14.67, 17
14.68, 47
14.69, 27
14.7, 18
14.71, 32
14.72, 31
14.73, 26
14.74, 18
14.75, 0
14.76, 7
14.77, 25
14.78, 16
14.79, 22
14.8, 15
14.81, 9
14.82, 12
14.83, 25
14.84, 1
14.85, 24
14.86, 36
14.87, 6
14.88, 18
14.89, 17
14.9, 18
14.91, 19
14.92, 19
14.93, 19
14.94, 34
14.95, 19
14.96, 26
14.97, 31
14.98, 27
14.99, 23
15, 9
15.01, 3
15.02, 22
15.03, 36
15.04, 25
15.05, 7
15.06, 1
15.07, 13
15.08, 7
15.09, 9
15.1, 4
15.11, 10
15.12, 2
15.13, 4
15.14, 13
15.15, 25
15.16, 35
15.17, 30
15.18, 4
15.19, 22
15.2, 15
15.21, 9
15.22, 11
15.23, 6
15.24, 10
15.25, 25
15.26, 38
15.27, 27
15.28, 22
15.29, 19
15.3, 18
15.31, 5
15.32, 10
15.33, 25
15.34, 23
15.35, 37
15.36, 8
15.37, 33
15.38, 36
15.39, 7
15.4, 22
15.41, 28
15.42, 12
15.43, 46
15.44, 21
15.45, 15
15.46, 21
15.47, 16
15.48, 4
15.49, 20
15.5, 18
15.51, 14
15.52, 16
15.53, 18
15.54, 18
15.55, 42
15.56, 9
15.57, 6
15.58, 4
15.59, 22
15.6, 11
15.61, 33
15.62, 28
15.63, 32
15.64, 14
15.65, 16
15.66, 19
15.67, 7
15.68, 25
15.69, 8
15.7, 12
15.71, 12
15.72, 3
15.73, 18
15.74, 27
15.75, 16
15.76, 12
15.77, 19
15.78, 27
15.79, 9
15.8, 28
15.81, 18
15.82, 15
15.83, 12
15.84, 12
15.85, 24
15.86, 11
15.87, 13
15.88, 7
15.89, 15
15.9, 21
15.91, 12
15.92, 2
15.93, 17
15.94, 13
15.95, 33
15.96, 31
15.97, 12
15.98, 6
15.99, 23
16, 27
16.01, 1
16.02, 23
16.03, 10
16.04, 0
16.05, 11
16.06, 3
16.07, 29
16.08, 7
16.09, 21
16.1, 2
16.11, 9
16.12, 11
16.13, 29
16.14, 4
16.15, 28
16.16, 28
16.17, 11
16.18, 21
16.19, 13
16.2, 18
16.21, 27
16.22, 9
16.23, 27
16.24, 37
16.25, 21
16.26, 27
16.27, 20
16.28, 19
16.29, 35
16.3, 16
16.31, 24
16.32, 20
16.33, 21
16.34, 18
16.35, 10
16.36, 20
16.37, 28
16.38, 11
16.39, 11
16.4, 17
16.41, 35
16.42, 3
16.43, 17
16.44, 13
16.45, 7
16.46, 21
16.47, 23
16.48, 9
16.49, 27
16.5, 5
16.51, 13
16.52, 25
16.53, 8
16.54, 13
16.55, 6
16.56, 27
16.57, 0
16.58, 16
16.59, 42
16.6, 13
16.61, 15
16.62, 2
16.63, 17
16.64, 30
16.65, 21
16.66, 19
16.67, 27
16.68, 14
16.69, 17
16.7, 5
16.71, 36
16.72, 24
16.73, 19
16.74, 20
16.75, 14
16.76, 31
16.77, 15
16.78, 14
16.79, 25
16.8, 3
16.81, 34
16.82, 8
16.83, 12
16.84, 4
16.85, 15
16.86, 3
16.87, 1
16.88, 8
16.89, 24
16.9, 9
16.91, 27
16.92, 19
16.93, 25
16.94, 19
16.95, 13
16.96, 23
16.97, 1
16.98, 13
16.99, 26
17, 39
17.01, 5
17.02, 25
17.03, 15
17.04, 35
17.05, 16
17.06, 13
17.07, 15
17.08, 34
17.09, 13
17.1, 19
17.11, 13
17.12, 18
17.13, 6
17.14, 0
17.15, 19
17.16, 2
17.17, 22
17.18, 20
17.19, 19
17.2, 22
17.21, 11
17.22, 10
17.23, 19
17.24, 15
17.25, 10
17.26, 30
17.27, 20
17.28, 11
17.29, 20
17.3, 1
17.31, 25
17.32, 13
17.33, 21
17.34, 29
17.35, 1
17.36, 20
17.37, 5
17.38, 20
17.39, 10
17.4, 18
17.41, 5
17.42, 23
17.43, 27
17.44, 20
17.45, 9
17.46, 23
17.47, 22
17.48, 13
17.49, 4
17.5, 21
17.51, 10
17.52, 4
17.53, 8
17.54, 13
17.55, 34
17.56, 5
17.57, 24
17.58, 22
17.59, 12
17.6, 1
17.61, 25
17.62, 8
17.63, 28
17.64, 18
17.65, 20
17.66, 6
17.67, 21
17.68, 2
17.69, 29
17.7, 29
17.71, 10
17.72, 0
17.73, 42
17.74, 28
17.75, 8
17.76, 24
17.77, 14
17.78, 15
17.79, 22
17.8, 11
17.81, 11
17.82, 22
17.83, 3
17.84, 17
17.85, 20
17.86, 4
17.87, 17
17.88, 19
17.89, 1
17.9, 24
17.91, 3
17.92, 32
17.93, 2
17.94, 31
17.95, 17
17.96, 19
17.97, 17
17.98, 23
17.99, 5
18, 19
18.01, 18
18.02, 35
18.03, 22
18.04, 16
18.05, 11
18.06, 19
18.07, 30
18.08, 28
18.09, 29
18.1, 9
18.11, 11
18.12, 28
18.13, 29
18.14, 14
18.15, 13
18.16, 9
18.17, 11
18.18, 15
18.19, 28
18.2, 28
18.21, 23
18.22, 19
18.23, 10
18.24, 20
18.25, 29
18.26, 28
18.27, 3
18.28, 5
18.29, 0
18.3, 13
18.31, 19
18.32, 10
18.33, 7
18.34, 8
18.35, 23
18.36, 20
18.37, 5
18.38, 8
18.39, 7
18.4, 21
18.41, 29
18.42, 4
18.43, 1
18.44, 8
18.45, 31
18.46, 24
18.47, 31
18.48, 5
18.49, 4
18.5, 17
18.51, 2
18.52, 0
18.53, 21
18.54, 22
18.55, 26
18.56, 0
18.57, 1
18.58, 21
18.59, 13
18.6, 8
18.61, 18
18.62, 4
18.63, 8
18.64, 9
18.65, 7
18.66, 6
18.67, 8
18.68, 13
18.69, 17
18.7, 25
18.71, 32
18.72, 21
18.73, 6
18.74, 0
18.75, 9
18.76, 2
18.77, 32
18.78, 13
18.79, 14
18.8, 15
18.81, 18
18.82, 20
18.83, 24
18.84, 6
18.85, 12
18.86, 17
18.87, 19
18.88, 22
18.89, 7
18.9, 14
18.91, 3
18.92, 19
18.93, 15
18.94, 20
18.95, 17
18.96, 40
18.97, 28
18.98, 26
18.99, 1
19, 12
19.01, 11
19.02, 46
19.03, 33
19.04, 5
19.05, 25
19.06, 21
19.07, 17
19.08, 4
19.09, 6
19.1, 27
19.11, 25
19.12, 27
19.13, 38
19.14, 17
19.15, 16
19.16, 10
19.17, 22
19.18, 9
19.19, 14
19.2, 2
19.21, 16
19.22, 41
19.23, 3
19.24, 6
19.25, 16
19.26, 10
19.27, 9
19.28, 17
19.29, 12
19.3, 23
19.31, 25
19.32, 19
19.33, 21
19.34, 17
19.35, 23
19.36, 10
19.37, 13
19.38, 4
19.39, 9
19.4, 39
19.41, 27
19.42, 34
19.43, 13
19.44, 15
19.45, 12
19.46, 2
19.47, 9
19.48, 28
19.49, 45
19.5, 26
19.51, 1
19.52, 21
19.53, 11
19.54, 27
19.55, 15
19.56, 15
19.57, 13
19.58, 10
19.59, 24
19.6, 24
19.61, 25
19.62, 29
19.63, 17
19.64, 13
19.65, 10
19.66, 5
19.67, 16
19.68, 9
19.69, 1
19.7, 13
19.71, 19
19.72, 13
19.73, 19
19.74, 23
19.75, 20
19.76, 23
19.77, 19
19.78, 26
19.79, 19
19.8, 1
19.81, 6
19.82, 22
19.83, 10
19.84, 28
19.85, 7
19.86, 6
19.87, 18
19.88, 35
19.89, 36
19.9, 8
19.91, 18
19.92, 16
19.93, 8
19.94, 35
19.95, 22
19.96, 33
19.97, 8
19.98, 20
19.99, 11
20, 25
20.01, 4
20.02, 12
20.03, 9
20.04, 4
20.05, 14
20.06, 10
20.07, 35
20.08, 12
20.09, 12
20.1, 1
20.11, 25
20.12, 26
20.13, 29
20.14, 15
20.15, 10
20.16, 19
20.17, 26
20.18, 18
20.19, 35
20.2, 16
20.21, 21
20.22, 18
20.23, 21
20.24, 10
20.25, 27
20.26, 21
20.27, 14
20.28, 19
20.29, 33
20.3, 8
20.31, 16
20.32, 16
20.33, 2
20.34, 18
20.35, 25
20.36, 30
20.37, 26
20.38, 8
20.39, 13
20.4, 12
20.41, 13
20.42, 12
20.43, 47
20.44, 37
20.45, 9
20.46, 13
20.47, 12
20.48, 20
20.49, 39
20.5, 17
20.51, 28
20.52, 49
20.53, 17
20.54, 24
20.55, 42
20.56, 45
20.57, 40
20.58, 52
20.59, 22
20.6, 33
20.61, 11
20.62, 30
20.63, 46
20.64, 27
20.65, 19
20.66, 22
20.67, 3
20.68, 1
20.69, 10
20.7, 35
20.71, 24
20.72, 29
20.73, 16
20.74, 27
20.75, 14
20.76, 18
20.77, 0
20.78, 23
20.79, 3
20.8, 21
20.81, 28
20.82, 16
20.83, 14
20.84, 16
20.85, 14
20.86, 14
20.87, 8
20.88, 25
20.89, 16
20.9, 38
20.91, 25
20.92, 20
20.93, 8
20.94, 19
20.95, 1
20.96, 1
20.97, 18
20.98, 6
20.99, 1
21, 25
21.01, 16
21.02, 11
21.03, 0
21.04, 19
21.05, 25
21.06, 13
21.07, 22
21.08, 15
21.09, 6
21.1, 15
21.11, 24
21.12, 5
21.13, 24
21.14, 18
21.15, 10
21.16, 31
21.17, 18
21.18, 11
21.19, 21
21.2, 2
21.21, 36
21.22, 4
21.23, 5
21.24, 27
21.25, 2
21.26, 2
21.27, 32
21.28, 17
21.29, 14
21.3, 18
21.31, 22
21.32, 29
21.33, 6
21.34, 13
21.35, 2
21.36, 20
21.37, 2
21.38, 15
21.39, 10
21.4, 9
21.41, 1
21.42, 11
21.43, 4
21.44, 1
21.45, 10
21.46, 38
21.47, 7
21.48, 21
21.49, 16
21.5, 42
21.51, 9
21.52, 5
21.53, 14
21.54, 27
21.55, 10
21.56, 11
21.57, 11
21.58, 9
21.59, 18
21.6, 31
21.61, 11
21.62, 21
21.63, 28
21.64, 2
21.65, 13
21.66, 1
21.67, 3
21.68, 20
21.69, 17
21.7, 22
21.71, 9
21.72, 22
21.73, 18
21.74, 22
21.75, 15
21.76, 9
21.77, 20
21.78, 20
21.79, 19
21.8, 28
21.81, 7
21.82, 16
21.83, 16
21.84, 16
21.85, 2
21.86, 14
21.87, 3
21.88, 9
21.89, 24
21.9, 18
21.91, 7
21.92, 24
21.93, 23
21.94, 17
21.95, 22
21.96, 9
21.97, 26
21.98, 23
21.99, 6
22, 14
22.01, 16
22.02, 20
22.03, 14
22.04, 24
22.05, 32
22.06, 13
22.07, 16
22.08, 8
22.09, 19
22.1, 18
22.11, 15
22.12, 22
22.13, 33
22.14, 10
22.15, 11
22.16, 34
22.17, 5
22.18, 16
22.19, 14
22.2, 22
22.21, 17
22.22, 16
22.23, 10
22.24, 22
22.25, 14
22.26, 7
22.27, 8
22.28, 21
22.29, 10
22.3, 9
22.31, 9
22.32, 7
22.33, 2
22.34, 20
22.35, 6
22.36, 4
22.37, 17
22.38, 27
22.39, 10
22.4, 6
22.41, 26
22.42, 1
22.43, 17
22.44, 19
22.45, 21
22.46, 6
22.47, 28
22.48, 7
22.49, 2
22.5, 6
22.51, 4
22.52, 13
22.53, 3
22.54, 8
22.55, 33
22.56, 28
22.57, 10
22.58, 10
22.59, 11
22.6, 3
22.61, 1
22.62, 21
22.63, 29
22.64, 12
22.65, 25
22.66, 17
22.67, 16
22.68, 20
22.69, 1
22.7, 1
22.71, 31
22.72, 8
22.73, 19
22.74, 33
22.75, 0
22.76, 12
22.77, 3
22.78, 4
22.79, 26
22.8, 5
22.81, 25
22.82, 18
22.83, 16
22.84, 20
22.85, 17
22.86, 10
22.87, 5
22.88, 4
22.89, 13
22.9, 18
22.91, 8
22.92, 14
22.93, 20
22.94, 21
22.95, 0
22.96, 1
22.97, 6
22.98, 19
22.99, 5
23, 6
23.01, 25
23.02, 22
23.03, 20
23.04, 1
23.05, 31
23.06, 5
23.07, 2
23.08, 32
23.09, 9
23.1, 29
23.11, 3
23.12, 18
23.13, 26
23.14, 26
23.15, 12
23.16, 20
23.17, 29
23.18, 6
23.19, 12
23.2, 10
23.21, 17
23.22, 29
23.23, 18
23.24, 27
23.25, 6
23.26, 29
23.27, 6
23.28, 37
23.29, 27
23.3, 27
23.31, 15
23.32, 6
23.33, 14
23.34, 35
23.35, 22
23.36, 28
23.37, 10
23.38, 1
23.39, 0
23.4, 19
23.41, 2
23.42, 1
23.43, 19
23.44, 18
23.45, 18
23.46, 18
23.47, 15
23.48, 13
23.49, 10
23.5, 9
23.51, 7
23.52, 5
23.53, 7
23.54, 7
23.55, 4
23.56, 9
23.57, 17
23.58, 8
23.59, 16
23.6, 35
23.61, 0
23.62, 21
23.63, 21
23.64, 16
23.65, 8
23.66, 29
23.67, 16
23.68, 6
23.69, 19
23.7, 15
23.71, 11
23.72, 11
23.73, 22
23.74, 9
23.75, 10
23.76, 16
23.77, 37
23.78, 22
23.79, 20
23.8, 0
23.81, 9
23.82, 8
23.83, 17
23.84, 18
23.85, 20
23.86, 18
23.87, 23
23.88, 5
23.89, 20
23.9, 22
23.91, 21
23.92, 12
23.93, 15
23.94, 11
23.95, 14
23.96, 15
23.97, 10
23.98, 17
23.99, 29
24, 14
24.01, 14
24.02, 4
24.03, 2
24.04, 16
24.05, 5
24.06, 6
24.07, 2
24.08, 17
24.09, 9
24.1, 9
24.11, 2
24.12, 4
24.13, 25
24.14, 8
24.15, 19
24.16, 4
24.17, 3
24.18, 2
24.19, 13
24.2, 3
24.21, 31
24.22, 12
24.23, 20
24.24, 21
24.25, 6
24.26, 24
24.27, 22
24.28, 3
24.29, 10
24.3, 3
24.31, 28
24.32, 23
24.33, 22
24.34, 7
24.35, 13
24.36, 8
24.37, 27
24.38, 6
24.39, 13
24.4, 14
24.41, 40
24.42, 5
24.43, 1
24.44, 19
24.45, 12
24.46, 6
24.47, 16
24.48, 30
24.49, 29
24.5, 6
24.51, 7
24.52, 32
24.53, 6
24.54, 1
24.55, 3
24.56, 15
24.57, 7
24.58, 10
24.59, 17
24.6, 16
24.61, 3
24.62, 13
24.63, 7
24.64, 9
24.65, 32
24.66, 0
24.67, 0
24.68, 2
24.69, 19
24.7, 27
24.71, 22
24.72, 8
24.73, 26
24.74, 8
24.75, 29
24.76, 4
24.77, 23
24.78, 3
24.79, 27
24.8, 8
24.81, 16
24.82, 6
24.83, 37
24.84, 6
24.85, 3
24.86, 8
24.87, 5
24.88, 14
24.89, 20
24.9, 0
24.91, 13
24.92, 11
24.93, 22
24.94, 33
24.95, 26
24.96, 25
24.97, 16
24.98, 24
24.99, 5
25, 26
25.01, 34
25.02, 13
25.03, 30
25.04, 4
25.05, 36
25.06, 3
25.07, 0
25.08, 17
25.09, 28
25.1, 15
25.11, 28
25.12, 0
25.13, 4
25.14, 11
25.15, 33
25.16, 9
25.17, 7
25.18, 24
25.19, 24
25.2, 0
25.21, 1
25.22, 3
25.23, 22
25.24, 5
25.25, 14
25.26, 5
25.27, 16
25.28, 17
25.29, 14
25.3, 22
25.31, 17
25.32, 9
25.33, 32
25.34, 31
25.35, 21
25.36, 3
25.37, 1
25.38, 6
25.39, 6
25.4, 20
25.41, 5
25.42, 22
25.43, 20
25.44, 15
25.45, 15
25.46, 31
25.47, 2
25.48, 30
25.49, 4
25.5, 1
25.51, 28
25.52, 7
25.53, 7
25.54, 13
25.55, 3
25.56, 18
25.57, 1
25.58, 4
25.59, 21
25.6, 11
25.61, 14
25.62, 26
25.63, 16
25.64, 25
25.65, 6
25.66, 38
25.67, 24
25.68, 30
25.69, 34
25.7, 18
25.71, 16
25.72, 21
25.73, 14
25.74, 4
25.75, 58
25.76, 30
25.77, 47
25.78, 33
25.79, 14
25.8, 49
25.81, 56
25.82, 94
25.83, 95
25.84, 148
25.85, 216
25.86, 264
25.87, 406
25.88, 468
25.89, 473
25.9, 324
25.91, 262
25.92, 162
25.93, 136
25.94, 216
25.95, 249
25.96, 215
25.97, 227
25.98, 147
25.99, 128
26, 49
26.01, 30
26.02, 51
26.03, 38
26.04, 32
26.05, 7
26.06, 10
26.07, 49
26.08, 39
26.09, 26
26.1, 20
26.11, 44
26.12, 32
26.13, 32
26.14, 35
26.15, 19
26.16, 5
26.17, 26
26.18, 31
26.19, 23
26.2, 20
26.21, 48
26.22, 30
26.23, 24
26.24, 36
26.25, 19
26.26, 28
26.27, 19
26.28, 37
26.29, 3
26.3, 28
26.31, 26
26.32, 23
26.33, 13
26.34, 28
26.35, 31
26.36, 28
26.37, 8
26.38, 29
26.39, 39
26.4, 4
26.41, 21
26.42, 2
26.43, 9
26.44, 19
26.45, 32
26.46, 23
26.47, 18
26.48, 16
26.49, 30
26.5, 19
26.51, 12
26.52, 37
26.53, 19
26.54, 18
26.55, 2
26.56, 9
26.57, 21
26.58, 9
26.59, 2
26.6, 0
26.61, 18
26.62, 23
26.63, 30
26.64, 9
26.65, 8
26.66, 39
26.67, 13
26.68, 25
26.69, 30
26.7, 2
26.71, 18
26.72, 1
26.73, 8
26.74, 16
26.75, 21
26.76, 16
26.77, 6
26.78, 8
26.79, 38
26.8, 29
26.81, 17
26.82, 30
26.83, 16
26.84, 2
26.85, 19
26.86, 8
26.87, 27
26.88, 28
26.89, 2
26.9, 8
26.91, 15
26.92, 22
26.93, 18
26.94, 17
26.95, 12
26.96, 5
26.97, 25
26.98, 7
26.99, 7
27, 14
27.01, 23
27.02, 5
27.03, 36
27.04, 11
27.05, 7
27.06, 7
27.07, 2
27.08, 20
27.09, 4
27.1, 23
27.11, 26
27.12, 6
27.13, 16
27.14, 28
27.15, 2
27.16, 5
27.17, 24
27.18, 29
27.19, 3
27.2, 11
27.21, 24
27.22, 20
27.23, 14
27.24, 11
27.25, 18
27.26, 24
27.27, 7
27.28, 19
27.29, 14
27.3, 40
27.31, 9
27.32, 22
27.33, 7
27.34, 19
27.35, 10
27.36, 8
27.37, 12
27.38, 29
27.39, 0
27.4, 18
27.41, 23
27.42, 15
27.43, 8
27.44, 32
27.45, 25
27.46, 13
27.47, 15
27.48, 23
27.49, 17
27.5, 30
27.51, 7
27.52, 6
27.53, 28
27.54, 10
27.55, 15
27.56, 18
27.57, 16
27.58, 8
27.59, 15
27.6, 15
27.61, 4
27.62, 22
27.63, 24
27.64, 0
27.65, 20
27.66, 19
27.67, 23
27.68, 1
27.69, 10
27.7, 31
27.71, 27
27.72, 14
27.73, 8
27.74, 20
27.75, 37
27.76, 2
27.77, 26
27.78, 20
27.79, 20
27.8, 14
27.81, 23
27.82, 22
27.83, 29
27.84, 8
27.85, 7
27.86, 10
27.87, 8
27.88, 26
27.89, 5
27.9, 8
27.91, 26
27.92, 6
27.93, 9
27.94, 17
27.95, 10
27.96, 27
27.97, 48
27.98, 9
27.99, 20
28, 21
28.01, 5
28.02, 15
28.03, 28
28.04, 3
28.05, 32
28.06, 9
28.07, 22
28.08, 21
28.09, 6
28.1, 4
28.11, 15
28.12, 13
28.13, 14
28.14, 9
28.15, 1
28.16, 36
28.17, 22
28.18, 8
28.19, 32
28.2, 12
28.21, 12
28.22, 10
28.23, 14
28.24, 14
28.25, 23
28.26, 21
28.27, 15
28.28, 29
28.29, 10
28.3, 5
28.31, 1
28.32, 15
28.33, 14
28.34, 12
28.35, 12
28.36, 11
28.37, 4
28.38, 5
28.39, 13
28.4, 16
28.41, 8
28.42, 11
28.43, 1
28.44, 24
28.45, 3
28.46, 7
28.47, 31
28.48, 5
28.49, 8
28.5, 9
28.51, 27
28.52, 5
28.53, 25
28.54, 31
28.55, 17
28.56, 20
28.57, 15
28.58, 14
28.59, 21
28.6, 23
28.61, 30
28.62, 12
28.63, 8
28.64, 8
28.65, 38
28.66, 24
28.67, 9
28.68, 6
28.69, 9
28.7, 11
28.71, 27
28.72, 16
28.73, 1
28.74, 24
28.75, 31
28.76, 13
28.77, 7
28.78, 1
28.79, 26
28.8, 3
28.81, 11
28.82, 18
28.83, 20
28.84, 6
28.85, 5
28.86, 2
28.87, 5
28.88, 14
28.89, 20
28.9, 35
28.91, 7
28.92, 15
28.93, 16
28.94, 0
28.95, 1
28.96, 10
28.97, 2
28.98, 2
28.99, 28
29, 48
29.01, 18
29.02, 0
29.03, 9
29.04, 0
29.05, 28
29.06, 11
29.07, 8
29.08, 14
29.09, 23
29.1, 30
29.11, 6
29.12, 5
29.13, 17
29.14, 23
29.15, 0
29.16, 22
29.17, 25
29.18, 26
29.19, 12
29.2, 2
29.21, 10
29.22, 16
29.23, 16
29.24, 4
29.25, 14
29.26, 11
29.27, 4
29.28, 26
29.29, 26
29.3, 19
29.31, 14
29.32, 4
29.33, 35
29.34, 27
29.35, 17
29.36, 16
29.37, 17
29.38, 10
29.39, 31
29.4, 29
29.41, 22
29.42, 36
29.43, 33
29.44, 36
29.45, 18
29.46, 30
29.47, 42
29.48, 34
29.49, 39
29.5, 44
29.51, 35
29.52, 58
29.53, 49
29.54, 56
29.55, 64
29.56, 89
29.57, 128
29.58, 173
29.59, 220
29.6, 328
29.61, 569
29.62, 873
29.63, 1000
29.64, 996
29.65, 747
29.66, 524
29.67, 336
29.68, 296
29.69, 328
29.7, 329
29.71, 484
29.72, 586
29.73, 581
29.74, 407
29.75, 247
29.76, 140
29.77, 106
29.78, 61
29.79, 55
29.8, 60
29.81, 33
29.82, 38
29.83, 61
29.84, 34
29.85, 35
29.86, 26
29.87, 22
29.88, 15
29.89, 25
29.9, 25
29.91, 18
29.92, 0
29.93, 6
29.94, 4
29.95, 11
29.96, 0
29.97, 10
29.98, 18
29.99, 22
30, 19
30.01, 13
30.02, 15
30.03, 21
30.04, 22
30.05, 12
30.06, 29
30.07, 15
30.08, 46
30.09, 49
30.1, 33
30.11, 14
30.12, 67
30.13, 68
30.14, 58
30.15, 72
30.16, 59
30.17, 73
30.18, 26
30.19, 50
30.2, 57
30.21, 42
30.22, 42
30.23, 54
30.24, 17
30.25, 43
30.26, 8
30.27, 21
30.28, 35
30.29, 4
30.3, 4
30.31, 22
30.32, 9
30.33, 10
30.34, 26
30.35, 22
30.36, 13
30.37, 4
30.38, 7
30.39, 18
30.4, 14
30.41, 4
30.42, 20
30.43, 14
30.44, 0
30.45, 26
30.46, 4
30.47, 15
30.48, 0
30.49, 18
30.5, 8
30.51, 9
30.52, 5
30.53, 4
30.54, 7
30.55, 6
30.56, 0
30.57, 3
30.58, 11
30.59, 5
30.6, 9
30.61, 3
30.62, 21
30.63, 2
30.64, 0
30.65, 1
30.66, 23
30.67, 19
30.68, 21
30.69, 2
30.7, 8
30.71, 12
30.72, 17
30.73, 3
30.74, 22
30.75, 22
30.76, 16
30.77, 10
30.78, 18
30.79, 34
30.8, 30
30.81, 19
30.82, 19
30.83, 27
30.84, 8
30.85, 37
30.86, 5
30.87, 23
30.88, 7
30.89, 11
30.9, 10
30.91, 12
30.92, 0
30.93, 4
30.94, 16
30.95, 2
30.96, 19
30.97, 21
30.98, 1
30.99, 21
31, 23
31.01, 24
31.02, 2
31.03, 4
31.04, 1
31.05, 10
31.06, 18
31.07, 22
31.08, 3
31.09, 1
31.1, 21
31.11, 15
31.12, 29
31.13, 5
31.14, 9
31.15, 6
31.16, 12
31.17, 5
31.18, 14
31.19, 18
31.2, 22
31.21, 30
31.22, 25
31.23, 8
31.24, 9
31.25, 5
31.26, 13
31.27, 11
31.28, 15
31.29, 18
31.3, 4
31.31, 11
31.32, 17
31.33, 24
31.34, 26
31.35, 59
31.36, 59
31.37, 100
31.38, 96
31.39, 94
31.4, 76
31.41, 60
31.42, 39
31.43, 44
31.44, 31
31.45, 28
31.46, 35
31.47, 48
31.48, 63
31.49, 57
31.5, 17
31.51, 29
31.52, 44
31.53, 31
31.54, 12
31.55, 13
31.56, 15
31.57, 21
31.58, 11
31.59, 14
31.6, 28
31.61, 14
31.62, 25
31.63, 20
31.64, 3
31.65, 21
31.66, 5
31.67, 22
31.68, 36
31.69, 0
31.7, 21
31.71, 10
31.72, 23
31.73, 22
31.74, 16
31.75, 1
31.76, 14
31.77, 17
31.78, 24
31.79, 8
31.8, 9
31.81, 20
31.82, 17
31.83, 26
31.84, 19
31.85, 18
31.86, 7
31.87, 13
31.88, 7
31.89, 0
31.9, 26
31.91, 13
31.92, 1
31.93, 14
31.94, 6
31.95, 6
31.96, 15
31.97, 15
31.98, 2
31.99, 25
32, 23
32.01, 9
32.02, 29
32.03, 19
32.04, 9
32.05, 19
32.06, 21
32.07, 2
32.08, 24
32.09, 15
32.1, 10
32.11, 22
32.12, 12
32.13, 5
32.14, 20
32.15, 11
32.16, 20
32.17, 11
32.18, 8
32.19, 13
32.2, 22
32.21, 14
32.22, 29
32.23, 25
32.24, 17
32.25, 27
32.26, 12
32.27, 14
32.28, 8
32.29, 16
32.3, 9
32.31, 21
32.32, 6
32.33, 21
32.34, 11
32.35, 16
32.36, 3
32.37, 15
32.38, 12
32.39, 0
32.4, 8
32.41, 15
32.42, 14
32.43, 0
32.44, 19
32.45, 8
32.46, 15
32.47, 28
32.48, 29
32.49, 27
32.5, 12
32.51, 4
32.52, 24
32.53, 15
32.54, 15
32.55, 24
32.56, 15
32.57, 6
32.58, 2
32.59, 31
32.6, 13
32.61, 8
32.62, 24
32.63, 9
32.64, 10
32.65, 11
32.66, 36
32.67, 36
32.68, 47
32.69, 7
32.7, 7
32.71, 27
32.72, 15
32.73, 8
32.74, 12
32.75, 19
32.76, 1
32.77, 11
32.78, 35
32.79, 28
32.8, 35
32.81, 5
32.82, 26
32.83, 27
32.84, 6
32.85, 20
32.86, 17
32.87, 40
32.88, 28
32.89, 29
32.9, 31
32.91, 14
32.92, 20
32.93, 29
32.94, 34
32.95, 26
32.96, 25
32.97, 14
32.98, 22
32.99, 25
33, 34
33.01, 68
33.02, 69
33.03, 68
33.04, 98
33.05, 160
33.06, 225
33.07, 231
33.08, 220
33.09, 118
33.1, 98
33.11, 65
33.12, 61
33.13, 75
33.14, 67
33.15, 85
33.16, 140
33.17, 97
33.18, 75
33.19, 66
33.2, 27
33.21, 44
33.22, 16
33.23, 15
33.24, 15
33.25, 8
33.26, 26
33.27, 18
33.28, 11
33.29, 32
33.3, 20
33.31, 25
33.32, 26
33.33, 23
33.34, 13
33.35, 12
33.36, 3
33.37, 0
33.38, 1
33.39, 8
33.4, 26
33.41, 4
33.42, 31
33.43, 6
33.44, 7
33.45, 30
33.46, 8
33.47, 8
33.48, 31
33.49, 14
33.5, 13
33.51, 26
33.52, 18
33.53, 29
33.54, 17
33.55, 10
33.56, 22
33.57, 11
33.58, 6
33.59, 20
33.6, 9
33.61, 3
33.62, 20
33.63, 2
33.64, 14
33.65, 12
33.66, 4
33.67, 0
33.68, 0
33.69, 14
33.7, 27
33.71, 18
33.72, 2
33.73, 28
33.74, 20
33.75, 10
33.76, 8
33.77, 20
33.78, 10
33.79, 13
33.8, 11
33.81, 4
33.82, 9
33.83, 9
33.84, 27
33.85, 13
33.86, 10
33.87, 20
33.88, 2
33.89, 3
33.9, 11
33.91, 2
33.92, 6
33.93, 10
33.94, 15
33.95, 9
33.96, 5
33.97, 27
33.98, 16
33.99, 8
34, 6
34.01, 5
34.02, 26
34.03, 16
34.04, 5
34.05, 4
34.06, 24
34.07, 15
34.08, 7
34.09, 14
34.1, 0
34.11, 26
34.12, 10
34.13, 12
34.14, 8
34.15, 0
34.16, 21
34.17, 5
34.18, 9
34.19, 7
34.2, 19
34.21, 33
34.22, 19
34.23, 7
34.24, 20
34.25, 21
34.26, 31
34.27, 7
34.28, 7
34.29, 8
34.3, 5
34.31, 0
34.32, 1
34.33, 5
34.34, 0
34.35, 23
34.36, 9
34.37, 4
34.38, 7
34.39, 10
34.4, 14
34.41, 21
34.42, 7
34.43, 32
34.44, 18
34.45, 12
34.46, 16
34.47, 28
34.48, 13
34.49, 20
34.5, 1
34.51, 22
34.52, 0
34.53, 17
34.54, 17
34.55, 26
34.56, 9
34.57, 37
34.58, 10
34.59, 18
34.6, 50
34.61, 14
34.62, 17
34.63, 38
34.64, 25
34.65, 71
34.66, 102
34.67, 144
34.68, 171
34.69, 174
34.7, 158
34.71, 102
34.72, 71
34.73, 37
34.74, 54
34.75, 58
34.76, 56
34.77, 85
34.78, 95
34.79, 103
34.8, 93
34.81, 55
34.82, 20
34.83, 12
34.84, 19
34.85, 28
34.86, 11
34.87, 23
34.88, 1
34.89, 3
34.9, 12
34.91, 6
34.92, 10
34.93, 9
34.94, 5
34.95, 24
34.96, 22
34.97, 11
34.98, 21
34.99, 10
35, 6
35.01, 8
35.02, 4
35.03, 36
35.04, 18
35.05, 10
35.06, 18
35.07, 23
35.08, 24
35.09, 4
35.1, 27
35.11, 33
35.12, 13
35.13, 34
35.14, 18
35.15, 10
35.16, 6
35.17, 15
35.18, 12
35.19, 16
35.2, 38
35.21, 0
35.22, 5
35.23, 27
35.24, 12
35.25, 8
35.26, 27
35.27, 14
35.28, 32
35.29, 7
35.3, 8
35.31, 20
35.32, 15
35.33, 17
35.34, 6
35.35, 2
35.36, 5
35.37, 18
35.38, 32
35.39, 21
35.4, 3
35.41, 23
35.42, 10
35.43, 29
35.44, 11
35.45, 3
35.46, 4
35.47, 8
35.48, 20
35.49, 6
35.5, 6
35.51, 2
35.52, 13
35.53, 22
35.54, 13
35.55, 13
35.56, 4
35.57, 17
35.58, 20
35.59, 29
35.6, 21
35.61, 16
35.62, 20
35.63, 6
35.64, 13
35.65, 21
35.66, 2
35.67, 12
35.68, 28
35.69, 8
35.7, 36
35.71, 13
35.72, 21
35.73, 15
35.74, 15
35.75, 25
35.76, 19
35.77, 21
35.78, 13
35.79, 12
35.8, 5
35.81, 21
35.82, 34
35.83, 16
35.84, 13
35.85, 17
35.86, 9
35.87, 3
35.88, 19
35.89, 32
35.9, 20
35.91, 16
35.92, 15
35.93, 13
35.94, 41
35.95, 19
35.96, 21
35.97, 25
35.98, 19
35.99, 6
36, 15
36.01, 15
36.02, 17
36.03, 24
36.04, 39
36.05, 8
36.06, 19
36.07, 23
36.08, 10
36.09, 15
36.1, 12
36.11, 11
36.12, 3
36.13, 10
36.14, 19
36.15, 11
36.16, 8
36.17, 26
36.18, 13
36.19, 11
36.2, 34
36.21, 10
36.22, 4
36.23, 20
36.24, 21
36.25, 16
36.26, 8
36.27, 16
36.28, 25
36.29, 18
36.3, 31
36.31, 7
36.32, 3
36.33, 17
36.34, 29
36.35, 17
36.36, 17
36.37, 1
36.38, 10
36.39, 25
36.4, 20
36.41, 6
36.42, 19
36.43, 14
36.44, 10
36.45, 1
36.46, 27
36.47, 16
36.48, 34
36.49, 15
36.5, 8
36.51, 18
36.52, 25
36.53, 28
36.54, 3
36.55, 7
36.56, 3
36.57, 8
36.58, 7
36.59, 20
36.6, 40
36.61, 23
36.62, 13
36.63, 12
36.64, 11
36.65, 6
36.66, 15
36.67, 2
36.68, 1
36.69, 11
36.7, 7
36.71, 7
36.72, 13
36.73, 2
36.74, 21
36.75, 24
36.76, 12
36.77, 29
36.78, 12
36.79, 25
36.8, 14
36.81, 12
36.82, 20
36.83, 1
36.84, 10
36.85, 6
36.86, 16
36.87, 18
36.88, 9
36.89, 17
36.9, 10
36.91, 29
36.92, 10
36.93, 32
36.94, 9
36.95, 18
36.96, 24
36.97, 12
36.98, 8
36.99, 4
37, 16
37.01, 17
37.02, 7
37.03, 20
37.04, 6
37.05, 24
37.06, 17
37.07, 5
37.08, 1
37.09, 14
37.1, 18
37.11, 18
37.12, 1
37.13, 7
37.14, 22
37.15, 14
37.16, 7
37.17, 26
37.18, 11
37.19, 21
37.2, 18
37.21, 16
37.22, 23
37.23, 12
37.24, 3
37.25, 3
37.26, 28
37.27, 15
37.28, 19
37.29, 7
37.3, 13
37.31, 9
37.32, 16
37.33, 8
37.34, 23
37.35, 18
37.36, 18
37.37, 26
37.38, 13
37.39, 4
37.4, 8
37.41, 9
37.42, 0
37.43, 10
37.44, 19
37.45, 13
37.46, 12
37.47, 8
37.48, 15
37.49, 17
37.5, 20
37.51, 20
37.52, 3
37.53, 7
37.54, 6
37.55, 12
37.56, 9
37.57, 15
37.58, 2
37.59, 27
37.6, 22
37.61, 7
37.62, 26
37.63, 8
37.64, 4
37.65, 14
37.66, 34
37.67, 28
37.68, 2
37.69, 24
37.7, 47
37.71, 16
37.72, 57
37.73, 68
37.74, 67
37.75, 141
37.76, 170
37.77, 224
37.78, 154
37.79, 113
37.8, 63
37.81, 50
37.82, 37
37.83, 42
37.84, 32
37.85, 61
37.86, 71
37.87, 105
37.88, 74
37.89, 77
37.9, 60
37.91, 35
37.92, 48
37.93, 46
37.94, 21
37.95, 32
37.96, 4
37.97, 37
37.98, 1
37.99, 6
38, 11
38.01, 17
38.02, 14
38.03, 18
38.04, 16
38.05, 15
38.06, 20
38.07, 1
38.08, 12
38.09, 19
38.1, 7
38.11, 34
38.12, 16
38.13, 22
38.14, 21
38.15, 15
38.16, 3
38.17, 10
38.18, 24
38.19, 7
38.2, 17
38.21, 22
38.22, 22
38.23, 30
38.24, 3
38.25, 7
38.26, 14
38.27, 16
38.28, 32
38.29, 25
38.3, 53
38.31, 20
38.32, 34
38.33, 37
38.34, 51
38.35, 31
38.36, 21
38.37, 22
38.38, 19
38.39, 29
38.4, 20
38.41, 30
38.42, 25
38.43, 24
38.44, 26
38.45, 9
38.46, 11
38.47, 43
38.48, 16
38.49, 30
38.5, 14
38.51, 26
38.52, 28
38.53, 9
38.54, 19
38.55, 10
38.56, 24
38.57, 38
38.58, 27
38.59, 16
38.6, 15
38.61, 8
38.62, 20
38.63, 17
38.64, 22
38.65, 9
38.66, 19
38.67, 25
38.68, 11
38.69, 19
38.7, 8
38.71, 3
38.72, 19
38.73, 34
38.74, 28
38.75, 12
38.76, 10
38.77, 20
38.78, 8
38.79, 17
38.8, 8
38.81, 2
38.82, 35
38.83, 0
38.84, 1
38.85, 12
38.86, 0
38.87, 9
38.88, 14
38.89, 35
38.9, 37
38.91, 2
38.92, 30
38.93, 0
38.94, 0
38.95, 33
38.96, 33
38.97, 14
38.98, 10
38.99, 17
39, 20
39.01, 9
39.02, 19
39.03, 14
39.04, 15
39.05, 4
39.06, 28
39.07, 3
39.08, 38
39.09, 6
39.1, 21
39.11, 10
39.12, 10
39.13, 21
39.14, 23
39.15, 40
39.16, 35
39.17, 13
39.18, 9
39.19, 16
39.2, 20
39.21, 18
39.22, 24
39.23, 51
39.24, 43
39.25, 28
39.26, 26
39.27, 46
39.28, 37
39.29, 32
39.3, 1
39.31, 23
39.32, 16
39.33, 25
39.34, 37
39.35, 28
39.36, 20
39.37, 41
39.38, 19
39.39, 25
39.4, 43
39.41, 11
39.42, 12
39.43, 7
39.44, 9
39.45, 23
39.46, 8
39.47, 15
39.48, 10
39.49, 6
39.5, 27
39.51, 7
39.52, 14
39.53, 16
39.54, 13
39.55, 2
39.56, 14
39.57, 26
39.58, 15
39.59, 4
39.6, 5
39.61, 19
39.62, 20
39.63, 11
39.64, 22
39.65, 19
39.66, 25
39.67, 4
39.68, 8
39.69, 10
39.7, 19
39.71, 24
39.72, 21
39.73, 0
39.74, 6
39.75, 11
39.76, 34
39.77, 28
39.78, 15
39.79, 6
39.8, 0
39.81, 8
39.82, 18
39.83, 35
39.84, 13
39.85, 19
39.86, 16
39.87, 5
39.88, 31
39.89, 16
39.9, 14
39.91, 1
39.92, 9
39.93, 24
39.94, 11
39.95, 0
39.96, 29
39.97, 4
39.98, 18
39.99, 9
40, 27
40.01, 38
40.02, 44
40.03, 35
40.04, 17
40.05, 17
40.06, 28
40.07, 19
40.08, 11
40.09, 9
40.1, 28
40.11, 20
40.12, 34
40.13, 13
40.14, 7
40.15, 27
40.16, 14
40.17, 28
40.18, 6
40.19, 26
40.2, 18
40.21, 15
40.22, 5
40.23, 11
40.24, 21
40.25, 3
40.26, 3
40.27, 13
40.28, 12
40.29, 10
40.3, 38
40.31, 23
40.32, 24
40.33, 0
40.34, 22
40.35, 34
40.36, 23
40.37, 10
40.38, 12
40.39, 7
40.4, 24
40.41, 17
40.42, 24
40.43, 18
40.44, 11
40.45, 34
40.46, 1
40.47, 15
40.48, 14
40.49, 23
40.5, 23
40.51, 28
40.52, 29
40.53, 11
40.54, 19
40.55, 15
40.56, 27
40.57, 20
40.58, 22
40.59, 0
40.6, 20
40.61, 26
40.62, 2
40.63, 24
40.64, 19
40.65, 24
40.66, 7
40.67, 11
40.68, 30
40.69, 12
40.7, 13
40.71, 17
40.72, 6
40.73, 7
40.74, 6
40.75, 18
40.76, 3
40.77, 6
40.78, 32
40.79, 31
40.8, 9
40.81, 38
40.82, 13
40.83, 10
40.84, 2
40.85, 21
40.86, 0
40.87, 5
40.88, 19
40.89, 17
40.9, 14
40.91, 13
40.92, 25
40.93, 8
40.94, 23
40.95, 3
40.96, 15
40.97, 23
40.98, 21
40.99, 0
41, 18
41.01, 14
41.02, 28
41.03, 21
41.04, 13
41.05, 26
41.06, 24
41.07, 16
41.08, 22
41.09, 21
41.1, 8
41.11, 16
41.12, 6
41.13, 20
41.14, 23
41.15, 33
41.16, 20
41.17, 22
41.18, 14
41.19, 7
41.2, 13
41.21, 21
41.22, 17
41.23, 9
41.24, 30
41.25, 20
41.26, 26
41.27, 19
41.28, 16
41.29, 9
41.3, 5
41.31, 30
41.32, 4
41.33, 24
41.34, 13
41.35, 16
41.36, 18
41.37, 22
41.38, 27
41.39, 28
41.4, 21
41.41, 17
41.42, 15
41.43, 11
41.44, 7
41.45, 14
41.46, 11
41.47, 22
41.48, 24
41.49, 32
41.5, 26
41.51, 22
41.52, 12
41.53, 18
41.54, 17
41.55, 3
41.56, 15
41.57, 16
41.58, 4
41.59, 15
41.6, 23
41.61, 15
41.62, 14
41.63, 25
41.64, 18
41.65, 4
41.66, 26
41.67, 3
41.68, 32
41.69, 18
41.7, 9
41.71, 17
41.72, 0
41.73, 7
41.74, 5
41.75, 12
41.76, 24
41.77, 13
41.78, 11
41.79, 12
41.8, 9
41.81, 27
41.82, 24
41.83, 9
41.84, 0
41.85, 10
41.86, 23
41.87, 10
41.88, 32
41.89, 14
41.9, 6
41.91, 26
41.92, 7
41.93, 15
41.94, 16
41.95, 3
41.96, 16
41.97, 35
41.98, 0
41.99, 20
42, 14
42.01, 15
42.02, 22
42.03, 11
42.04, 8
42.05, 22
42.06, 15
42.07, 21
42.08, 10
42.09, 0
42.1, 18
42.11, 13
42.12, 10
42.13, 16
42.14, 8
42.15, 11
42.16, 11
42.17, 27
42.18, 6
42.19, 7
42.2, 42
42.21, 10
42.22, 17
42.23, 2
42.24, 1
42.25, 2
42.26, 24
42.27, 2
42.28, 28
42.29, 28
42.3, 2
42.31, 4
42.32, 24
42.33, 5
42.34, 0
42.35, 21
42.36, 30
42.37, 24
42.38, 8
42.39, 1
42.4, 11
42.41, 4
42.42, 4
42.43, 12
42.44, 1
42.45, 20
42.46, 21
42.47, 12
42.48, 17
42.49, 30
42.5, 11
42.51, 29
42.52, 6
42.53, 20
42.54, 24
42.55, 17
42.56, 23
42.57, 7
42.58, 0
42.59, 18
42.6, 7
42.61, 40
42.62, 2
42.63, 26
42.64, 1
42.65, 14
42.66, 19
42.67, 16
42.68, 9
42.69, 6
42.7, 16
42.71, 16
42.72, 16
42.73, 16
42.74, 20
42.75, 2
42.76, 12
42.77, 35
42.78, 5
42.79, 2
42.8, 12
42.81, 12
42.82, 4
42.83, 8
42.84, 1
42.85, 16
42.86, 30
42.87, 0
42.88, 14
42.89, 25
42.9, 12
42.91, 18
42.92, 6
42.93, 10
42.94, 2
42.95, 8
42.96, 10
42.97, 4
42.98, 5
42.99, 0
43, 28
43.01, 29
43.02, 35
43.03, 23
43.04, 9
43.05, 6
43.06, 4
43.07, 9
43.08, 30
43.09, 3
43.1, 1
43.11, 10
43.12, 6
43.13, 30
43.14, 13
43.15, 3
43.16, 8
43.17, 15
43.18, 20
43.19, 16
43.2, 12
43.21, 36
43.22, 4
43.23, 19
43.24, 17
43.25, 34
43.26, 23
43.27, 19
43.28, 12
43.29, 16
43.3, 18
43.31, 28
43.32, 18
43.33, 18
43.34, 36
43.35, 2
43.36, 34
43.37, 36
43.38, 19
43.39, 40
43.4, 26
43.41, 46
43.42, 84
43.43, 122
43.44, 168
43.45, 218
43.46, 210
43.47, 170
43.48, 127
43.49, 77
43.5, 53
43.51, 43
43.52, 57
43.53, 30
43.54, 53
43.55, 68
43.56, 95
43.57, 77
43.58, 124
43.59, 113
43.6, 89
43.61, 83
43.62, 44
43.63, 44
43.64, 38
43.65, 22
43.66, 3
43.67, 19
43.68, 15
43.69, 12
43.7, 2
43.71, 24
43.72, 9
43.73, 23
43.74, 10
43.75, 5
43.76, 29
43.77, 8
43.78, 10
43.79, 15
43.8, 16
43.81, 12
43.82, 13
43.83, 10
43.84, 9
43.85, 0
43.86, 10
43.87, 32
43.88, 13
43.89, 26
43.9, 8
43.91, 15
43.92, 2
43.93, 4
43.94, 13
43.95, 1
43.96, 2
43.97, 14
43.98, 15
43.99, 4
44, 5
44.01, 15
44.02, 35
44.03, 26
44.04, 17
44.05, 29
44.06, 32
44.07, 12
44.08, 24
44.09, 3
44.1, 19
44.11, 20
44.12, 22
44.13, 18
44.14, 8
44.15, 22
44.16, 11
44.17, 13
44.18, 14
44.19, 20
44.2, 1
44.21, 7
44.22, 14
44.23, 16
44.24, 26
44.25, 7
44.26, 18
44.27, 1
44.28, 10
44.29, 1
44.3, 28
44.31, 10
44.32, 35
44.33, 11
44.34, 16
44.35, 30
44.36, 21
44.37, 10
44.38, 27
44.39, 15
44.4, 16
44.41, 18
44.42, 4
44.43, 32
44.44, 7
44.45, 16
44.46, 24
44.47, 15
44.48, 4
44.49, 1
44.5, 29
44.51, 16
44.52, 20
44.53, 25
44.54, 37
44.55, 21
44.56, 0
44.57, 8
44.58, 2
44.59, 10
44.6, 9
44.61, 27
44.62, 16
44.63, 17
44.64, 15
44.65, 17
44.66, 6
44.67, 12
44.68, 10
44.69, 29
44.7, 25
44.71, 28
44.72, 1
44.73, 24
44.74, 20
44.75, 0
44.76, 24
44.77, 27
44.78, 20
44.79, 46
44.8, 38
44.81, 44
44.82, 15
44.83, 24
44.84, 4
44.85, 27
44.86, 19
44.87, 3
44.88, 18
44.89, 21
44.9, 6
44.91, 8
44.92, 20
44.93, 21
44.94, 40
44.95, 24
44.96, 20
44.97, 13
44.98, 10
44.99, 13
45, 5
45.01, 29
45.02, 4
45.03, 27
45.04, 19
45.05, 16
45.06, 9
45.07, 17
45.08, 24
45.09, 33
45.1, 2
45.11, 16
45.12, 31
45.13, 13
45.14, 11
45.15, 14
45.16, 20
45.17, 18
45.18, 34
45.19, 17
45.2, 26
45.21, 26
45.22, 16
45.23, 2
45.24, 24
45.25, 16
45.26, 22
45.27, 18
45.28, 15
45.29, 16
45.3, 18
45.31, 14
45.32, 13
45.33, 9
45.34, 15
45.35, 22
45.36, 14
45.37, 11
45.38, 34
45.39, 8
45.4, 9
45.41, 14
45.42, 27
45.43, 20
45.44, 20
45.45, 14
45.46, 13
45.47, 14
45.48, 1
45.49, 12
45.5, 30
45.51, 5
45.52, 14
45.53, 23
45.54, 20
45.55, 11
45.56, 11
45.57, 16
45.58, 22
45.59, 6
45.6, 15
45.61, 25
45.62, 19
45.63, 16
45.64, 16
45.65, 4
45.66, 2
45.67, 11
45.68, 9
45.69, 12
45.7, 18
45.71, 19
45.72, 23
45.73, 20
45.74, 21
45.75, 6
45.76, 28
45.77, 22
45.78, 6
45.79, 6
45.8, 0
45.81, 21
45.82, 15
45.83, 4
45.84, 21
45.85, 0
45.86, 6
45.87, 26
45.88, 9
45.89, 1
45.9, 23
45.91, 13
45.92, 22
45.93, 17
45.94, 13
45.95, 0
45.96, 25
45.97, 32
45.98, 11
45.99, 18
46, 17
46.01, 28
46.02, 4
46.03, 19
46.04, 15
46.05, 34
46.06, 5
46.07, 27
46.08, 9
46.09, 4
46.1, 5
46.11, 24
46.12, 21
46.13, 4
46.14, 22
46.15, 12
46.16, 19
46.17, 18
46.18, 4
46.19, 3
46.2, 13
46.21, 0
46.22, 16
46.23, 13
46.24, 11
46.25, 19
46.26, 18
46.27, 21
46.28, 0
46.29, 22
46.3, 11
46.31, 29
46.32, 23
46.33, 10
46.34, 10
46.35, 7
46.36, 4
46.37, 21
46.38, 5
46.39, 23
46.4, 33
46.41, 20
46.42, 24
46.43, 15
46.44, 3
46.45, 33
46.46, 10
46.47, 14
46.48, 22
46.49, 4
46.5, 0
46.51, 9
46.52, 28
46.53, 25
46.54, 22
46.55, 25
46.56, 28
46.57, 35
46.58, 9
46.59, 24
46.6, 14
46.61, 23
46.62, 25
46.63, 19
46.64, 18
46.65, 11
46.66, 18
46.67, 20
46.68, 14
46.69, 10
46.7, 17
46.71, 24
46.72, 20
46.73, 5
46.74, 6
46.75, 17
46.76, 28
46.77, 1
46.78, 21
46.79, 11
46.8, 39
46.81, 5
46.82, 9
46.83, 24
46.84, 10
46.85, 8
46.86, 29
46.87, 18
46.88, 10
46.89, 25
46.9, 38
46.91, 4
46.92, 9
46.93, 6
46.94, 10
46.95, 25
46.96, 2
46.97, 1
46.98, 5
46.99, 6
47, 25
47.01, 7
47.02, 1
47.03, 29
47.04, 15
47.05, 19
47.06, 11
47.07, 0
47.08, 9
47.09, 3
47.1, 4
47.11, 0
47.12, 19
47.13, 28
47.14, 2
47.15, 21
47.16, 20
47.17, 18
47.18, 16
47.19, 30
47.2, 25
47.21, 10
47.22, 26
47.23, 0
47.24, 6
47.25, 12
47.26, 24
47.27, 11
47.28, 2
47.29, 9
47.3, 21
47.31, 17
47.32, 20
47.33, 9
47.34, 19
47.35, 22
47.36, 15
47.37, 34
47.38, 34
47.39, 1
47.4, 3
47.41, 7
47.42, 15
47.43, 5
47.44, 27
47.45, 1
47.46, 13
47.47, 32
47.48, 21
47.49, 22
47.5, 18
47.51, 15
47.52, 17
47.53, 34
47.54, 34
47.55, 23
47.56, 26
47.57, 23
47.58, 16
47.59, 5
47.6, 9
47.61, 32
47.62, 6
47.63, 30
47.64, 17
47.65, 28
47.66, 7
47.67, 36
47.68, 8
47.69, 34
47.7, 8
47.71, 28
47.72, 6
47.73, 11
47.74, 33
47.75, 16
47.76, 19
47.77, 13
47.78, 15
47.79, 15
47.8, 14
47.81, 3
47.82, 27
47.83, 27
47.84, 15
47.85, 13
47.86, 3
47.87, 13
47.88, 20
47.89, 7
47.9, 6
47.91, 8
47.92, 12
47.93, 17
47.94, 7
47.95, 6
47.96, 11
47.97, 11
47.98, 6
47.99, 6
48, 9
48.01, 16
48.02, 26
48.03, 16
48.04, 1
48.05, 6
48.06, 6
48.07, 16
48.08, 21
48.09, 11
48.1, 12
48.11, 26
48.12, 5
48.13, 10
48.14, 7
48.15, 32
48.16, 6
48.17, 12
48.18, 25
48.19, 18
48.2, 3
48.21, 21
48.22, 25
48.23, 18
48.24, 14
48.25, 28
48.26, 19
48.27, 49
48.28, 18
48.29, 23
48.3, 0
48.31, 22
48.32, 20
48.33, 20
48.34, 4
48.35, 6
48.36, 15
48.37, 28
48.38, 21
48.39, 15
48.4, 41
48.41, 0
48.42, 10
48.43, 14
48.44, 13
48.45, 17
48.46, 19
48.47, 10
48.48, 32
48.49, 14
48.5, 14
48.51, 26
48.52, 23
48.53, 12
48.54, 25
48.55, 7
48.56, 10
48.57, 1
48.58, 22
48.59, 5
48.6, 11
48.61, 26
48.62, 8
48.63, 16
48.64, 0
48.65, 12
48.66, 17
48.67, 22
48.68, 25
48.69, 12
48.7, 16
48.71, 16
48.72, 18
48.73, 6
48.74, 7
48.75, 18
48.76, 12
48.77, 3
48.78, 24
48.79, 18
48.8, 15
48.81, 7
48.82, 7
48.83, 15
48.84, 14
48.85, 25
48.86, 27
48.87, 12
48.88, 24
48.89, 10
48.9, 14
48.91, 13
48.92, 0
48.93, 13
48.94, 9
48.95, 15
48.96, 8
48.97, 6
48.98, 12
48.99, 27
49, 15
49.01, 13
49.02, 4
49.03, 4
49.04, 36
49.05, 19
49.06, 13
49.07, 5
49.08, 8
49.09, 12
49.1, 19
49.11, 7
49.12, 23
49.13, 7
49.14, 19
49.15, 12
49.16, 17
49.17, 8
49.18, 18
49.19, 26
49.2, 5
49.21, 11
49.22, 16
49.23, 12
49.24, 12
49.25, 13
49.26, 7
49.27, 21
49.28, 11
49.29, 3
49.3, 7
49.31, 16
49.32, 0
49.33, 18
49.34, 0
49.35, 8
49.36, 8
49.37, 11
49.38, 12
49.39, 15
49.4, 27
49.41, 8
49.42, 4
49.43, 5
49.44, 4
49.45, 35
49.46, 27
49.47, 8
49.48, 23
49.49, 13
49.5, 7
49.51, 31
49.52, 8
49.53, 7
49.54, 11
49.55, 11
49.56, 12
49.57, 13
49.58, 15
49.59, 7
49.6, 17
49.61, 3
49.62, 27
49.63, 11
49.64, 22
49.65, 14
49.66, 0
49.67, 35
49.68, 16
49.69, 12
49.7, 16
49.71, 16
49.72, 10
49.73, 17
49.74, 17
49.75, 13
49.76, 2
49.77, 17
49.78, 27
49.79, 3
49.8, 2
49.81, 15
49.82, 25
49.83, 7
49.84, 26
49.85, 7
49.86, 10
49.87, 19
49.88, 41
49.89, 34
49.9, 60
49.91, 86
49.92, 99
49.93, 145
49.94, 126
49.95, 97
49.96, 64
49.97, 60
49.98, 15
49.99, 46
50, 47
50.01, 48
50.02, 19
50.03, 35
50.04, 66
50.05, 33
50.06, 72
50.07, 84
50.08, 66
50.09, 67
50.1, 34
50.11, 48
50.12, 32
50.13, 31
50.14, 15
50.15, 37
50.16, 18
50.17, 15
50.18, 30
50.19, 21
50.2, 27
50.21, 22
50.22, 21
50.23, 9
50.24, 18
50.25, 9
50.26, 30
50.27, 13
50.28, 2
50.29, 7
50.3, 2
50.31, 6
50.32, 20
50.33, 22
50.34, 5
50.35, 22
50.36, 15
50.37, 21
50.38, 28
50.39, 0
50.4, 1
50.41, 22
50.42, 11
50.43, 9
50.44, 30
50.45, 15
50.46, 21
50.47, 9
50.48, 32
50.49, 9
50.5, 2
50.51, 18
50.52, 3
50.53, 23
50.54, 17
50.55, 9
50.56, 10
50.57, 38
50.58, 28
50.59, 10
50.6, 0
50.61, 4
50.62, 27
50.63, 0
50.64, 5
50.65, 19
50.66, 19
50.67, 23
50.68, 30
50.69, 9
50.7, 20
50.71, 19
50.72, 11
50.73, 20
50.74, 9
50.75, 3
50.76, 2
50.77, 17
50.78, 8
50.79, 4
50.8, 16
50.81, 1
50.82, 9
50.83, 38
50.84, 14
50.85, 30
50.86, 8
50.87, 2
50.88, 15
50.89, 9
50.9, 17
50.91, 8
50.92, 5
50.93, 20
50.94, 14
50.95, 20
50.96, 15
50.97, 19
50.98, 18
50.99, 11
51, 11
51.01, 0
51.02, 2
51.03, 12
51.04, 17
51.05, 15
51.06, 26
51.07, 8
51.08, 26
51.09, 11
51.1, 17
51.11, 25
51.12, 6
51.13, 11
51.14, 29
51.15, 2
51.16, 13
51.17, 9
51.18, 26
51.19, 13
51.2, 4
51.21, 13
51.22, 11
51.23, 18
51.24, 14
51.25, 17
51.26, 18
51.27, 21
51.28, 10
51.29, 17
51.3, 4
51.31, 1
51.32, 11
51.33, 24
51.34, 2
51.35, 22
51.36, 5
51.37, 0
51.38, 35
51.39, 14
51.4, 21
51.41, 22
51.42, 21
51.43, 5
51.44, 14
51.45, 10
51.46, 23
51.47, 24
51.48, 15
51.49, 2
51.5, 6
51.51, 13
51.52, 13
51.53, 14
51.54, 26
51.55, 17
51.56, 18
51.57, 20
51.58, 33
51.59, 11
51.6, 15
51.61, 13
51.62, 1
51.63, 4
51.64, 3
51.65, 5
51.66, 0
51.67, 13
51.68, 11
51.69, 3
51.7, 20
51.71, 6
51.72, 2
51.73, 3
51.74, 0
51.75, 7
51.76, 17
51.77, 16
51.78, 21
51.79, 11
51.8, 8
51.81, 24
51.82, 7
51.83, 7
51.84, 1
51.85, 14
51.86, 20
51.87, 18
51.88, 15
51.89, 6
51.9, 8
51.91, 20
51.92, 16
51.93, 8
51.94, 8
51.95, 7
51.96, 12
51.97, 3
51.98, 11
51.99, 19
52, 5
52.01, 33
52.02, 17
52.03, 25
52.04, 11
52.05, 6
52.06, 2
52.07, 21
52.08, 8
52.09, 29
52.1, 4
52.11, 25
52.12, 17
52.13, 20
52.14, 6
52.15, 24
52.16, 0
52.17, 14
52.18, 32
52.19, 13
52.2, 21
52.21, 3
52.22, 33
52.23, 24
52.24, 18
52.25, 11
52.26, 16
52.27, 36
52.28, 38
52.29, 32
52.3, 42
52.31, 46
52.32, 49
52.33, 77
52.34, 102
52.35, 149
52.36, 237
52.37, 259
52.38, 281
52.39, 237
52.4, 185
52.41, 118
52.42, 91
52.43, 71
52.44, 51
52.45, 67
52.46, 81
52.47, 54
52.48, 59
52.49, 78
52.5, 114
52.51, 120
52.52, 133
52.53, 183
52.54, 155
52.55, 125
52.56, 87
52.57, 67
52.58, 47
52.59, 56
52.6, 36
52.61, 42
52.62, 25
52.63, 42
52.64, 37
52.65, 41
52.66, 12
52.67, 22
52.68, 19
52.69, 16
52.7, 12
52.71, 6
52.72, 13
52.73, 31
52.74, 19
52.75, 19
52.76, 13
52.77, 10
52.78, 33
52.79, 17
52.8, 20
52.81, 6
52.82, 16
52.83, 22
52.84, 1
52.85, 26
52.86, 13
52.87, 6
52.88, 0
52.89, 15
52.9, 11
52.91, 23
52.92, 13
52.93, 4
52.94, 24
52.95, 14
52.96, 3
52.97, 23
52.98, 11
52.99, 8
53, 9
53.01, 16
53.02, 4
53.03, 18
53.04, 5
53.05, 9
53.06, 23
53.07, 24
53.08, 5
53.09, 21
53.1, 12
53.11, 5
53.12, 15
53.13, 14
53.14, 7
53.15, 3
53.16, 10
53.17, 9
53.18, 4
53.19, 18
53.2, 0
53.21, 17
53.22, 4
53.23, 2
53.24, 3
53.25, 6
53.26, 14
53.27, 1
53.28, 17
53.29, 19
53.3, 2
53.31, 26
53.32, 11
53.33, 17
53.34, 3
53.35, 16
53.36, 10
53.37, 7
53.38, 10
53.39, 6
53.4, 6
53.41, 0
53.42, 22
53.43, 2
53.44, 16
53.45, 8
53.46, 18
53.47, 21
53.48, 17
53.49, 18
53.5, 8
53.51, 11
53.52, 0
53.53, 0
53.54, 16
53.55, 14
53.56, 17
53.57, 28
53.58, 39
53.59, 24
53.6, 0
53.61, 14
53.62, 19
53.63, 19
53.64, 25
53.65, 2
53.66, 11
53.67, 1
53.68, 11
53.69, 5
53.7, 15
53.71, 19
53.72, 48
53.73, 22
53.74, 13
53.75, 25
53.76, 10
53.77, 16
53.78, 17
53.79, 6
53.8, 0
53.81, 5
53.82, 13
53.83, 13
53.84, 25
53.85, 15
53.86, 16
53.87, 21
53.88, 24
53.89, 0
53.9, 14
53.91, 8
53.92, 22
53.93, 7
53.94, 25
53.95, 6
53.96, 4
53.97, 6
53.98, 13
53.99, 8
54, 19
54.01, 17
54.02, 1
54.03, 1
54.04, 16
54.05, 7
54.06, 15
54.07, 17
54.08, 20
54.09, 26
54.1, 20
54.11, 32
54.12, 24
54.13, 7
54.14, 18
54.15, 7
54.16, 8
54.17, 1
54.18, 12
54.19, 22
54.2, 16
54.21, 12
54.22, 16
54.23, 24
54.24, 12
54.25, 22
54.26, 16
54.27, 6
54.28, 19
54.29, 20
54.3, 13
54.31, 18
54.32, 2
54.33, 19
54.34, 3
54.35, 5
54.36, 16
54.37, 9
54.38, 32
54.39, 0
54.4, 17
54.41, 7
54.42, 17
54.43, 3
54.44, 18
54.45, 21
54.46, 15
54.47, 9
54.48, 12
54.49, 27
54.5, 18
54.51, 0
54.52, 15
54.53, 28
54.54, 10
54.55, 29
54.56, 29
54.57, 25
54.58, 31
54.59, 30
54.6, 9
54.61, 16
54.62, 20
54.63, 28
54.64, 18
54.65, 20
54.66, 23
54.67, 37
54.68, 45
54.69, 38
54.7, 54
54.71, 109
54.72, 129
54.73, 162
54.74, 260
54.75, 325
54.76, 391
54.77, 316
54.78, 224
54.79, 146
54.8, 92
54.81, 82
54.82, 52
54.83, 66
54.84, 58
54.85, 42
54.86, 46
54.87, 42
54.88, 71
54.89, 92
54.9, 126
54.91, 154
54.92, 215
54.93, 163
54.94, 141
54.95, 113
54.96, 54
54.97, 62
54.98, 53
54.99, 26
55, 4
55.01, 26
55.02, 46
55.03, 23
55.04, 16
55.05, 22
55.06, 25
55.07, 21
55.08, 18
55.09, 27
55.1, 15
55.11, 0
55.12, 5
55.13, 8
55.14, 11
55.15, 27
55.16, 28
55.17, 12
55.18, 18
55.19, 15
55.2, 3
55.21, 11
55.22, 0
55.23, 20
55.24, 10
55.25, 9
55.26, 1
55.27, 0
55.28, 6
55.29, 10
55.3, 29
55.31, 5
55.32, 14
55.33, 2
55.34, 21
55.35, 22
55.36, 4
55.37, 25
55.38, 30
55.39, 15
55.4, 20
55.41, 9
55.42, 10
55.43, 12
55.44, 13
55.45, 22
55.46, 32
55.47, 19
55.48, 18
55.49, 4
55.5, 18
55.51, 14
55.52, 2
55.53, 24
55.54, 24
55.55, 16
55.56, 20
55.57, 15
55.58, 21
55.59, 7
55.6, 25
55.61, 9
55.62, 6
55.63, 18
55.64, 8
55.65, 8
55.66, 4
55.67, 7
55.68, 3
55.69, 23
55.7, 23
55.71, 10
55.72, 18
55.73, 9
55.74, 9
55.75, 6
55.76, 4
55.77, 7
55.78, 16
55.79, 21
55.8, 13
55.81, 4
55.82, 20
55.83, 13
55.84, 15
55.85, 23
55.86, 14
55.87, 8
55.88, 24
55.89, 30
55.9, 29
55.91, 1
55.92, 29
55.93, 4
55.94, 3
55.95, 19
55.96, 1
55.97, 2
55.98, 19
55.99, 1
56, 5
56.01, 25
56.02, 22
56.03, 5
56.04, 7
56.05, 10
56.06, 29
56.07, 9
56.08, 6
56.09, 20
56.1, 18
56.11, 13
56.12, 23
56.13, 1
56.14, 23
56.15, 13
56.16, 9
56.17, 29
56.18, 16
56.19, 36
56.2, 18
56.21, 7
56.22, 25
56.23, 7
56.24, 24
56.25, 30
56.26, 21
56.27, 14
56.28, 32
56.29, 11
56.3, 20
56.31, 14
56.32, 17
56.33, 22
56.34, 16
56.35, 27
56.36, 3
56.37, 7
56.38, 16
56.39, 27
56.4, 13
56.41, 5
56.42, 3
56.43, 7
56.44, 22
56.45, 24
56.46, 11
56.47, 12
56.48, 4
56.49, 13
56.5, 30
56.51, 26
56.52, 8
56.53, 49
56.54, 1
56.55, 11
56.56, 17
56.57, 22
56.58, 18
56.59, 10
56.6, 13
56.61, 32
56.62, 7
56.63, 18
56.64, 18
56.65, 6
56.66, 19
56.67, 9
56.68, 15
56.69, 18
56.7, 20
56.71, 14
56.72, 27
56.73, 17
56.74, 5
56.75, 24
56.76, 32
56.77, 10
56.78, 24
56.79, 9
56.8, 26
56.81, 2
56.82, 4
56.83, 8
56.84, 14
56.85, 8
56.86, 11
56.87, 29
56.88, 17
56.89, 13
56.9, 24
56.91, 0
56.92, 12
56.93, 16
56.94, 27
56.95, 14
56.96, 21
56.97, 15
56.98, 29
56.99, 28
57, 18
57.01, 0
57.02, 12
57.03, 19
57.04, 12
57.05, 10
57.06, 9
57.07, 4
57.08, 20
57.09, 25
57.1, 28
57.11, 26
57.12, 11
57.13, 13
57.14, 20
57.15, 18
57.16, 3
57.17, 10
57.18, 26
57.19, 19
57.2, 15
57.21, 2
57.22, 7
57.23, 8
57.24, 14
57.25, 11
57.26, 24
57.27, 2
57.28, 9
57.29, 10
57.3, 27
57.31, 10
57.32, 14
57.33, 13
57.34, 27
57.35, 25
57.36, 22
57.37, 20
57.38, 39
57.39, 34
57.4, 18
57.41, 11
57.42, 9
57.43, 20
57.44, 8
57.45, 9
57.46, 14
57.47, 21
57.48, 31
57.49, 2
57.5, 39
57.51, 0
57.52, 18
57.53, 8
57.54, 7
57.55, 12
57.56, 20
57.57, 15
57.58, 1
57.59, 14
57.6, 16
57.61, 28
57.62, 9
57.63, 13
57.64, 14
57.65, 22
57.66, 14
57.67, 18
57.68, 30
57.69, 13
57.7, 8
57.71, 12
57.72, 28
57.73, 12
57.74, 1
57.75, 13
57.76, 42
57.77, 3
57.78, 11
57.79, 24
57.8, 0
57.81, 29
57.82, 23
57.83, 10
57.84, 2
57.85, 17
57.86, 21
57.87, 2
57.88, 24
57.89, 14
57.9, 29
57.91, 25
57.92, 14
57.93, 21
57.94, 7
57.95, 15
57.96, 21
57.97, 14
57.98, 16
57.99, 14
58, 23
58.01, 6
58.02, 5
58.03, 15
58.04, 27
58.05, 16
58.06, 8
58.07, 16
58.08, 13
58.09, 15
58.1, 5
58.11, 22
58.12, 3
58.13, 25
58.14, 17
58.15, 16
58.16, 20
58.17, 1
58.18, 24
58.19, 27
58.2, 5
58.21, 26
58.22, 25
58.23, 0
58.24, 15
58.25, 1
58.26, 21
58.27, 10
58.28, 35
58.29, 17
58.3, 8
58.31, 16
58.32, 12
58.33, 1
58.34, 25
58.35, 15
58.36, 36
58.37, 20
58.38, 20
58.39, 21
58.4, 4
58.41, 28
58.42, 24
58.43, 16
58.44, 8
58.45, 12
58.46, 21
58.47, 18
58.48, 1
58.49, 29
58.5, 3
58.51, 1
58.52, 13
58.53, 1
58.54, 8
58.55, 17
58.56, 5
58.57, 9
58.58, 15
58.59, 27
58.6, 12
58.61, 21
58.62, 4
58.63, 12
58.64, 17
58.65, 7
58.66, 31
58.67, 13
58.68, 8
58.69, 36
58.7, 3
58.71, 24
58.72, 7
58.73, 19
58.74, 33
58.75, 14
58.76, 11
58.77, 1
58.78, 30
58.79, 10
58.8, 21
58.81, 17
58.82, 7
58.83, 25
58.84, 6
58.85, 12
58.86, 7
58.87, 20
58.88, 13
58.89, 5
58.9, 18
58.91, 16
58.92, 16
58.93, 12
58.94, 26
58.95, 27
58.96, 1
58.97, 26
58.98, 12
58.99, 8
59, 16
59.01, 19
59.02, 9
59.03, 5
59.04, 7
59.05, 13
59.06, 16
59.07, 9
59.08, 14
59.09, 17
59.1, 23
59.11, 9
59.12, 14
59.13, 4
59.14, 3
59.15, 19
59.16, 16
59.17, 13
59.18, 10
59.19, 10
59.2, 26
59.21, 22
59.22, 19
59.23, 17
59.24, 25
59.25, 20
59.26, 20
59.27, 17
59.28, 23
59.29, 11
59.3, 27
59.31, 20
59.32, 62
59.33, 37
59.34, 86
59.35, 129
59.36, 94
59.37, 109
59.38, 52
59.39, 50
59.4, 29
59.41, 32
59.42, 42
59.43, 8
59.44, 24
59.45, 24
59.46, 18
59.47, 30
59.48, 33
59.49, 29
59.5, 37
59.51, 38
59.52, 65
59.53, 67
59.54, 52
59.55, 56
59.56, 36
59.57, 28
59.58, 26
59.59, 32
59.6, 21
59.61, 1
59.62, 19
59.63, 8
59.64, 19
59.65, 15
59.66, 17
59.67, 14
59.68, 15
59.69, 5
59.7, 7
59.71, 22
59.72, 20
59.73, 8
59.74, 6
59.75, 16
59.76, 3
59.77, 10
59.78, 8
59.79, 20
59.8, 17
59.81, 12
59.82, 13
59.83, 21
59.84, 10
59.85, 13
59.86, 16
59.87, 1
59.88, 32
59.89, 3
59.9, 11
59.91, 13
59.92, 12
59.93, 19
59.94, 1
59.95, 18
59.96, 1
59.97, 7
59.98, 9
59.99, 5
60, 20
60.01, 6
60.02, 12
60.03, 16
60.04, 10
60.05, 6
60.06, 22
60.07, 42
60.08, 9
60.09, 9
60.1, 13
60.11, 10
60.12, 29
60.13, 18
60.14, 12
60.15, 17
60.16, 1
60.17, 0
60.18, 20
60.19, 9
60.2, 7
60.21, 12
60.22, 26
60.23, 2
60.24, 11
60.25, 12
60.26, 30
60.27, 7
60.28, 10
60.29, 5
60.3, 7
60.31, 11
60.32, 22
60.33, 12
60.34, 24
60.35, 13
60.36, 11
60.37, 1
60.38, 17
60.39, 15
60.4, 17
60.41, 2
60.42, 1
60.43, 19
60.44, 7
60.45, 7
60.46, 20
60.47, 20
60.48, 21
60.49, 21
60.5, 12
60.51, 3
60.52, 13
60.53, 11
60.54, 12
60.55, 25
60.56, 9
60.57, 30
60.58, 1
60.59, 14
60.6, 1
60.61, 6
60.62, 19
60.63, 0
60.64, 20
60.65, 21
60.66, 9
60.67, 14
60.68, 19
60.69, 14
60.7, 14
60.71, 3
60.72, 30
60.73, 15
60.74, 11
60.75, 9
60.76, 21
60.77, 3
60.78, 6
60.79, 25
60.8, 5
60.81, 0
60.82, 11
60.83, 14
60.84, 27
60.85, 1
60.86, 1
60.87, 6
60.88, 1
60.89, 0
60.9, 5
60.91, 24
60.92, 15
60.93, 10
60.94, 0
60.95, 3
60.96, 25
60.97, 0
60.98, 12
60.99, 17
61, 7
61.01, 7
61.02, 10
61.03, 11
61.04, 4
61.05, 4
61.06, 26
61.07, 21
61.08, 4
61.09, 8
61.1, 5
61.11, 10
61.12, 10
61.13, 22
61.14, 30
61.15, 4
61.16, 17
61.17, 10
61.18, 7
61.19, 2
61.2, 11
61.21, 25
61.22, 4
61.23, 0
61.24, 5
61.25, 3
61.26, 2
61.27, 6
61.28, 11
61.29, 4
61.3, 15
61.31, 17
61.32, 12
61.33, 2
61.34, 17
61.35, 27
61.36, 24
61.37, 5
61.38, 14
61.39, 3
61.4, 12
61.41, 13
61.42, 18
61.43, 22
61.44, 13
61.45, 0
61.46, 2
61.47, 31
61.48, 16
61.49, 21
61.5, 5
61.51, 12
61.52, 9
61.53, 9
61.54, 12
61.55, 36
61.56, 3
61.57, 21
61.58, 23
61.59, 10
61.6, 15
61.61, 15
61.62, 2
61.63, 17
61.64, 13
61.65, 21
61.66, 14
61.67, 5
61.68, 16
61.69, 15
61.7, 32
61.71, 34
61.72, 13
61.73, 7
61.74, 22
61.75, 5
61.76, 23
61.77, 1
61.78, 15
61.79, 0
61.8, 15
61.81, 10
61.82, 14
61.83, 19
61.84, 16
61.85, 9
61.86, 9
61.87, 14
61.88, 1
61.89, 25
61.9, 28
61.91, 13
61.92, 1
61.93, 21
61.94, 20
61.95, 13
61.96, 3
61.97, 14
61.98, 0
61.99, 13
62, 0
62.01, 13
62.02, 23
62.03, 16
62.04, 10
62.05, 21
62.06, 23
62.07, 25
62.08, 12
62.09, 16
62.1, 6
62.11, 9
62.12, 6
62.13, 5
62.14, 6
62.15, 1
62.16, 22
62.17, 21
62.18, 22
62.19, 8
62.2, 11
62.21, 2
62.22, 14
62.23, 6
62.24, 1
62.25, 6
62.26, 2
62.27, 27
62.28, 6
62.29, 5
62.3, 12
62.31, 11
62.32, 1
62.33, 15
62.34, 13
62.35, 0
62.36, 9
62.37, 4
62.38, 15
62.39, 25
62.4, 5
62.41, 12
62.42, 6
62.43, 24
62.44, 3
62.45, 26
62.46, 13
62.47, 18
62.48, 19
62.49, 14
62.5, 15
62.51, 7
62.52, 3
62.53, 4
62.54, 20
62.55, 17
62.56, 0
62.57, 8
62.58, 8
62.59, 4
62.6, 12
62.61, 8
62.62, 17
62.63, 18
62.64, 9
62.65, 5
62.66, 9
62.67, 18
62.68, 4
62.69, 1
62.7, 12
62.71, 6
62.72, 10
62.73, 4
62.74, 7
62.75, 8
62.76, 1
62.77, 2
62.78, 8
62.79, 12
62.8, 11
62.81, 13
62.82, 6
62.83, 6
62.84, 25
62.85, 11
62.86, 2
62.87, 12
62.88, 14
62.89, 27
62.9, 14
62.91, 22
62.92, 23
62.93, 13
62.94, 22
62.95, 1
62.96, 28
62.97, 15
62.98, 9
62.99, 13
63, 16
63.01, 23
63.02, 16
63.03, 12
63.04, 32
63.05, 25
63.06, 11
63.07, 28
63.08, 8
63.09, 16
63.1, 28
63.11, 22
63.12, 11
63.13, 25
63.14, 8
63.15, 27
63.16, 32
63.17, 6
63.18, 17
63.19, 44
63.2, 13
63.21, 6
63.22, 17
63.23, 14
63.24, 19
63.25, 7
63.26, 6
63.27, 10
63.28, 7
63.29, 1
63.3, 5
63.31, 9
63.32, 32
63.33, 14
63.34, 6
63.35, 26
63.36, 8
63.37, 8
63.38, 19
63.39, 17
63.4, 18
63.41, 13
63.42, 14
63.43, 22
63.44, 16
63.45, 12
63.46, 8
63.47, 20
63.48, 17
63.49, 23
63.5, 14
63.51, 7
63.52, 8
63.53, 26
63.54, 15
63.55, 8
63.56, 14
63.57, 23
63.58, 14
63.59, 16
63.6, 5
63.61, 6
63.62, 5
63.63, 1
63.64, 8
63.65, 1
63.66, 3
63.67, 6
63.68, 14
63.69, 11
63.7, 12
63.71, 14
63.72, 19
63.73, 10
63.74, 10
63.75, 9
63.76, 12
63.77, 15
63.78, 31
63.79, 16
63.8, 17
63.81, 11
63.82, 2
63.83, 11
63.84, 7
63.85, 13
63.86, 20
63.87, 8
63.88, 12
63.89, 11
63.9, 12
63.91, 10
63.92, 15
63.93, 15
63.94, 11
63.95, 12
63.96, 23
63.97, 2
63.98, 14
63.99, 2
64, 9
64.01, 3
64.02, 19
64.03, 25
64.04, 26
64.05, 2
64.06, 12
64.07, 15
64.08, 14
64.09, 9
64.1, 4
64.11, 18
64.12, 4
64.13, 4
64.14, 32
64.15, 25
64.16, 16
64.17, 9
64.18, 8
64.19, 18
64.2, 22
64.21, 1
64.22, 13
64.23, 10
64.24, 4
64.25, 3
64.26, 14
64.27, 14
64.28, 8
64.29, 2
64.3, 18
64.31, 2
64.32, 13
64.33, 11
64.34, 3
64.35, 8
64.36, 4
64.37, 17
64.38, 9
64.39, 7
64.4, 12
64.41, 18
64.42, 14
64.43, 8
64.44, 13
64.45, 1
64.46, 12
64.47, 13
64.48, 10
64.49, 16
64.5, 14
64.51, 7
64.52, 15
64.53, 15
64.54, 8
64.55, 6
64.56, 21
64.57, 4
64.58, 14
64.59, 22
64.6, 22
64.61, 32
64.62, 10
64.63, 11
64.64, 28
64.65, 18
64.66, 21
64.67, 16
64.68, 25
64.69, 14
64.7, 1
64.71, 12
64.72, 2
64.73, 20
64.74, 5
64.75, 8
64.76, 6
64.77, 5
64.78, 17
64.79, 8
64.8, 12
64.81, 11
64.82, 25
64.83, 15
64.84, 1
64.85, 10
64.86, 12
64.87, 22
64.88, 12
64.89, 11
64.9, 22
64.91, 0
64.92, 10
64.93, 3
64.94, 17
64.95, 5
64.96, 12
64.97, 13
64.98, 23
64.99, 2
65, 1
65.01, 15
65.02, 12
65.03, 2
65.04, 5
65.05, 9
65.06, 5
65.07, 17
65.08, 4
65.09, 14
65.1, 8
65.11, 21
65.12, 19
65.13, 33
65.14, 37
65.15, 23
65.16, 12
65.17, 21
65.18, 3
65.19, 23
65.2, 18
65.21, 30
65.22, 17
65.23, 18
65.24, 6
65.25, 3
65.26, 22
65.27, 14
65.28, 10
65.29, 8
65.3, 17
65.31, 25
65.32, 17
65.33, 17
65.34, 11
65.35, 14
65.36, 34
65.37, 22
65.38, 25
65.39, 18
65.4, 14
65.41, 11
65.42, 15
65.43, 21
65.44, 11
65.45, 26
65.46, 8
65.47, 14
65.48, 5
65.49, 16
65.5, 18
65.51, 18
65.52, 13
65.53, 12
65.54, 41
65.55, 15
65.56, 8
65.57, 7
65.58, 16
65.59, 17
65.6, 6
65.61, 8
65.62, 8
65.63, 9
65.64, 15
65.65, 16
65.66, 16
65.67, 13
65.68, 27
65.69, 7
65.7, 11
65.71, 1
65.72, 12
65.73, 4
65.74, 6
65.75, 18
65.76, 7
65.77, 4
65.78, 6
65.79, 24
65.8, 3
65.81, 1
65.82, 21
65.83, 25
65.84, 0
65.85, 21
65.86, 22
65.87, 1
65.88, 22
65.89, 17
65.9, 22
65.91, 7
65.92, 8
65.93, 22
65.94, 13
65.95, 7
65.96, 15
65.97, 1
65.98, 17
65.99, 18
66, 11
66.01, 15
66.02, 20
66.03, 5
66.04, 11
66.05, 7
66.06, 28
66.07, 18
66.08, 1
66.09, 18
66.1, 6
66.11, 24
66.12, 24
66.13, 13
66.14, 18
66.15, 15
66.16, 5
66.17, 9
66.18, 11
66.19, 11
66.2, 8
66.21, 17
66.22, 4
66.23, 23
66.24, 24
66.25, 1
66.26, 13
66.27, 0
66.28, 27
66.29, 11
66.3, 23
66.31, 4
66.32, 11
66.33, 14
66.34, 24
66.35, 23
66.36, 0
66.37, 6
66.38, 10
66.39, 0
66.4, 17
66.41, 2
66.42, 19
66.43, 9
66.44, 18
66.45, 15
66.46, 11
66.47, 8
66.48, 19
66.49, 3
66.5, 9
66.51, 20
66.52, 15
66.53, 14
66.54, 29
66.55, 3
66.56, 0
66.57, 33
66.58, 3
66.59, 11
66.6, 23
66.61, 14
66.62, 1
66.63, 13
66.64, 15
66.65, 5
66.66, 16
66.67, 23
66.68, 24
66.69, 1
66.7, 7
66.71, 10
66.72, 8
66.73, 9
66.74, 6
66.75, 19
66.76, 26
66.77, 0
66.78, 19
66.79, 6
66.8, 21
66.81, 16
66.82, 0
66.83, 19
66.84, 10
66.85, 17
66.86, 20
66.87, 14
66.88, 14
66.89, 19
66.9, 21
66.91, 17
66.92, 7
66.93, 12
66.94, 3
66.95, 7
66.96, 6
66.97, 15
66.98, 12
66.99, 36
67, 0
67.01, 11
67.02, 13
67.03, 3
67.04, 12
67.05, 13
67.06, 23
67.07, 12
67.08, 14
67.09, 15
67.1, 6
67.11, 18
67.12, 23
67.13, 32
67.14, 19
67.15, 3
67.16, 23
67.17, 10
67.18, 2
67.19, 5
67.2, 13
67.21, 18
67.22, 18
67.23, 14
67.24, 22
67.25, 22
67.26, 11
67.27, 7
67.28, 8
67.29, 19
67.3, 28
67.31, 24
67.32, 10
67.33, 19
67.34, 25
67.35, 12
67.36, 9
67.37, 8
67.38, 3
67.39, 16
67.4, 7
67.41, 23
67.42, 14
67.43, 19
67.44, 12
67.45, 14
67.46, 30
67.47, 28
67.48, 13
67.49, 13
67.5, 7
67.51, 11
67.52, 14
67.53, 20
67.54, 21
67.55, 24
67.56, 11
67.57, 10
67.58, 15
67.59, 21
67.6, 13
67.61, 5
67.62, 21
67.63, 2
67.64, 26
67.65, 15
67.66, 21
67.67, 13
67.68, 15
67.69, 12
67.7, 25
67.71, 2
67.72, 4
67.73, 2
67.74, 8
67.75, 17
67.76, 15
67.77, 16
67.78, 7
67.79, 14
67.8, 23
67.81, 8
67.82, 1
67.83, 0
67.84, 1
67.85, 9
67.86, 7
67.87, 11
67.88, 32
67.89, 29
67.9, 21
67.91, 20
67.92, 4
67.93, 15
67.94, 17
67.95, 16
67.96, 16
67.97, 0
67.98, 15
67.99, 6
68, 10
68.01, 14
68.02, 24
68.03, 21
68.04, 32
68.05, 27
68.06, 45
68.07, 46
68.08, 70
68.09, 66
68.1, 47
68.11, 41
68.12, 47
68.13, 33
68.14, 17
68.15, 25
68.16, 12
68.17, 38
68.18, 32
68.19, 12
68.2, 5
68.21, 12
68.22, 13
68.23, 22
68.24, 21
68.25, 24
68.26, 21
68.27, 37
68.28, 24
68.29, 50
68.3, 47
68.31, 35
68.32, 27
68.33, 23
68.34, 22
68.35, 21
68.36, 11
68.37, 18
68.38, 12
68.39, 18
68.4, 16
68.41, 21
68.42, 5
68.43, 13
68.44, 2
68.45, 21
68.46, 13
68.47, 17
68.48, 36
68.49, 14
68.5, 23
68.51, 2
68.52, 30
68.53, 6
68.54, 4
68.55, 16
68.56, 19
68.57, 20
68.58, 10
68.59, 24
68.6, 7
68.61, 2
68.62, 19
68.63, 19
68.64, 20
68.65, 20
68.66, 5
68.67, 16
68.68, 21
68.69, 15
68.7, 17
68.71, 18
68.72, 11
68.73, 11
68.74, 6
68.75, 9
68.76, 14
68.77, 1
68.78, 15
68.79, 25
68.8, 28
68.81, 12
68.82, 20
68.83, 14
68.84, 12
68.85, 10
68.86, 13
68.87, 8
68.88, 5
68.89, 4
68.9, 21
68.91, 17
68.92, 1
68.93, 16
68.94, 1
68.95, 16
68.96, 11
68.97, 8
68.98, 20
68.99, 2
69, 0
69.01, 0
69.02, 19
69.03, 17
69.04, 6
69.05, 15
69.06, 22
69.07, 21
69.08, 1
69.09, 21
69.1, 4
69.11, 3
69.12, 10
69.13, 15
69.14, 9
69.15, 26
69.16, 7
69.17, 7
69.18, 8
69.19, 10
69.2, 27
69.21, 22
69.22, 16
69.23, 4
69.24, 20
69.25, 16
69.26, 18
69.27, 1
69.28, 5
69.29, 12
69.3, 2
69.31, 9
69.32, 13
69.33, 6
69.34, 12
69.35, 11
69.36, 20
69.37, 11
69.38, 18
69.39, 18
69.4, 18
69.41, 23
69.42, 7
69.43, 11
69.44, 12
69.45, 21
69.46, 11
69.47, 6
69.48, 16
69.49, 14
69.5, 16
69.51, 20
69.52, 5
69.53, 6
69.54, 0
69.55, 12
69.56, 13
69.57, 6
69.58, 21
69.59, 1
69.6, 17
69.61, 8
69.62, 11
69.63, 22
69.64, 14
69.65, 8
69.66, 13
69.67, 26
69.68, 7
69.69, 19
69.7, 26
69.71, 36
69.72, 4
69.73, 19
69.74, 15
69.75, 12
69.76, 9
69.77, 21
69.78, 11
69.79, 9
69.8, 12
69.81, 15
69.82, 30
69.83, 18
69.84, 6
69.85, 0
69.86, 26
69.87, 18
69.88, 3
69.89, 24
69.9, 22
69.91, 10
69.92, 26
69.93, 23
69.94, 19
69.95, 21
69.96, 3
69.97, 22
69.98, 5
69.99, 1
70, 2
70.01, 14
70.02, 27
70.03, 15
70.04, 15
70.05, 19
70.06, 29
70.07, 20
70.08, 14
70.09, 33
70.1, 15
70.11, 35
70.12, 18
70.13, 30
70.14, 38
70.15, 49
70.16, 67
70.17, 95
70.18, 115
70.19, 89
70.2, 103
70.21, 93
70.22, 80
70.23, 70
70.24, 45
70.25, 31
70.26, 28
70.27, 19
70.28, 9
70.29, 33
70.3, 23
70.31, 26
70.32, 27
70.33, 10
70.34, 35
70.35, 22
70.36, 23
70.37, 22
70.38, 36
70.39, 41
70.4, 47
70.41, 46
70.42, 74
70.43, 52
70.44, 43
70.45, 30
70.46, 22
70.47, 15
70.48, 27
70.49, 14
70.5, 18
70.51, 7
70.52, 16
70.53, 3
70.54, 26
70.55, 15
70.56, 0
70.57, 7
70.58, 10
70.59, 24
70.6, 1
70.61, 25
70.62, 11
70.63, 22
70.64, 0
70.65, 14
70.66, 17
70.67, 15
70.68, 3
70.69, 15
70.7, 15
70.71, 16
70.72, 12
70.73, 16
70.74, 15
70.75, 8
70.76, 9
70.77, 13
70.78, 13
70.79, 7
70.8, 16
70.81, 14
70.82, 7
70.83, 18
70.84, 11
70.85, 9
70.86, 23
70.87, 13
70.88, 20
70.89, 15
70.9, 15
70.91, 14
70.92, 26
70.93, 0
70.94, 18
70.95, 13
70.96, 13
70.97, 3
70.98, 20
70.99, 16
71, 6
71.01, 16
71.02, 10
71.03, 22
71.04, 0
71.05, 16
71.06, 13
71.07, 16
71.08, 0
71.09, 12
71.1, 17
71.11, 1
71.12, 5
71.13, 14
71.14, 17
71.15, 22
71.16, 9
71.17, 7
71.18, 32
71.19, 32
71.2, 24
71.21, 18
71.22, 12
71.23, 4
71.24, 18
71.25, 6
71.26, 14
71.27, 34
71.28, 21
71.29, 16
71.3, 7
71.31, 11
71.32, 24
71.33, 8
71.34, 3
71.35, 12
71.36, 12
71.37, 32
71.38, 17
71.39, 24
71.4, 23
71.41, 30
71.42, 2
71.43, 26
71.44, 23
71.45, 21
71.46, 29
71.47, 21
71.48, 8
71.49, 7
71.5, 19
71.51, 19
71.52, 19
71.53, 9
71.54, 21
71.55, 16
71.56, 8
71.57, 10
71.58, 10
71.59, 10
71.6, 6
71.61, 11
71.62, 20
71.63, 8
71.64, 26
71.65, 1
71.66, 8
71.67, 1
71.68, 9
71.69, 9
71.7, 7
71.71, 10
71.72, 38
71.73, 1
71.74, 16
71.75, 6
71.76, 20
71.77, 4
71.78, 22
71.79, 6
71.8, 6
71.81, 9
71.82, 1
71.83, 21
71.84, 6
71.85, 8
71.86, 6
71.87, 17
71.88, 15
71.89, 5
71.9, 20
71.91, 7
71.92, 14
71.93, 3
71.94, 15
71.95, 30
71.96, 10
71.97, 33
71.98, 4
71.99, 22
72, 3
72.01, 15
72.02, 24
72.03, 23
72.04, 27
72.05, 14
72.06, 21
72.07, 24
72.08, 26
72.09, 11
72.1, 15
72.11, 16
72.12, 30
72.13, 14
72.14, 37
72.15, 15
72.16, 5
72.17, 21
72.18, 11
72.19, 24
72.2, 7
72.21, 27
72.22, 20
72.23, 11
72.24, 26
72.25, 34
72.26, 32
72.27, 49
72.28, 41
72.29, 62
72.3, 33
72.31, 28
72.32, 37
72.33, 13
72.34, 23
72.35, 26
72.36, 30
72.37, 27
72.38, 35
72.39, 3
72.4, 27
72.41, 17
72.42, 12
72.43, 12
72.44, 7
72.45, 23
72.46, 2
72.47, 17
72.48, 23
72.49, 21
72.5, 19
72.51, 25
72.52, 20
72.53, 38
72.54, 16
72.55, 11
72.56, 15
72.57, 24
72.58, 14
72.59, 23
72.6, 20
72.61, 26
72.62, 4
72.63, 26
72.64, 17
72.65, 24
72.66, 8
72.67, 18
72.68, 17
72.69, 25
72.7, 27
72.71, 13
72.72, 0
72.73, 10
72.74, 9
72.75, 16
72.76, 4
72.77, 16
72.78, 25
72.79, 3
72.8, 24
72.81, 19
72.82, 9
72.83, 33
72.84, 14
72.85, 9
72.86, 15
72.87, 9
72.88, 2
72.89, 7
72.9, 11
72.91, 7
72.92, 21
72.93, 26
72.94, 5
72.95, 14
72.96, 8
72.97, 13
72.98, 8
72.99, 14
73, 10
73.01, 18
73.02, 12
73.03, 1
73.04, 8
73.05, 3
73.06, 17
73.07, 11
73.08, 18
73.09, 0
73.1, 14
73.11, 31
73.12, 9
73.13, 3
73.14, 1
73.15, 12
73.16, 7
73.17, 2
73.18, 6
73.19, 21
73.2, 2
73.21, 0
73.22, 12
73.23, 6
73.24, 12
73.25, 17
73.26, 22
73.27, 19
73.28, 12
73.29, 24
73.3, 14
73.31, 17
73.32, 35
73.33, 24
73.34, 14
73.35, 25
73.36, 15
73.37, 17
73.38, 15
73.39, 13
73.4, 19
73.41, 4
73.42, 7
73.43, 10
73.44, 10
73.45, 20
73.46, 1
73.47, 8
73.48, 15
73.49, 1
73.5, 19
73.51, 11
73.52, 12
73.53, 1
73.54, 21
73.55, 20
73.56, 10
73.57, 29
73.58, 19
73.59, 8
73.6, 14
73.61, 21
73.62, 2
73.63, 17
73.64, 3
73.65, 12
73.66, 2
73.67, 9
73.68, 13
73.69, 10
73.7, 13
73.71, 2
73.72, 3
73.73, 3
73.74, 0
73.75, 21
73.76, 1
73.77, 32
73.78, 4
73.79, 12
73.8, 17
73.81, 21
73.82, 34
73.83, 12
73.84, 0
73.85, 17
73.86, 0
73.87, 1
73.88, 11
73.89, 10
73.9, 26
73.91, 5
73.92, 1
73.93, 11
73.94, 20
73.95, 16
73.96, 6
73.97, 17
73.98, 9
73.99, 8
74, 16
74.01, 2
74.02, 5
74.03, 19
74.04, 17
74.05, 13
74.06, 8
74.07, 11
74.08, 10
74.09, 4
74.1, 26
74.11, 11
74.12, 3
74.13, 1
74.14, 23
74.15, 6
74.16, 13
74.17, 18
74.18, 13
74.19, 7
74.2, 3
74.21, 21
74.22, 20
74.23, 5
74.24, 20
74.25, 11
74.26, 4
74.27, 33
74.28, 3
74.29, 11
74.3, 1
74.31, 0
74.32, 0
74.33, 10
74.34, 14
74.35, 16
74.36, 13
74.37, 19
74.38, 17
74.39, 5
74.4, 14
74.41, 5
74.42, 11
74.43, 7
74.44, 12
74.45, 8
74.46, 8
74.47, 8
74.48, 7
74.49, 3
74.5, 13
74.51, 13
74.52, 18
74.53, 14
74.54, 13
74.55, 21
74.56, 14
74.57, 11
74.58, 24
74.59, 21
74.6, 0
74.61, 3
74.62, 18
74.63, 16
74.64, 2
74.65, 0
74.66, 17
74.67, 11
74.68, 22
74.69, 11
74.7, 17
74.71, 6
74.72, 9
74.73, 26
74.74, 12
74.75, 9
74.76, 5
74.77, 14
74.78, 17
74.79, 2
74.8, 5
74.81, 7
74.82, 2
74.83, 5
74.84, 10
74.85, 15
74.86, 11
74.87, 4
74.88, 16
74.89, 2
74.9, 0
74.91, 12
74.92, 11
74.93, 4
74.94, 14
74.95, 6
74.96, 1
74.97, 2
74.98, 0
74.99, 9
75, 6
75.01, 19
75.02, 14
75.03, 16
75.04, 22
75.05, 4
75.06, 5
75.07, 4
75.08, 11
75.09, 21
75.1, 6
75.11, 27
75.12, 29
75.13, 22
75.14, 0
75.15, 23
75.16, 15
75.17, 3
75.18, 18
75.19, 12
75.2, 7
75.21, 10
75.22, 0
75.23, 10
75.24, 15
75.25, 11
75.26, 15
75.27, 6
75.28, 2
75.29, 33
75.3, 11
75.31, 13
75.32, 7
75.33, 25
75.34, 22
75.35, 4
75.36, 12
75.37, 22
75.38, 6
75.39, 17
75.4, 18
75.41, 17
75.42, 13
75.43, 13
75.44, 9
75.45, 18
75.46, 28
75.47, 12
75.48, 10
75.49, 18
75.5, 27
75.51, 5
75.52, 15
75.53, 6
75.54, 12
75.55, 9
75.56, 0
75.57, 12
75.58, 19
75.59, 9
75.6, 26
75.61, 23
75.62, 30
75.63, 2
75.64, 12
75.65, 5
75.66, 12
75.67, 4
75.68, 21
75.69, 22
75.7, 3
75.71, 4
75.72, 10
75.73, 10
75.74, 4
75.75, 4
75.76, 13
75.77, 11
75.78, 9
75.79, 19
75.8, 9
75.81, 6
75.82, 10
75.83, 6
75.84, 21
75.85, 0
75.86, 19
75.87, 7
75.88, 12
75.89, 10
75.9, 5
75.91, 18
75.92, 1
75.93, 23
75.94, 9
75.95, 15
75.96, 8
75.97, 17
75.98, 3
75.99, 14
76, 20
76.01, 20
76.02, 0
76.03, 2
76.04, 5
76.05, 1
76.06, 27
76.07, 17
76.08, 33
76.09, 6
76.1, 25
76.11, 14
76.12, 11
76.13, 0
76.14, 5
76.15, 14
76.16, 9
76.17, 27
76.18, 18
76.19, 14
76.2, 11
76.21, 4
76.22, 5
76.23, 6
76.24, 6
76.25, 3
76.26, 15
76.27, 24
76.28, 5
76.29, 5
76.3, 21
76.31, 17
76.32, 5
76.33, 14
76.34, 7
76.35, 12
76.36, 9
76.37, 2
76.38, 18
76.39, 20
76.4, 14
76.41, 13
76.42, 5
76.43, 5
76.44, 12
76.45, 20
76.46, 18
76.47, 12
76.48, 10
76.49, 13
76.5, 8
76.51, 23
76.52, 0
76.53, 21
76.54, 0
76.55, 1
76.56, 0
76.57, 13
76.58, 11
76.59, 16
76.6, 13
76.61, 23
76.62, 9
76.63, 23
76.64, 9
76.65, 13
76.66, 4
76.67, 19
76.68, 16
76.69, 22
76.7, 20
76.71, 9
76.72, 10
76.73, 1
76.74, 15
76.75, 10
76.76, 16
76.77, 12
76.78, 10
76.79, 16
76.8, 7
76.81, 14
76.82, 14
76.83, 23
76.84, 12
76.85, 4
76.86, 8
76.87, 24
76.88, 10
76.89, 24
76.9, 0
76.91, 24
76.92, 17
76.93, 4
76.94, 12
76.95, 27
76.96, 17
76.97, 29
76.98, 1
76.99, 7
77, 17
77.01, 5
77.02, 16
77.03, 17
77.04, 13
77.05, 13
77.06, 43
77.07, 29
77.08, 15
77.09, 11
77.1, 0
77.11, 24
77.12, 10
77.13, 20
77.14, 15
77.15, 15
77.16, 6
77.17, 16
77.18, 4
77.19, 15
77.2, 13
77.21, 23
77.22, 19
77.23, 0
77.24, 8
77.25, 10
77.26, 6
77.27, 23
77.28, 1
77.29, 21
77.3, 12
77.31, 6
77.32, 17
77.33, 22
77.34, 1
77.35, 3
77.36, 11
77.37, 1
77.38, 10
77.39, 17
77.4, 26
77.41, 15
77.42, 19
77.43, 19
77.44, 41
77.45, 23
77.46, 28
77.47, 15
77.48, 24
77.49, 11
77.5, 15
77.51, 13
77.52, 3
77.53, 16
77.54, 8
77.55, 8
77.56, 19
77.57, 15
77.58, 6
77.59, 22
77.6, 8
77.61, 16
77.62, 7
77.63, 7
77.64, 25
77.65, 28
77.66, 20
77.67, 25
77.68, 21
77.69, 16
77.7, 27
77.71, 32
77.72, 11
77.73, 18
77.74, 21
77.75, 11
77.76, 24
77.77, 20
77.78, 1
77.79, 6
77.8, 12
77.81, 14
77.82, 10
77.83, 5
77.84, 13
77.85, 16
77.86, 15
77.87, 7
77.88, 2
77.89, 5
77.9, 5
77.91, 0
77.92, 8
77.93, 17
77.94, 26
77.95, 29
77.96, 13
77.97, 12
77.98, 7
77.99, 11
78, 18
78.01, 5
78.02, 5
78.03, 9
78.04, 21
78.05, 8
78.06, 13
78.07, 8
78.08, 1
78.09, 11
78.1, 13
78.11, 11
78.12, 3
78.13, 3
78.14, 12
78.15, 10
78.16, 5
78.17, 24
78.18, 26
78.19, 25
78.2, 1
78.21, 20
78.22, 13
78.23, 20
78.24, 11
78.25, 3
78.26, 9
78.27, 2
78.28, 12
78.29, 13
78.3, 24
78.31, 28
78.32, 13
78.33, 5
78.34, 2
78.35, 16
78.36, 16
78.37, 28
78.38, 13
78.39, 12
78.4, 4
78.41, 11
78.42, 5
78.43, 15
78.44, 13
78.45, 20
78.46, 4
78.47, 19
78.48, 20
78.49, 15
78.5, 18
78.51, 17
78.52, 0
78.53, 10
78.54, 19
78.55, 29
78.56, 8
78.57, 12
78.58, 3
78.59, 14
78.6, 17
78.61, 7
78.62, 5
78.63, 17
78.64, 0
78.65, 4
78.66, 14
78.67, 18
78.68, 7
78.69, 10
78.7, 4
78.71, 13
78.72, 25
78.73, 18
78.74, 5
78.75, 6
78.76, 10
78.77, 10
78.78, 4
78.79, 15
78.8, 5
78.81, 28
78.82, 22
78.83, 23
78.84, 23
78.85, 1
78.86, 20
78.87, 14
78.88, 11
78.89, 16
78.9, 18
78.91, 7
78.92, 16
78.93, 0
78.94, 26
78.95, 8
78.96, 13
78.97, 11
78.98, 8
78.99, 7
79, 3
79.01, 17
79.02, 14
79.03, 7
79.04, 25
79.05, 17
79.06, 11
79.07, 20
79.08, 20
79.09, 28
79.1, 9
79.11, 21
79.12, 5
79.13, 23
79.14, 0
79.15, 0
79.16, 6
79.17, 5
79.18, 26
79.19, 22
79.2, 10
79.21, 18
79.22, 18
79.23, 15
79.24, 11
79.25, 0
79.26, 20
79.27, 12
79.28, 18
79.29, 5
79.3, 1
79.31, 13
79.32, 23
79.33, 19
79.34, 10
79.35, 5
79.36, 23
79.37, 23
79.38, 16
79.39, 28
79.4, 28
79.41, 22
79.42, 11
79.43, 21
79.44, 21
79.45, 20
79.46, 15
79.47, 7
79.48, 12
79.49, 6
79.5, 16
79.51, 16
79.52, 12
79.53, 7
79.54, 12
79.55, 9
79.56, 12
79.57, 20
79.58, 3
79.59, 9
79.6, 3
79.61, 6
79.62, 32
79.63, 25
79.64, 23
79.65, 2
79.66, 12
79.67, 15
79.68, 19
79.69, 26
79.7, 25
79.71, 16
79.72, 15
79.73, 31
79.74, 3
79.75, 9
79.76, 28
79.77, 21
79.78, 26
79.79, 10
79.8, 3
79.81, 4
79.82, 20
79.83, 11
79.84, 0
79.85, 17
79.86, 26
79.87, 16
79.88, 11
79.89, 29
79.9, 10
79.91, 15
79.92, 32
79.93, 6
79.94, 29
79.95, 5
79.96, 18
79.97, 9
79.98, 17
79.99, 10
80, 1
80.01, 33
80.02, 8
80.03, 10
80.04, 10
80.05, 12
80.06, 18
80.07, 6
80.08, 18
80.09, 8
80.1, 18
80.11, 10
80.12, 12
80.13, 13
80.14, 11
80.15, 28
80.16, 11
80.17, 6
80.18, 21
80.19, 21
80.2, 1
80.21, 14
80.22, 25
80.23, 13
80.24, 10
80.25, 14
80.26, 7
80.27, 13
80.28, 14
80.29, 28
80.3, 13
80.31, 20
80.32, 15
80.33, 8
80.34, 10
80.35, 21
80.36, 13
80.37, 17
80.38, 18
80.39, 21
80.4, 19
80.41, 13
80.42, 16
80.43, 7
80.44, 0
80.45, 44
80.46, 17
80.47, 21
80.48, 16
80.49, 14
80.5, 42
80.51, 35
80.52, 26
80.53, 15
80.54, 32
80.55, 7
80.56, 14
80.57, 28
80.58, 9
80.59, 6
80.6, 18
80.61, 8
80.62, 18
80.63, 10
80.64, 1
80.65, 2
80.66, 4
80.67, 15
80.68, 11
80.69, 13
80.7, 17
80.71, 8
80.72, 17
80.73, 21
80.74, 8
80.75, 24
80.76, 4
80.77, 9
80.78, 34
80.79, 24
80.8, 22
80.81, 11
80.82, 10
80.83, 18
80.84, 10
80.85, 11
80.86, 9
80.87, 19
80.88, 26
80.89, 19
80.9, 19
80.91, 1
80.92, 22
80.93, 5
80.94, 18
80.95, 4
80.96, 0
80.97, 22
80.98, 0
80.99, 18
81, 20
81.01, 2
81.02, 20
81.03, 12
81.04, 21
81.05, 2
81.06, 1
81.07, 13
81.08, 24
81.09, 18
81.1, 12
81.11, 0
81.12, 36
81.13, 3
81.14, 1
81.15, 15
81.16, 12
81.17, 9
81.18, 18
81.19, 23
81.2, 28
81.21, 2
81.22, 19
81.23, 6
81.24, 12
81.25, 14
81.26, 12
81.27, 23
81.28, 12
81.29, 9
81.3, 0
81.31, 18
81.32, 5
81.33, 33
81.34, 3
81.35, 20
81.36, 18
81.37, 23
81.38, 19
81.39, 16
81.4, 5
81.41, 17
81.42, 9
81.43, 14
81.44, 16
81.45, 15
81.46, 10
81.47, 4
81.48, 16
81.49, 7
81.5, 19
81.51, 10
81.52, 22
81.53, 5
81.54, 23
81.55, 8
81.56, 11
81.57, 7
81.58, 13
81.59, 4
81.6, 19
81.61, 7
81.62, 6
81.63, 14
81.64, 10
81.65, 15
81.66, 8
81.67, 13
81.68, 19
81.69, 20
81.7, 22
81.71, 13
81.72, 12
81.73, 19
81.74, 17
81.75, 7
81.76, 16
81.77, 6
81.78, 6
81.79, 27
81.8, 12
81.81, 29
81.82, 23
81.83, 5
81.84, 8
81.85, 15
81.86, 36
81.87, 6
81.88, 3
81.89, 14
81.9, 8
81.91, 5
81.92, 13
81.93, 23
81.94, 25
81.95, 22
81.96, 15
81.97, 19
81.98, 7
81.99, 16
82, 15
82.01, 12
82.02, 0
82.03, 19
82.04, 0
82.05, 16
82.06, 19
82.07, 14
82.08, 6
82.09, 21
82.1, 7
82.11, 16
82.12, 18
82.13, 5
82.14, 6
82.15, 13
82.16, 1
82.17, 20
82.18, 16
82.19, 12
82.2, 22
82.21, 3
82.22, 12
82.23, 23
82.24, 5
82.25, 7
82.26, 9
82.27, 9
82.28, 0
82.29, 23
82.3, 10
82.31, 6
82.32, 22
82.33, 19
82.34, 8
82.35, 9
82.36, 0
82.37, 0
82.38, 21
82.39, 14
82.4, 35
82.41, 16
82.42, 23
82.43, 7
82.44, 24
82.45, 15
82.46, 15
82.47, 22
82.48, 15
82.49, 25
82.5, 18
82.51, 9
82.52, 7
82.53, 13
82.54, 15
82.55, 5
82.56, 18
82.57, 7
82.58, 2
82.59, 17
82.6, 13
82.61, 3
82.62, 20
82.63, 22
82.64, 29
82.65, 3
82.66, 27
82.67, 3
82.68, 9
82.69, 14
82.7, 15
82.71, 20
82.72, 11
82.73, 22
82.74, 16
82.75, 19
82.76, 17
82.77, 7
82.78, 5
82.79, 13
82.8, 7
82.81, 33
82.82, 3
82.83, 22
82.84, 7
82.85, 0
82.86, 8
82.87, 7
82.88, 2
82.89, 17
82.9, 21
82.91, 9
82.92, 6
82.93, 22
82.94, 12
82.95, 8
82.96, 10
82.97, 10
82.98, 19
82.99, 8
83, 2
83.01, 10
83.02, 11
83.03, 11
83.04, 1
83.05, 19
83.06, 15
83.07, 9
83.08, 8
83.09, 23
83.1, 17
83.11, 2
83.12, 15
83.13, 21
83.14, 13
83.15, 14
83.16, 18
83.17, 8
83.18, 29
83.19, 9
83.2, 20
83.21, 19
83.22, 5
83.23, 6
83.24, 36
83.25, 19
83.26, 7
83.27, 6
83.28, 13
83.29, 14
83.3, 21
83.31, 16
83.32, 27
83.33, 9
83.34, 1
83.35, 15
83.36, 4
83.37, 19
83.38, 2
83.39, 11
83.4, 18
83.41, 10
83.42, 17
83.43, 20
83.44, 14
83.45, 19
83.46, 7
83.47, 27
83.48, 15
83.49, 13
83.5, 15
83.51, 4
83.52, 19
83.53, 8
83.54, 7
83.55, 13
83.56, 16
83.57, 9
83.58, 18
83.59, 18
83.6, 35
83.61, 15
83.62, 9
83.63, 6
83.64, 20
83.65, 15
83.66, 19
83.67, 22
83.68, 4
83.69, 23
83.7, 4
83.71, 4
83.72, 12
83.73, 14
83.74, 2
83.75, 12
83.76, 4
83.77, 25
83.78, 39
83.79, 11
83.8, 5
83.81, 22
83.82, 10
83.83, 8
83.84, 4
83.85, 20
83.86, 8
83.87, 18
83.88, 15
83.89, 13
83.9, 5
83.91, 1
83.92, 19
83.93, 28
83.94, 4
83.95, 3
83.96, 17
83.97, 16
83.98, 18
83.99, 5
84, 15
84.01, 13
84.02, 11
84.03, 33
84.04, 22
84.05, 16
84.06, 17
84.07, 20
84.08, 12
84.09, 10
84.1, 18
84.11, 9
84.12, 4
84.13, 22
84.14, 13
84.15, 16
84.16, 18
84.17, 28
84.18, 6
84.19, 13
84.2, 18
84.21, 8
84.22, 16
84.23, 2
84.24, 1
84.25, 20
84.26, 29
84.27, 16
84.28, 22
84.29, 8
84.3, 18
84.31, 4
84.32, 11
84.33, 14
84.34, 15
84.35, 7
84.36, 1
84.37, 19
84.38, 0
84.39, 15
84.4, 5
84.41, 5
84.42, 18
84.43, 11
84.44, 22
84.45, 10
84.46, 18
84.47, 13
84.48, 6
84.49, 10
84.5, 22
84.51, 1
84.52, 17
84.53, 33
84.54, 9
84.55, 23
84.56, 23
84.57, 20
84.58, 2
84.59, 22
84.6, 18
84.61, 23
84.62, 13
84.63, 15
84.64, 9
84.65, 17
84.66, 16
84.67, 10
84.68, 15
84.69, 27
84.7, 20
84.71, 6
84.72, 22
84.73, 2
84.74, 15
84.75, 10
84.76, 21
84.77, 15
84.78, 2
84.79, 10
84.8, 11
84.81, 13
84.82, 21
84.83, 18
84.84, 13
84.85, 1
84.86, 32
84.87, 21
84.88, 22
84.89, 26
84.9, 9
84.91, 3
84.92, 8
84.93, 15
84.94, 9
84.95, 18
84.96, 7
84.97, 19
84.98, 0
84.99, 13
85, 0
85.01, 0
85.02, 0
85.03, 0
85.04, 0
85.05, 0
85.06, 0
85.07, 0
85.08, 0
85.09, 0
85.1, 0
85.11, 0
85.12, 0
85.13, 0
85.14, 0
85.15, 0
85.16, 0
85.17, 0
85.18, 0
85.19, 0
85.2, 0
85.21, 0
85.22, 0
85.23, 0
85.24, 0
85.25, 0
85.26, 0
85.27, 0
85.28, 0
85.29, 0
85.3, 0
85.31, 0
85.32, 0
85.33, 0
85.34, 0
85.35, 0
85.36, 0
85.37, 0
85.38, 0
85.39, 0
85.4, 0
85.41, 0
85.42, 0
85.43, 0
85.44, 0
85.45, 0
85.46, 0
85.47, 0
85.48, 0
85.49, 0
85.5, 0
85.51, 0
85.52, 0
85.53, 0
85.54, 0
85.55, 0
85.56, 0
85.57, 0
85.58, 0
85.59, 0
85.6, 0
85.61, 0
85.62, 0
85.63, 0
85.64, 0
85.65, 0
85.66, 0
85.67, 0
85.68, 0
85.69, 0
85.7, 0
85.71, 0
85.72, 0
85.73, 0
85.74, 0
85.75, 0
85.76, 0
85.77, 0
85.78, 0
85.79, 0
85.8, 0
85.81, 0
85.82, 0
85.83, 0
85.84, 0
85.85, 0
85.86, 0
85.87, 0
85.88, 0
85.89, 0
85.9, 0
85.91, 0
85.92, 0
85.93, 0
85.94, 0
85.95, 0
85.96, 0
85.97, 0
85.98, 0
85.99, 0
86, 0
86.01, 0
86.02, 0
86.03, 0
86.04, 0
86.05, 0
86.06, 0
86.07, 0
86.08, 0
86.09, 0
86.1, 0
86.11, 0
86.12, 0
86.13, 0
86.14, 0
86.15, 0
86.16, 0
86.17, 0
86.18, 0
86.19, 0
86.2, 0
86.21, 0
86.22, 0
86.23, 0
86.24, 0
86.25, 0
86.26, 0
86.27, 0
86.28, 0
86.29, 0
86.3, 0
86.31, 0
86.32, 0
86.33, 0
86.34, 0
86.35, 0
86.36, 0
86.37, 0
86.38, 0
86.39, 0
86.4, 0
86.41, 0
86.42, 0
86.43, 0
86.44, 0
86.45, 0
86.46, 0
86.47, 0
86.48, 0
86.49, 0
86.5, 0
86.51, 0
86.52, 0
86.53, 0
86.54, 0
86.55, 0
86.56, 0
86.57, 0
86.58, 0
86.59, 0
86.6, 0
86.61, 0
86.62, 0
86.63, 0
86.64, 0
86.65, 0
86.66, 0
86.67, 0
86.68, 0
86.69, 0
86.7, 0
86.71, 0
86.72, 0
86.73, 0
86.74, 0
86.75, 0
86.76, 0
86.77, 0
86.78, 0
86.79, 0
86.8, 0
86.81, 0
86.82, 0
86.83, 0
86.84, 0
86.85, 0
86.86, 0
86.87, 0
86.88, 0
86.89, 0
86.9, 0
86.91, 0
86.92, 0
86.93, 0
86.94, 0
86.95, 0
86.96, 0
86.97, 0
86.98, 0
86.99, 0
87, 0
87.01, 0
87.02, 0
87.03, 0
87.04, 0
87.05, 0
87.06, 0
87.07, 0
87.08, 0
87.09, 0
87.1, 0
87.11, 0
87.12, 0
87.13, 0
87.14, 0
87.15, 0
87.16, 0
87.17, 0
87.18, 0
87.19, 0
87.2, 0
87.21, 0
87.22, 0
87.23, 0
87.24, 0
87.25, 0
87.26, 0
87.27, 0
87.28, 0
87.29, 0
87.3, 0
87.31, 0
87.32, 0
87.33, 0
87.34, 0
87.35, 0
87.36, 0
87.37, 0
87.38, 0
87.39, 0
87.4, 0
87.41, 0
87.42, 0
87.43, 0
87.44, 0
87.45, 0
87.46, 0
87.47, 0
87.48, 0
87.49, 0
87.5, 0
87.51, 0
87.52, 0
87.53, 0
87.54, 0
87.55, 0
87.56, 0
87.57, 0
87.58, 0
87.59, 0
87.6, 0
87.61, 0
87.62, 0
87.63, 0
87.64, 0
87.65, 0
87.66, 0
87.67, 0
87.68, 0
87.69, 0
87.7, 0
87.71, 0
87.72, 0
87.73, 0
87.74, 0
87.75, 0
87.76, 0
87.77, 0
87.78, 0
87.79, 0
87.8, 0
87.81, 0
87.82, 0
87.83, 0
87.84, 0
87.85, 0
87.86, 0
87.87, 0
87.88, 0
87.89, 0
87.9, 0
87.91, 0
87.92, 0
87.93, 0
87.94, 0
87.95, 0
87.96, 0
87.97, 0
87.98, 0
87.99, 0
88, 0
88.01, 0
88.02, 0
88.03, 0
88.04, 0
88.05, 0
88.06, 0
88.07, 0
88.08, 0
88.09, 0
88.1, 0
88.11, 0
88.12, 0
88.13, 0
88.14, 0
88.15, 0
88.16, 0
88.17, 0
88.18, 0
88.19, 0
88.2, 0
88.21, 0
88.22, 0
88.23, 0
88.24, 0
88.25, 0
88.26, 0
88.27, 0
88.28, 0
88.29, 0
88.3, 0
88.31, 0
88.32, 0
88.33, 0
88.34, 0
88.35, 0
88.36, 0
88.37, 0
88.38, 0
88.39, 0
88.4, 0
88.41, 0
88.42, 0
88.43, 0
88.44, 0
88.45, 0
88.46, 0
88.47, 0
88.48, 0
88.49, 0
88.5, 0
88.51, 0
88.52, 0
88.53, 0
88.54, 0
88.55, 0
88.56, 0
88.57, 0
88.58, 0
88.59, 0
88.6, 0
88.61, 0
88.62, 0
88.63, 0
88.64, 0
88.65, 0
88.66, 0
88.67, 0
88.68, 0
88.69, 0
88.7, 0
88.71, 0
88.72, 0
88.73, 0
88.74, 0
88.75, 0
88.76, 0
88.77, 0
88.78, 0
88.79, 0
88.8, 0
88.81, 0
88.82, 0
88.83, 0
88.84, 0
88.85, 0
88.86, 0
88.87, 0
88.88, 0
88.89, 0
88.9, 0
88.91, 0
88.92, 0
88.93, 0
88.94, 0
88.95, 0
88.96, 0
88.97, 0
88.98, 0
88.99, 0
89, 0
89.01, 0
89.02, 0
89.03, 0
89.04, 0
89.05, 0
89.06, 0
89.07, 0
89.08, 0
89.09, 0
89.1, 0
89.11, 0
89.12, 0
89.13, 0
89.14, 0
89.15, 0
89.16, 0
89.17, 0
89.18, 0
89.19, 0
89.2, 0
89.21, 0
89.22, 0
89.23, 0
89.24, 0
89.25, 0
89.26, 0
89.27, 0
89.28, 0
89.29, 0
89.3, 0
89.31, 0
89.32, 0
89.33, 0
89.34, 0
89.35, 0
89.36, 0
89.37, 0
89.38, 0
89.39, 0
89.4, 0
89.41, 0
89.42, 0
89.43, 0
89.44, 0
89.45, 0
89.46, 0
89.47, 0
89.48, 0
89.49, 0
89.5, 0
89.51, 0
89.52, 0
89.53, 0
89.54, 0
89.55, 0
89.56, 0
89.57, 0
89.58, 0
89.59, 0
89.6, 0
89.61, 0
89.62, 0
89.63, 0
89.64, 0
89.65, 0
89.66, 0
89.67, 0
89.68, 0
89.69, 0
89.7, 0
89.71, 0
89.72, 0
89.73, 0
89.74, 0
89.75, 0
89.76, 0
89.77, 0
89.78, 0
89.79, 0
89.8, 0
89.81, 0
89.82, 0
89.83, 0
89.84, 0
89.85, 0
89.86, 0
89.87, 0
89.88, 0
89.89, 0
89.9, 0
89.91, 0
89.92, 0
89.93, 0
89.94, 0
89.95, 0
89.96, 0
89.97, 0
89.98, 0
89.99, 0
90, 0
90.01, 0
90.02, 0
90.03, 0
90.04, 0
90.05, 0
90.06, 0
90.07, 0
90.08, 0
90.09, 0
90.1, 0
90.11, 0
90.12, 0
90.13, 0
90.14, 0
90.15, 0
90.16, 0
90.17, 0
90.18, 0
90.19, 0
90.2, 0
90.21, 0
90.22, 0
90.23, 0
90.24, 0
90.25, 0
90.26, 0
90.27, 0
90.28, 0
90.29, 0
90.3, 0
90.31, 0
90.32, 0
90.33, 0
90.34, 0
90.35, 0
90.36, 0
90.37, 0
90.38, 0
90.39, 0
90.4, 0
90.41, 0
90.42, 0
90.43, 0
90.44, 0
90.45, 0
90.46, 0
90.47, 0
90.48, 0
90.49, 0
90.5, 0
90.51, 0
90.52, 0
90.53, 0
90.54, 0
90.55, 0
90.56, 0
90.57, 0
90.58, 0
90.59, 0
90.6, 0
90.61, 0
90.62, 0
90.63, 0
90.64, 0
90.65, 0
90.66, 0
90.67, 0
90.68, 0
90.69, 0
90.7, 0
90.71, 0
90.72, 0
90.73, 0
90.74, 0
90.75, 0
90.76, 0
90.77, 0
90.78, 0
90.79, 0
90.8, 0
90.81, 0
90.82, 0
90.83, 0
90.84, 0
90.85, 0
90.86, 0
90.87, 0
90.88, 0
90.89, 0
90.9, 0
90.91, 0
90.92, 0
90.93, 0
90.94, 0
90.95, 0
90.96, 0
90.97, 0
90.98, 0
90.99, 0
91, 0
91.01, 0
91.02, 0
91.03, 0
91.04, 0
91.05, 0
91.06, 0
91.07, 0
91.08, 0
91.09, 0
91.1, 0
91.11, 0
91.12, 0
91.13, 0
91.14, 0
91.15, 0
91.16, 0
91.17, 0
91.18, 0
91.19, 0
91.2, 0
91.21, 0
91.22, 0
91.23, 0
91.24, 0
91.25, 0
91.26, 0
91.27, 0
91.28, 0
91.29, 0
91.3, 0
91.31, 0
91.32, 0
91.33, 0
91.34, 0
91.35, 0
91.36, 0
91.37, 0
91.38, 0
91.39, 0
91.4, 0
91.41, 0
91.42, 0
91.43, 0
91.44, 0
91.45, 0
91.46, 0
91.47, 0
91.48, 0
91.49, 0
91.5, 0
91.51, 0
91.52, 0
91.53, 0
91.54, 0
91.55, 0
91.56, 0
91.57, 0
91.58, 0
91.59, 0
91.6, 0
91.61, 0
91.62, 0
91.63, 0
91.64, 0
91.65, 0
91.66, 0
91.67, 0
91.68, 0
91.69, 0
91.7, 0
91.71, 0
91.72, 0
91.73, 0
91.74, 0
91.75, 0
91.76, 0
91.77, 0
91.78, 0
91.79, 0
91.8, 0
91.81, 0
91.82, 0
91.83, 0
91.84, 0
91.85, 0
91.86, 0
91.87, 0
91.88, 0
91.89, 0
91.9, 0
91.91, 0
91.92, 0
91.93, 0
91.94, 0
91.95, 0
91.96, 0
91.97, 0
91.98, 0
91.99, 0
92, 0
92.01, 0
92.02, 0
92.03, 0
92.04, 0
92.05, 0
92.06, 0
92.07, 0
92.08, 0
92.09, 0
92.1, 0
92.11, 0
92.12, 0
92.13, 0
92.14, 0
92.15, 0
92.16, 0
92.17, 0
92.18, 0
92.19, 0
92.2, 0
92.21, 0
92.22, 0
92.23, 0
92.24, 0
92.25, 0
92.26, 0
92.27, 0
92.28, 0
92.29, 0
92.3, 0
92.31, 0
92.32, 0
92.33, 0
92.34, 0
92.35, 0
92.36, 0
92.37, 0
92.38, 0
92.39, 0
92.4, 0
92.41, 0
92.42, 0
92.43, 0
92.44, 0
92.45, 0
92.46, 0
92.47, 0
92.48, 0
92.49, 0
92.5, 0
92.51, 0
92.52, 0
92.53, 0
92.54, 0
92.55, 0
92.56, 0
92.57, 0
92.58, 0
92.59, 0
92.6, 0
92.61, 0
92.62, 0
92.63, 0
92.64, 0
92.65, 0
92.66, 0
92.67, 0
92.68, 0
92.69, 0
92.7, 0
92.71, 0
92.72, 0
92.73, 0
92.74, 0
92.75, 0
92.76, 0
92.77, 0
92.78, 0
92.79, 0
92.8, 0
92.81, 0
92.82, 0
92.83, 0
92.84, 0
92.85, 0
92.86, 0
92.87, 0
92.88, 0
92.89, 0
92.9, 0
92.91, 0
92.92, 0
92.93, 0
92.94, 0
92.95, 0
92.96, 0
92.97, 0
92.98, 0
92.99, 0
93, 0
93.01, 0
93.02, 0
93.03, 0
93.04, 0
93.05, 0
93.06, 0
93.07, 0
93.08, 0
93.09, 0
93.1, 0
93.11, 0
93.12, 0
93.13, 0
93.14, 0
93.15, 0
93.16, 0
93.17, 0
93.18, 0
93.19, 0
93.2, 0
93.21, 0
93.22, 0
93.23, 0
93.24, 0
93.25, 0
93.26, 0
93.27, 0
93.28, 0
93.29, 0
93.3, 0
93.31, 0
93.32, 0
93.33, 0
93.34, 0
93.35, 0
93.36, 0
93.37, 0
93.38, 0
93.39, 0
93.4, 0
93.41, 0
93.42, 0
93.43, 0
93.44, 0
93.45, 0
93.46, 0
93.47, 0
93.48, 0
93.49, 0
93.5, 0
93.51, 0
93.52, 0
93.53, 0
93.54, 0
93.55, 0
93.56, 0
93.57, 0
93.58, 0
93.59, 0
93.6, 0
93.61, 0
93.62, 0
93.63, 0
93.64, 0
93.65, 0
93.66, 0
93.67, 0
93.68, 0
93.69, 0
93.7, 0
93.71, 0
93.72, 0
93.73, 0
93.74, 0
93.75, 0
93.76, 0
93.77, 0
93.78, 0
93.79, 0
93.8, 0
93.81, 0
93.82, 0
93.83, 0
93.84, 0
93.85, 0
93.86, 0
93.87, 0
93.88, 0
93.89, 0
93.9, 0
93.91, 0
93.92, 0
93.93, 0
93.94, 0
93.95, 0
93.96, 0
93.97, 0
93.98, 0
93.99, 0
94, 0
94.01, 0
94.02, 0
94.03, 0
94.04, 0
94.05, 0
94.06, 0
94.07, 0
94.08, 0
94.09, 0
94.1, 0
94.11, 0
94.12, 0
94.13, 0
94.14, 0
94.15, 0
94.16, 0
94.17, 0
94.18, 0
94.19, 0
94.2, 0
94.21, 0
94.22, 0
94.23, 0
94.24, 0
94.25, 0
94.26, 0
94.27, 0
94.28, 0
94.29, 0
94.3, 0
94.31, 0
94.32, 0
94.33, 0
94.34, 0
94.35, 0
94.36, 0
94.37, 0
94.38, 0
94.39, 0
94.4, 0
94.41, 0
94.42, 0
94.43, 0
94.44, 0
94.45, 0
94.46, 0
94.47, 0
94.48, 0
94.49, 0
94.5, 0
94.51, 0
94.52, 0
94.53, 0
94.54, 0
94.55, 0
94.56, 0
94.57, 0
94.58, 0
94.59, 0
94.6, 0
94.61, 0
94.62, 0
94.63, 0
94.64, 0
94.65, 0
94.66, 0
94.67, 0
94.68, 0
94.69, 0
94.7, 0
94.71, 0
94.72, 0
94.73, 0
94.74, 0
94.75, 0
94.76, 0
94.77, 0
94.78, 0
94.79, 0
94.8, 0
94.81, 0
94.82, 0
94.83, 0
94.84, 0
94.85, 0
94.86, 0
94.87, 0
94.88, 0
94.89, 0
94.9, 0
94.91, 0
94.92, 0
94.93, 0
94.94, 0
94.95, 0
94.96, 0
94.97, 0
94.98, 0
94.99, 0
95, 0
95.01, 0
95.02, 0
95.03, 0
95.04, 0
95.05, 0
95.06, 0
95.07, 0
95.08, 0
95.09, 0
95.1, 0
95.11, 0
95.12, 0
95.13, 0
95.14, 0
95.15, 0
95.16, 0
95.17, 0
95.18, 0
95.19, 0
95.2, 0
95.21, 0
95.22, 0
95.23, 0
95.24, 0
95.25, 0
95.26, 0
95.27, 0
95.28, 0
95.29, 0
95.3, 0
95.31, 0
95.32, 0
95.33, 0
95.34, 0
95.35, 0
95.36, 0
95.37, 0
95.38, 0
95.39, 0
95.4, 0
95.41, 0
95.42, 0
95.43, 0
95.44, 0
95.45, 0
95.46, 0
95.47, 0
95.48, 0
95.49, 0
95.5, 0
95.51, 0
95.52, 0
95.53, 0
95.54, 0
95.55, 0
95.56, 0
95.57, 0
95.58, 0
95.59, 0
95.6, 0
95.61, 0
95.62, 0
95.63, 0
95.64, 0
95.65, 0
95.66, 0
95.67, 0
95.68, 0
95.69, 0
95.7, 0
95.71, 0
95.72, 0
95.73, 0
95.74, 0
95.75, 0
95.76, 0
95.77, 0
95.78, 0
95.79, 0
95.8, 0
95.81, 0
95.82, 0
95.83, 0
95.84, 0
95.85, 0
95.86, 0
95.87, 0
95.88, 0
95.89, 0
95.9, 0
95.91, 0
95.92, 0
95.93, 0
95.94, 0
95.95, 0
95.96, 0
95.97, 0
95.98, 0
95.99, 0
96, 0
96.01, 0
96.02, 0
96.03, 0
96.04, 0
96.05, 0
96.06, 0
96.07, 0
96.08, 0
96.09, 0
96.1, 0
96.11, 0
96.12, 0
96.13, 0
96.14, 0
96.15, 0
96.16, 0
96.17, 0
96.18, 0
96.19, 0
96.2, 0
96.21, 0
96.22, 0
96.23, 0
96.24, 0
96.25, 0
96.26, 0
96.27, 0
96.28, 0
96.29, 0
96.3, 0
96.31, 0
96.32, 0
96.33, 0
96.34, 0
96.35, 0
96.36, 0
96.37, 0
96.38, 0
96.39, 0
96.4, 0
96.41, 0
96.42, 0
96.43, 0
96.44, 0
96.45, 0
96.46, 0
96.47, 0
96.48, 0
96.49, 0
96.5, 0
96.51, 0
96.52, 0
96.53, 0
96.54, 0
96.55, 0
96.56, 0
96.57, 0
96.58, 0
96.59, 0
96.6, 0
96.61, 0
96.62, 0
96.63, 0
96.64, 0
96.65, 0
96.66, 0
96.67, 0
96.68, 0
96.69, 0
96.7, 0
96.71, 0
96.72, 0
96.73, 0
96.74, 0
96.75, 0
96.76, 0
96.77, 0
96.78, 0
96.79, 0
96.8, 0
96.81, 0
96.82, 0
96.83, 0
96.84, 0
96.85, 0
96.86, 0
96.87, 0
96.88, 0
96.89, 0
96.9, 0
96.91, 0
96.92, 0
96.93, 0
96.94, 0
96.95, 0
96.96, 0
96.97, 0
96.98, 0
96.99, 0
97, 0
97.01, 0
97.02, 0
97.03, 0
97.04, 0
97.05, 0
97.06, 0
97.07, 0
97.08, 0
97.09, 0
97.1, 0
97.11, 0
97.12, 0
97.13, 0
97.14, 0
97.15, 0
97.16, 0
97.17, 0
97.18, 0
97.19, 0
97.2, 0
97.21, 0
97.22, 0
97.23, 0
97.24, 0
97.25, 0
97.26, 0
97.27, 0
97.28, 0
97.29, 0
97.3, 0
97.31, 0
97.32, 0
97.33, 0
97.34, 0
97.35, 0
97.36, 0
97.37, 0
97.38, 0
97.39, 0
97.4, 0
97.41, 0
97.42, 0
97.43, 0
97.44, 0
97.45, 0
97.46, 0
97.47, 0
97.48, 0
97.49, 0
97.5, 0
97.51, 0
97.52, 0
97.53, 0
97.54, 0
97.55, 0
97.56, 0
97.57, 0
97.58, 0
97.59, 0
97.6, 0
97.61, 0
97.62, 0
97.63, 0
97.64, 0
97.65, 0
97.66, 0
97.67, 0
97.68, 0
97.69, 0
97.7, 0
97.71, 0
97.72, 0
97.73, 0
97.74, 0
97.75, 0
97.76, 0
97.77, 0
97.78, 0
97.79, 0
97.8, 0
97.81, 0
97.82, 0
97.83, 0
97.84, 0
97.85, 0
97.86, 0
97.87, 0
97.88, 0
97.89, 0
97.9, 0
97.91, 0
97.92, 0
97.93, 0
97.94, 0
97.95, 0
97.96, 0
97.97, 0
97.98, 0
97.99, 0
98, 0
98.01, 0
98.02, 0
98.03, 0
98.04, 0
98.05, 0
98.06, 0
98.07, 0
98.08, 0
98.09, 0
98.1, 0
98.11, 0
98.12, 0
98.13, 0
98.14, 0
98.15, 0
98.16, 0
98.17, 0
98.18, 0
98.19, 0
98.2, 0
98.21, 0
98.22, 0
98.23, 0
98.24, 0
98.25, 0
98.26, 0
98.27, 0
98.28, 0
98.29, 0
98.3, 0
98.31, 0
98.32, 0
98.33, 0
98.34, 0
98.35, 0
98.36, 0
98.37, 0
98.38, 0
98.39, 0
98.4, 0
98.41, 0
98.42, 0
98.43, 0
98.44, 0
98.45, 0
98.46, 0
98.47, 0
98.48, 0
98.49, 0
98.5, 0
98.51, 0
98.52, 0
98.53, 0
98.54, 0
98.55, 0
98.56, 0
98.57, 0
98.58, 0
98.59, 0
98.6, 0
98.61, 0
98.62, 0
98.63, 0
98.64, 0
98.65, 0
98.66, 0
98.67, 0
98.68, 0
98.69, 0
98.7, 0
98.71, 0
98.72, 0
98.73, 0
98.74, 0
98.75, 0
98.76, 0
98.77, 0
98.78, 0
98.79, 0
98.8, 0
98.81, 0
98.82, 0
98.83, 0
98.84, 0
98.85, 0
98.86, 0
98.87, 0
98.88, 0
98.89, 0
98.9, 0
98.91, 0
98.92, 0
98.93, 0
98.94, 0
98.95, 0
98.96, 0
98.97, 0
98.98, 0
98.99, 0
99, 0
99.01, 0
99.02, 0
99.03, 0
99.04, 0
99.05, 0
99.06, 0
99.07, 0
99.08, 0
99.09, 0
99.1, 0
99.11, 0
99.12, 0
99.13, 0
99.14, 0
99.15, 0
99.16, 0
99.17, 0
99.18, 0
99.19, 0
99.2, 0
99.21, 0
99.22, 0
99.23, 0
99.24, 0
99.25, 0
99.26, 0
99.27, 0
99.28, 0
99.29, 0
99.3, 0
99.31, 0
99.32, 0
99.33, 0
99.34, 0
99.35, 0
99.36, 0
99.37, 0
99.38, 0
99.39, 0
99.4, 0
99.41, 0
99.42, 0
99.43, 0
99.44, 0
99.45, 0
99.46, 0
99.47, 0
99.48, 0
99.49, 0
99.5, 0
99.51, 0
99.52, 0
99.53, 0
99.54, 0
99.55, 0
99.56, 0
99.57, 0
99.58, 0
99.59, 0
99.6, 0
99.61, 0
99.62, 0
99.63, 0
99.64, 0
99.65, 0
99.66, 0
99.67, 0
99.68, 0
99.69, 0
99.7, 0
99.71, 0
99.72, 0
99.73, 0
99.74, 0
99.75, 0
99.76, 0
99.77, 0
99.78, 0
99.79, 0
99.8, 0
99.81, 0
99.82, 0
99.83, 0
99.84, 0
99.85, 0
99.86, 0
99.87, 0
99.88, 0
99.89, 0
99.9, 0
99.91, 0
99.92, 0
99.93, 0
99.94, 0
99.95, 0
99.96, 0
99.97, 0
99.98, 0
99.99, 0
100, 0
100.01, 0
100.02, 0
100.03, 0
100.04, 0
100.05, 0
100.06, 0
100.07, 0
100.08, 0
100.09, 0
100.1, 0
100.11, 0
100.12, 0
100.13, 0
100.14, 0
100.15, 0
100.16, 0
100.17, 0
100.18, 0
100.19, 0
100.2, 0
100.21, 0
100.22, 0
100.23, 0
100.24, 0
100.25, 0
100.26, 0
100.27, 0
100.28, 0
100.29, 0
100.3, 0
100.31, 0
100.32, 0
100.33, 0
100.34, 0
100.35, 0
100.36, 0
100.37, 0
100.38, 0
100.39, 0
100.4, 0
100.41, 0
100.42, 0
100.43, 0
100.44, 0
100.45, 0
100.46, 0
100.47, 0
100.48, 0
100.49, 0
100.5, 0
100.51, 0
100.52, 0
100.53, 0
100.54, 0
100.55, 0
100.56, 0
100.57, 0
100.58, 0
100.59, 0
100.6, 0
100.61, 0
100.62, 0
100.63, 0
100.64, 0
100.65, 0
100.66, 0
100.67, 0
100.68, 0
100.69, 0
100.7, 0
100.71, 0
100.72, 0
100.73, 0
100.74, 0
100.75, 0
100.76, 0
100.77, 0
100.78, 0
100.79, 0
100.8, 0
100.81, 0
100.82, 0
100.83, 0
100.84, 0
100.85, 0
100.86, 0
100.87, 0
100.88, 0
100.89, 0
100.9, 0
100.91, 0
100.92, 0
100.93, 0
100.94, 0
100.95, 0
100.96, 0
100.97, 0
100.98, 0
100.99, 0
101, 0
101.01, 0
101.02, 0
101.03, 0
101.04, 0
101.05, 0
101.06, 0
101.07, 0
101.08, 0
101.09, 0
101.1, 0
101.11, 0
101.12, 0
101.13, 0
101.14, 0
101.15, 0
101.16, 0
101.17, 0
101.18, 0
101.19, 0
101.2, 0
101.21, 0
101.22, 0
101.23, 0
101.24, 0
101.25, 0
101.26, 0
101.27, 0
101.28, 0
101.29, 0
101.3, 0
101.31, 0
101.32, 0
101.33, 0
101.34, 0
101.35, 0
101.36, 0
101.37, 0
101.38, 0
101.39, 0
101.4, 0
101.41, 0
101.42, 0
101.43, 0
101.44, 0
101.45, 0
101.46, 0
101.47, 0
101.48, 0
101.49, 0
101.5, 0
101.51, 0
101.52, 0
101.53, 0
101.54, 0
101.55, 0
101.56, 0
101.57, 0
101.58, 0
101.59, 0
101.6, 0
101.61, 0
101.62, 0
101.63, 0
101.64, 0
101.65, 0
101.66, 0
101.67, 0
101.68, 0
101.69, 0
101.7, 0
101.71, 0
101.72, 0
101.73, 0
101.74, 0
101.75, 0
101.76, 0
101.77, 0
101.78, 0
101.79, 0
101.8, 0
101.81, 0
101.82, 0
101.83, 0
101.84, 0
101.85, 0
101.86, 0
101.87, 0
101.88, 0
101.89, 0
101.9, 0
101.91, 0
101.92, 0
101.93, 0
101.94, 0
101.95, 0
101.96, 0
101.97, 0
101.98, 0
101.99, 0
102, 0
102.01, 0
102.02, 0
102.03, 0
102.04, 0
102.05, 0
102.06, 0
102.07, 0
102.08, 0
102.09, 0
102.1, 0
102.11, 0
102.12, 0
102.13, 0
102.14, 0
102.15, 0
102.16, 0
102.17, 0
102.18, 0
102.19, 0
102.2, 0
102.21, 0
102.22, 0
102.23, 0
102.24, 0
102.25, 0
102.26, 0
102.27, 0
102.28, 0
102.29, 0
102.3, 0
102.31, 0
102.32, 0
102.33, 0
102.34, 0
102.35, 0
102.36, 0
102.37, 0
102.38, 0
102.39, 0
102.4, 0
102.41, 0
102.42, 0
102.43, 0
102.44, 0
102.45, 0
102.46, 0
102.47, 0
102.48, 0
102.49, 0
102.5, 0
102.51, 0
102.52, 0
102.53, 0
102.54, 0
102.55, 0
102.56, 0
102.57, 0
102.58, 0
102.59, 0
102.6, 0
102.61, 0
102.62, 0
102.63, 0
102.64, 0
102.65, 0
102.66, 0
102.67, 0
102.68, 0
102.69, 0
102.7, 0
102.71, 0
102.72, 0
102.73, 0
102.74, 0
102.75, 0
102.76, 0
102.77, 0
102.78, 0
102.79, 0
102.8, 0
102.81, 0
102.82, 0
102.83, 0
102.84, 0
102.85, 0
102.86, 0
102.87, 0
102.88, 0
102.89, 0
102.9, 0
102.91, 0
102.92, 0
102.93, 0
102.94, 0
102.95, 0
102.96, 0
102.97, 0
102.98, 0
102.99, 0
103, 0
103.01, 0
103.02, 0
103.03, 0
103.04, 0
103.05, 0
103.06, 0
103.07, 0
103.08, 0
103.09, 0
103.1, 0
103.11, 0
103.12, 0
103.13, 0
103.14, 0
103.15, 0
103.16, 0
103.17, 0
103.18, 0
103.19, 0
103.2, 0
103.21, 0
103.22, 0
103.23, 0
103.24, 0
103.25, 0
103.26, 0
103.27, 0
103.28, 0
103.29, 0
103.3, 0
103.31, 0
103.32, 0
103.33, 0
103.34, 0
103.35, 0
103.36, 0
103.37, 0
103.38, 0
103.39, 0
103.4, 0
103.41, 0
103.42, 0
103.43, 0
103.44, 0
103.45, 0
103.46, 0
103.47, 0
103.48, 0
103.49, 0
103.5, 0
103.51, 0
103.52, 0
103.53, 0
103.54, 0
103.55, 0
103.56, 0
103.57, 0
103.58, 0
103.59, 0
103.6, 0
103.61, 0
103.62, 0
103.63, 0
103.64, 0
103.65, 0
103.66, 0
103.67, 0
103.68, 0
103.69, 0
103.7, 0
103.71, 0
103.72, 0
103.73, 0
103.74, 0
103.75, 0
103.76, 0
103.77, 0
103.78, 0
103.79, 0
103.8, 0
103.81, 0
103.82, 0
103.83, 0
103.84, 0
103.85, 0
103.86, 0
103.87, 0
103.88, 0
103.89, 0
103.9, 0
103.91, 0
103.92, 0
103.93, 0
103.94, 0
103.95, 0
103.96, 0
103.97, 0
103.98, 0
103.99, 0
104, 0
104.01, 0
104.02, 0
104.03, 0
104.04, 0
104.05, 0
104.06, 0
104.07, 0
104.08, 0
104.09, 0
104.1, 0
104.11, 0
104.12, 0
104.13, 0
104.14, 0
104.15, 0
104.16, 0
104.17, 0
104.18, 0
104.19, 0
104.2, 0
104.21, 0
104.22, 0
104.23, 0
104.24, 0
104.25, 0
104.26, 0
104.27, 0
104.28, 0
104.29, 0
104.3, 0
104.31, 0
104.32, 0
104.33, 0
104.34, 0
104.35, 0
104.36, 0
104.37, 0
104.38, 0
104.39, 0
104.4, 0
104.41, 0
104.42, 0
104.43, 0
104.44, 0
104.45, 0
104.46, 0
104.47, 0
104.48, 0
104.49, 0
104.5, 0
104.51, 0
104.52, 0
104.53, 0
104.54, 0
104.55, 0
104.56, 0
104.57, 0
104.58, 0
104.59, 0
104.6, 0
104.61, 0
104.62, 0
104.63, 0
104.64, 0
104.65, 0
104.66, 0
104.67, 0
104.68, 0
104.69, 0
104.7, 0
104.71, 0
104.72, 0
104.73, 0
104.74, 0
104.75, 0
104.76, 0
104.77, 0
104.78, 0
104.79, 0
104.8, 0
104.81, 0
104.82, 0
104.83, 0
104.84, 0
104.85, 0
104.86, 0
104.87, 0
104.88, 0
104.89, 0
104.9, 0
104.91, 0
104.92, 0
104.93, 0
104.94, 0
104.95, 0
104.96, 0
104.97, 0
104.98, 0
104.99, 0
105, 0
105.01, 0
105.02, 0
105.03, 0
105.04, 0
105.05, 0
105.06, 0
105.07, 0
105.08, 0
105.09, 0
105.1, 0
105.11, 0
105.12, 0
105.13, 0
105.14, 0
105.15, 0
105.16, 0
105.17, 0
105.18, 0
105.19, 0
105.2, 0
105.21, 0
105.22, 0
105.23, 0
105.24, 0
105.25, 0
105.26, 0
105.27, 0
105.28, 0
105.29, 0
105.3, 0
105.31, 0
105.32, 0
105.33, 0
105.34, 0
105.35, 0
105.36, 0
105.37, 0
105.38, 0
105.39, 0
105.4, 0
105.41, 0
105.42, 0
105.43, 0
105.44, 0
105.45, 0
105.46, 0
105.47, 0
105.48, 0
105.49, 0
105.5, 0
105.51, 0
105.52, 0
105.53, 0
105.54, 0
105.55, 0
105.56, 0
105.57, 0
105.58, 0
105.59, 0
105.6, 0
105.61, 0
105.62, 0
105.63, 0
105.64, 0
105.65, 0
105.66, 0
105.67, 0
105.68, 0
105.69, 0
105.7, 0
105.71, 0
105.72, 0
105.73, 0
105.74, 0
105.75, 0
105.76, 0
105.77, 0
105.78, 0
105.79, 0
105.8, 0
105.81, 0
105.82, 0
105.83, 0
105.84, 0
105.85, 0
105.86, 0
105.87, 0
105.88, 0
105.89, 0
105.9, 0
105.91, 0
105.92, 0
105.93, 0
105.94, 0
105.95, 0
105.96, 0
105.97, 0
105.98, 0
105.99, 0
106, 0
106.01, 0
106.02, 0
106.03, 0
106.04, 0
106.05, 0
106.06, 0
106.07, 0
106.08, 0
106.09, 0
106.1, 0
106.11, 0
106.12, 0
106.13, 0
106.14, 0
106.15, 0
106.16, 0
106.17, 0
106.18, 0
106.19, 0
106.2, 0
106.21, 0
106.22, 0
106.23, 0
106.24, 0
106.25, 0
106.26, 0
106.27, 0
106.28, 0
106.29, 0
106.3, 0
106.31, 0
106.32, 0
106.33, 0
106.34, 0
106.35, 0
106.36, 0
106.37, 0
106.38, 0
106.39, 0
106.4, 0
106.41, 0
106.42, 0
106.43, 0
106.44, 0
106.45, 0
106.46, 0
106.47, 0
106.48, 0
106.49, 0
106.5, 0
106.51, 0
106.52, 0
106.53, 0
106.54, 0
106.55, 0
106.56, 0
106.57, 0
106.58, 0
106.59, 0
106.6, 0
106.61, 0
106.62, 0
106.63, 0
106.64, 0
106.65, 0
106.66, 0
106.67, 0
106.68, 0
106.69, 0
106.7, 0
106.71, 0
106.72, 0
106.73, 0
106.74, 0
106.75, 0
106.76, 0
106.77, 0
106.78, 0
106.79, 0
106.8, 0
106.81, 0
106.82, 0
106.83, 0
106.84, 0
106.85, 0
106.86, 0
106.87, 0
106.88, 0
106.89, 0
106.9, 0
106.91, 0
106.92, 0
106.93, 0
106.94, 0
106.95, 0
106.96, 0
106.97, 0
106.98, 0
106.99, 0
107, 0
107.01, 0
107.02, 0
107.03, 0
107.04, 0
107.05, 0
107.06, 0
107.07, 0
107.08, 0
107.09, 0
107.1, 0
107.11, 0
107.12, 0
107.13, 0
107.14, 0
107.15, 0
107.16, 0
107.17, 0
107.18, 0
107.19, 0
107.2, 0
107.21, 0
107.22, 0
107.23, 0
107.24, 0
107.25, 0
107.26, 0
107.27, 0
107.28, 0
107.29, 0
107.3, 0
107.31, 0
107.32, 0
107.33, 0
107.34, 0
107.35, 0
107.36, 0
107.37, 0
107.38, 0
107.39, 0
107.4, 0
107.41, 0
107.42, 0
107.43, 0
107.44, 0
107.45, 0
107.46, 0
107.47, 0
107.48, 0
107.49, 0
107.5, 0
107.51, 0
107.52, 0
107.53, 0
107.54, 0
107.55, 0
107.56, 0
107.57, 0
107.58, 0
107.59, 0
107.6, 0
107.61, 0
107.62, 0
107.63, 0
107.64, 0
107.65, 0
107.66, 0
107.67, 0
107.68, 0
107.69, 0
107.7, 0
107.71, 0
107.72, 0
107.73, 0
107.74, 0
107.75, 0
107.76, 0
107.77, 0
107.78, 0
107.79, 0
107.8, 0
107.81, 0
107.82, 0
107.83, 0
107.84, 0
107.85, 0
107.86, 0
107.87, 0
107.88, 0
107.89, 0
107.9, 0
107.91, 0
107.92, 0
107.93, 0
107.94, 0
107.95, 0
107.96, 0
107.97, 0
107.98, 0
107.99, 0
108, 0
108.01, 0
108.02, 0
108.03, 0
108.04, 0
108.05, 0
108.06, 0
108.07, 0
108.08, 0
108.09, 0
108.1, 0
108.11, 0
108.12, 0
108.13, 0
108.14, 0
108.15, 0
108.16, 0
108.17, 0
108.18, 0
108.19, 0
108.2, 0
108.21, 0
108.22, 0
108.23, 0
108.24, 0
108.25, 0
108.26, 0
108.27, 0
108.28, 0
108.29, 0
108.3, 0
108.31, 0
108.32, 0
108.33, 0
108.34, 0
108.35, 0
108.36, 0
108.37, 0
108.38, 0
108.39, 0
108.4, 0
108.41, 0
108.42, 0
108.43, 0
108.44, 0
108.45, 0
108.46, 0
108.47, 0
108.48, 0
108.49, 0
108.5, 0
108.51, 0
108.52, 0
108.53, 0
108.54, 0
108.55, 0
108.56, 0
108.57, 0
108.58, 0
108.59, 0
108.6, 0
108.61, 0
108.62, 0
108.63, 0
108.64, 0
108.65, 0
108.66, 0
108.67, 0
108.68, 0
108.69, 0
108.7, 0
108.71, 0
108.72, 0
108.73, 0
108.74, 0
108.75, 0
108.76, 0
108.77, 0
108.78, 0
108.79, 0
108.8, 0
108.81, 0
108.82, 0
108.83, 0
108.84, 0
108.85, 0
108.86, 0
108.87, 0
108.88, 0
108.89, 0
108.9, 0
108.91, 0
108.92, 0
108.93, 0
108.94, 0
108.95, 0
108.96, 0
108.97, 0
108.98, 0
108.99, 0
109, 0
109.01, 0
109.02, 0
109.03, 0
109.04, 0
109.05, 0
109.06, 0
109.07, 0
109.08, 0
109.09, 0
109.1, 0
109.11, 0
109.12, 0
109.13, 0
109.14, 0
109.15, 0
109.16, 0
109.17, 0
109.18, 0
109.19, 0
109.2, 0
109.21, 0
109.22, 0
109.23, 0
109.24, 0
109.25, 0
109.26, 0
109.27, 0
109.28, 0
109.29, 0
109.3, 0
109.31, 0
109.32, 0
109.33, 0
109.34, 0
109.35, 0
109.36, 0
109.37, 0
109.38, 0
109.39, 0
109.4, 0
109.41, 0
109.42, 0
109.43, 0
109.44, 0
109.45, 0
109.46, 0
109.47, 0
109.48, 0
109.49, 0
109.5, 0
109.51, 0
109.52, 0
109.53, 0
109.54, 0
109.55, 0
109.56, 0
109.57, 0
109.58, 0
109.59, 0
109.6, 0
109.61, 0
109.62, 0
109.63, 0
109.64, 0
109.65, 0
109.66, 0
109.67, 0
109.68, 0
109.69, 0
109.7, 0
109.71, 0
109.72, 0
109.73, 0
109.74, 0
109.75, 0
109.76, 0
109.77, 0
109.78, 0
109.79, 0
109.8, 0
109.81, 0
109.82, 0
109.83, 0
109.84, 0
109.85, 0
109.86, 0
109.87, 0
109.88, 0
109.89, 0
109.9, 0
109.91, 0
109.92, 0
109.93, 0
109.94, 0
109.95, 0
109.96, 0
109.97, 0
109.98, 0
109.99, 0
110, 0
110.01, 0
110.02, 0
110.03, 0
110.04, 0
110.05, 0
110.06, 0
110.07, 0
110.08, 0
110.09, 0
110.1, 0
110.11, 0
110.12, 0
110.13, 0
110.14, 0
110.15, 0
110.16, 0
110.17, 0
110.18, 0
110.19, 0
110.2, 0
110.21, 0
110.22, 0
110.23, 0
110.24, 0
110.25, 0
110.26, 0
110.27, 0
110.28, 0
110.29, 0
110.3, 0
110.31, 0
110.32, 0
110.33, 0
110.34, 0
110.35, 0
110.36, 0
110.37, 0
110.38, 0
110.39, 0
110.4, 0
110.41, 0
110.42, 0
110.43, 0
110.44, 0
110.45, 0
110.46, 0
110.47, 0
110.48, 0
110.49, 0
110.5, 0
110.51, 0
110.52, 0
110.53, 0
110.54, 0
110.55, 0
110.56, 0
110.57, 0
110.58, 0
110.59, 0
110.6, 0
110.61, 0
110.62, 0
110.63, 0
110.64, 0
110.65, 0
110.66, 0
110.67, 0
110.68, 0
110.69, 0
110.7, 0
110.71, 0
110.72, 0
110.73, 0
110.74, 0
110.75, 0
110.76, 0
110.77, 0
110.78, 0
110.79, 0
110.8, 0
110.81, 0
110.82, 0
110.83, 0
110.84, 0
110.85, 0
110.86, 0
110.87, 0
110.88, 0
110.89, 0
110.9, 0
110.91, 0
110.92, 0
110.93, 0
110.94, 0
110.95, 0
110.96, 0
110.97, 0
110.98, 0
110.99, 0
111, 0
111.01, 0
111.02, 0
111.03, 0
111.04, 0
111.05, 0
111.06, 0
111.07, 0
111.08, 0
111.09, 0
111.1, 0
111.11, 0
111.12, 0
111.13, 0
111.14, 0
111.15, 0
111.16, 0
111.17, 0
111.18, 0
111.19, 0
111.2, 0
111.21, 0
111.22, 0
111.23, 0
111.24, 0
111.25, 0
111.26, 0
111.27, 0
111.28, 0
111.29, 0
111.3, 0
111.31, 0
111.32, 0
111.33, 0
111.34, 0
111.35, 0
111.36, 0
111.37, 0
111.38, 0
111.39, 0
111.4, 0
111.41, 0
111.42, 0
111.43, 0
111.44, 0
111.45, 0
111.46, 0
111.47, 0
111.48, 0
111.49, 0
111.5, 0
111.51, 0
111.52, 0
111.53, 0
111.54, 0
111.55, 0
111.56, 0
111.57, 0
111.58, 0
111.59, 0
111.6, 0
111.61, 0
111.62, 0
111.63, 0
111.64, 0
111.65, 0
111.66, 0
111.67, 0
111.68, 0
111.69, 0
111.7, 0
111.71, 0
111.72, 0
111.73, 0
111.74, 0
111.75, 0
111.76, 0
111.77, 0
111.78, 0
111.79, 0
111.8, 0
111.81, 0
111.82, 0
111.83, 0
111.84, 0
111.85, 0
111.86, 0
111.87, 0
111.88, 0
111.89, 0
111.9, 0
111.91, 0
111.92, 0
111.93, 0
111.94, 0
111.95, 0
111.96, 0
111.97, 0
111.98, 0
111.99, 0
112, 0
112.01, 0
112.02, 0
112.03, 0
112.04, 0
112.05, 0
112.06, 0
112.07, 0
112.08, 0
112.09, 0
112.1, 0
112.11, 0
112.12, 0
112.13, 0
112.14, 0
112.15, 0
112.16, 0
112.17, 0
112.18, 0
112.19, 0
112.2, 0
112.21, 0
112.22, 0
112.23, 0
112.24, 0
112.25, 0
112.26, 0
112.27, 0
112.28, 0
112.29, 0
112.3, 0
112.31, 0
112.32, 0
112.33, 0
112.34, 0
112.35, 0
112.36, 0
112.37, 0
112.38, 0
112.39, 0
112.4, 0
112.41, 0
112.42, 0
112.43, 0
112.44, 0
112.45, 0
112.46, 0
112.47, 0
112.48, 0
112.49, 0
112.5, 0
112.51, 0
112.52, 0
112.53, 0
112.54, 0
112.55, 0
112.56, 0
112.57, 0
112.58, 0
112.59, 0
112.6, 0
112.61, 0
112.62, 0
112.63, 0
112.64, 0
112.65, 0
112.66, 0
112.67, 0
112.68, 0
112.69, 0
112.7, 0
112.71, 0
112.72, 0
112.73, 0
112.74, 0
112.75, 0
112.76, 0
112.77, 0
112.78, 0
112.79, 0
112.8, 0
112.81, 0
112.82, 0
112.83, 0
112.84, 0
112.85, 0
112.86, 0
112.87, 0
112.88, 0
112.89, 0
112.9, 0
112.91, 0
112.92, 0
112.93, 0
112.94, 0
112.95, 0
112.96, 0
112.97, 0
112.98, 0
112.99, 0
113, 0
113.01, 0
113.02, 0
113.03, 0
113.04, 0
113.05, 0
113.06, 0
113.07, 0
113.08, 0
113.09, 0
113.1, 0
113.11, 0
113.12, 0
113.13, 0
113.14, 0
113.15, 0
113.16, 0
113.17, 0
113.18, 0
113.19, 0
113.2, 0
113.21, 0
113.22, 0
113.23, 0
113.24, 0
113.25, 0
113.26, 0
113.27, 0
113.28, 0
113.29, 0
113.3, 0
113.31, 0
113.32, 0
113.33, 0
113.34, 0
113.35, 0
113.36, 0
113.37, 0
113.38, 0
113.39, 0
113.4, 0
113.41, 0
113.42, 0
113.43, 0
113.44, 0
113.45, 0
113.46, 0
113.47, 0
113.48, 0
113.49, 0
113.5, 0
113.51, 0
113.52, 0
113.53, 0
113.54, 0
113.55, 0
113.56, 0
113.57, 0
113.58, 0
113.59, 0
113.6, 0
113.61, 0
113.62, 0
113.63, 0
113.64, 0
113.65, 0
113.66, 0
113.67, 0
113.68, 0
113.69, 0
113.7, 0
113.71, 0
113.72, 0
113.73, 0
113.74, 0
113.75, 0
113.76, 0
113.77, 0
113.78, 0
113.79, 0
113.8, 0
113.81, 0
113.82, 0
113.83, 0
113.84, 0
113.85, 0
113.86, 0
113.87, 0
113.88, 0
113.89, 0
113.9, 0
113.91, 0
113.92, 0
113.93, 0
113.94, 0
113.95, 0
113.96, 0
113.97, 0
113.98, 0
113.99, 0
114, 0
114.01, 0
114.02, 0
114.03, 0
114.04, 0
114.05, 0
114.06, 0
114.07, 0
114.08, 0
114.09, 0
114.1, 0
114.11, 0
114.12, 0
114.13, 0
114.14, 0
114.15, 0
114.16, 0
114.17, 0
114.18, 0
114.19, 0
114.2, 0
114.21, 0
114.22, 0
114.23, 0
114.24, 0
114.25, 0
114.26, 0
114.27, 0
114.28, 0
114.29, 0
114.3, 0
114.31, 0
114.32, 0
114.33, 0
114.34, 0
114.35, 0
114.36, 0
114.37, 0
114.38, 0
114.39, 0
114.4, 0
114.41, 0
114.42, 0
114.43, 0
114.44, 0
114.45, 0
114.46, 0
114.47, 0
114.48, 0
114.49, 0
114.5, 0
114.51, 0
114.52, 0
114.53, 0
114.54, 0
114.55, 0
114.56, 0
114.57, 0
114.58, 0
114.59, 0
114.6, 0
114.61, 0
114.62, 0
114.63, 0
114.64, 0
114.65, 0
114.66, 0
114.67, 0
114.68, 0
114.69, 0
114.7, 0
114.71, 0
114.72, 0
114.73, 0
114.74, 0
114.75, 0
114.76, 0
114.77, 0
114.78, 0
114.79, 0
114.8, 0
114.81, 0
114.82, 0
114.83, 0
114.84, 0
114.85, 0
114.86, 0
114.87, 0
114.88, 0
114.89, 0
114.9, 0
114.91, 0
114.92, 0
114.93, 0
114.94, 0
114.95, 0
114.96, 0
114.97, 0
114.98, 0
114.99, 0
115, 0
115.01, 0
115.02, 0
115.03, 0
115.04, 0
115.05, 0
115.06, 0
115.07, 0
115.08, 0
115.09, 0
115.1, 0
115.11, 0
115.12, 0
115.13, 0
115.14, 0
115.15, 0
115.16, 0
115.17, 0
115.18, 0
115.19, 0
115.2, 0
115.21, 0
115.22, 0
115.23, 0
115.24, 0
115.25, 0
115.26, 0
115.27, 0
115.28, 0
115.29, 0
115.3, 0
115.31, 0
115.32, 0
115.33, 0
115.34, 0
115.35, 0
115.36, 0
115.37, 0
115.38, 0
115.39, 0
115.4, 0
115.41, 0
115.42, 0
115.43, 0
115.44, 0
115.45, 0
115.46, 0
115.47, 0
115.48, 0
115.49, 0
115.5, 0
115.51, 0
115.52, 0
115.53, 0
115.54, 0
115.55, 0
115.56, 0
115.57, 0
115.58, 0
115.59, 0
115.6, 0
115.61, 0
115.62, 0
115.63, 0
115.64, 0
115.65, 0
115.66, 0
115.67, 0
115.68, 0
115.69, 0
115.7, 0
115.71, 0
115.72, 0
115.73, 0
115.74, 0
115.75, 0
115.76, 0
115.77, 0
115.78, 0
115.79, 0
115.8, 0
115.81, 0
115.82, 0
115.83, 0
115.84, 0
115.85, 0
115.86, 0
115.87, 0
115.88, 0
115.89, 0
115.9, 0
115.91, 0
115.92, 0
115.93, 0
115.94, 0
115.95, 0
115.96, 0
115.97, 0
115.98, 0
115.99, 0
116, 0
116.01, 0
116.02, 0
116.03, 0
116.04, 0
116.05, 0
116.06, 0
116.07, 0
116.08, 0
116.09, 0
116.1, 0
116.11, 0
116.12, 0
116.13, 0
116.14, 0
116.15, 0
116.16, 0
116.17, 0
116.18, 0
116.19, 0
116.2, 0
116.21, 0
116.22, 0
116.23, 0
116.24, 0
116.25, 0
116.26, 0
116.27, 0
116.28, 0
116.29, 0
116.3, 0
116.31, 0
116.32, 0
116.33, 0
116.34, 0
116.35, 0
116.36, 0
116.37, 0
116.38, 0
116.39, 0
116.4, 0
116.41, 0
116.42, 0
116.43, 0
116.44, 0
116.45, 0
116.46, 0
116.47, 0
116.48, 0
116.49, 0
116.5, 0
116.51, 0
116.52, 0
116.53, 0
116.54, 0
116.55, 0
116.56, 0
116.57, 0
116.58, 0
116.59, 0
116.6, 0
116.61, 0
116.62, 0
116.63, 0
116.64, 0
116.65, 0
116.66, 0
116.67, 0
116.68, 0
116.69, 0
116.7, 0
116.71, 0
116.72, 0
116.73, 0
116.74, 0
116.75, 0
116.76, 0
116.77, 0
116.78, 0
116.79, 0
116.8, 0
116.81, 0
116.82, 0
116.83, 0
116.84, 0
116.85, 0
116.86, 0
116.87, 0
116.88, 0
116.89, 0
116.9, 0
116.91, 0
116.92, 0
116.93, 0
116.94, 0
116.95, 0
116.96, 0
116.97, 0
116.98, 0
116.99, 0
117, 0
117.01, 0
117.02, 0
117.03, 0
117.04, 0
117.05, 0
117.06, 0
117.07, 0
117.08, 0
117.09, 0
117.1, 0
117.11, 0
117.12, 0
117.13, 0
117.14, 0
117.15, 0
117.16, 0
117.17, 0
117.18, 0
117.19, 0
117.2, 0
117.21, 0
117.22, 0
117.23, 0
117.24, 0
117.25, 0
117.26, 0
117.27, 0
117.28, 0
117.29, 0
117.3, 0
117.31, 0
117.32, 0
117.33, 0
117.34, 0
117.35, 0
117.36, 0
117.37, 0
117.38, 0
117.39, 0
117.4, 0
117.41, 0
117.42, 0
117.43, 0
117.44, 0
117.45, 0
117.46, 0
117.47, 0
117.48, 0
117.49, 0
117.5, 0
117.51, 0
117.52, 0
117.53, 0
117.54, 0
117.55, 0
117.56, 0
117.57, 0
117.58, 0
117.59, 0
117.6, 0
117.61, 0
117.62, 0
117.63, 0
117.64, 0
117.65, 0
117.66, 0
117.67, 0
117.68, 0
117.69, 0
117.7, 0
117.71, 0
117.72, 0
117.73, 0
117.74, 0
117.75, 0
117.76, 0
117.77, 0
117.78, 0
117.79, 0
117.8, 0
117.81, 0
117.82, 0
117.83, 0
117.84, 0
117.85, 0
117.86, 0
117.87, 0
117.88, 0
117.89, 0
117.9, 0
117.91, 0
117.92, 0
117.93, 0
117.94, 0
117.95, 0
117.96, 0
117.97, 0
117.98, 0
117.99, 0
118, 0
118.01, 0
118.02, 0
118.03, 0
118.04, 0
118.05, 0
118.06, 0
118.07, 0
118.08, 0
118.09, 0
118.1, 0
118.11, 0
118.12, 0
118.13, 0
118.14, 0
118.15, 0
118.16, 0
118.17, 0
118.18, 0
118.19, 0
118.2, 0
118.21, 0
118.22, 0
118.23, 0
118.24, 0
118.25, 0
118.26, 0
118.27, 0
118.28, 0
118.29, 0
118.3, 0
118.31, 0
118.32, 0
118.33, 0
118.34, 0
118.35, 0
118.36, 0
118.37, 0
118.38, 0
118.39, 0
118.4, 0
118.41, 0
118.42, 0
118.43, 0
118.44, 0
118.45, 0
118.46, 0
118.47, 0
118.48, 0
118.49, 0
118.5, 0
118.51, 0
118.52, 0
118.53, 0
118.54, 0
118.55, 0
118.56, 0
118.57, 0
118.58, 0
118.59, 0
118.6, 0
118.61, 0
118.62, 0
118.63, 0
118.64, 0
118.65, 0
118.66, 0
118.67, 0
118.68, 0
118.69, 0
118.7, 0
118.71, 0
118.72, 0
118.73, 0
118.74, 0
118.75, 0
118.76, 0
118.77, 0
118.78, 0
118.79, 0
118.8, 0
118.81, 0
118.82, 0
118.83, 0
118.84, 0
118.85, 0
118.86, 0
118.87, 0
118.88, 0
118.89, 0
118.9, 0
118.91, 0
118.92, 0
118.93, 0
118.94, 0
118.95, 0
118.96, 0
118.97, 0
118.98, 0
118.99, 0
119, 0
119.01, 0
119.02, 0
119.03, 0
119.04, 0
119.05, 0
119.06, 0
119.07, 0
119.08, 0
119.09, 0
119.1, 0
119.11, 0
119.12, 0
119.13, 0
119.14, 0
119.15, 0
119.16, 0
119.17, 0
119.18, 0
119.19, 0
119.2, 0
119.21, 0
119.22, 0
119.23, 0
119.24, 0
119.25, 0
119.26, 0
119.27, 0
119.28, 0
119.29, 0
119.3, 0
119.31, 0
119.32, 0
119.33, 0
119.34, 0
119.35, 0
119.36, 0
119.37, 0
119.38, 0
119.39, 0
119.4, 0
119.41, 0
119.42, 0
119.43, 0
119.44, 0
119.45, 0
119.46, 0
119.47, 0
119.48, 0
119.49, 0
119.5, 0
119.51, 0
119.52, 0
119.53, 0
119.54, 0
119.55, 0
119.56, 0
119.57, 0
119.58, 0
119.59, 0
119.6, 0
119.61, 0
119.62, 0
119.63, 0
119.64, 0
119.65, 0
119.66, 0
119.67, 0
119.68, 0
119.69, 0
119.7, 0
119.71, 0
119.72, 0
119.73, 0
119.74, 0
119.75, 0
119.76, 0
119.77, 0
119.78, 0
119.79, 0
119.8, 0
119.81, 0
119.82, 0
119.83, 0
119.84, 0
119.85, 0
119.86, 0
119.87, 0
119.88, 0
119.89, 0
119.9, 0
119.91, 0
119.92, 0
119.93, 0
119.94, 0
119.95, 0
119.96, 0
119.97, 0
119.98, 0
119.99, 0
120, 0
120.01, 0
120.02, 0
120.03, 0
120.04, 0
120.05, 0
120.06, 0
120.07, 0
120.08, 0
120.09, 0
120.1, 0
120.11, 0
120.12, 0
120.13, 0
120.14, 0
120.15, 0
120.16, 0
120.17, 0
120.18, 0
120.19, 0
120.2, 0
120.21, 0
120.22, 0
120.23, 0
120.24, 0
120.25, 0
120.26, 0
120.27, 0
120.28, 0
120.29, 0
120.3, 0
120.31, 0
120.32, 0
120.33, 0
120.34, 0
120.35, 0
120.36, 0
120.37, 0
120.38, 0
120.39, 0
120.4, 0
120.41, 0
120.42, 0
120.43, 0
120.44, 0
120.45, 0
120.46, 0
120.47, 0
120.48, 0
120.49, 0
120.5, 0
120.51, 0
120.52, 0
120.53, 0
120.54, 0
120.55, 0
120.56, 0
120.57, 0
120.58, 0
120.59, 0
120.6, 0
120.61, 0
120.62, 0
120.63, 0
120.64, 0
120.65, 0
120.66, 0
120.67, 0
120.68, 0
120.69, 0
120.7, 0
120.71, 0
120.72, 0
120.73, 0
120.74, 0
120.75, 0
120.76, 0
120.77, 0
120.78, 0
120.79, 0
120.8, 0
120.81, 0
120.82, 0
120.83, 0
120.84, 0
120.85, 0
120.86, 0
120.87, 0
120.88, 0
120.89, 0
120.9, 0
120.91, 0
120.92, 0
120.93, 0
120.94, 0
120.95, 0
120.96, 0
120.97, 0
120.98, 0
120.99, 0
121, 0
121.01, 0
121.02, 0
121.03, 0
121.04, 0
121.05, 0
121.06, 0
121.07, 0
121.08, 0
121.09, 0
121.1, 0
121.11, 0
121.12, 0
121.13, 0
121.14, 0
121.15, 0
121.16, 0
121.17, 0
121.18, 0
121.19, 0
121.2, 0
121.21, 0
121.22, 0
121.23, 0
121.24, 0
121.25, 0
121.26, 0
121.27, 0
121.28, 0
121.29, 0
121.3, 0
121.31, 0
121.32, 0
121.33, 0
121.34, 0
121.35, 0
121.36, 0
121.37, 0
121.38, 0
121.39, 0
121.4, 0
121.41, 0
121.42, 0
121.43, 0
121.44, 0
121.45, 0
121.46, 0
121.47, 0
121.48, 0
121.49, 0
121.5, 0
121.51, 0
121.52, 0
121.53, 0
121.54, 0
121.55, 0
121.56, 0
121.57, 0
121.58, 0
121.59, 0
121.6, 0
121.61, 0
121.62, 0
121.63, 0
121.64, 0
121.65, 0
121.66, 0
121.67, 0
121.68, 0
121.69, 0
121.7, 0
121.71, 0
121.72, 0
121.73, 0
121.74, 0
121.75, 0
121.76, 0
121.77, 0
121.78, 0
121.79, 0
121.8, 0
121.81, 0
121.82, 0
121.83, 0
121.84, 0
121.85, 0
121.86, 0
121.87, 0
121.88, 0
121.89, 0
121.9, 0
121.91, 0
121.92, 0
121.93, 0
121.94, 0
121.95, 0
121.96, 0
121.97, 0
121.98, 0
121.99, 0
122, 0
122.01, 0
122.02, 0
122.03, 0
122.04, 0
122.05, 0
122.06, 0
122.07, 0
122.08, 0
122.09, 0
122.1, 0
122.11, 0
122.12, 0
122.13, 0
122.14, 0
122.15, 0
122.16, 0
122.17, 0
122.18, 0
122.19, 0
122.2, 0
122.21, 0
122.22, 0
122.23, 0
122.24, 0
122.25, 0
122.26, 0
122.27, 0
122.28, 0
122.29, 0
122.3, 0
122.31, 0
122.32, 0
122.33, 0
122.34, 0
122.35, 0
122.36, 0
122.37, 0
122.38, 0
122.39, 0
122.4, 0
122.41, 0
122.42, 0
122.43, 0
122.44, 0
122.45, 0
122.46, 0
122.47, 0
122.48, 0
122.49, 0
122.5, 0
122.51, 0
122.52, 0
122.53, 0
122.54, 0
122.55, 0
122.56, 0
122.57, 0
122.58, 0
122.59, 0
122.6, 0
122.61, 0
122.62, 0
122.63, 0
122.64, 0
122.65, 0
122.66, 0
122.67, 0
122.68, 0
122.69, 0
122.7, 0
122.71, 0
122.72, 0
122.73, 0
122.74, 0
122.75, 0
122.76, 0
122.77, 0
122.78, 0
122.79, 0
122.8, 0
122.81, 0
122.82, 0
122.83, 0
122.84, 0
122.85, 0
122.86, 0
122.87, 0
122.88, 0
122.89, 0
122.9, 0
122.91, 0
122.92, 0
122.93, 0
122.94, 0
122.95, 0
122.96, 0
122.97, 0
122.98, 0
122.99, 0
123, 0
123.01, 0
123.02, 0
123.03, 0
123.04, 0
123.05, 0
123.06, 0
123.07, 0
123.08, 0
123.09, 0
123.1, 0
123.11, 0
123.12, 0
123.13, 0
123.14, 0
123.15, 0
123.16, 0
123.17, 0
123.18, 0
123.19, 0
123.2, 0
123.21, 0
123.22, 0
123.23, 0
123.24, 0
123.25, 0
123.26, 0
123.27, 0
123.28, 0
123.29, 0
123.3, 0
123.31, 0
123.32, 0
123.33, 0
123.34, 0
123.35, 0
123.36, 0
123.37, 0
123.38, 0
123.39, 0
123.4, 0
123.41, 0
123.42, 0
123.43, 0
123.44, 0
123.45, 0
123.46, 0
123.47, 0
123.48, 0
123.49, 0
123.5, 0
123.51, 0
123.52, 0
123.53, 0
123.54, 0
123.55, 0
123.56, 0
123.57, 0
123.58, 0
123.59, 0
123.6, 0
123.61, 0
123.62, 0
123.63, 0
123.64, 0
123.65, 0
123.66, 0
123.67, 0
123.68, 0
123.69, 0
123.7, 0
123.71, 0
123.72, 0
123.73, 0
123.74, 0
123.75, 0
123.76, 0
123.77, 0
123.78, 0
123.79, 0
123.8, 0
123.81, 0
123.82, 0
123.83, 0
123.84, 0
123.85, 0
123.86, 0
123.87, 0
123.88, 0
123.89, 0
123.9, 0
123.91, 0
123.92, 0
123.93, 0
123.94, 0
123.95, 0
123.96, 0
123.97, 0
123.98, 0
123.99, 0
124, 0
124.01, 0
124.02, 0
124.03, 0
124.04, 0
124.05, 0
124.06, 0
124.07, 0
124.08, 0
124.09, 0
124.1, 0
124.11, 0
124.12, 0
124.13, 0
124.14, 0
124.15, 0
124.16, 0
124.17, 0
124.18, 0
124.19, 0
124.2, 0
124.21, 0
124.22, 0
124.23, 0
124.24, 0
124.25, 0
124.26, 0
124.27, 0
124.28, 0
124.29, 0
124.3, 0
124.31, 0
124.32, 0
124.33, 0
124.34, 0
124.35, 0
124.36, 0
124.37, 0
124.38, 0
124.39, 0
124.4, 0
124.41, 0
124.42, 0
124.43, 0
124.44, 0
124.45, 0
124.46, 0
124.47, 0
124.48, 0
124.49, 0
124.5, 0
124.51, 0
124.52, 0
124.53, 0
124.54, 0
124.55, 0
124.56, 0
124.57, 0
124.58, 0
124.59, 0
124.6, 0
124.61, 0
124.62, 0
124.63, 0
124.64, 0
124.65, 0
124.66, 0
124.67, 0
124.68, 0
124.69, 0
124.7, 0
124.71, 0
124.72, 0
124.73, 0
124.74, 0
124.75, 0
124.76, 0
124.77, 0
124.78, 0
124.79, 0
124.8, 0
124.81, 0
124.82, 0
124.83, 0
124.84, 0
124.85, 0
124.86, 0
124.87, 0
124.88, 0
124.89, 0
124.9, 0
124.91, 0
124.92, 0
124.93, 0
124.94, 0
124.95, 0
124.96, 0
124.97, 0
124.98, 0
124.99, 0
125, 0
125.01, 0
125.02, 0
125.03, 0
125.04, 0
125.05, 0
125.06, 0
125.07, 0
125.08, 0
125.09, 0
125.1, 0
125.11, 0
125.12, 0
125.13, 0
125.14, 0
125.15, 0
125.16, 0
125.17, 0
125.18, 0
125.19, 0
125.2, 0
125.21, 0
125.22, 0
125.23, 0
125.24, 0
125.25, 0
125.26, 0
125.27, 0
125.28, 0
125.29, 0
125.3, 0
125.31, 0
125.32, 0
125.33, 0
125.34, 0
125.35, 0
125.36, 0
125.37, 0
125.38, 0
125.39, 0
125.4, 0
125.41, 0
125.42, 0
125.43, 0
125.44, 0
125.45, 0
125.46, 0
125.47, 0
125.48, 0
125.49, 0
125.5, 0
125.51, 0
125.52, 0
125.53, 0
125.54, 0
125.55, 0
125.56, 0
125.57, 0
125.58, 0
125.59, 0
125.6, 0
125.61, 0
125.62, 0
125.63, 0
125.64, 0
125.65, 0
125.66, 0
125.67, 0
125.68, 0
125.69, 0
125.7, 0
125.71, 0
125.72, 0
125.73, 0
125.74, 0
125.75, 0
125.76, 0
125.77, 0
125.78, 0
125.79, 0
125.8, 0
125.81, 0
125.82, 0
125.83, 0
125.84, 0
125.85, 0
125.86, 0
125.87, 0
125.88, 0
125.89, 0
125.9, 0
125.91, 0
125.92, 0
125.93, 0
125.94, 0
125.95, 0
125.96, 0
125.97, 0
125.98, 0
125.99, 0
126, 0
126.01, 0
126.02, 0
126.03, 0
126.04, 0
126.05, 0
126.06, 0
126.07, 0
126.08, 0
126.09, 0
126.1, 0
126.11, 0
126.12, 0
126.13, 0
126.14, 0
126.15, 0
126.16, 0
126.17, 0
126.18, 0
126.19, 0
126.2, 0
126.21, 0
126.22, 0
126.23, 0
126.24, 0
126.25, 0
126.26, 0
126.27, 0
126.28, 0
126.29, 0
126.3, 0
126.31, 0
126.32, 0
126.33, 0
126.34, 0
126.35, 0
126.36, 0
126.37, 0
126.38, 0
126.39, 0
126.4, 0
126.41, 0
126.42, 0
126.43, 0
126.44, 0
126.45, 0
126.46, 0
126.47, 0
126.48, 0
126.49, 0
126.5, 0
126.51, 0
126.52, 0
126.53, 0
126.54, 0
126.55, 0
126.56, 0
126.57, 0
126.58, 0
126.59, 0
126.6, 0
126.61, 0
126.62, 0
126.63, 0
126.64, 0
126.65, 0
126.66, 0
126.67, 0
126.68, 0
126.69, 0
126.7, 0
126.71, 0
126.72, 0
126.73, 0
126.74, 0
126.75, 0
126.76, 0
126.77, 0
126.78, 0
126.79, 0
126.8, 0
126.81, 0
126.82, 0
126.83, 0
126.84, 0
126.85, 0
126.86, 0
126.87, 0
126.88, 0
126.89, 0
126.9, 0
126.91, 0
126.92, 0
126.93, 0
126.94, 0
126.95, 0
126.96, 0
126.97, 0
126.98, 0
126.99, 0
127, 0
127.01, 0
127.02, 0
127.03, 0
127.04, 0
127.05, 0
127.06, 0
127.07, 0
127.08, 0
127.09, 0
127.1, 0
127.11, 0
127.12, 0
127.13, 0
127.14, 0
127.15, 0
127.16, 0
127.17, 0
127.18, 0
127.19, 0
127.2, 0
127.21, 0
127.22, 0
127.23, 0
127.24, 0
127.25, 0
127.26, 0
127.27, 0
127.28, 0
127.29, 0
127.3, 0
127.31, 0
127.32, 0
127.33, 0
127.34, 0
127.35, 0
127.36, 0
127.37, 0
127.38, 0
127.39, 0
127.4, 0
127.41, 0
127.42, 0
127.43, 0
127.44, 0
127.45, 0
127.46, 0
127.47, 0
127.48, 0
127.49, 0
127.5, 0
127.51, 0
127.52, 0
127.53, 0
127.54, 0
127.55, 0
127.56, 0
127.57, 0
127.58, 0
127.59, 0
127.6, 0
127.61, 0
127.62, 0
127.63, 0
127.64, 0
127.65, 0
127.66, 0
127.67, 0
127.68, 0
127.69, 0
127.7, 0
127.71, 0
127.72, 0
127.73, 0
127.74, 0
127.75, 0
127.76, 0
127.77, 0
127.78, 0
127.79, 0
127.8, 0
127.81, 0
127.82, 0
127.83, 0
127.84, 0
127.85, 0
127.86, 0
127.87, 0
127.88, 0
127.89, 0
127.9, 0
127.91, 0
127.92, 0
127.93, 0
127.94, 0
127.95, 0
127.96, 0
127.97, 0
127.98, 0
127.99, 0
128, 0
128.01, 0
128.02, 0
128.03, 0
128.04, 0
128.05, 0
128.06, 0
128.07, 0
128.08, 0
128.09, 0
128.1, 0
128.11, 0
128.12, 0
128.13, 0
128.14, 0
128.15, 0
128.16, 0
128.17, 0
128.18, 0
128.19, 0
128.2, 0
128.21, 0
128.22, 0
128.23, 0
128.24, 0
128.25, 0
128.26, 0
128.27, 0
128.28, 0
128.29, 0
128.3, 0
128.31, 0
128.32, 0
128.33, 0
128.34, 0
128.35, 0
128.36, 0
128.37, 0
128.38, 0
128.39, 0
128.4, 0
128.41, 0
128.42, 0
128.43, 0
128.44, 0
128.45, 0
128.46, 0
128.47, 0
128.48, 0
128.49, 0
128.5, 0
128.51, 0
128.52, 0
128.53, 0
128.54, 0
128.55, 0
128.56, 0
128.57, 0
128.58, 0
128.59, 0
128.6, 0
128.61, 0
128.62, 0
128.63, 0
128.64, 0
128.65, 0
128.66, 0
128.67, 0
128.68, 0
128.69, 0
128.7, 0
128.71, 0
128.72, 0
128.73, 0
128.74, 0
128.75, 0
128.76, 0
128.77, 0
128.78, 0
128.79, 0
128.8, 0
128.81, 0
128.82, 0
128.83, 0
128.84, 0
128.85, 0
128.86, 0
128.87, 0
128.88, 0
128.89, 0
128.9, 0
128.91, 0
128.92, 0
128.93, 0
128.94, 0
128.95, 0
128.96, 0
128.97, 0
128.98, 0
128.99, 0
129, 0
129.01, 0
129.02, 0
129.03, 0
129.04, 0
129.05, 0
129.06, 0
129.07, 0
129.08, 0
129.09, 0
129.1, 0
129.11, 0
129.12, 0
129.13, 0
129.14, 0
129.15, 0
129.16, 0
129.17, 0
129.18, 0
129.19, 0
129.2, 0
129.21, 0
129.22, 0
129.23, 0
129.24, 0
129.25, 0
129.26, 0
129.27, 0
129.28, 0
129.29, 0
129.3, 0
129.31, 0
129.32, 0
129.33, 0
129.34, 0
129.35, 0
129.36, 0
129.37, 0
129.38, 0
129.39, 0
129.4, 0
129.41, 0
129.42, 0
129.43, 0
129.44, 0
129.45, 0
129.46, 0
129.47, 0
129.48, 0
129.49, 0
129.5, 0
129.51, 0
129.52, 0
129.53, 0
129.54, 0
129.55, 0
129.56, 0
129.57, 0
129.58, 0
129.59, 0
129.6, 0
129.61, 0
129.62, 0
129.63, 0
129.64, 0
129.65, 0
129.66, 0
129.67, 0
129.68, 0
129.69, 0
129.7, 0
129.71, 0
129.72, 0
129.73, 0
129.74, 0
129.75, 0
129.76, 0
129.77, 0
129.78, 0
129.79, 0
129.8, 0
129.81, 0
129.82, 0
129.83, 0
129.84, 0
129.85, 0
129.86, 0
129.87, 0
129.88, 0
129.89, 0
129.9, 0
129.91, 0
129.92, 0
129.93, 0
129.94, 0
129.95, 0
129.96, 0
129.97, 0
129.98, 0
129.99, 0
130, 0
130.01, 0
130.02, 0
130.03, 0
130.04, 0
130.05, 0
130.06, 0
130.07, 0
130.08, 0
130.09, 0
130.1, 0
130.11, 0
130.12, 0
130.13, 0
130.14, 0
130.15, 0
130.16, 0
130.17, 0
130.18, 0
130.19, 0
130.2, 0
130.21, 0
130.22, 0
130.23, 0
130.24, 0
130.25, 0
130.26, 0
130.27, 0
130.28, 0
130.29, 0
130.3, 0
130.31, 0
130.32, 0
130.33, 0
130.34, 0
130.35, 0
130.36, 0
130.37, 0
130.38, 0
130.39, 0
130.4, 0
130.41, 0
130.42, 0
130.43, 0
130.44, 0
130.45, 0
130.46, 0
130.47, 0
130.48, 0
130.49, 0
130.5, 0
130.51, 0
130.52, 0
130.53, 0
130.54, 0
130.55, 0
130.56, 0
130.57, 0
130.58, 0
130.59, 0
130.6, 0
130.61, 0
130.62, 0
130.63, 0
130.64, 0
130.65, 0
130.66, 0
130.67, 0
130.68, 0
130.69, 0
130.7, 0
130.71, 0
130.72, 0
130.73, 0
130.74, 0
130.75, 0
130.76, 0
130.77, 0
130.78, 0
130.79, 0
130.8, 0
130.81, 0
130.82, 0
130.83, 0
130.84, 0
130.85, 0
130.86, 0
130.87, 0
130.88, 0
130.89, 0
130.9, 0
130.91, 0
130.92, 0
130.93, 0
130.94, 0
130.95, 0
130.96, 0
130.97, 0
130.98, 0
130.99, 0
131, 0
131.01, 0
131.02, 0
131.03, 0
131.04, 0
131.05, 0
131.06, 0
131.07, 0
131.08, 0
131.09, 0
131.1, 0
131.11, 0
131.12, 0
131.13, 0
131.14, 0
131.15, 0
131.16, 0
131.17, 0
131.18, 0
131.19, 0
131.2, 0
131.21, 0
131.22, 0
131.23, 0
131.24, 0
131.25, 0
131.26, 0
131.27, 0
131.28, 0
131.29, 0
131.3, 0
131.31, 0
131.32, 0
131.33, 0
131.34, 0
131.35, 0
131.36, 0
131.37, 0
131.38, 0
131.39, 0
131.4, 0
131.41, 0
131.42, 0
131.43, 0
131.44, 0
131.45, 0
131.46, 0
131.47, 0
131.48, 0
131.49, 0
131.5, 0
131.51, 0
131.52, 0
131.53, 0
131.54, 0
131.55, 0
131.56, 0
131.57, 0
131.58, 0
131.59, 0
131.6, 0
131.61, 0
131.62, 0
131.63, 0
131.64, 0
131.65, 0
131.66, 0
131.67, 0
131.68, 0
131.69, 0
131.7, 0
131.71, 0
131.72, 0
131.73, 0
131.74, 0
131.75, 0
131.76, 0
131.77, 0
131.78, 0
131.79, 0
131.8, 0
131.81, 0
131.82, 0
131.83, 0
131.84, 0
131.85, 0
131.86, 0
131.87, 0
131.88, 0
131.89, 0
131.9, 0
131.91, 0
131.92, 0
131.93, 0
131.94, 0
131.95, 0
131.96, 0
131.97, 0
131.98, 0
131.99, 0
132, 0
132.01, 0
132.02, 0
132.03, 0
132.04, 0
132.05, 0
132.06, 0
132.07, 0
132.08, 0
132.09, 0
132.1, 0
132.11, 0
132.12, 0
132.13, 0
132.14, 0
132.15, 0
132.16, 0
132.17, 0
132.18, 0
132.19, 0
132.2, 0
132.21, 0
132.22, 0
132.23, 0
132.24, 0
132.25, 0
132.26, 0
132.27, 0
132.28, 0
132.29, 0
132.3, 0
132.31, 0
132.32, 0
132.33, 0
132.34, 0
132.35, 0
132.36, 0
132.37, 0
132.38, 0
132.39, 0
132.4, 0
132.41, 0
132.42, 0
132.43, 0
132.44, 0
132.45, 0
132.46, 0
132.47, 0
132.48, 0
132.49, 0
132.5, 0
132.51, 0
132.52, 0
132.53, 0
132.54, 0
132.55, 0
132.56, 0
132.57, 0
132.58, 0
132.59, 0
132.6, 0
132.61, 0
132.62, 0
132.63, 0
132.64, 0
132.65, 0
132.66, 0
132.67, 0
132.68, 0
132.69, 0
132.7, 0
132.71, 0
132.72, 0
132.73, 0
132.74, 0
132.75, 0
132.76, 0
132.77, 0
132.78, 0
132.79, 0
132.8, 0
132.81, 0
132.82, 0
132.83, 0
132.84, 0
132.85, 0
132.86, 0
132.87, 0
132.88, 0
132.89, 0
132.9, 0
132.91, 0
132.92, 0
132.93, 0
132.94, 0
132.95, 0
132.96, 0
132.97, 0
132.98, 0
132.99, 0
133, 0
133.01, 0
133.02, 0
133.03, 0
133.04, 0
133.05, 0
133.06, 0
133.07, 0
133.08, 0
133.09, 0
133.1, 0
133.11, 0
133.12, 0
133.13, 0
133.14, 0
133.15, 0
133.16, 0
133.17, 0
133.18, 0
133.19, 0
133.2, 0
133.21, 0
133.22, 0
133.23, 0
133.24, 0
133.25, 0
133.26, 0
133.27, 0
133.28, 0
133.29, 0
133.3, 0
133.31, 0
133.32, 0
133.33, 0
133.34, 0
133.35, 0
133.36, 0
133.37, 0
133.38, 0
133.39, 0
133.4, 0
133.41, 0
133.42, 0
133.43, 0
133.44, 0
133.45, 0
133.46, 0
133.47, 0
133.48, 0
133.49, 0
133.5, 0
133.51, 0
133.52, 0
133.53, 0
133.54, 0
133.55, 0
133.56, 0
133.57, 0
133.58, 0
133.59, 0
133.6, 0
133.61, 0
133.62, 0
133.63, 0
133.64, 0
133.65, 0
133.66, 0
133.67, 0
133.68, 0
133.69, 0
133.7, 0
133.71, 0
133.72, 0
133.73, 0
133.74, 0
133.75, 0
133.76, 0
133.77, 0
133.78, 0
133.79, 0
133.8, 0
133.81, 0
133.82, 0
133.83, 0
133.84, 0
133.85, 0
133.86, 0
133.87, 0
133.88, 0
133.89, 0
133.9, 0
133.91, 0
133.92, 0
133.93, 0
133.94, 0
133.95, 0
133.96, 0
133.97, 0
133.98, 0
133.99, 0
134, 0
134.01, 0
134.02, 0
134.03, 0
134.04, 0
134.05, 0
134.06, 0
134.07, 0
134.08, 0
134.09, 0
134.1, 0
134.11, 0
134.12, 0
134.13, 0
134.14, 0
134.15, 0
134.16, 0
134.17, 0
134.18, 0
134.19, 0
134.2, 0
134.21, 0
134.22, 0
134.23, 0
134.24, 0
134.25, 0
134.26, 0
134.27, 0
134.28, 0
134.29, 0
134.3, 0
134.31, 0
134.32, 0
134.33, 0
134.34, 0
134.35, 0
134.36, 0
134.37, 0
134.38, 0
134.39, 0
134.4, 0
134.41, 0
134.42, 0
134.43, 0
134.44, 0
134.45, 0
134.46, 0
134.47, 0
134.48, 0
134.49, 0
134.5, 0
134.51, 0
134.52, 0
134.53, 0
134.54, 0
134.55, 0
134.56, 0
134.57, 0
134.58, 0
134.59, 0
134.6, 0
134.61, 0
134.62, 0
134.63, 0
134.64, 0
134.65, 0
134.66, 0
134.67, 0
134.68, 0
134.69, 0
134.7, 0
134.71, 0
134.72, 0
134.73, 0
134.74, 0
134.75, 0
134.76, 0
134.77, 0
134.78, 0
134.79, 0
134.8, 0
134.81, 0
134.82, 0
134.83, 0
134.84, 0
134.85, 0
134.86, 0
134.87, 0
134.88, 0
134.89, 0
134.9, 0
134.91, 0
134.92, 0
134.93, 0
134.94, 0
134.95, 0
134.96, 0
134.97, 0
134.98, 0
134.99, 0
135, 0
135.01, 0
135.02, 0
135.03, 0
135.04, 0
135.05, 0
135.06, 0
135.07, 0
135.08, 0
135.09, 0
135.1, 0
135.11, 0
135.12, 0
135.13, 0
135.14, 0
135.15, 0
135.16, 0
135.17, 0
135.18, 0
135.19, 0
135.2, 0
135.21, 0
135.22, 0
135.23, 0
135.24, 0
135.25, 0
135.26, 0
135.27, 0
135.28, 0
135.29, 0
135.3, 0
135.31, 0
135.32, 0
135.33, 0
135.34, 0
135.35, 0
135.36, 0
135.37, 0
135.38, 0
135.39, 0
135.4, 0
135.41, 0
135.42, 0
135.43, 0
135.44, 0
135.45, 0
135.46, 0
135.47, 0
135.48, 0
135.49, 0
135.5, 0
135.51, 0
135.52, 0
135.53, 0
135.54, 0
135.55, 0
135.56, 0
135.57, 0
135.58, 0
135.59, 0
135.6, 0
135.61, 0
135.62, 0
135.63, 0
135.64, 0
135.65, 0
135.66, 0
135.67, 0
135.68, 0
135.69, 0
135.7, 0
135.71, 0
135.72, 0
135.73, 0
135.74, 0
135.75, 0
135.76, 0
135.77, 0
135.78, 0
135.79, 0
135.8, 0
135.81, 0
135.82, 0
135.83, 0
135.84, 0
135.85, 0
135.86, 0
135.87, 0
135.88, 0
135.89, 0
135.9, 0
135.91, 0
135.92, 0
135.93, 0
135.94, 0
135.95, 0
135.96, 0
135.97, 0
135.98, 0
135.99, 0
136, 0
136.01, 0
136.02, 0
136.03, 0
136.04, 0
136.05, 0
136.06, 0
136.07, 0
136.08, 0
136.09, 0
136.1, 0
136.11, 0
136.12, 0
136.13, 0
136.14, 0
136.15, 0
136.16, 0
136.17, 0
136.18, 0
136.19, 0
136.2, 0
136.21, 0
136.22, 0
136.23, 0
136.24, 0
136.25, 0
136.26, 0
136.27, 0
136.28, 0
136.29, 0
136.3, 0
136.31, 0
136.32, 0
136.33, 0
136.34, 0
136.35, 0
136.36, 0
136.37, 0
136.38, 0
136.39, 0
136.4, 0
136.41, 0
136.42, 0
136.43, 0
136.44, 0
136.45, 0
136.46, 0
136.47, 0
136.48, 0
136.49, 0
136.5, 0
136.51, 0
136.52, 0
136.53, 0
136.54, 0
136.55, 0
136.56, 0
136.57, 0
136.58, 0
136.59, 0
136.6, 0
136.61, 0
136.62, 0
136.63, 0
136.64, 0
136.65, 0
136.66, 0
136.67, 0
136.68, 0
136.69, 0
136.7, 0
136.71, 0
136.72, 0
136.73, 0
136.74, 0
136.75, 0
136.76, 0
136.77, 0
136.78, 0
136.79, 0
136.8, 0
136.81, 0
136.82, 0
136.83, 0
136.84, 0
136.85, 0
136.86, 0
136.87, 0
136.88, 0
136.89, 0
136.9, 0
136.91, 0
136.92, 0
136.93, 0
136.94, 0
136.95, 0
136.96, 0
136.97, 0
136.98, 0
136.99, 0
137, 0
137.01, 0
137.02, 0
137.03, 0
137.04, 0
137.05, 0
137.06, 0
137.07, 0
137.08, 0
137.09, 0
137.1, 0
137.11, 0
137.12, 0
137.13, 0
137.14, 0
137.15, 0
137.16, 0
137.17, 0
137.18, 0
137.19, 0
137.2, 0
137.21, 0
137.22, 0
137.23, 0
137.24, 0
137.25, 0
137.26, 0
137.27, 0
137.28, 0
137.29, 0
137.3, 0
137.31, 0
137.32, 0
137.33, 0
137.34, 0
137.35, 0
137.36, 0
137.37, 0
137.38, 0
137.39, 0
137.4, 0
137.41, 0
137.42, 0
137.43, 0
137.44, 0
137.45, 0
137.46, 0
137.47, 0
137.48, 0
137.49, 0
137.5, 0
137.51, 0
137.52, 0
137.53, 0
137.54, 0
137.55, 0
137.56, 0
137.57, 0
137.58, 0
137.59, 0
137.6, 0
137.61, 0
137.62, 0
137.63, 0
137.64, 0
137.65, 0
137.66, 0
137.67, 0
137.68, 0
137.69, 0
137.7, 0
137.71, 0
137.72, 0
137.73, 0
137.74, 0
137.75, 0
137.76, 0
137.77, 0
137.78, 0
137.79, 0
137.8, 0
137.81, 0
137.82, 0
137.83, 0
137.84, 0
137.85, 0
137.86, 0
137.87, 0
137.88, 0
137.89, 0
137.9, 0
137.91, 0
137.92, 0
137.93, 0
137.94, 0
137.95, 0
137.96, 0
137.97, 0
137.98, 0
137.99, 0
138, 0
138.01, 0
138.02, 0
138.03, 0
138.04, 0
138.05, 0
138.06, 0
138.07, 0
138.08, 0
138.09, 0
138.1, 0
138.11, 0
138.12, 0
138.13, 0
138.14, 0
138.15, 0
138.16, 0
138.17, 0
138.18, 0
138.19, 0
138.2, 0
138.21, 0
138.22, 0
138.23, 0
138.24, 0
138.25, 0
138.26, 0
138.27, 0
138.28, 0
138.29, 0
138.3, 0
138.31, 0
138.32, 0
138.33, 0
138.34, 0
138.35, 0
138.36, 0
138.37, 0
138.38, 0
138.39, 0
138.4, 0
138.41, 0
138.42, 0
138.43, 0
138.44, 0
138.45, 0
138.46, 0
138.47, 0
138.48, 0
138.49, 0
138.5, 0
138.51, 0
138.52, 0
138.53, 0
138.54, 0
138.55, 0
138.56, 0
138.57, 0
138.58, 0
138.59, 0
138.6, 0
138.61, 0
138.62, 0
138.63, 0
138.64, 0
138.65, 0
138.66, 0
138.67, 0
138.68, 0
138.69, 0
138.7, 0
138.71, 0
138.72, 0
138.73, 0
138.74, 0
138.75, 0
138.76, 0
138.77, 0
138.78, 0
138.79, 0
138.8, 0
138.81, 0
138.82, 0
138.83, 0
138.84, 0
138.85, 0
138.86, 0
138.87, 0
138.88, 0
138.89, 0
138.9, 0
138.91, 0
138.92, 0
138.93, 0
138.94, 0
138.95, 0
138.96, 0
138.97, 0
138.98, 0
138.99, 0
139, 0
139.01, 0
139.02, 0
139.03, 0
139.04, 0
139.05, 0
139.06, 0
139.07, 0
139.08, 0
139.09, 0
139.1, 0
139.11, 0
139.12, 0
139.13, 0
139.14, 0
139.15, 0
139.16, 0
139.17, 0
139.18, 0
139.19, 0
139.2, 0
139.21, 0
139.22, 0
139.23, 0
139.24, 0
139.25, 0
139.26, 0
139.27, 0
139.28, 0
139.29, 0
139.3, 0
139.31, 0
139.32, 0
139.33, 0
139.34, 0
139.35, 0
139.36, 0
139.37, 0
139.38, 0
139.39, 0
139.4, 0
139.41, 0
139.42, 0
139.43, 0
139.44, 0
139.45, 0
139.46, 0
139.47, 0
139.48, 0
139.49, 0
139.5, 0
139.51, 0
139.52, 0
139.53, 0
139.54, 0
139.55, 0
139.56, 0
139.57, 0
139.58, 0
139.59, 0
139.6, 0
139.61, 0
139.62, 0
139.63, 0
139.64, 0
139.65, 0
139.66, 0
139.67, 0
139.68, 0
139.69, 0
139.7, 0
139.71, 0
139.72, 0
139.73, 0
139.74, 0
139.75, 0
139.76, 0
139.77, 0
139.78, 0
139.79, 0
139.8, 0
139.81, 0
139.82, 0
139.83, 0
139.84, 0
139.85, 0
139.86, 0
139.87, 0
139.88, 0
139.89, 0
139.9, 0
139.91, 0
139.92, 0
139.93, 0
139.94, 0
139.95, 0
139.96, 0
139.97, 0
139.98, 0
139.99, 0
140, 0
140.01, 0
140.02, 0
140.03, 0
140.04, 0
140.05, 0
140.06, 0
140.07, 0
140.08, 0
140.09, 0
140.1, 0
140.11, 0
140.12, 0
140.13, 0
140.14, 0
140.15, 0
140.16, 0
140.17, 0
140.18, 0
140.19, 0
140.2, 0
140.21, 0
140.22, 0
140.23, 0
140.24, 0
140.25, 0
140.26, 0
140.27, 0
140.28, 0
140.29, 0
140.3, 0
140.31, 0
140.32, 0
140.33, 0
140.34, 0
140.35, 0
140.36, 0
140.37, 0
140.38, 0
140.39, 0
140.4, 0
140.41, 0
140.42, 0
140.43, 0
140.44, 0
140.45, 0
140.46, 0
140.47, 0
140.48, 0
140.49, 0
140.5, 0
140.51, 0
140.52, 0
140.53, 0
140.54, 0
140.55, 0
140.56, 0
140.57, 0
140.58, 0
140.59, 0
140.6, 0
140.61, 0
140.62, 0
140.63, 0
140.64, 0
140.65, 0
140.66, 0
140.67, 0
140.68, 0
140.69, 0
140.7, 0
140.71, 0
140.72, 0
140.73, 0
140.74, 0
140.75, 0
140.76, 0
140.77, 0
140.78, 0
140.79, 0
140.8, 0
140.81, 0
140.82, 0
140.83, 0
140.84, 0
140.85, 0
140.86, 0
140.87, 0
140.88, 0
140.89, 0
140.9, 0
140.91, 0
140.92, 0
140.93, 0
140.94, 0
140.95, 0
140.96, 0
140.97, 0
140.98, 0
140.99, 0
141, 0
141.01, 0
141.02, 0
141.03, 0
141.04, 0
141.05, 0
141.06, 0
141.07, 0
141.08, 0
141.09, 0
141.1, 0
141.11, 0
141.12, 0
141.13, 0
141.14, 0
141.15, 0
141.16, 0
141.17, 0
141.18, 0
141.19, 0
141.2, 0
141.21, 0
141.22, 0
141.23, 0
141.24, 0
141.25, 0
141.26, 0
141.27, 0
141.28, 0
141.29, 0
141.3, 0
141.31, 0
141.32, 0
141.33, 0
141.34, 0
141.35, 0
141.36, 0
141.37, 0
141.38, 0
141.39, 0
141.4, 0
141.41, 0
141.42, 0
141.43, 0
141.44, 0
141.45, 0
141.46, 0
141.47, 0
141.48, 0
141.49, 0
141.5, 0
141.51, 0
141.52, 0
141.53, 0
141.54, 0
141.55, 0
141.56, 0
141.57, 0
141.58, 0
141.59, 0
141.6, 0
141.61, 0
141.62, 0
141.63, 0
141.64, 0
141.65, 0
141.66, 0
141.67, 0
141.68, 0
141.69, 0
141.7, 0
141.71, 0
141.72, 0
141.73, 0
141.74, 0
141.75, 0
141.76, 0
141.77, 0
141.78, 0
141.79, 0
141.8, 0
141.81, 0
141.82, 0
141.83, 0
141.84, 0
141.85, 0
141.86, 0
141.87, 0
141.88, 0
141.89, 0
141.9, 0
141.91, 0
141.92, 0
141.93, 0
141.94, 0
141.95, 0
141.96, 0
141.97, 0
141.98, 0
141.99, 0
142, 0
142.01, 0
142.02, 0
142.03, 0
142.04, 0
142.05, 0
142.06, 0
142.07, 0
142.08, 0
142.09, 0
142.1, 0
142.11, 0
142.12, 0
142.13, 0
142.14, 0
142.15, 0
142.16, 0
142.17, 0
142.18, 0
142.19, 0
142.2, 0
142.21, 0
142.22, 0
142.23, 0
142.24, 0
142.25, 0
142.26, 0
142.27, 0
142.28, 0
142.29, 0
142.3, 0
142.31, 0
142.32, 0
142.33, 0
142.34, 0
142.35, 0
142.36, 0
142.37, 0
142.38, 0
142.39, 0
142.4, 0
142.41, 0
142.42, 0
142.43, 0
142.44, 0
142.45, 0
142.46, 0
142.47, 0
142.48, 0
142.49, 0
142.5, 0
142.51, 0
142.52, 0
142.53, 0
142.54, 0
142.55, 0
142.56, 0
142.57, 0
142.58, 0
142.59, 0
142.6, 0
142.61, 0
142.62, 0
142.63, 0
142.64, 0
142.65, 0
142.66, 0
142.67, 0
142.68, 0
142.69, 0
142.7, 0
142.71, 0
142.72, 0
142.73, 0
142.74, 0
142.75, 0
142.76, 0
142.77, 0
142.78, 0
142.79, 0
142.8, 0
142.81, 0
142.82, 0
142.83, 0
142.84, 0
142.85, 0
142.86, 0
142.87, 0
142.88, 0
142.89, 0
142.9, 0
142.91, 0
142.92, 0
142.93, 0
142.94, 0
142.95, 0
142.96, 0
142.97, 0
142.98, 0
142.99, 0
143, 0
143.01, 0
143.02, 0
143.03, 0
143.04, 0
143.05, 0
143.06, 0
143.07, 0
143.08, 0
143.09, 0
143.1, 0
143.11, 0
143.12, 0
143.13, 0
143.14, 0
143.15, 0
143.16, 0
143.17, 0
143.18, 0
143.19, 0
143.2, 0
143.21, 0
143.22, 0
143.23, 0
143.24, 0
143.25, 0
143.26, 0
143.27, 0
143.28, 0
143.29, 0
143.3, 0
143.31, 0
143.32, 0
143.33, 0
143.34, 0
143.35, 0
143.36, 0
143.37, 0
143.38, 0
143.39, 0
143.4, 0
143.41, 0
143.42, 0
143.43, 0
143.44, 0
143.45, 0
143.46, 0
143.47, 0
143.48, 0
143.49, 0
143.5, 0
143.51, 0
143.52, 0
143.53, 0
143.54, 0
143.55, 0
143.56, 0
143.57, 0
143.58, 0
143.59, 0
143.6, 0
143.61, 0
143.62, 0
143.63, 0
143.64, 0
143.65, 0
143.66, 0
143.67, 0
143.68, 0
143.69, 0
143.7, 0
143.71, 0
143.72, 0
143.73, 0
143.74, 0
143.75, 0
143.76, 0
143.77, 0
143.78, 0
143.79, 0
143.8, 0
143.81, 0
143.82, 0
143.83, 0
143.84, 0
143.85, 0
143.86, 0
143.87, 0
143.88, 0
143.89, 0
143.9, 0
143.91, 0
143.92, 0
143.93, 0
143.94, 0
143.95, 0
143.96, 0
143.97, 0
143.98, 0
143.99, 0
144, 0
144.01, 0
144.02, 0
144.03, 0
144.04, 0
144.05, 0
144.06, 0
144.07, 0
144.08, 0
144.09, 0
144.1, 0
144.11, 0
144.12, 0
144.13, 0
144.14, 0
144.15, 0
144.16, 0
144.17, 0
144.18, 0
144.19, 0
144.2, 0
144.21, 0
144.22, 0
144.23, 0
144.24, 0
144.25, 0
144.26, 0
144.27, 0
144.28, 0
144.29, 0
144.3, 0
144.31, 0
144.32, 0
144.33, 0
144.34, 0
144.35, 0
144.36, 0
144.37, 0
144.38, 0
144.39, 0
144.4, 0
144.41, 0
144.42, 0
144.43, 0
144.44, 0
144.45, 0
144.46, 0
144.47, 0
144.48, 0
144.49, 0
144.5, 0
144.51, 0
144.52, 0
144.53, 0
144.54, 0
144.55, 0
144.56, 0
144.57, 0
144.58, 0
144.59, 0
144.6, 0
144.61, 0
144.62, 0
144.63, 0
144.64, 0
144.65, 0
144.66, 0
144.67, 0
144.68, 0
144.69, 0
144.7, 0
144.71, 0
144.72, 0
144.73, 0
144.74, 0
144.75, 0
144.76, 0
144.77, 0
144.78, 0
144.79, 0
144.8, 0
144.81, 0
144.82, 0
144.83, 0
144.84, 0
144.85, 0
144.86, 0
144.87, 0
144.88, 0
144.89, 0
144.9, 0
144.91, 0
144.92, 0
144.93, 0
144.94, 0
144.95, 0
144.96, 0
144.97, 0
144.98, 0
144.99, 0
145, 0
145.01, 0
145.02, 0
145.03, 0
145.04, 0
145.05, 0
145.06, 0
145.07, 0
145.08, 0
145.09, 0
145.1, 0
145.11, 0
145.12, 0
145.13, 0
145.14, 0
145.15, 0
145.16, 0
145.17, 0
145.18, 0
145.19, 0
145.2, 0
145.21, 0
145.22, 0
145.23, 0
145.24, 0
145.25, 0
145.26, 0
145.27, 0
145.28, 0
145.29, 0
145.3, 0
145.31, 0
145.32, 0
145.33, 0
145.34, 0
145.35, 0
145.36, 0
145.37, 0
145.38, 0
145.39, 0
145.4, 0
145.41, 0
145.42, 0
145.43, 0
145.44, 0
145.45, 0
145.46, 0
145.47, 0
145.48, 0
145.49, 0
145.5, 0
145.51, 0
145.52, 0
145.53, 0
145.54, 0
145.55, 0
145.56, 0
145.57, 0
145.58, 0
145.59, 0
145.6, 0
145.61, 0
145.62, 0
145.63, 0
145.64, 0
145.65, 0
145.66, 0
145.67, 0
145.68, 0
145.69, 0
145.7, 0
145.71, 0
145.72, 0
145.73, 0
145.74, 0
145.75, 0
145.76, 0
145.77, 0
145.78, 0
145.79, 0
145.8, 0
145.81, 0
145.82, 0
145.83, 0
145.84, 0
145.85, 0
145.86, 0
145.87, 0
145.88, 0
145.89, 0
145.9, 0
145.91, 0
145.92, 0
145.93, 0
145.94, 0
145.95, 0
145.96, 0
145.97, 0
145.98, 0
145.99, 0
146, 0
146.01, 0
146.02, 0
146.03, 0
146.04, 0
146.05, 0
146.06, 0
146.07, 0
146.08, 0
146.09, 0
146.1, 0
146.11, 0
146.12, 0
146.13, 0
146.14, 0
146.15, 0
146.16, 0
146.17, 0
146.18, 0
146.19, 0
146.2, 0
146.21, 0
146.22, 0
146.23, 0
146.24, 0
146.25, 0
146.26, 0
146.27, 0
146.28, 0
146.29, 0
146.3, 0
146.31, 0
146.32, 0
146.33, 0
146.34, 0
146.35, 0
146.36, 0
146.37, 0
146.38, 0
146.39, 0
146.4, 0
146.41, 0
146.42, 0
146.43, 0
146.44, 0
146.45, 0
146.46, 0
146.47, 0
146.48, 0
146.49, 0
146.5, 0
146.51, 0
146.52, 0
146.53, 0
146.54, 0
146.55, 0
146.56, 0
146.57, 0
146.58, 0
146.59, 0
146.6, 0
146.61, 0
146.62, 0
146.63, 0
146.64, 0
146.65, 0
146.66, 0
146.67, 0
146.68, 0
146.69, 0
146.7, 0
146.71, 0
146.72, 0
146.73, 0
146.74, 0
146.75, 0
146.76, 0
146.77, 0
146.78, 0
146.79, 0
146.8, 0
146.81, 0
146.82, 0
146.83, 0
146.84, 0
146.85, 0
146.86, 0
146.87, 0
146.88, 0
146.89, 0
146.9, 0
146.91, 0
146.92, 0
146.93, 0
146.94, 0
146.95, 0
146.96, 0
146.97, 0
146.98, 0
146.99, 0
147, 0
147.01, 0
147.02, 0
147.03, 0
147.04, 0
147.05, 0
147.06, 0
147.07, 0
147.08, 0
147.09, 0
147.1, 0
147.11, 0
147.12, 0
147.13, 0
147.14, 0
147.15, 0
147.16, 0
147.17, 0
147.18, 0
147.19, 0
147.2, 0
147.21, 0
147.22, 0
147.23, 0
147.24, 0
147.25, 0
147.26, 0
147.27, 0
147.28, 0
147.29, 0
147.3, 0
147.31, 0
147.32, 0
147.33, 0
147.34, 0
147.35, 0
147.36, 0
147.37, 0
147.38, 0
147.39, 0
147.4, 0
147.41, 0
147.42, 0
147.43, 0
147.44, 0
147.45, 0
147.46, 0
147.47, 0
147.48, 0
147.49, 0
147.5, 0
147.51, 0
147.52, 0
147.53, 0
147.54, 0
147.55, 0
147.56, 0
147.57, 0
147.58, 0
147.59, 0
147.6, 0
147.61, 0
147.62, 0
147.63, 0
147.64, 0
147.65, 0
147.66, 0
147.67, 0
147.68, 0
147.69, 0
147.7, 0
147.71, 0
147.72, 0
147.73, 0
147.74, 0
147.75, 0
147.76, 0
147.77, 0
147.78, 0
147.79, 0
147.8, 0
147.81, 0
147.82, 0
147.83, 0
147.84, 0
147.85, 0
147.86, 0
147.87, 0
147.88, 0
147.89, 0
147.9, 0
147.91, 0
147.92, 0
147.93, 0
147.94, 0
147.95, 0
147.96, 0
147.97, 0
147.98, 0
147.99, 0
148, 0
148.01, 0
148.02, 0
148.03, 0
148.04, 0
148.05, 0
148.06, 0
148.07, 0
148.08, 0
148.09, 0
148.1, 0
148.11, 0
148.12, 0
148.13, 0
148.14, 0
148.15, 0
148.16, 0
148.17, 0
148.18, 0
148.19, 0
148.2, 0
148.21, 0
148.22, 0
148.23, 0
148.24, 0
148.25, 0
148.26, 0
148.27, 0
148.28, 0
148.29, 0
148.3, 0
148.31, 0
148.32, 0
148.33, 0
148.34, 0
148.35, 0
148.36, 0
148.37, 0
148.38, 0
148.39, 0
148.4, 0
148.41, 0
148.42, 0
148.43, 0
148.44, 0
148.45, 0
148.46, 0
148.47, 0
148.48, 0
148.49, 0
148.5, 0
148.51, 0
148.52, 0
148.53, 0
148.54, 0
148.55, 0
148.56, 0
148.57, 0
148.58, 0
148.59, 0
148.6, 0
148.61, 0
148.62, 0
148.63, 0
148.64, 0
148.65, 0
148.66, 0
148.67, 0
148.68, 0
148.69, 0
148.7, 0
148.71, 0
148.72, 0
148.73, 0
148.74, 0
148.75, 0
148.76, 0
148.77, 0
148.78, 0
148.79, 0
148.8, 0
148.81, 0
148.82, 0
148.83, 0
148.84, 0
148.85, 0
148.86, 0
148.87, 0
148.88, 0
148.89, 0
148.9, 0
148.91, 0
148.92, 0
148.93, 0
148.94, 0
148.95, 0
148.96, 0
148.97, 0
148.98, 0
148.99, 0
149, 0
149.01, 0
149.02, 0
149.03, 0
149.04, 0
149.05, 0
149.06, 0
149.07, 0
149.08, 0
149.09, 0
149.1, 0
149.11, 0
149.12, 0
149.13, 0
149.14, 0
149.15, 0
149.16, 0
149.17, 0
149.18, 0
149.19, 0
149.2, 0
149.21, 0
149.22, 0
149.23, 0
149.24, 0
149.25, 0
149.26, 0
149.27, 0
149.28, 0
149.29, 0
149.3, 0
149.31, 0
149.32, 0
149.33, 0
149.34, 0
149.35, 0
149.36, 0
149.37, 0
149.38, 0
149.39, 0
149.4, 0
149.41, 0
149.42, 0
149.43, 0
149.44, 0
149.45, 0
149.46, 0
149.47, 0
149.48, 0
149.49, 0
149.5, 0
149.51, 0
149.52, 0
149.53, 0
149.54, 0
149.55, 0
149.56, 0
149.57, 0
149.58, 0
149.59, 0
149.6, 0
149.61, 0
149.62, 0
149.63, 0
149.64, 0
149.65, 0
149.66, 0
149.67, 0
149.68, 0
149.69, 0
149.7, 0
149.71, 0
149.72, 0
149.73, 0
149.74, 0
149.75, 0
149.76, 0
149.77, 0
149.78, 0
149.79, 0
149.8, 0
149.81, 0
149.82, 0
149.83, 0
149.84, 0
149.85, 0
149.86, 0
149.87, 0
149.88, 0
149.89, 0
149.9, 0
149.91, 0
149.92, 0
149.93, 0
149.94, 0
149.95, 0
149.96, 0
149.97, 0
149.98, 0
149.99, 0
150, 0
150.01, 0
150.02, 0
150.03, 0
150.04, 0
150.05, 0
150.06, 0
150.07, 0
150.08, 0
150.09, 0
150.1, 0
150.11, 0
150.12, 0
150.13, 0
150.14, 0
150.15, 0
150.16, 0
150.17, 0
150.18, 0
150.19, 0
150.2, 0
150.21, 0
150.22, 0
150.23, 0
150.24, 0
150.25, 0
150.26, 0
150.27, 0
150.28, 0
150.29, 0
150.3, 0
150.31, 0
150.32, 0
150.33, 0
150.34, 0
150.35, 0
150.36, 0
150.37, 0
150.38, 0
150.39, 0
150.4, 0
150.41, 0
150.42, 0
150.43, 0
150.44, 0
150.45, 0
150.46, 0
150.47, 0
150.48, 0
150.49, 0
150.5, 0
150.51, 0
150.52, 0
150.53, 0
150.54, 0
150.55, 0
150.56, 0
150.57, 0
150.58, 0
150.59, 0
150.6, 0
150.61, 0
150.62, 0
150.63, 0
150.64, 0
150.65, 0
150.66, 0
150.67, 0
150.68, 0
150.69, 0
150.7, 0
150.71, 0
150.72, 0
150.73, 0
150.74, 0
150.75, 0
150.76, 0
150.77, 0
150.78, 0
150.79, 0
150.8, 0
150.81, 0
150.82, 0
150.83, 0
150.84, 0
150.85, 0
150.86, 0
150.87, 0
150.88, 0
150.89, 0
150.9, 0
150.91, 0
150.92, 0
150.93, 0
150.94, 0
150.95, 0
150.96, 0
150.97, 0
150.98, 0
150.99, 0
151, 0
151.01, 0
151.02, 0
151.03, 0
151.04, 0
151.05, 0
151.06, 0
151.07, 0
151.08, 0
151.09, 0
151.1, 0
151.11, 0
151.12, 0
151.13, 0
151.14, 0
151.15, 0
151.16, 0
151.17, 0
151.18, 0
151.19, 0
151.2, 0
151.21, 0
151.22, 0
151.23, 0
151.24, 0
151.25, 0
151.26, 0
151.27, 0
151.28, 0
151.29, 0
151.3, 0
151.31, 0
151.32, 0
151.33, 0
151.34, 0
151.35, 0
151.36, 0
151.37, 0
151.38, 0
151.39, 0
151.4, 0
151.41, 0
151.42, 0
151.43, 0
151.44, 0
151.45, 0
151.46, 0
151.47, 0
151.48, 0
151.49, 0
151.5, 0
151.51, 0
151.52, 0
151.53, 0
151.54, 0
151.55, 0
151.56, 0
151.57, 0
151.58, 0
151.59, 0
151.6, 0
151.61, 0
151.62, 0
151.63, 0
151.64, 0
151.65, 0
151.66, 0
151.67, 0
151.68, 0
151.69, 0
151.7, 0
151.71, 0
151.72, 0
151.73, 0
151.74, 0
151.75, 0
151.76, 0
151.77, 0
151.78, 0
151.79, 0
151.8, 0
151.81, 0
151.82, 0
151.83, 0
151.84, 0
151.85, 0
151.86, 0
151.87, 0
151.88, 0
151.89, 0
151.9, 0
151.91, 0
151.92, 0
151.93, 0
151.94, 0
151.95, 0
151.96, 0
151.97, 0
151.98, 0
151.99, 0
152, 0
152.01, 0
152.02, 0
152.03, 0
152.04, 0
152.05, 0
152.06, 0
152.07, 0
152.08, 0
152.09, 0
152.1, 0
152.11, 0
152.12, 0
152.13, 0
152.14, 0
152.15, 0
152.16, 0
152.17, 0
152.18, 0
152.19, 0
152.2, 0
152.21, 0
152.22, 0
152.23, 0
152.24, 0
152.25, 0
152.26, 0
152.27, 0
152.28, 0
152.29, 0
152.3, 0
152.31, 0
152.32, 0
152.33, 0
152.34, 0
152.35, 0
152.36, 0
152.37, 0
152.38, 0
152.39, 0
152.4, 0
152.41, 0
152.42, 0
152.43, 0
152.44, 0
152.45, 0
152.46, 0
152.47, 0
152.48, 0
152.49, 0
152.5, 0
152.51, 0
152.52, 0
152.53, 0
152.54, 0
152.55, 0
152.56, 0
152.57, 0
152.58, 0
152.59, 0
152.6, 0
152.61, 0
152.62, 0
152.63, 0
152.64, 0
152.65, 0
152.66, 0
152.67, 0
152.68, 0
152.69, 0
152.7, 0
152.71, 0
152.72, 0
152.73, 0
152.74, 0
152.75, 0
152.76, 0
152.77, 0
152.78, 0
152.79, 0
152.8, 0
152.81, 0
152.82, 0
152.83, 0
152.84, 0
152.85, 0
152.86, 0
152.87, 0
152.88, 0
152.89, 0
152.9, 0
152.91, 0
152.92, 0
152.93, 0
152.94, 0
152.95, 0
152.96, 0
152.97, 0
152.98, 0
152.99, 0
153, 0
153.01, 0
153.02, 0
153.03, 0
153.04, 0
153.05, 0
153.06, 0
153.07, 0
153.08, 0
153.09, 0
153.1, 0
153.11, 0
153.12, 0
153.13, 0
153.14, 0
153.15, 0
153.16, 0
153.17, 0
153.18, 0
153.19, 0
153.2, 0
153.21, 0
153.22, 0
153.23, 0
153.24, 0
153.25, 0
153.26, 0
153.27, 0
153.28, 0
153.29, 0
153.3, 0
153.31, 0
153.32, 0
153.33, 0
153.34, 0
153.35, 0
153.36, 0
153.37, 0
153.38, 0
153.39, 0
153.4, 0
153.41, 0
153.42, 0
153.43, 0
153.44, 0
153.45, 0
153.46, 0
153.47, 0
153.48, 0
153.49, 0
153.5, 0
153.51, 0
153.52, 0
153.53, 0
153.54, 0
153.55, 0
153.56, 0
153.57, 0
153.58, 0
153.59, 0
153.6, 0
153.61, 0
153.62, 0
153.63, 0
153.64, 0
153.65, 0
153.66, 0
153.67, 0
153.68, 0
153.69, 0
153.7, 0
153.71, 0
153.72, 0
153.73, 0
153.74, 0
153.75, 0
153.76, 0
153.77, 0
153.78, 0
153.79, 0
153.8, 0
153.81, 0
153.82, 0
153.83, 0
153.84, 0
153.85, 0
153.86, 0
153.87, 0
153.88, 0
153.89, 0
153.9, 0
153.91, 0
153.92, 0
153.93, 0
153.94, 0
153.95, 0
153.96, 0
153.97, 0
153.98, 0
153.99, 0
154, 0
154.01, 0
154.02, 0
154.03, 0
154.04, 0
154.05, 0
154.06, 0
154.07, 0
154.08, 0
154.09, 0
154.1, 0
154.11, 0
154.12, 0
154.13, 0
154.14, 0
154.15, 0
154.16, 0
154.17, 0
154.18, 0
154.19, 0
154.2, 0
154.21, 0
154.22, 0
154.23, 0
154.24, 0
154.25, 0
154.26, 0
154.27, 0
154.28, 0
154.29, 0
154.3, 0
154.31, 0
154.32, 0
154.33, 0
154.34, 0
154.35, 0
154.36, 0
154.37, 0
154.38, 0
154.39, 0
154.4, 0
154.41, 0
154.42, 0
154.43, 0
154.44, 0
154.45, 0
154.46, 0
154.47, 0
154.48, 0
154.49, 0
154.5, 0
154.51, 0
154.52, 0
154.53, 0
154.54, 0
154.55, 0
154.56, 0
154.57, 0
154.58, 0
154.59, 0
154.6, 0
154.61, 0
154.62, 0
154.63, 0
154.64, 0
154.65, 0
154.66, 0
154.67, 0
154.68, 0
154.69, 0
154.7, 0
154.71, 0
154.72, 0
154.73, 0
154.74, 0
154.75, 0
154.76, 0
154.77, 0
154.78, 0
154.79, 0
154.8, 0
154.81, 0
154.82, 0
154.83, 0
154.84, 0
154.85, 0
154.86, 0
154.87, 0
154.88, 0
154.89, 0
154.9, 0
154.91, 0
154.92, 0
154.93, 0
154.94, 0
154.95, 0
154.96, 0
154.97, 0
154.98, 0
154.99, 0
155, 0
155.01, 0
155.02, 0
155.03, 0
155.04, 0
155.05, 0
155.06, 0
155.07, 0
155.08, 0
155.09, 0
155.1, 0
155.11, 0
155.12, 0
155.13, 0
155.14, 0
155.15, 0
155.16, 0
155.17, 0
155.18, 0
155.19, 0
155.2, 0
155.21, 0
155.22, 0
155.23, 0
155.24, 0
155.25, 0
155.26, 0
155.27, 0
155.28, 0
155.29, 0
155.3, 0
155.31, 0
155.32, 0
155.33, 0
155.34, 0
155.35, 0
155.36, 0
155.37, 0
155.38, 0
155.39, 0
155.4, 0
155.41, 0
155.42, 0
155.43, 0
155.44, 0
155.45, 0
155.46, 0
155.47, 0
155.48, 0
155.49, 0
155.5, 0
155.51, 0
155.52, 0
155.53, 0
155.54, 0
155.55, 0
155.56, 0
155.57, 0
155.58, 0
155.59, 0
155.6, 0
155.61, 0
155.62, 0
155.63, 0
155.64, 0
155.65, 0
155.66, 0
155.67, 0
155.68, 0
155.69, 0
155.7, 0
155.71, 0
155.72, 0
155.73, 0
155.74, 0
155.75, 0
155.76, 0
155.77, 0
155.78, 0
155.79, 0
155.8, 0
155.81, 0
155.82, 0
155.83, 0
155.84, 0
155.85, 0
155.86, 0
155.87, 0
155.88, 0
155.89, 0
155.9, 0
155.91, 0
155.92, 0
155.93, 0
155.94, 0
155.95, 0
155.96, 0
155.97, 0
155.98, 0
155.99, 0
156, 0
156.01, 0
156.02, 0
156.03, 0
156.04, 0
156.05, 0
156.06, 0
156.07, 0
156.08, 0
156.09, 0
156.1, 0
156.11, 0
156.12, 0
156.13, 0
156.14, 0
156.15, 0
156.16, 0
156.17, 0
156.18, 0
156.19, 0
156.2, 0
156.21, 0
156.22, 0
156.23, 0
156.24, 0
156.25, 0
156.26, 0
156.27, 0
156.28, 0
156.29, 0
156.3, 0
156.31, 0
156.32, 0
156.33, 0
156.34, 0
156.35, 0
156.36, 0
156.37, 0
156.38, 0
156.39, 0
156.4, 0
156.41, 0
156.42, 0
156.43, 0
156.44, 0
156.45, 0
156.46, 0
156.47, 0
156.48, 0
156.49, 0
156.5, 0
156.51, 0
156.52, 0
156.53, 0
156.54, 0
156.55, 0
156.56, 0
156.57, 0
156.58, 0
156.59, 0
156.6, 0
156.61, 0
156.62, 0
156.63, 0
156.64, 0
156.65, 0
156.66, 0
156.67, 0
156.68, 0
156.69, 0
156.7, 0
156.71, 0
156.72, 0
156.73, 0
156.74, 0
156.75, 0
156.76, 0
156.77, 0
156.78, 0
156.79, 0
156.8, 0
156.81, 0
156.82, 0
156.83, 0
156.84, 0
156.85, 0
156.86, 0
156.87, 0
156.88, 0
156.89, 0
156.9, 0
156.91, 0
156.92, 0
156.93, 0
156.94, 0
156.95, 0
156.96, 0
156.97, 0
156.98, 0
156.99, 0
157, 0
157.01, 0
157.02, 0
157.03, 0
157.04, 0
157.05, 0
157.06, 0
157.07, 0
157.08, 0
157.09, 0
157.1, 0
157.11, 0
157.12, 0
157.13, 0
157.14, 0
157.15, 0
157.16, 0
157.17, 0
157.18, 0
157.19, 0
157.2, 0
157.21, 0
157.22, 0
157.23, 0
157.24, 0
157.25, 0
157.26, 0
157.27, 0
157.28, 0
157.29, 0
157.3, 0
157.31, 0
157.32, 0
157.33, 0
157.34, 0
157.35, 0
157.36, 0
157.37, 0
157.38, 0
157.39, 0
157.4, 0
157.41, 0
157.42, 0
157.43, 0
157.44, 0
157.45, 0
157.46, 0
157.47, 0
157.48, 0
157.49, 0
157.5, 0
157.51, 0
157.52, 0
157.53, 0
157.54, 0
157.55, 0
157.56, 0
157.57, 0
157.58, 0
157.59, 0
157.6, 0
157.61, 0
157.62, 0
157.63, 0
157.64, 0
157.65, 0
157.66, 0
157.67, 0
157.68, 0
157.69, 0
157.7, 0
157.71, 0
157.72, 0
157.73, 0
157.74, 0
157.75, 0
157.76, 0
157.77, 0
157.78, 0
157.79, 0
157.8, 0
157.81, 0
157.82, 0
157.83, 0
157.84, 0
157.85, 0
157.86, 0
157.87, 0
157.88, 0
157.89, 0
157.9, 0
157.91, 0
157.92, 0
157.93, 0
157.94, 0
157.95, 0
157.96, 0
157.97, 0
157.98, 0
157.99, 0
158, 0
158.01, 0
158.02, 0
158.03, 0
158.04, 0
158.05, 0
158.06, 0
158.07, 0
158.08, 0
158.09, 0
158.1, 0
158.11, 0
158.12, 0
158.13, 0
158.14, 0
158.15, 0
158.16, 0
158.17, 0
158.18, 0
158.19, 0
158.2, 0
158.21, 0
158.22, 0
158.23, 0
158.24, 0
158.25, 0
158.26, 0
158.27, 0
158.28, 0
158.29, 0
158.3, 0
158.31, 0
158.32, 0
158.33, 0
158.34, 0
158.35, 0
158.36, 0
158.37, 0
158.38, 0
158.39, 0
158.4, 0
158.41, 0
158.42, 0
158.43, 0
158.44, 0
158.45, 0
158.46, 0
158.47, 0
158.48, 0
158.49, 0
158.5, 0
158.51, 0
158.52, 0
158.53, 0
158.54, 0
158.55, 0
158.56, 0
158.57, 0
158.58, 0
158.59, 0
158.6, 0
158.61, 0
158.62, 0
158.63, 0
158.64, 0
158.65, 0
158.66, 0
158.67, 0
158.68, 0
158.69, 0
158.7, 0
158.71, 0
158.72, 0
158.73, 0
158.74, 0
158.75, 0
158.76, 0
158.77, 0
158.78, 0
158.79, 0
158.8, 0
158.81, 0
158.82, 0
158.83, 0
158.84, 0
158.85, 0
158.86, 0
158.87, 0
158.88, 0
158.89, 0
158.9, 0
158.91, 0
158.92, 0
158.93, 0
158.94, 0
158.95, 0
158.96, 0
158.97, 0
158.98, 0
158.99, 0
159, 0
159.01, 0
159.02, 0
159.03, 0
159.04, 0
159.05, 0
159.06, 0
159.07, 0
159.08, 0
159.09, 0
159.1, 0
159.11, 0
159.12, 0
159.13, 0
159.14, 0
159.15, 0
159.16, 0
159.17, 0
159.18, 0
159.19, 0
159.2, 0
159.21, 0
159.22, 0
159.23, 0
159.24, 0
159.25, 0
159.26, 0
159.27, 0
159.28, 0
159.29, 0
159.3, 0
159.31, 0
159.32, 0
159.33, 0
159.34, 0
159.35, 0
159.36, 0
159.37, 0
159.38, 0
159.39, 0
159.4, 0
159.41, 0
159.42, 0
159.43, 0
159.44, 0
159.45, 0
159.46, 0
159.47, 0
159.48, 0
159.49, 0
159.5, 0
159.51, 0
159.52, 0
159.53, 0
159.54, 0
159.55, 0
159.56, 0
159.57, 0
159.58, 0
159.59, 0
159.6, 0
159.61, 0
159.62, 0
159.63, 0
159.64, 0
159.65, 0
159.66, 0
159.67, 0
159.68, 0
159.69, 0
159.7, 0
159.71, 0
159.72, 0
159.73, 0
159.74, 0
159.75, 0
159.76, 0
159.77, 0
159.78, 0
159.79, 0
159.8, 0
159.81, 0
159.82, 0
159.83, 0
159.84, 0
159.85, 0
159.86, 0
159.87, 0
159.88, 0
159.89, 0
159.9, 0
159.91, 0
159.92, 0
159.93, 0
159.94, 0
159.95, 0
159.96, 0
159.97, 0
159.98, 0
159.99, 0
160, 0
160.01, 0
160.02, 0
160.03, 0
160.04, 0
160.05, 0
160.06, 0
160.07, 0
160.08, 0
160.09, 0
160.1, 0
160.11, 0
160.12, 0
160.13, 0
160.14, 0
160.15, 0
160.16, 0
160.17, 0
160.18, 0
160.19, 0
160.2, 0
160.21, 0
160.22, 0
160.23, 0
160.24, 0
160.25, 0
160.26, 0
160.27, 0
160.28, 0
160.29, 0
160.3, 0
160.31, 0
160.32, 0
160.33, 0
160.34, 0
160.35, 0
160.36, 0
160.37, 0
160.38, 0
160.39, 0
160.4, 0
160.41, 0
160.42, 0
160.43, 0
160.44, 0
160.45, 0
160.46, 0
160.47, 0
160.48, 0
160.49, 0
160.5, 0
160.51, 0
160.52, 0
160.53, 0
160.54, 0
160.55, 0
160.56, 0
160.57, 0
160.58, 0
160.59, 0
160.6, 0
160.61, 0
160.62, 0
160.63, 0
160.64, 0
160.65, 0
160.66, 0
160.67, 0
160.68, 0
160.69, 0
160.7, 0
160.71, 0
160.72, 0
160.73, 0
160.74, 0
160.75, 0
160.76, 0
160.77, 0
160.78, 0
160.79, 0
160.8, 0
160.81, 0
160.82, 0
160.83, 0
160.84, 0
160.85, 0
160.86, 0
160.87, 0
160.88, 0
160.89, 0
160.9, 0
160.91, 0
160.92, 0
160.93, 0
160.94, 0
160.95, 0
160.96, 0
160.97, 0
160.98, 0
160.99, 0
161, 0
161.01, 0
161.02, 0
161.03, 0
161.04, 0
161.05, 0
161.06, 0
161.07, 0
161.08, 0
161.09, 0
161.1, 0
161.11, 0
161.12, 0
161.13, 0
161.14, 0
161.15, 0
161.16, 0
161.17, 0
161.18, 0
161.19, 0
161.2, 0
161.21, 0
161.22, 0
161.23, 0
161.24, 0
161.25, 0
161.26, 0
161.27, 0
161.28, 0
161.29, 0
161.3, 0
161.31, 0
161.32, 0
161.33, 0
161.34, 0
161.35, 0
161.36, 0
161.37, 0
161.38, 0
161.39, 0
161.4, 0
161.41, 0
161.42, 0
161.43, 0
161.44, 0
161.45, 0
161.46, 0
161.47, 0
161.48, 0
161.49, 0
161.5, 0
161.51, 0
161.52, 0
161.53, 0
161.54, 0
161.55, 0
161.56, 0
161.57, 0
161.58, 0
161.59, 0
161.6, 0
161.61, 0
161.62, 0
161.63, 0
161.64, 0
161.65, 0
161.66, 0
161.67, 0
161.68, 0
161.69, 0
161.7, 0
161.71, 0
161.72, 0
161.73, 0
161.74, 0
161.75, 0
161.76, 0
161.77, 0
161.78, 0
161.79, 0
161.8, 0
161.81, 0
161.82, 0
161.83, 0
161.84, 0
161.85, 0
161.86, 0
161.87, 0
161.88, 0
161.89, 0
161.9, 0
161.91, 0
161.92, 0
161.93, 0
161.94, 0
161.95, 0
161.96, 0
161.97, 0
161.98, 0
161.99, 0
162, 0
162.01, 0
162.02, 0
162.03, 0
162.04, 0
162.05, 0
162.06, 0
162.07, 0
162.08, 0
162.09, 0
162.1, 0
162.11, 0
162.12, 0
162.13, 0
162.14, 0
162.15, 0
162.16, 0
162.17, 0
162.18, 0
162.19, 0
162.2, 0
162.21, 0
162.22, 0
162.23, 0
162.24, 0
162.25, 0
162.26, 0
162.27, 0
162.28, 0
162.29, 0
162.3, 0
162.31, 0
162.32, 0
162.33, 0
162.34, 0
162.35, 0
162.36, 0
162.37, 0
162.38, 0
162.39, 0
162.4, 0
162.41, 0
162.42, 0
162.43, 0
162.44, 0
162.45, 0
162.46, 0
162.47, 0
162.48, 0
162.49, 0
162.5, 0
162.51, 0
162.52, 0
162.53, 0
162.54, 0
162.55, 0
162.56, 0
162.57, 0
162.58, 0
162.59, 0
162.6, 0
162.61, 0
162.62, 0
162.63, 0
162.64, 0
162.65, 0
162.66, 0
162.67, 0
162.68, 0
162.69, 0
162.7, 0
162.71, 0
162.72, 0
162.73, 0
162.74, 0
162.75, 0
162.76, 0
162.77, 0
162.78, 0
162.79, 0
162.8, 0
162.81, 0
162.82, 0
162.83, 0
162.84, 0
162.85, 0
162.86, 0
162.87, 0
162.88, 0
162.89, 0
162.9, 0
162.91, 0
162.92, 0
162.93, 0
162.94, 0
162.95, 0
162.96, 0
162.97, 0
162.98, 0
162.99, 0
163, 0
163.01, 0
163.02, 0
163.03, 0
163.04, 0
163.05, 0
163.06, 0
163.07, 0
163.08, 0
163.09, 0
163.1, 0
163.11, 0
163.12, 0
163.13, 0
163.14, 0
163.15, 0
163.16, 0
163.17, 0
163.18, 0
163.19, 0
163.2, 0
163.21, 0
163.22, 0
163.23, 0
163.24, 0
163.25, 0
163.26, 0
163.27, 0
163.28, 0
163.29, 0
163.3, 0
163.31, 0
163.32, 0
163.33, 0
163.34, 0
163.35, 0
163.36, 0
163.37, 0
163.38, 0
163.39, 0
163.4, 0
163.41, 0
163.42, 0
163.43, 0
163.44, 0
163.45, 0
163.46, 0
163.47, 0
163.48, 0
163.49, 0
163.5, 0
163.51, 0
163.52, 0
163.53, 0
163.54, 0
163.55, 0
163.56, 0
163.57, 0
163.58, 0
163.59, 0
163.6, 0
163.61, 0
163.62, 0
163.63, 0
163.64, 0
163.65, 0
163.66, 0
163.67, 0
163.68, 0
163.69, 0
163.7, 0
163.71, 0
163.72, 0
163.73, 0
163.74, 0
163.75, 0
163.76, 0
163.77, 0
163.78, 0
163.79, 0
163.8, 0
163.81, 0
163.82, 0
163.83, 0
163.84, 0
163.85, 0
163.86, 0
163.87, 0
163.88, 0
163.89, 0
163.9, 0
163.91, 0
163.92, 0
163.93, 0
163.94, 0
163.95, 0
163.96, 0
163.97, 0
163.98, 0
163.99, 0
164, 0
164.01, 0
164.02, 0
164.03, 0
164.04, 0
164.05, 0
164.06, 0
164.07, 0
164.08, 0
164.09, 0
164.1, 0
164.11, 0
164.12, 0
164.13, 0
164.14, 0
164.15, 0
164.16, 0
164.17, 0
164.18, 0
164.19, 0
164.2, 0
164.21, 0
164.22, 0
164.23, 0
164.24, 0
164.25, 0
164.26, 0
164.27, 0
164.28, 0
164.29, 0
164.3, 0
164.31, 0
164.32, 0
164.33, 0
164.34, 0
164.35, 0
164.36, 0
164.37, 0
164.38, 0
164.39, 0
164.4, 0
164.41, 0
164.42, 0
164.43, 0
164.44, 0
164.45, 0
164.46, 0
164.47, 0
164.48, 0
164.49, 0
164.5, 0
164.51, 0
164.52, 0
164.53, 0
164.54, 0
164.55, 0
164.56, 0
164.57, 0
164.58, 0
164.59, 0
164.6, 0
164.61, 0
164.62, 0
164.63, 0
164.64, 0
164.65, 0
164.66, 0
164.67, 0
164.68, 0
164.69, 0
164.7, 0
164.71, 0
164.72, 0
164.73, 0
164.74, 0
164.75, 0
164.76, 0
164.77, 0
164.78, 0
164.79, 0
164.8, 0
164.81, 0
164.82, 0
164.83, 0
164.84, 0
164.85, 0
164.86, 0
164.87, 0
164.88, 0
164.89, 0
164.9, 0
164.91, 0
164.92, 0
164.93, 0
164.94, 0
164.95, 0
164.96, 0
164.97, 0
164.98, 0
164.99, 0
165, 0
165.01, 0
165.02, 0
165.03, 0
165.04, 0
165.05, 0
165.06, 0
165.07, 0
165.08, 0
165.09, 0
165.1, 0
165.11, 0
165.12, 0
165.13, 0
165.14, 0
165.15, 0
165.16, 0
165.17, 0
165.18, 0
165.19, 0
165.2, 0
165.21, 0
165.22, 0
165.23, 0
165.24, 0
165.25, 0
165.26, 0
165.27, 0
165.28, 0
165.29, 0
165.3, 0
165.31, 0
165.32, 0
165.33, 0
165.34, 0
165.35, 0
165.36, 0
165.37, 0
165.38, 0
165.39, 0
165.4, 0
165.41, 0
165.42, 0
165.43, 0
165.44, 0
165.45, 0
165.46, 0
165.47, 0
165.48, 0
165.49, 0
165.5, 0
165.51, 0
165.52, 0
165.53, 0
165.54, 0
165.55, 0
165.56, 0
165.57, 0
165.58, 0
165.59, 0
165.6, 0
165.61, 0
165.62, 0
165.63, 0
165.64, 0
165.65, 0
165.66, 0
165.67, 0
165.68, 0
165.69, 0
165.7, 0
165.71, 0
165.72, 0
165.73, 0
165.74, 0
165.75, 0
165.76, 0
165.77, 0
165.78, 0
165.79, 0
165.8, 0
165.81, 0
165.82, 0
165.83, 0
165.84, 0
165.85, 0
165.86, 0
165.87, 0
165.88, 0
165.89, 0
165.9, 0
165.91, 0
165.92, 0
165.93, 0
165.94, 0
165.95, 0
165.96, 0
165.97, 0
165.98, 0
165.99, 0
166, 0
166.01, 0
166.02, 0
166.03, 0
166.04, 0
166.05, 0
166.06, 0
166.07, 0
166.08, 0
166.09, 0
166.1, 0
166.11, 0
166.12, 0
166.13, 0
166.14, 0
166.15, 0
166.16, 0
166.17, 0
166.18, 0
166.19, 0
166.2, 0
166.21, 0
166.22, 0
166.23, 0
166.24, 0
166.25, 0
166.26, 0
166.27, 0
166.28, 0
166.29, 0
166.3, 0
166.31, 0
166.32, 0
166.33, 0
166.34, 0
166.35, 0
166.36, 0
166.37, 0
166.38, 0
166.39, 0
166.4, 0
166.41, 0
166.42, 0
166.43, 0
166.44, 0
166.45, 0
166.46, 0
166.47, 0
166.48, 0
166.49, 0
166.5, 0
166.51, 0
166.52, 0
166.53, 0
166.54, 0
166.55, 0
166.56, 0
166.57, 0
166.58, 0
166.59, 0
166.6, 0
166.61, 0
166.62, 0
166.63, 0
166.64, 0
166.65, 0
166.66, 0
166.67, 0
166.68, 0
166.69, 0
166.7, 0
166.71, 0
166.72, 0
166.73, 0
166.74, 0
166.75, 0
166.76, 0
166.77, 0
166.78, 0
166.79, 0
166.8, 0
166.81, 0
166.82, 0
166.83, 0
166.84, 0
166.85, 0
166.86, 0
166.87, 0
166.88, 0
166.89, 0
166.9, 0
166.91, 0
166.92, 0
166.93, 0
166.94, 0
166.95, 0
166.96, 0
166.97, 0
166.98, 0
166.99, 0
167, 0
167.01, 0
167.02, 0
167.03, 0
167.04, 0
167.05, 0
167.06, 0
167.07, 0
167.08, 0
167.09, 0
167.1, 0
167.11, 0
167.12, 0
167.13, 0
167.14, 0
167.15, 0
167.16, 0
167.17, 0
167.18, 0
167.19, 0
167.2, 0
167.21, 0
167.22, 0
167.23, 0
167.24, 0
167.25, 0
167.26, 0
167.27, 0
167.28, 0
167.29, 0
167.3, 0
167.31, 0
167.32, 0
167.33, 0
167.34, 0
167.35, 0
167.36, 0
167.37, 0
167.38, 0
167.39, 0
167.4, 0
167.41, 0
167.42, 0
167.43, 0
167.44, 0
167.45, 0
167.46, 0
167.47, 0
167.48, 0
167.49, 0
167.5, 0
167.51, 0
167.52, 0
167.53, 0
167.54, 0
167.55, 0
167.56, 0
167.57, 0
167.58, 0
167.59, 0
167.6, 0
167.61, 0
167.62, 0
167.63, 0
167.64, 0
167.65, 0
167.66, 0
167.67, 0
167.68, 0
167.69, 0
167.7, 0
167.71, 0
167.72, 0
167.73, 0
167.74, 0
167.75, 0
167.76, 0
167.77, 0
167.78, 0
167.79, 0
167.8, 0
167.81, 0
167.82, 0
167.83, 0
167.84, 0
167.85, 0
167.86, 0
167.87, 0
167.88, 0
167.89, 0
167.9, 0
167.91, 0
167.92, 0
167.93, 0
167.94, 0
167.95, 0
167.96, 0
167.97, 0
167.98, 0
167.99, 0
168, 0
168.01, 0
168.02, 0
168.03, 0
168.04, 0
168.05, 0
168.06, 0
168.07, 0
168.08, 0
168.09, 0
168.1, 0
168.11, 0
168.12, 0
168.13, 0
168.14, 0
168.15, 0
168.16, 0
168.17, 0
168.18, 0
168.19, 0
168.2, 0
168.21, 0
168.22, 0
168.23, 0
168.24, 0
168.25, 0
168.26, 0
168.27, 0
168.28, 0
168.29, 0
168.3, 0
168.31, 0
168.32, 0
168.33, 0
168.34, 0
168.35, 0
168.36, 0
168.37, 0
168.38, 0
168.39, 0
168.4, 0
168.41, 0
168.42, 0
168.43, 0
168.44, 0
168.45, 0
168.46, 0
168.47, 0
168.48, 0
168.49, 0
168.5, 0
168.51, 0
168.52, 0
168.53, 0
168.54, 0
168.55, 0
168.56, 0
168.57, 0
168.58, 0
168.59, 0
168.6, 0
168.61, 0
168.62, 0
168.63, 0
168.64, 0
168.65, 0
168.66, 0
168.67, 0
168.68, 0
168.69, 0
168.7, 0
168.71, 0
168.72, 0
168.73, 0
168.74, 0
168.75, 0
168.76, 0
168.77, 0
168.78, 0
168.79, 0
168.8, 0
168.81, 0
168.82, 0
168.83, 0
168.84, 0
168.85, 0
168.86, 0
168.87, 0
168.88, 0
168.89, 0
168.9, 0
168.91, 0
168.92, 0
168.93, 0
168.94, 0
168.95, 0
168.96, 0
168.97, 0
168.98, 0
168.99, 0
169, 0
169.01, 0
169.02, 0
169.03, 0
169.04, 0
169.05, 0
169.06, 0
169.07, 0
169.08, 0
169.09, 0
169.1, 0
169.11, 0
169.12, 0
169.13, 0
169.14, 0
169.15, 0
169.16, 0
169.17, 0
169.18, 0
169.19, 0
169.2, 0
169.21, 0
169.22, 0
169.23, 0
169.24, 0
169.25, 0
169.26, 0
169.27, 0
169.28, 0
169.29, 0
169.3, 0
169.31, 0
169.32, 0
169.33, 0
169.34, 0
169.35, 0
169.36, 0
169.37, 0
169.38, 0
169.39, 0
169.4, 0
169.41, 0
169.42, 0
169.43, 0
169.44, 0
169.45, 0
169.46, 0
169.47, 0
169.48, 0
169.49, 0
169.5, 0
169.51, 0
169.52, 0
169.53, 0
169.54, 0
169.55, 0
169.56, 0
169.57, 0
169.58, 0
169.59, 0
169.6, 0
169.61, 0
169.62, 0
169.63, 0
169.64, 0
169.65, 0
169.66, 0
169.67, 0
169.68, 0
169.69, 0
169.7, 0
169.71, 0
169.72, 0
169.73, 0
169.74, 0
169.75, 0
169.76, 0
169.77, 0
169.78, 0
169.79, 0
169.8, 0
169.81, 0
169.82, 0
169.83, 0
169.84, 0
169.85, 0
169.86, 0
169.87, 0
169.88, 0
169.89, 0
169.9, 0
169.91, 0
169.92, 0
169.93, 0
169.94, 0
169.95, 0
169.96, 0
169.97, 0
169.98, 0
169.99, 0
170, 0
170.01, 0
170.02, 0
170.03, 0
170.04, 0
170.05, 0
170.06, 0
170.07, 0
170.08, 0
170.09, 0
170.1, 0
170.11, 0
170.12, 0
170.13, 0
170.14, 0
170.15, 0
170.16, 0
170.17, 0
170.18, 0
170.19, 0
170.2, 0
170.21, 0
170.22, 0
170.23, 0
170.24, 0
170.25, 0
170.26, 0
170.27, 0
170.28, 0
170.29, 0
170.3, 0
170.31, 0
170.32, 0
170.33, 0
170.34, 0
170.35, 0
170.36, 0
170.37, 0
170.38, 0
170.39, 0
170.4, 0
170.41, 0
170.42, 0
170.43, 0
170.44, 0
170.45, 0
170.46, 0
170.47, 0
170.48, 0
170.49, 0
170.5, 0
170.51, 0
170.52, 0
170.53, 0
170.54, 0
170.55, 0
170.56, 0
170.57, 0
170.58, 0
170.59, 0
170.6, 0
170.61, 0
170.62, 0
170.63, 0
170.64, 0
170.65, 0
170.66, 0
170.67, 0
170.68, 0
170.69, 0
170.7, 0
170.71, 0
170.72, 0
170.73, 0
170.74, 0
170.75, 0
170.76, 0
170.77, 0
170.78, 0
170.79, 0
170.8, 0
170.81, 0
170.82, 0
170.83, 0
170.84, 0
170.85, 0
170.86, 0
170.87, 0
170.88, 0
170.89, 0
170.9, 0
170.91, 0
170.92, 0
170.93, 0
170.94, 0
170.95, 0
170.96, 0
170.97, 0
170.98, 0
170.99, 0
171, 0
171.01, 0
171.02, 0
171.03, 0
171.04, 0
171.05, 0
171.06, 0
171.07, 0
171.08, 0
171.09, 0
171.1, 0
171.11, 0
171.12, 0
171.13, 0
171.14, 0
171.15, 0
171.16, 0
171.17, 0
171.18, 0
171.19, 0
171.2, 0
171.21, 0
171.22, 0
171.23, 0
171.24, 0
171.25, 0
171.26, 0
171.27, 0
171.28, 0
171.29, 0
171.3, 0
171.31, 0
171.32, 0
171.33, 0
171.34, 0
171.35, 0
171.36, 0
171.37, 0
171.38, 0
171.39, 0
171.4, 0
171.41, 0
171.42, 0
171.43, 0
171.44, 0
171.45, 0
171.46, 0
171.47, 0
171.48, 0
171.49, 0
171.5, 0
171.51, 0
171.52, 0
171.53, 0
171.54, 0
171.55, 0
171.56, 0
171.57, 0
171.58, 0
171.59, 0
171.6, 0
171.61, 0
171.62, 0
171.63, 0
171.64, 0
171.65, 0
171.66, 0
171.67, 0
171.68, 0
171.69, 0
171.7, 0
171.71, 0
171.72, 0
171.73, 0
171.74, 0
171.75, 0
171.76, 0
171.77, 0
171.78, 0
171.79, 0
171.8, 0
171.81, 0
171.82, 0
171.83, 0
171.84, 0
171.85, 0
171.86, 0
171.87, 0
171.88, 0
171.89, 0
171.9, 0
171.91, 0
171.92, 0
171.93, 0
171.94, 0
171.95, 0
171.96, 0
171.97, 0
171.98, 0
171.99, 0
172, 0
172.01, 0
172.02, 0
172.03, 0
172.04, 0
172.05, 0
172.06, 0
172.07, 0
172.08, 0
172.09, 0
172.1, 0
172.11, 0
172.12, 0
172.13, 0
172.14, 0
172.15, 0
172.16, 0
172.17, 0
172.18, 0
172.19, 0
172.2, 0
172.21, 0
172.22, 0
172.23, 0
172.24, 0
172.25, 0
172.26, 0
172.27, 0
172.28, 0
172.29, 0
172.3, 0
172.31, 0
172.32, 0
172.33, 0
172.34, 0
172.35, 0
172.36, 0
172.37, 0
172.38, 0
172.39, 0
172.4, 0
172.41, 0
172.42, 0
172.43, 0
172.44, 0
172.45, 0
172.46, 0
172.47, 0
172.48, 0
172.49, 0
172.5, 0
172.51, 0
172.52, 0
172.53, 0
172.54, 0
172.55, 0
172.56, 0
172.57, 0
172.58, 0
172.59, 0
172.6, 0
172.61, 0
172.62, 0
172.63, 0
172.64, 0
172.65, 0
172.66, 0
172.67, 0
172.68, 0
172.69, 0
172.7, 0
172.71, 0
172.72, 0
172.73, 0
172.74, 0
172.75, 0
172.76, 0
172.77, 0
172.78, 0
172.79, 0
172.8, 0
172.81, 0
172.82, 0
172.83, 0
172.84, 0
172.85, 0
172.86, 0
172.87, 0
172.88, 0
172.89, 0
172.9, 0
172.91, 0
172.92, 0
172.93, 0
172.94, 0
172.95, 0
172.96, 0
172.97, 0
172.98, 0
172.99, 0
173, 0
173.01, 0
173.02, 0
173.03, 0
173.04, 0
173.05, 0
173.06, 0
173.07, 0
173.08, 0
173.09, 0
173.1, 0
173.11, 0
173.12, 0
173.13, 0
173.14, 0
173.15, 0
173.16, 0
173.17, 0
173.18, 0
173.19, 0
173.2, 0
173.21, 0
173.22, 0
173.23, 0
173.24, 0
173.25, 0
173.26, 0
173.27, 0
173.28, 0
173.29, 0
173.3, 0
173.31, 0
173.32, 0
173.33, 0
173.34, 0
173.35, 0
173.36, 0
173.37, 0
173.38, 0
173.39, 0
173.4, 0
173.41, 0
173.42, 0
173.43, 0
173.44, 0
173.45, 0
173.46, 0
173.47, 0
173.48, 0
173.49, 0
173.5, 0
173.51, 0
173.52, 0
173.53, 0
173.54, 0
173.55, 0
173.56, 0
173.57, 0
173.58, 0
173.59, 0
173.6, 0
173.61, 0
173.62, 0
173.63, 0
173.64, 0
173.65, 0
173.66, 0
173.67, 0
173.68, 0
173.69, 0
173.7, 0
173.71, 0
173.72, 0
173.73, 0
173.74, 0
173.75, 0
173.76, 0
173.77, 0
173.78, 0
173.79, 0
173.8, 0
173.81, 0
173.82, 0
173.83, 0
173.84, 0
173.85, 0
173.86, 0
173.87, 0
173.88, 0
173.89, 0
173.9, 0
173.91, 0
173.92, 0
173.93, 0
173.94, 0
173.95, 0
173.96, 0
173.97, 0
173.98, 0
173.99, 0
174, 0
174.01, 0
174.02, 0
174.03, 0
174.04, 0
174.05, 0
174.06, 0
174.07, 0
174.08, 0
174.09, 0
174.1, 0
174.11, 0
174.12, 0
174.13, 0
174.14, 0
174.15, 0
174.16, 0
174.17, 0
174.18, 0
174.19, 0
174.2, 0
174.21, 0
174.22, 0
174.23, 0
174.24, 0
174.25, 0
174.26, 0
174.27, 0
174.28, 0
174.29, 0
174.3, 0
174.31, 0
174.32, 0
174.33, 0
174.34, 0
174.35, 0
174.36, 0
174.37, 0
174.38, 0
174.39, 0
174.4, 0
174.41, 0
174.42, 0
174.43, 0
174.44, 0
174.45, 0
174.46, 0
174.47, 0
174.48, 0
174.49, 0
174.5, 0
174.51, 0
174.52, 0
174.53, 0
174.54, 0
174.55, 0
174.56, 0
174.57, 0
174.58, 0
174.59, 0
174.6, 0
174.61, 0
174.62, 0
174.63, 0
174.64, 0
174.65, 0
174.66, 0
174.67, 0
174.68, 0
174.69, 0
174.7, 0
174.71, 0
174.72, 0
174.73, 0
174.74, 0
174.75, 0
174.76, 0
174.77, 0
174.78, 0
174.79, 0
174.8, 0
174.81, 0
174.82, 0
174.83, 0
174.84, 0
174.85, 0
174.86, 0
174.87, 0
174.88, 0
174.89, 0
174.9, 0
174.91, 0
174.92, 0
174.93, 0
174.94, 0
174.95, 0
174.96, 0
174.97, 0
174.98, 0
174.99, 0
175, 0
175.01, 0
175.02, 0
175.03, 0
175.04, 0
175.05, 0
175.06, 0
175.07, 0
175.08, 0
175.09, 0
175.1, 0
175.11, 0
175.12, 0
175.13, 0
175.14, 0
175.15, 0
175.16, 0
175.17, 0
175.18, 0
175.19, 0
175.2, 0
175.21, 0
175.22, 0
175.23, 0
175.24, 0
175.25, 0
175.26, 0
175.27, 0
175.28, 0
175.29, 0
175.3, 0
175.31, 0
175.32, 0
175.33, 0
175.34, 0
175.35, 0
175.36, 0
175.37, 0
175.38, 0
175.39, 0
175.4, 0
175.41, 0
175.42, 0
175.43, 0
175.44, 0
175.45, 0
175.46, 0
175.47, 0
175.48, 0
175.49, 0
175.5, 0
175.51, 0
175.52, 0
175.53, 0
175.54, 0
175.55, 0
175.56, 0
175.57, 0
175.58, 0
175.59, 0
175.6, 0
175.61, 0
175.62, 0
175.63, 0
175.64, 0
175.65, 0
175.66, 0
175.67, 0
175.68, 0
175.69, 0
175.7, 0
175.71, 0
175.72, 0
175.73, 0
175.74, 0
175.75, 0
175.76, 0
175.77, 0
175.78, 0
175.79, 0
175.8, 0
175.81, 0
175.82, 0
175.83, 0
175.84, 0
175.85, 0
175.86, 0
175.87, 0
175.88, 0
175.89, 0
175.9, 0
175.91, 0
175.92, 0
175.93, 0
175.94, 0
175.95, 0
175.96, 0
175.97, 0
175.98, 0
175.99, 0
176, 0
176.01, 0
176.02, 0
176.03, 0
176.04, 0
176.05, 0
176.06, 0
176.07, 0
176.08, 0
176.09, 0
176.1, 0
176.11, 0
176.12, 0
176.13, 0
176.14, 0
176.15, 0
176.16, 0
176.17, 0
176.18, 0
176.19, 0
176.2, 0
176.21, 0
176.22, 0
176.23, 0
176.24, 0
176.25, 0
176.26, 0
176.27, 0
176.28, 0
176.29, 0
176.3, 0
176.31, 0
176.32, 0
176.33, 0
176.34, 0
176.35, 0
176.36, 0
176.37, 0
176.38, 0
176.39, 0
176.4, 0
176.41, 0
176.42, 0
176.43, 0
176.44, 0
176.45, 0
176.46, 0
176.47, 0
176.48, 0
176.49, 0
176.5, 0
176.51, 0
176.52, 0
176.53, 0
176.54, 0
176.55, 0
176.56, 0
176.57, 0
176.58, 0
176.59, 0
176.6, 0
176.61, 0
176.62, 0
176.63, 0
176.64, 0
176.65, 0
176.66, 0
176.67, 0
176.68, 0
176.69, 0
176.7, 0
176.71, 0
176.72, 0
176.73, 0
176.74, 0
176.75, 0
176.76, 0
176.77, 0
176.78, 0
176.79, 0
176.8, 0
176.81, 0
176.82, 0
176.83, 0
176.84, 0
176.85, 0
176.86, 0
176.87, 0
176.88, 0
176.89, 0
176.9, 0
176.91, 0
176.92, 0
176.93, 0
176.94, 0
176.95, 0
176.96, 0
176.97, 0
176.98, 0
176.99, 0
177, 0
177.01, 0
177.02, 0
177.03, 0
177.04, 0
177.05, 0
177.06, 0
177.07, 0
177.08, 0
177.09, 0
177.1, 0
177.11, 0
177.12, 0
177.13, 0
177.14, 0
177.15, 0
177.16, 0
177.17, 0
177.18, 0
177.19, 0
177.2, 0
177.21, 0
177.22, 0
177.23, 0
177.24, 0
177.25, 0
177.26, 0
177.27, 0
177.28, 0
177.29, 0
177.3, 0
177.31, 0
177.32, 0
177.33, 0
177.34, 0
177.35, 0
177.36, 0
177.37, 0
177.38, 0
177.39, 0
177.4, 0
177.41, 0
177.42, 0
177.43, 0
177.44, 0
177.45, 0
177.46, 0
177.47, 0
177.48, 0
177.49, 0
177.5, 0
177.51, 0
177.52, 0
177.53, 0
177.54, 0
177.55, 0
177.56, 0
177.57, 0
177.58, 0
177.59, 0
177.6, 0
177.61, 0
177.62, 0
177.63, 0
177.64, 0
177.65, 0
177.66, 0
177.67, 0
177.68, 0
177.69, 0
177.7, 0
177.71, 0
177.72, 0
177.73, 0
177.74, 0
177.75, 0
177.76, 0
177.77, 0
177.78, 0
177.79, 0
177.8, 0
177.81, 0
177.82, 0
177.83, 0
177.84, 0
177.85, 0
177.86, 0
177.87, 0
177.88, 0
177.89, 0
177.9, 0
177.91, 0
177.92, 0
177.93, 0
177.94, 0
177.95, 0
177.96, 0
177.97, 0
177.98, 0
177.99, 0
178, 0
178.01, 0
178.02, 0
178.03, 0
178.04, 0
178.05, 0
178.06, 0
178.07, 0
178.08, 0
178.09, 0
178.1, 0
178.11, 0
178.12, 0
178.13, 0
178.14, 0
178.15, 0
178.16, 0
178.17, 0
178.18, 0
178.19, 0
178.2, 0
178.21, 0
178.22, 0
178.23, 0
178.24, 0
178.25, 0
178.26, 0
178.27, 0
178.28, 0
178.29, 0
178.3, 0
178.31, 0
178.32, 0
178.33, 0
178.34, 0
178.35, 0
178.36, 0
178.37, 0
178.38, 0
178.39, 0
178.4, 0
178.41, 0
178.42, 0
178.43, 0
178.44, 0
178.45, 0
178.46, 0
178.47, 0
178.48, 0
178.49, 0
178.5, 0
178.51, 0
178.52, 0
178.53, 0
178.54, 0
178.55, 0
178.56, 0
178.57, 0
178.58, 0
178.59, 0
178.6, 0
178.61, 0
178.62, 0
178.63, 0
178.64, 0
178.65, 0
178.66, 0
178.67, 0
178.68, 0
178.69, 0
178.7, 0
178.71, 0
178.72, 0
178.73, 0
178.74, 0
178.75, 0
178.76, 0
178.77, 0
178.78, 0
178.79, 0
178.8, 0
178.81, 0
178.82, 0
178.83, 0
178.84, 0
178.85, 0
178.86, 0
178.87, 0
178.88, 0
178.89, 0
178.9, 0
178.91, 0
178.92, 0
178.93, 0
178.94, 0
178.95, 0
178.96, 0
178.97, 0
178.98, 0
178.99, 0
179, 0
179.01, 0
179.02, 0
179.03, 0
179.04, 0
179.05, 0
179.06, 0
179.07, 0
179.08, 0
179.09, 0
179.1, 0
179.11, 0
179.12, 0
179.13, 0
179.14, 0
179.15, 0
179.16, 0
179.17, 0
179.18, 0
179.19, 0
179.2, 0
179.21, 0
179.22, 0
179.23, 0
179.24, 0
179.25, 0
179.26, 0
179.27, 0
179.28, 0
179.29, 0
179.3, 0
179.31, 0
179.32, 0
179.33, 0
179.34, 0
179.35, 0
179.36, 0
179.37, 0
179.38, 0
179.39, 0
179.4, 0
179.41, 0
179.42, 0
179.43, 0
179.44, 0
179.45, 0
179.46, 0
179.47, 0
179.48, 0
179.49, 0
179.5, 0
179.51, 0
179.52, 0
179.53, 0
179.54, 0
179.55, 0
179.56, 0
179.57, 0
179.58, 0
179.59, 0
179.6, 0
179.61, 0
179.62, 0
179.63, 0
179.64, 0
179.65, 0
179.66, 0
179.67, 0
179.68, 0
179.69, 0
179.7, 0
179.71, 0
179.72, 0
179.73, 0
179.74, 0
179.75, 0
179.76, 0
179.77, 0
179.78, 0
179.79, 0
179.8, 0
179.81, 0
179.82, 0
179.83, 0
179.84, 0
179.85, 0
179.86, 0
179.87, 0
179.88, 0
179.89, 0
179.9, 0
179.91, 0
179.92, 0
179.93, 0
179.94, 0
179.95, 0
179.96, 0
179.97, 0
179.98, 0
179.99, 0
