Dickite
crystal_structure 2
space_group 9
0, 0
0.01, 3
0.02, 0
0.03, 1
0.04, 0
0.05, 1
0.06, 1
0.07, 0
0.08, 0
0.09, 1
0.1, 0
0.11, 0
0.12, 2
0.13, 0
0.14, 2
0.15, 2
0.16, 2
0.17, 1
0.18, 1
0.19, 2
0.2, 1
0.21, 1
0.22, 2
0.23, 1
0.24, 0
0.25, 2
0.26, 1
0.27, 2
0.28, 0
0.29, 2
0.3, 2
0.31, 1
0.32, 2
0.33, 2
0.34, 2
0.35, 2
0.36, 1
0.37, 1
0.38, 1
0.39, 1
0.4, 2
0.41, 1
0.42, 1
0.43, 1
0.44, 0
0.45, 1
0.46, 1
0.47, 3
0.48, 3
0.49, 1
0.5, 2
0.51, 2
0.52, 1
0.53, 1
0.54, 1
0.55, 1
0.56, 1
0.57, 1
0.58, 2
0.59, 2
0.6, 3
0.61, 3
0.62, 3
0.63, 1
0.64, 2
0.65, 4
0.66, 1
0.67, 2
0.68, 4
0.69, 1
0.7, 1
0.71, 1
0.72, 0
0.73, 1
0.74, 1
0.75, 1
0.76, 2
0.77, 2
0.78, 3
0.79, 1
0.8, 2
0.81, 3
0.82, 2
0.83, 4
0.84, 2
0.85, 2
0.86, 2
0.87, 2
0.88, 3
0.89, 1
0.9, 1
0.91, 0
0.92, 2
0.93, 0
0.94, 2
0.95, 1
0.96, 2
0.97, 4
0.98, 2
0.99, 2
1, 0
1.01, 0
1.02, 0
1.03, 1
1.04, 1
1.05, 1
1.06, 0
1.07, 1
1.08, 0
1.09, 0
1.1, 1
1.11, 1
1.12, 0
1.13, 0
1.14, 0
1.15, 0
1.16, 1
1.17, 1
1.18, 0
1.19, 0
1.2, 1
1.21, 0
1.22, 0
1.23, 0
1.24, 0
1.25, 0
1.26, 1
1.27, 0
1.28, 1
1.29, 0
1.3, 0
1.31, 0
1.32, 0
1.33, 1
1.34, 1
1.35, 0
1.36, 0
1.37, 1
1.38, 0
1.39, 1
1.4, 0
1.41, 1
1.42, 0
1.43, 0
1.44, 0
1.45, 1
1.46, 0
1.47, 0
1.48, 0
1.49, 0
1.5, 0
1.51, 0
1.52, 0
1.53, 0
1.54, 0
1.55, 0
1.56, 0
1.57, 1
1.58, 2
1.59, 0
1.6, 1
1.61, 0
1.62, 0
1.63, 0
1.64, 1
1.65, 2
1.66, 0
1.67, 1
1.68, 0
1.69, 2
1.7, 2
1.71, 1
1.72, 2
1.73, 0
1.74, 2
1.75, 1
1.76, 1
1.77, 1
1.78, 0
1.79, 1
1.8, 1
1.81, 1
1.82, 3
1.83, 0
1.84, 1
1.85, 2
1.86, 2
1.87, 1
1.88, 0
1.89, 2
1.9, 0
1.91, 0
1.92, 2
1.93, 1
1.94, 0
1.95, 3
1.96, 0
1.97, 0
1.98, 1
1.99, 1
2, 0
2.01, 1
2.02, 2
2.03, 1
2.04, 0
2.05, 0
2.06, 2
2.07, 3
2.08, 1
2.09, 3
2.1, 1
2.11, 1
2.12, 1
2.13, 1
2.14, 1
2.15, 2
2.16, 2
2.17, 1
2.18, 2
2.19, 2
2.2, 1
2.21, 2
2.22, 1
2.23, 2
2.24, 1
2.25, 2
2.26, 2
2.27, 3
2.28, 3
2.29, 0
2.3, 0
2.31, 1
2.32, 2
2.33, 2
2.34, 1
2.35, 2
2.36, 1
2.37, 1
2.38, 2
2.39, 1
2.4, 1
2.41, 1
2.42, 0
2.43, 1
2.44, 1
2.45, 2
2.46, 1
2.47, 1
2.48, 2
2.49, 0
2.5, 0
2.51, 3
2.52, 1
2.53, 2
2.54, 3
2.55, 1
2.56, 3
2.57, 1
2.58, 2
2.59, 2
2.6, 2
2.61, 2
2.62, 3
2.63, 0
2.64, 1
2.65, 1
2.66, 1
2.67, 1
2.68, 2
2.69, 2
2.7, 2
2.71, 2
2.72, 1
2.73, 0
2.74, 0
2.75, 1
2.76, 1
2.77, 3
2.78, 1
2.79, 2
2.8, 2
2.81, 3
2.82, 2
2.83, 3
2.84, 2
2.85, 1
2.86, 2
2.87, 2
2.88, 0
2.89, 3
2.9, 1
2.91, 0
2.92, 2
2.93, 2
2.94, 2
2.95, 0
2.96, 1
2.97, 2
2.98, 4
2.99, 1
3, 3
3.01, 0
3.02, 3
3.03, 1
3.04, 2
3.05, 1
3.06, 3
3.07, 1
3.08, 2
3.09, 1
3.1, 1
3.11, 0
3.12, 2
3.13, 1
3.14, 2
3.15, 1
3.16, 0
3.17, 0
3.18, 3
3.19, 0
3.2, 0
3.21, 1
3.22, 0
3.23, 2
3.24, 1
3.25, 1
3.26, 3
3.27, 1
3.28, 2
3.29, 0
3.3, 0
3.31, 2
3.32, 2
3.33, 1
3.34, 1
3.35, 1
3.36, 1
3.37, 0
3.38, 2
3.39, 3
3.4, 2
3.41, 4
3.42, 2
3.43, 2
3.44, 2
3.45, 3
3.46, 2
3.47, 1
3.48, 1
3.49, 2
3.5, 1
3.51, 1
3.52, 0
3.53, 2
3.54, 2
3.55, 2
3.56, 1
3.57, 1
3.58, 1
3.59, 2
3.6, 1
3.61, 2
3.62, 2
3.63, 1
3.64, 1
3.65, 2
3.66, 2
3.67, 0
3.68, 3
3.69, 3
3.7, 0
3.71, 2
3.72, 3
3.73, 1
3.74, 0
3.75, 1
3.76, 1
3.77, 0
3.78, 2
3.79, 0
3.8, 2
3.81, 1
3.82, 0
3.83, 1
3.84, 1
3.85, 2
3.86, 1
3.87, 1
3.88, 1
3.89, 2
3.9, 1
3.91, 1
3.92, 1
3.93, 1
3.94, 0
3.95, 1
3.96, 1
3.97, 1
3.98, 2
3.99, 1
4, 1
4.01, 1
4.02, 1
4.03, 0
4.04, 1
4.05, 0
4.06, 1
4.07, 3
4.08, 1
4.09, 1
4.1, 0
4.11, 1
4.12, 2
4.13, 1
4.14, 2
4.15, 1
4.16, 0
4.17, 0
4.18, 0
4.19, 0
4.2, 1
4.21, 0
4.22, 0
4.23, 2
4.24, 0
4.25, 1
4.26, 1
4.27, 0
4.28, 1
4.29, 0
4.3, 0
4.31, 0
4.32, 2
4.33, 0
4.34, 2
4.35, 0
4.36, 0
4.37, 0
4.38, 0
4.39, 0
4.4, 1
4.41, 1
4.42, 1
4.43, 1
4.44, 1
4.45, 1
4.46, 1
4.47, 0
4.48, 1
4.49, 0
4.5, 1
4.51, 0
4.52, 0
4.53, 1
4.54, 0
4.55, 0
4.56, 0
4.57, 1
4.58, 1
4.59, 0
4.6, 0
4.61, 2
4.62, 0
4.63, 1
4.64, 1
4.65, 1
4.66, 1
4.67, 0
4.68, 0
4.69, 0
4.7, 0
4.71, 0
4.72, 1
4.73, 1
4.74, 1
4.75, 0
4.76, 1
4.77, 2
4.78, 1
4.79, 0
4.8, 0
4.81, 0
4.82, 0
4.83, 0
4.84, 0
4.85, 0
4.86, 0
4.87, 0
4.88, 0
4.89, 0
4.9, 0
4.91, 0
4.92, 1
4.93, 1
4.94, 1
4.95, 1
4.96, 1
4.97, 2
4.98, 1
4.99, 2
5, 1
5.01, 1
5.02, 1
5.03, 0
5.04, 1
5.05, 1
5.06, 1
5.07, 1
5.08, 0
5.09, 1
5.1, 1
5.11, 1
5.12, 2
5.13, 0
5.14, 2
5.15, 1
5.16, 0
5.17, 1
5.18, 1
5.19, 0
5.2, 0
5.21, 1
5.22, 0
5.23, 2
5.24, 2
5.25, 0
5.26, 0
5.27, 2
5.28, 1
5.29, 1
5.3, 1
5.31, 2
5.32, 2
5.33, 1
5.34, 2
5.35, 1
5.36, 0
5.37, 0
5.38, 1
5.39, 0
5.4, 0
5.41, 0
5.42, 0
5.43, 0
5.44, 1
5.45, 1
5.46, 1
5.47, 0
5.48, 0
5.49, 0
5.5, 0
5.51, 0
5.52, 1
5.53, 0
5.54, 0
5.55, 1
5.56, 0
5.57, 0
5.58, 0
5.59, 0
5.6, 0
5.61, 0
5.62, 0
5.63, 0
5.64, 0
5.65, 0
5.66, 0
5.67, 1
5.68, 0
5.69, 0
5.7, 1
5.71, 0
5.72, 0
5.73, 0
5.74, 0
5.75, 0
5.76, 0
5.77, 0
5.78, 0
5.79, 0
5.8, 1
5.81, 0
5.82, 0
5.83, 0
5.84, 1
5.85, 0
5.86, 0
5.87, 0
5.88, 0
5.89, 0
5.9, 0
5.91, 0
5.92, 0
5.93, 0
5.94, 0
5.95, 0
5.96, 0
5.97, 0
5.98, 0
5.99, 1
6, 1
6.01, 0
6.02, 1
6.03, 2
6.04, 0
6.05, 1
6.06, 2
6.07, 2
6.08, 1
6.09, 4
6.1, 1
6.11, 5
6.12, 4
6.13, 7
6.14, 10
6.15, 10
6.16, 14
6.17, 11
6.18, 10
6.19, 15
6.2, 17
6.21, 15
6.22, 15
6.23, 15
6.24, 13
6.25, 12
6.26, 11
6.27, 7
6.28, 6
6.29, 5
6.3, 3
6.31, 1
6.32, 2
6.33, 1
6.34, 2
6.35, 0
6.36, 2
6.37, 3
6.38, 2
6.39, 0
6.4, 0
6.41, 0
6.42, 1
6.43, 0
6.44, 1
6.45, 0
6.46, 0
6.47, 0
6.48, 0
6.49, 0
6.5, 2
6.51, 0
6.52, 0
6.53, 1
6.54, 0
6.55, 1
6.56, 1
6.57, 1
6.58, 0
6.59, 0
6.6, 0
6.61, 1
6.62, 1
6.63, 1
6.64, 1
6.65, 0
6.66, 1
6.67, 0
6.68, 1
6.69, 0
6.7, 0
6.71, 0
6.72, 1
6.73, 1
6.74, 1
6.75, 4
6.76, 1
6.77, 0
6.78, 0
6.79, 2
6.8, 2
6.81, 2
6.82, 2
6.83, 3
6.84, 2
6.85, 3
6.86, 1
6.87, 4
6.88, 3
6.89, 4
6.9, 5
6.91, 4
6.92, 4
6.93, 4
6.94, 4
6.95, 4
6.96, 5
6.97, 6
6.98, 7
6.99, 8
7, 10
7.01, 9
7.02, 10
7.03, 10
7.04, 11
7.05, 14
7.06, 12
7.07, 14
7.08, 15
7.09, 17
7.1, 13
7.11, 18
7.12, 21
7.13, 18
7.14, 21
7.15, 22
7.16, 24
7.17, 28
7.18, 32
7.19, 39
7.2, 37
7.21, 43
7.22, 54
7.23, 64
7.24, 80
7.25, 81
7.26, 102
7.27, 120
7.28, 139
7.29, 168
7.3, 203
7.31, 244
7.32, 310
7.33, 404
7.34, 454
7.35, 555
7.36, 644
7.37, 743
7.38, 838
7.39, 922
7.4, 974
7.41, 1000
7.42, 977
7.43, 925
7.44, 872
7.45, 806
7.46, 678
7.47, 568
7.48, 446
7.49, 331
7.5, 248
7.51, 165
7.52, 121
7.53, 88
7.54, 66
7.55, 55
7.56, 50
7.57, 38
7.58, 33
7.59, 27
7.6, 23
7.61, 25
7.62, 19
7.63, 19
7.64, 16
7.65, 15
7.66, 15
7.67, 15
7.68, 14
7.69, 14
7.7, 14
7.71, 12
7.72, 9
7.73, 9
7.74, 8
7.75, 6
7.76, 8
7.77, 7
7.78, 5
7.79, 5
7.8, 7
7.81, 1
7.82, 5
7.83, 7
7.84, 4
7.85, 2
7.86, 5
7.87, 4
7.88, 3
7.89, 2
7.9, 3
7.91, 4
7.92, 5
7.93, 3
7.94, 4
7.95, 4
7.96, 5
7.97, 3
7.98, 4
7.99, 3
8, 1
8.01, 3
8.02, 1
8.03, 0
8.04, 2
8.05, 4
8.06, 1
8.07, 1
8.08, 0
8.09, 0
8.1, 1
8.11, 3
8.12, 2
8.13, 4
8.14, 2
8.15, 2
8.16, 2
8.17, 0
8.18, 2
8.19, 2
8.2, 1
8.21, 2
8.22, 1
8.23, 2
8.24, 0
8.25, 0
8.26, 1
8.27, 1
8.28, 1
8.29, 1
8.3, 0
8.31, 0
8.32, 1
8.33, 0
8.34, 1
8.35, 1
8.36, 0
8.37, 1
8.38, 1
8.39, 0
8.4, 1
8.41, 0
8.42, 2
8.43, 1
8.44, 1
8.45, 2
8.46, 1
8.47, 0
8.48, 0
8.49, 1
8.5, 2
8.51, 2
8.52, 2
8.53, 2
8.54, 2
8.55, 1
8.56, 1
8.57, 0
8.58, 0
8.59, 0
8.6, 0
8.61, 1
8.62, 1
8.63, 0
8.64, 2
8.65, 2
8.66, 1
8.67, 1
8.68, 1
8.69, 0
8.7, 1
8.71, 1
8.72, 0
8.73, 1
8.74, 0
8.75, 1
8.76, 2
8.77, 0
8.78, 1
8.79, 0
8.8, 0
8.81, 0
8.82, 1
8.83, 1
8.84, 1
8.85, 0
8.86, 0
8.87, 0
8.88, 0
8.89, 0
8.9, 1
8.91, 1
8.92, 0
8.93, 1
8.94, 1
8.95, 0
8.96, 0
8.97, 0
8.98, 0
8.99, 1
9, 0
9.01, 0
9.02, 0
9.03, 0
9.04, 1
9.05, 3
9.06, 1
9.07, 1
9.08, 0
9.09, 1
9.1, 1
9.11, 2
9.12, 1
9.13, 0
9.14, 0
9.15, 0
9.16, 1
9.17, 0
9.18, 0
9.19, 2
9.2, 1
9.21, 1
9.22, 1
9.23, 0
9.24, 1
9.25, 0
9.26, 1
9.27, 0
9.28, 0
9.29, 1
9.3, 2
9.31, 0
9.32, 0
9.33, 0
9.34, 0
9.35, 0
9.36, 0
9.37, 0
9.38, 0
9.39, 1
9.4, 0
9.41, 0
9.42, 1
9.43, 1
9.44, 1
9.45, 0
9.46, 0
9.47, 1
9.48, 0
9.49, 2
9.5, 0
9.51, 0
9.52, 1
9.53, 1
9.54, 0
9.55, 2
9.56, 0
9.57, 1
9.58, 0
9.59, 0
9.6, 0
9.61, 1
9.62, 1
9.63, 1
9.64, 1
9.65, 0
9.66, 0
9.67, 2
9.68, 1
9.69, 1
9.7, 2
9.71, 0
9.72, 0
9.73, 0
9.74, 1
9.75, 0
9.76, 2
9.77, 1
9.78, 0
9.79, 0
9.8, 0
9.81, 0
9.82, 1
9.83, 0
9.84, 1
9.85, 0
9.86, 1
9.87, 0
9.88, 0
9.89, 1
9.9, 0
9.91, 1
9.92, 0
9.93, 0
9.94, 1
9.95, 2
9.96, 2
9.97, 2
9.98, 0
9.99, 1
10, 0
10.01, 0
10.02, 0
10.03, 0
10.04, 1
10.05, 0
10.06, 0
10.07, 0
10.08, 0
10.09, 0
10.1, 0
10.11, 0
10.12, 0
10.13, 0
10.14, 0
10.15, 0
10.16, 0
10.17, 1
10.18, 0
10.19, 0
10.2, 1
10.21, 1
10.22, 1
10.23, 0
10.24, 1
10.25, 1
10.26, 0
10.27, 2
10.28, 0
10.29, 1
10.3, 0
10.31, 1
10.32, 0
10.33, 1
10.34, 1
10.35, 0
10.36, 1
10.37, 0
10.38, 1
10.39, 2
10.4, 0
10.41, 1
10.42, 2
10.43, 0
10.44, 1
10.45, 0
10.46, 1
10.47, 0
10.48, 0
10.49, 1
10.5, 1
10.51, 2
10.52, 1
10.53, 2
10.54, 1
10.55, 1
10.56, 1
10.57, 1
10.58, 1
10.59, 1
10.6, 1
10.61, 2
10.62, 0
10.63, 2
10.64, 1
10.65, 0
10.66, 1
10.67, 0
10.68, 1
10.69, 0
10.7, 0
10.71, 1
10.72, 0
10.73, 1
10.74, 0
10.75, 0
10.76, 2
10.77, 2
10.78, 2
10.79, 2
10.8, 1
10.81, 1
10.82, 0
10.83, 1
10.84, 0
10.85, 0
10.86, 1
10.87, 0
10.88, 2
10.89, 2
10.9, 0
10.91, 0
10.92, 0
10.93, 0
10.94, 1
10.95, 0
10.96, 1
10.97, 1
10.98, 1
10.99, 1
11, 1
11.01, 0
11.02, 0
11.03, 0
11.04, 1
11.05, 1
11.06, 1
11.07, 0
11.08, 0
11.09, 1
11.1, 2
11.11, 0
11.12, 1
11.13, 2
11.14, 1
11.15, 0
11.16, 1
11.17, 2
11.18, 1
11.19, 0
11.2, 0
11.21, 2
11.22, 2
11.23, 0
11.24, 0
11.25, 0
11.26, 1
11.27, 0
11.28, 0
11.29, 0
11.3, 0
11.31, 2
11.32, 0
11.33, 2
11.34, 1
11.35, 1
11.36, 2
11.37, 1
11.38, 0
11.39, 1
11.4, 0
11.41, 0
11.42, 2
11.43, 1
11.44, 1
11.45, 0
11.46, 1
11.47, 0
11.48, 1
11.49, 2
11.5, 1
11.51, 1
11.52, 1
11.53, 1
11.54, 0
11.55, 1
11.56, 0
11.57, 1
11.58, 0
11.59, 1
11.6, 0
11.61, 0
11.62, 1
11.63, 0
11.64, 1
11.65, 0
11.66, 1
11.67, 0
11.68, 2
11.69, 1
11.7, 2
11.71, 1
11.72, 1
11.73, 2
11.74, 1
11.75, 2
11.76, 2
11.77, 1
11.78, 0
11.79, 1
11.8, 1
11.81, 1
11.82, 2
11.83, 1
11.84, 0
11.85, 1
11.86, 1
11.87, 2
11.88, 1
11.89, 0
11.9, 2
11.91, 1
11.92, 0
11.93, 1
11.94, 1
11.95, 0
11.96, 1
11.97, 1
11.98, 2
11.99, 2
12, 1
12.01, 1
12.02, 1
12.03, 1
12.04, 0
12.05, 1
12.06, 2
12.07, 1
12.08, 1
12.09, 1
12.1, 2
12.11, 1
12.12, 2
12.13, 1
12.14, 1
12.15, 0
12.16, 1
12.17, 0
12.18, 1
12.19, 1
12.2, 1
12.21, 2
12.22, 0
12.23, 1
12.24, 1
12.25, 1
12.26, 2
12.27, 2
12.28, 2
12.29, 1
12.3, 1
12.31, 0
12.32, 0
12.33, 1
12.34, 1
12.35, 0
12.36, 3
12.37, 1
12.38, 2
12.39, 1
12.4, 0
12.41, 1
12.42, 1
12.43, 0
12.44, 1
12.45, 0
12.46, 0
12.47, 1
12.48, 0
12.49, 1
12.5, 1
12.51, 1
12.52, 1
12.53, 1
12.54, 2
12.55, 1
12.56, 2
12.57, 1
12.58, 2
12.59, 1
12.6, 2
12.61, 0
12.62, 1
12.63, 1
12.64, 1
12.65, 1
12.66, 0
12.67, 2
12.68, 0
12.69, 2
12.7, 2
12.71, 1
12.72, 0
12.73, 1
12.74, 1
12.75, 0
12.76, 1
12.77, 2
12.78, 1
12.79, 0
12.8, 2
12.81, 1
12.82, 0
12.83, 1
12.84, 0
12.85, 2
12.86, 1
12.87, 2
12.88, 0
12.89, 1
12.9, 1
12.91, 1
12.92, 2
12.93, 0
12.94, 0
12.95, 0
12.96, 1
12.97, 1
12.98, 1
12.99, 1
13, 1
13.01, 1
13.02, 1
13.03, 1
13.04, 0
13.05, 1
13.06, 2
13.07, 1
13.08, 0
13.09, 0
13.1, 0
13.11, 0
13.12, 1
13.13, 0
13.14, 0
13.15, 1
13.16, 0
13.17, 1
13.18, 0
13.19, 0
13.2, 1
13.21, 0
13.22, 1
13.23, 3
13.24, 0
13.25, 1
13.26, 1
13.27, 1
13.28, 1
13.29, 1
13.3, 2
13.31, 1
13.32, 1
13.33, 1
13.34, 2
13.35, 1
13.36, 1
13.37, 1
13.38, 0
13.39, 1
13.4, 1
13.41, 0
13.42, 1
13.43, 0
13.44, 1
13.45, 1
13.46, 1
13.47, 0
13.48, 0
13.49, 1
13.5, 1
13.51, 0
13.52, 1
13.53, 1
13.54, 1
13.55, 1
13.56, 1
13.57, 1
13.58, 1
13.59, 1
13.6, 2
13.61, 1
13.62, 1
13.63, 1
13.64, 1
13.65, 1
13.66, 1
13.67, 1
13.68, 1
13.69, 1
13.7, 1
13.71, 0
13.72, 0
13.73, 1
13.74, 0
13.75, 1
13.76, 1
13.77, 1
13.78, 1
13.79, 0
13.8, 0
13.81, 0
13.82, 0
13.83, 1
13.84, 2
13.85, 0
13.86, 2
13.87, 0
13.88, 1
13.89, 1
13.9, 1
13.91, 1
13.92, 0
13.93, 0
13.94, 0
13.95, 0
13.96, 0
13.97, 0
13.98, 0
13.99, 0
14, 1
14.01, 1
14.02, 0
14.03, 1
14.04, 1
14.05, 0
14.06, 1
14.07, 0
14.08, 1
14.09, 0
14.1, 0
14.11, 0
14.12, 0
14.13, 0
14.14, 0
14.15, 0
14.16, 0
14.17, 0
14.18, 0
14.19, 0
14.2, 0
14.21, 0
14.22, 1
14.23, 0
14.24, 1
14.25, 0
14.26, 1
14.27, 0
14.28, 1
14.29, 0
14.3, 0
14.31, 0
14.32, 1
14.33, 0
14.34, 2
14.35, 0
14.36, 0
14.37, 0
14.38, 0
14.39, 0
14.4, 1
14.41, 0
14.42, 1
14.43, 0
14.44, 0
14.45, 0
14.46, 0
14.47, 0
14.48, 0
14.49, 0
14.5, 0
14.51, 0
14.52, 0
14.53, 0
14.54, 1
14.55, 0
14.56, 0
14.57, 0
14.58, 1
14.59, 0
14.6, 0
14.61, 1
14.62, 0
14.63, 0
14.64, 1
14.65, 0
14.66, 0
14.67, 0
14.68, 0
14.69, 0
14.7, 1
14.71, 0
14.72, 0
14.73, 1
14.74, 0
14.75, 1
14.76, 1
14.77, 0
14.78, 0
14.79, 1
14.8, 1
14.81, 1
14.82, 0
14.83, 1
14.84, 0
14.85, 0
14.86, 1
14.87, 1
14.88, 2
14.89, 0
14.9, 1
14.91, 1
14.92, 2
14.93, 1
14.94, 2
14.95, 4
14.96, 3
14.97, 3
14.98, 4
14.99, 3
15, 4
15.01, 6
15.02, 3
15.03, 5
15.04, 5
15.05, 4
15.06, 4
15.07, 4
15.08, 5
15.09, 5
15.1, 4
15.11, 4
15.12, 4
15.13, 3
15.14, 4
15.15, 3
15.16, 2
15.17, 2
15.18, 2
15.19, 0
15.2, 0
15.21, 3
15.22, 2
15.23, 1
15.24, 3
15.25, 2
15.26, 2
15.27, 2
15.28, 6
15.29, 3
15.3, 4
15.31, 3
15.32, 3
15.33, 5
15.34, 5
15.35, 5
15.36, 5
15.37, 3
15.38, 5
15.39, 4
15.4, 4
15.41, 5
15.42, 2
15.43, 5
15.44, 2
15.45, 2
15.46, 2
15.47, 1
15.48, 0
15.49, 1
15.5, 2
15.51, 2
15.52, 1
15.53, 1
15.54, 0
15.55, 0
15.56, 1
15.57, 1
15.58, 1
15.59, 1
15.6, 1
15.61, 1
15.62, 1
15.63, 2
15.64, 2
15.65, 1
15.66, 3
15.67, 1
15.68, 1
15.69, 2
15.7, 1
15.71, 2
15.72, 1
15.73, 1
15.74, 2
15.75, 1
15.76, 2
15.77, 4
15.78, 4
15.79, 4
15.8, 4
15.81, 6
15.82, 8
15.83, 10
15.84, 12
15.85, 14
15.86, 15
15.87, 16
15.88, 15
15.89, 17
15.9, 16
15.91, 16
15.92, 15
15.93, 14
15.94, 15
15.95, 12
15.96, 10
15.97, 9
15.98, 7
15.99, 6
16, 4
16.01, 3
16.02, 2
16.03, 4
16.04, 2
16.05, 1
16.06, 2
16.07, 0
16.08, 0
16.09, 1
16.1, 1
16.11, 1
16.12, 1
16.13, 1
16.14, 0
16.15, 0
16.16, 0
16.17, 0
16.18, 0
16.19, 1
16.2, 0
16.21, 1
16.22, 1
16.23, 0
16.24, 1
16.25, 0
16.26, 0
16.27, 0
16.28, 0
16.29, 0
16.3, 0
16.31, 0
16.32, 0
16.33, 0
16.34, 0
16.35, 0
16.36, 1
16.37, 0
16.38, 1
16.39, 2
16.4, 2
16.41, 1
16.42, 2
16.43, 0
16.44, 1
16.45, 3
16.46, 2
16.47, 2
16.48, 2
16.49, 1
16.5, 1
16.51, 3
16.52, 3
16.53, 5
16.54, 3
16.55, 4
16.56, 5
16.57, 5
16.58, 4
16.59, 5
16.6, 7
16.61, 5
16.62, 5
16.63, 6
16.64, 6
16.65, 5
16.66, 4
16.67, 4
16.68, 3
16.69, 4
16.7, 3
16.71, 2
16.72, 3
16.73, 2
16.74, 1
16.75, 1
16.76, 0
16.77, 1
16.78, 1
16.79, 1
16.8, 1
16.81, 1
16.82, 0
16.83, 1
16.84, 1
16.85, 1
16.86, 2
16.87, 0
16.88, 0
16.89, 1
16.9, 0
16.91, 1
16.92, 0
16.93, 0
16.94, 1
16.95, 1
16.96, 0
16.97, 1
16.98, 0
16.99, 0
17, 0
17.01, 1
17.02, 1
17.03, 0
17.04, 0
17.05, 0
17.06, 1
17.07, 0
17.08, 0
17.09, 0
17.1, 0
17.11, 0
17.12, 0
17.13, 0
17.14, 1
17.15, 0
17.16, 1
17.17, 0
17.18, 0
17.19, 1
17.2, 0
17.21, 2
17.22, 0
17.23, 1
17.24, 1
17.25, 0
17.26, 1
17.27, 1
17.28, 1
17.29, 0
17.3, 2
17.31, 0
17.32, 0
17.33, 2
17.34, 2
17.35, 1
17.36, 1
17.37, 2
17.38, 3
17.39, 4
17.4, 6
17.41, 7
17.42, 7
17.43, 10
17.44, 12
17.45, 10
17.46, 9
17.47, 9
17.48, 11
17.49, 12
17.5, 7
17.51, 10
17.52, 5
17.53, 5
17.54, 4
17.55, 3
17.56, 4
17.57, 3
17.58, 1
17.59, 2
17.6, 1
17.61, 3
17.62, 2
17.63, 1
17.64, 3
17.65, 0
17.66, 2
17.67, 0
17.68, 1
17.69, 1
17.7, 0
17.71, 0
17.72, 0
17.73, 0
17.74, 1
17.75, 1
17.76, 1
17.77, 1
17.78, 0
17.79, 1
17.8, 1
17.81, 0
17.82, 0
17.83, 0
17.84, 0
17.85, 0
17.86, 0
17.87, 0
17.88, 0
17.89, 0
17.9, 0
17.91, 1
17.92, 0
17.93, 0
17.94, 1
17.95, 0
17.96, 1
17.97, 0
17.98, 0
17.99, 1
18, 0
18.01, 0
18.02, 0
18.03, 0
18.04, 0
18.05, 0
18.06, 0
18.07, 0
18.08, 0
18.09, 0
18.1, 0
18.11, 0
18.12, 0
18.13, 0
18.14, 1
18.15, 1
18.16, 0
18.17, 1
18.18, 0
18.19, 0
18.2, 1
18.21, 1
18.22, 0
18.23, 0
18.24, 0
18.25, 1
18.26, 0
18.27, 0
18.28, 0
18.29, 0
18.3, 0
18.31, 0
18.32, 1
18.33, 1
18.34, 1
18.35, 1
18.36, 1
18.37, 3
18.38, 2
18.39, 2
18.4, 2
18.41, 4
18.42, 3
18.43, 5
18.44, 5
18.45, 4
18.46, 5
18.47, 4
18.48, 5
18.49, 4
18.5, 5
18.51, 6
18.52, 6
18.53, 7
18.54, 4
18.55, 5
18.56, 4
18.57, 5
18.58, 4
18.59, 2
18.6, 5
18.61, 4
18.62, 1
18.63, 1
18.64, 1
18.65, 1
18.66, 0
18.67, 1
18.68, 0
18.69, 0
18.7, 1
18.71, 0
18.72, 1
18.73, 0
18.74, 0
18.75, 1
18.76, 0
18.77, 0
18.78, 1
18.79, 0
18.8, 0
18.81, 0
18.82, 0
18.83, 0
18.84, 0
18.85, 1
18.86, 0
18.87, 0
18.88, 0
18.89, 0
18.9, 0
18.91, 0
18.92, 0
18.93, 0
18.94, 0
18.95, 0
18.96, 0
18.97, 0
18.98, 0
18.99, 1
19, 1
19.01, 1
19.02, 1
19.03, 1
19.04, 1
19.05, 3
19.06, 4
19.07, 1
19.08, 4
19.09, 3
19.1, 3
19.11, 3
19.12, 2
19.13, 3
19.14, 3
19.15, 2
19.16, 2
19.17, 2
19.18, 1
19.19, 1
19.2, 1
19.21, 1
19.22, 0
19.23, 2
19.24, 2
19.25, 2
19.26, 4
19.27, 0
19.28, 2
19.29, 1
19.3, 2
19.31, 2
19.32, 2
19.33, 1
19.34, 1
19.35, 2
19.36, 2
19.37, 1
19.38, 3
19.39, 0
19.4, 3
19.41, 2
19.42, 1
19.43, 2
19.44, 3
19.45, 4
19.46, 4
19.47, 5
19.48, 6
19.49, 6
19.5, 5
19.51, 4
19.52, 4
19.53, 2
19.54, 7
19.55, 4
19.56, 5
19.57, 4
19.58, 6
19.59, 7
19.6, 9
19.61, 8
19.62, 9
19.63, 8
19.64, 9
19.65, 12
19.66, 12
19.67, 14
19.68, 16
19.69, 16
19.7, 20
19.71, 22
19.72, 26
19.73, 33
19.74, 37
19.75, 50
19.76, 58
19.77, 72
19.78, 88
19.79, 117
19.8, 132
19.81, 167
19.82, 204
19.83, 259
19.84, 316
19.85, 373
19.86, 427
19.87, 493
19.88, 542
19.89, 572
19.9, 578
19.91, 558
19.92, 551
19.93, 528
19.94, 485
19.95, 447
19.96, 411
19.97, 349
19.98, 273
19.99, 230
20, 196
20.01, 161
20.02, 123
20.03, 95
20.04, 65
20.05, 57
20.06, 43
20.07, 31
20.08, 30
20.09, 22
20.1, 25
20.11, 18
20.12, 16
20.13, 14
20.14, 11
20.15, 13
20.16, 9
20.17, 10
20.18, 10
20.19, 7
20.2, 6
20.21, 8
20.22, 8
20.23, 5
20.24, 4
20.25, 5
20.26, 5
20.27, 3
20.28, 2
20.29, 2
20.3, 4
20.31, 3
20.32, 4
20.33, 4
20.34, 3
20.35, 3
20.36, 2
20.37, 2
20.38, 1
20.39, 2
20.4, 3
20.41, 1
20.42, 2
20.43, 1
20.44, 2
20.45, 2
20.46, 2
20.47, 2
20.48, 2
20.49, 2
20.5, 1
20.51, 1
20.52, 1
20.53, 0
20.54, 0
20.55, 1
20.56, 1
20.57, 1
20.58, 0
20.59, 0
20.6, 2
20.61, 0
20.62, 1
20.63, 1
20.64, 2
20.65, 0
20.66, 1
20.67, 1
20.68, 0
20.69, 0
20.7, 1
20.71, 0
20.72, 1
20.73, 0
20.74, 0
20.75, 2
20.76, 0
20.77, 1
20.78, 1
20.79, 0
20.8, 1
20.81, 1
20.82, 2
20.83, 2
20.84, 1
20.85, 1
20.86, 2
20.87, 0
20.88, 2
20.89, 3
20.9, 2
20.91, 2
20.92, 2
20.93, 2
20.94, 3
20.95, 2
20.96, 3
20.97, 4
20.98, 3
20.99, 3
21, 3
21.01, 3
21.02, 3
21.03, 3
21.04, 3
21.05, 2
21.06, 3
21.07, 1
21.08, 2
21.09, 3
21.1, 3
21.11, 0
21.12, 1
21.13, 1
21.14, 2
21.15, 1
21.16, 1
21.17, 0
21.18, 0
21.19, 1
21.2, 1
21.21, 1
21.22, 1
21.23, 0
21.24, 0
21.25, 0
21.26, 0
21.27, 0
21.28, 0
21.29, 1
21.3, 1
21.31, 0
21.32, 1
21.33, 1
21.34, 0
21.35, 2
21.36, 1
21.37, 1
21.38, 3
21.39, 1
21.4, 0
21.41, 0
21.42, 1
21.43, 0
21.44, 2
21.45, 1
21.46, 0
21.47, 2
21.48, 0
21.49, 0
21.5, 1
21.51, 2
21.52, 1
21.53, 2
21.54, 3
21.55, 4
21.56, 7
21.57, 6
21.58, 12
21.59, 14
21.6, 18
21.61, 28
21.62, 35
21.63, 43
21.64, 50
21.65, 57
21.66, 61
21.67, 71
21.68, 74
21.69, 80
21.7, 71
21.71, 66
21.72, 59
21.73, 57
21.74, 56
21.75, 54
21.76, 46
21.77, 38
21.78, 32
21.79, 23
21.8, 17
21.81, 15
21.82, 9
21.83, 7
21.84, 4
21.85, 4
21.86, 4
21.87, 1
21.88, 2
21.89, 4
21.9, 1
21.91, 2
21.92, 0
21.93, 1
21.94, 1
21.95, 0
21.96, 1
21.97, 0
21.98, 2
21.99, 1
22, 1
22.01, 0
22.02, 2
22.03, 0
22.04, 0
22.05, 0
22.06, 3
22.07, 1
22.08, 0
22.09, 1
22.1, 0
22.11, 0
22.12, 1
22.13, 0
22.14, 0
22.15, 0
22.16, 0
22.17, 0
22.18, 1
22.19, 1
22.2, 0
22.21, 0
22.22, 0
22.23, 0
22.24, 1
22.25, 0
22.26, 1
22.27, 2
22.28, 2
22.29, 2
22.3, 1
22.31, 2
22.32, 2
22.33, 1
22.34, 2
22.35, 2
22.36, 2
22.37, 2
22.38, 2
22.39, 2
22.4, 2
22.41, 2
22.42, 2
22.43, 1
22.44, 0
22.45, 1
22.46, 1
22.47, 3
22.48, 0
22.49, 1
22.5, 1
22.51, 1
22.52, 0
22.53, 3
22.54, 0
22.55, 0
22.56, 1
22.57, 0
22.58, 0
22.59, 0
22.6, 0
22.61, 0
22.62, 0
22.63, 1
22.64, 0
22.65, 0
22.66, 1
22.67, 2
22.68, 0
22.69, 1
22.7, 1
22.71, 1
22.72, 0
22.73, 1
22.74, 0
22.75, 0
22.76, 1
22.77, 0
22.78, 1
22.79, 0
22.8, 0
22.81, 0
22.82, 0
22.83, 0
22.84, 1
22.85, 0
22.86, 0
22.87, 0
22.88, 1
22.89, 1
22.9, 0
22.91, 0
22.92, 1
22.93, 2
22.94, 2
22.95, 1
22.96, 2
22.97, 1
22.98, 0
22.99, 1
23, 2
23.01, 0
23.02, 1
23.03, 0
23.04, 0
23.05, 0
23.06, 0
23.07, 2
23.08, 0
23.09, 1
23.1, 1
23.11, 0
23.12, 0
23.13, 0
23.14, 2
23.15, 1
23.16, 1
23.17, 0
23.18, 1
23.19, 1
23.2, 0
23.21, 0
23.22, 0
23.23, 1
23.24, 1
23.25, 2
23.26, 1
23.27, 0
23.28, 1
23.29, 1
23.3, 0
23.31, 1
23.32, 2
23.33, 0
23.34, 2
23.35, 1
23.36, 1
23.37, 0
23.38, 0
23.39, 0
23.4, 0
23.41, 2
23.42, 2
23.43, 2
23.44, 0
23.45, 1
23.46, 0
23.47, 0
23.48, 0
23.49, 0
23.5, 0
23.51, 1
23.52, 1
23.53, 1
23.54, 1
23.55, 1
23.56, 1
23.57, 1
23.58, 0
23.59, 0
23.6, 0
23.61, 0
23.62, 1
23.63, 1
23.64, 1
23.65, 1
23.66, 0
23.67, 0
23.68, 1
23.69, 0
23.7, 1
23.71, 1
23.72, 1
23.73, 0
23.74, 1
23.75, 1
23.76, 2
23.77, 2
23.78, 3
23.79, 3
23.8, 3
23.81, 2
23.82, 1
23.83, 1
23.84, 2
23.85, 2
23.86, 2
23.87, 2
23.88, 2
23.89, 3
23.9, 2
23.91, 2
23.92, 3
23.93, 1
23.94, 2
23.95, 3
23.96, 3
23.97, 3
23.98, 1
23.99, 0
24, 1
24.01, 1
24.02, 0
24.03, 1
24.04, 2
24.05, 2
24.06, 1
24.07, 0
24.08, 1
24.09, 0
24.1, 0
24.11, 1
24.12, 1
24.13, 1
24.14, 2
24.15, 1
24.16, 1
24.17, 3
24.18, 0
24.19, 1
24.2, 1
24.21, 1
24.22, 0
24.23, 0
24.24, 0
24.25, 1
24.26, 1
24.27, 1
24.28, 1
24.29, 1
24.3, 0
24.31, 1
24.32, 0
24.33, 1
24.34, 0
24.35, 0
24.36, 2
24.37, 0
24.38, 0
24.39, 0
24.4, 0
24.41, 1
24.42, 1
24.43, 1
24.44, 2
24.45, 2
24.46, 0
24.47, 0
24.48, 0
24.49, 0
24.5, 0
24.51, 0
24.52, 0
24.53, 0
24.54, 0
24.55, 0
24.56, 0
24.57, 0
24.58, 0
24.59, 0
24.6, 0
24.61, 0
24.62, 0
24.63, 1
24.64, 1
24.65, 0
24.66, 0
24.67, 0
24.68, 1
24.69, 1
24.7, 2
24.71, 1
24.72, 1
24.73, 0
24.74, 1
24.75, 2
24.76, 1
24.77, 1
24.78, 0
24.79, 1
24.8, 2
24.81, 0
24.82, 1
24.83, 0
24.84, 0
24.85, 0
24.86, 0
24.87, 0
24.88, 0
24.89, 1
24.9, 1
24.91, 0
24.92, 1
24.93, 0
24.94, 0
24.95, 0
24.96, 0
24.97, 1
24.98, 1
24.99, 1
25, 1
25.01, 1
25.02, 1
25.03, 0
25.04, 0
25.05, 1
25.06, 1
25.07, 1
25.08, 2
25.09, 0
25.1, 0
25.11, 0
25.12, 1
25.13, 1
25.14, 0
25.15, 0
25.16, 1
25.17, 0
25.18, 0
25.19, 1
25.2, 1
25.21, 0
25.22, 0
25.23, 0
25.24, 1
25.25, 1
25.26, 0
25.27, 1
25.28, 1
25.29, 0
25.3, 2
25.31, 1
25.32, 1
25.33, 1
25.34, 1
25.35, 1
25.36, 2
25.37, 1
25.38, 2
25.39, 2
25.4, 1
25.41, 2
25.42, 1
25.43, 2
25.44, 0
25.45, 3
25.46, 2
25.47, 2
25.48, 1
25.49, 0
25.5, 2
25.51, 1
25.52, 1
25.53, 1
25.54, 1
25.55, 1
25.56, 0
25.57, 1
25.58, 3
25.59, 1
25.6, 2
25.61, 0
25.62, 2
25.63, 0
25.64, 1
25.65, 0
25.66, 1
25.67, 0
25.68, 1
25.69, 1
25.7, 0
25.71, 2
25.72, 0
25.73, 1
25.74, 0
25.75, 0
25.76, 0
25.77, 0
25.78, 0
25.79, 0
25.8, 1
25.81, 0
25.82, 2
25.83, 1
25.84, 0
25.85, 1
25.86, 0
25.87, 1
25.88, 0
25.89, 0
25.9, 0
25.91, 0
25.92, 0
25.93, 1
25.94, 2
25.95, 1
25.96, 0
25.97, 1
25.98, 1
25.99, 0
26, 0
26.01, 0
26.02, 1
26.03, 0
26.04, 1
26.05, 0
26.06, 0
26.07, 0
26.08, 0
26.09, 1
26.1, 0
26.11, 2
26.12, 0
26.13, 0
26.14, 0
26.15, 1
26.16, 0
26.17, 1
26.18, 1
26.19, 0
26.2, 0
26.21, 0
26.22, 0
26.23, 0
26.24, 1
26.25, 0
26.26, 0
26.27, 0
26.28, 0
26.29, 0
26.3, 1
26.31, 0
26.32, 0
26.33, 0
26.34, 1
26.35, 0
26.36, 0
26.37, 0
26.38, 0
26.39, 1
26.4, 0
26.41, 1
26.42, 1
26.43, 0
26.44, 0
26.45, 1
26.46, 0
26.47, 0
26.48, 0
26.49, 0
26.5, 1
26.51, 1
26.52, 1
26.53, 0
26.54, 0
26.55, 0
26.56, 0
26.57, 0
26.58, 0
26.59, 0
26.6, 0
26.61, 0
26.62, 0
26.63, 0
26.64, 1
26.65, 2
26.66, 1
26.67, 0
26.68, 1
26.69, 1
26.7, 0
26.71, 0
26.72, 0
26.73, 1
26.74, 1
26.75, 2
26.76, 1
26.77, 1
26.78, 1
26.79, 0
26.8, 2
26.81, 0
26.82, 1
26.83, 1
26.84, 1
26.85, 1
26.86, 1
26.87, 1
26.88, 1
26.89, 1
26.9, 2
26.91, 3
26.92, 0
26.93, 1
26.94, 1
26.95, 2
26.96, 1
26.97, 2
26.98, 2
26.99, 2
27, 3
27.01, 1
27.02, 2
27.03, 1
27.04, 3
27.05, 3
27.06, 2
27.07, 2
27.08, 2
27.09, 2
27.1, 2
27.11, 3
27.12, 3
27.13, 3
27.14, 3
27.15, 2
27.16, 2
27.17, 1
27.18, 2
27.19, 2
27.2, 1
27.21, 0
27.22, 1
27.23, 0
27.24, 0
27.25, 1
27.26, 1
27.27, 2
27.28, 3
27.29, 2
27.3, 2
27.31, 2
27.32, 1
27.33, 1
27.34, 1
27.35, 0
27.36, 1
27.37, 0
27.38, 1
27.39, 0
27.4, 0
27.41, 1
27.42, 1
27.43, 2
27.44, 2
27.45, 1
27.46, 2
27.47, 0
27.48, 1
27.49, 2
27.5, 2
27.51, 0
27.52, 0
27.53, 0
27.54, 1
27.55, 0
27.56, 0
27.57, 1
27.58, 0
27.59, 2
27.6, 1
27.61, 1
27.62, 0
27.63, 0
27.64, 0
27.65, 0
27.66, 1
27.67, 0
27.68, 0
27.69, 0
27.7, 1
27.71, 1
27.72, 1
27.73, 1
27.74, 0
27.75, 0
27.76, 0
27.77, 0
27.78, 0
27.79, 1
27.8, 1
27.81, 1
27.82, 0
27.83, 0
27.84, 0
27.85, 0
27.86, 0
27.87, 0
27.88, 0
27.89, 1
27.9, 1
27.91, 0
27.92, 1
27.93, 1
27.94, 0
27.95, 1
27.96, 2
27.97, 1
27.98, 0
27.99, 1
28, 0
28.01, 1
28.02, 0
28.03, 1
28.04, 0
28.05, 0
28.06, 1
28.07, 1
28.08, 0
28.09, 1
28.1, 0
28.11, 1
28.12, 1
28.13, 0
28.14, 1
28.15, 1
28.16, 0
28.17, 1
28.18, 0
28.19, 2
28.2, 0
28.21, 1
28.22, 0
28.23, 0
28.24, 0
28.25, 0
28.26, 1
28.27, 1
28.28, 0
28.29, 0
28.3, 0
28.31, 0
28.32, 0
28.33, 0
28.34, 0
28.35, 0
28.36, 1
28.37, 1
28.38, 1
28.39, 0
28.4, 0
28.41, 0
28.42, 1
28.43, 1
28.44, 1
28.45, 1
28.46, 2
28.47, 1
28.48, 0
28.49, 0
28.5, 0
28.51, 1
28.52, 1
28.53, 2
28.54, 2
28.55, 2
28.56, 1
28.57, 0
28.58, 1
28.59, 1
28.6, 2
28.61, 1
28.62, 1
28.63, 2
28.64, 0
28.65, 0
28.66, 1
28.67, 1
28.68, 1
28.69, 2
28.7, 2
28.71, 0
28.72, 2
28.73, 1
28.74, 1
28.75, 1
28.76, 2
28.77, 1
28.78, 1
28.79, 1
28.8, 1
28.81, 1
28.82, 2
28.83, 3
28.84, 1
28.85, 1
28.86, 2
28.87, 1
28.88, 2
28.89, 2
28.9, 2
28.91, 1
28.92, 0
28.93, 1
28.94, 1
28.95, 2
28.96, 1
28.97, 1
28.98, 1
28.99, 1
29, 0
29.01, 1
29.02, 0
29.03, 1
29.04, 1
29.05, 0
29.06, 1
29.07, 0
29.08, 0
29.09, 0
29.1, 0
29.11, 0
29.12, 0
29.13, 0
29.14, 0
29.15, 0
29.16, 0
29.17, 0
29.18, 0
29.19, 0
29.2, 0
29.21, 0
29.22, 1
29.23, 2
29.24, 1
29.25, 0
29.26, 0
29.27, 0
29.28, 0
29.29, 0
29.3, 0
29.31, 0
29.32, 0
29.33, 0
29.34, 1
29.35, 0
29.36, 1
29.37, 0
29.38, 1
29.39, 1
29.4, 0
29.41, 0
29.42, 0
29.43, 0
29.44, 0
29.45, 0
29.46, 1
29.47, 0
29.48, 0
29.49, 1
29.5, 0
29.51, 1
29.52, 0
29.53, 0
29.54, 1
29.55, 0
29.56, 0
29.57, 0
29.58, 0
29.59, 0
29.6, 0
29.61, 1
29.62, 0
29.63, 1
29.64, 0
29.65, 0
29.66, 0
29.67, 0
29.68, 0
29.69, 0
29.7, 1
29.71, 1
29.72, 1
29.73, 1
29.74, 1
29.75, 1
29.76, 1
29.77, 1
29.78, 1
29.79, 0
29.8, 1
29.81, 1
29.82, 1
29.83, 0
29.84, 0
29.85, 0
29.86, 1
29.87, 1
29.88, 2
29.89, 1
29.9, 0
29.91, 2
29.92, 0
29.93, 2
29.94, 1
29.95, 0
29.96, 1
29.97, 1
29.98, 1
29.99, 1
30, 1
30.01, 1
30.02, 2
30.03, 2
30.04, 1
30.05, 2
30.06, 2
30.07, 3
30.08, 3
30.09, 3
30.1, 3
30.11, 3
30.12, 3
30.13, 3
30.14, 1
30.15, 2
30.16, 3
30.17, 1
30.18, 2
30.19, 1
30.2, 1
30.21, 2
30.22, 2
30.23, 3
30.24, 2
30.25, 1
30.26, 3
30.27, 2
30.28, 1
30.29, 1
30.3, 1
30.31, 0
30.32, 1
30.33, 1
30.34, 2
30.35, 2
30.36, 1
30.37, 2
30.38, 1
30.39, 1
30.4, 1
30.41, 0
30.42, 1
30.43, 1
30.44, 3
30.45, 2
30.46, 2
30.47, 2
30.48, 2
30.49, 2
30.5, 3
30.51, 3
30.52, 1
30.53, 4
30.54, 3
30.55, 3
30.56, 3
30.57, 4
30.58, 3
30.59, 4
30.6, 3
30.61, 3
30.62, 2
30.63, 2
30.64, 1
30.65, 2
30.66, 2
30.67, 2
30.68, 3
30.69, 2
30.7, 2
30.71, 3
30.72, 2
30.73, 5
30.74, 1
30.75, 4
30.76, 4
30.77, 3
30.78, 0
30.79, 3
30.8, 2
30.81, 4
30.82, 4
30.83, 4
30.84, 4
30.85, 3
30.86, 2
30.87, 2
30.88, 3
30.89, 2
30.9, 3
30.91, 5
30.92, 5
30.93, 2
30.94, 3
30.95, 2
30.96, 1
30.97, 1
30.98, 1
30.99, 2
31, 1
31.01, 1
31.02, 1
31.03, 1
31.04, 2
31.05, 0
31.06, 2
31.07, 0
31.08, 0
31.09, 0
31.1, 2
31.11, 0
31.12, 1
31.13, 0
31.14, 0
31.15, 0
31.16, 0
31.17, 0
31.18, 0
31.19, 0
31.2, 0
31.21, 0
31.22, 0
31.23, 2
31.24, 1
31.25, 0
31.26, 0
31.27, 0
31.28, 0
31.29, 0
31.3, 0
31.31, 0
31.32, 0
31.33, 0
31.34, 0
31.35, 0
31.36, 0
31.37, 0
31.38, 0
31.39, 0
31.4, 0
31.41, 0
31.42, 1
31.43, 0
31.44, 0
31.45, 0
31.46, 1
31.47, 0
31.48, 0
31.49, 0
31.5, 1
31.51, 1
31.52, 1
31.53, 1
31.54, 4
31.55, 3
31.56, 6
31.57, 4
31.58, 3
31.59, 4
31.6, 2
31.61, 3
31.62, 5
31.63, 3
31.64, 4
31.65, 2
31.66, 2
31.67, 4
31.68, 3
31.69, 1
31.7, 1
31.71, 0
31.72, 1
31.73, 2
31.74, 2
31.75, 2
31.76, 1
31.77, 1
31.78, 0
31.79, 0
31.8, 0
31.81, 0
31.82, 1
31.83, 0
31.84, 0
31.85, 1
31.86, 0
31.87, 0
31.88, 0
31.89, 0
31.9, 1
31.91, 0
31.92, 1
31.93, 0
31.94, 1
31.95, 1
31.96, 0
31.97, 0
31.98, 0
31.99, 0
32, 0
32.01, 0
32.02, 0
32.03, 0
32.04, 0
32.05, 0
32.06, 0
32.07, 0
32.08, 0
32.09, 0
32.1, 0
32.11, 0
32.12, 0
32.13, 1
32.14, 0
32.15, 0
32.16, 1
32.17, 1
32.18, 2
32.19, 0
32.2, 0
32.21, 0
32.22, 0
32.23, 1
32.24, 0
32.25, 1
32.26, 0
32.27, 0
32.28, 0
32.29, 0
32.3, 1
32.31, 2
32.32, 2
32.33, 1
32.34, 1
32.35, 0
32.36, 1
32.37, 2
32.38, 1
32.39, 1
32.4, 2
32.41, 2
32.42, 2
32.43, 2
32.44, 2
32.45, 2
32.46, 2
32.47, 1
32.48, 3
32.49, 2
32.5, 3
32.51, 1
32.52, 3
32.53, 3
32.54, 5
32.55, 6
32.56, 6
32.57, 9
32.58, 10
32.59, 12
32.6, 15
32.61, 17
32.62, 20
32.63, 23
32.64, 29
32.65, 37
32.66, 45
32.67, 49
32.68, 50
32.69, 52
32.7, 52
32.71, 48
32.72, 51
32.73, 45
32.74, 42
32.75, 41
32.76, 39
32.77, 38
32.78, 32
32.79, 32
32.8, 30
32.81, 23
32.82, 25
32.83, 19
32.84, 15
32.85, 11
32.86, 8
32.87, 6
32.88, 6
32.89, 3
32.9, 6
32.91, 4
32.92, 3
32.93, 4
32.94, 2
32.95, 3
32.96, 2
32.97, 3
32.98, 1
32.99, 1
33, 2
33.01, 0
33.02, 0
33.03, 0
33.04, 2
33.05, 1
33.06, 0
33.07, 1
33.08, 0
33.09, 1
33.1, 1
33.11, 2
33.12, 1
33.13, 1
33.14, 0
33.15, 1
33.16, 0
33.17, 0
33.18, 0
33.19, 0
33.2, 1
33.21, 0
33.22, 0
33.23, 1
33.24, 2
33.25, 0
33.26, 1
33.27, 0
33.28, 0
33.29, 1
33.3, 0
33.31, 1
33.32, 0
33.33, 1
33.34, 0
33.35, 0
33.36, 0
33.37, 1
33.38, 1
33.39, 1
33.4, 1
33.41, 0
33.42, 0
33.43, 0
33.44, 0
33.45, 0
33.46, 0
33.47, 0
33.48, 0
33.49, 0
33.5, 0
33.51, 1
33.52, 1
33.53, 1
33.54, 0
33.55, 1
33.56, 1
33.57, 0
33.58, 1
33.59, 2
33.6, 3
33.61, 2
33.62, 3
33.63, 4
33.64, 1
33.65, 4
33.66, 3
33.67, 4
33.68, 4
33.69, 4
33.7, 6
33.71, 7
33.72, 7
33.73, 9
33.74, 6
33.75, 10
33.76, 9
33.77, 7
33.78, 8
33.79, 9
33.8, 8
33.81, 8
33.82, 8
33.83, 7
33.84, 8
33.85, 9
33.86, 6
33.87, 7
33.88, 6
33.89, 5
33.9, 4
33.91, 4
33.92, 3
33.93, 3
33.94, 3
33.95, 2
33.96, 2
33.97, 2
33.98, 2
33.99, 2
34, 2
34.01, 3
34.02, 1
34.03, 2
34.04, 1
34.05, 1
34.06, 2
34.07, 4
34.08, 4
34.09, 2
34.1, 3
34.11, 2
34.12, 1
34.13, 3
34.14, 2
34.15, 2
34.16, 1
34.17, 2
34.18, 3
34.19, 2
34.2, 2
34.21, 1
34.22, 3
34.23, 1
34.24, 1
34.25, 3
34.26, 1
34.27, 1
34.28, 0
34.29, 2
34.3, 2
34.31, 1
34.32, 0
34.33, 2
34.34, 1
34.35, 0
34.36, 1
34.37, 0
34.38, 0
34.39, 2
34.4, 0
34.41, 0
34.42, 0
34.43, 2
34.44, 2
34.45, 2
34.46, 3
34.47, 3
34.48, 3
34.49, 3
34.5, 3
34.51, 3
34.52, 3
34.53, 4
34.54, 3
34.55, 3
34.56, 3
34.57, 3
34.58, 3
34.59, 4
34.6, 2
34.61, 2
34.62, 2
34.63, 2
34.64, 0
34.65, 1
34.66, 1
34.67, 2
34.68, 1
34.69, 0
34.7, 1
34.71, 0
34.72, 1
34.73, 0
34.74, 0
34.75, 0
34.76, 1
34.77, 0
34.78, 1
34.79, 0
34.8, 0
34.81, 0
34.82, 0
34.83, 0
34.84, 1
34.85, 0
34.86, 0
34.87, 1
34.88, 0
34.89, 0
34.9, 0
34.91, 0
34.92, 0
34.93, 0
34.94, 0
34.95, 0
34.96, 0
34.97, 1
34.98, 0
34.99, 1
35, 0
35.01, 1
35.02, 0
35.03, 0
35.04, 0
35.05, 0
35.06, 1
35.07, 0
35.08, 0
35.09, 0
35.1, 0
35.11, 0
35.12, 0
35.13, 1
35.14, 0
35.15, 0
35.16, 0
35.17, 2
35.18, 0
35.19, 1
35.2, 0
35.21, 0
35.22, 1
35.23, 0
35.24, 1
35.25, 0
35.26, 1
35.27, 1
35.28, 1
35.29, 1
35.3, 1
35.31, 2
35.32, 2
35.33, 2
35.34, 3
35.35, 3
35.36, 1
35.37, 1
35.38, 2
35.39, 2
35.4, 1
35.41, 0
35.42, 1
35.43, 1
35.44, 2
35.45, 1
35.46, 2
35.47, 2
35.48, 1
35.49, 1
35.5, 1
35.51, 0
35.52, 0
35.53, 0
35.54, 0
35.55, 0
35.56, 1
35.57, 2
35.58, 1
35.59, 1
35.6, 1
35.61, 0
35.62, 1
35.63, 0
35.64, 1
35.65, 1
35.66, 1
35.67, 1
35.68, 0
35.69, 2
35.7, 1
35.71, 0
35.72, 0
35.73, 1
35.74, 1
35.75, 1
35.76, 2
35.77, 1
35.78, 1
35.79, 0
35.8, 2
35.81, 2
35.82, 2
35.83, 1
35.84, 1
35.85, 0
35.86, 1
35.87, 1
35.88, 2
35.89, 2
35.9, 1
35.91, 2
35.92, 1
35.93, 0
35.94, 1
35.95, 1
35.96, 2
35.97, 1
35.98, 1
35.99, 1
36, 1
36.01, 2
36.02, 2
36.03, 0
36.04, 0
36.05, 0
36.06, 0
36.07, 0
36.08, 1
36.09, 0
36.1, 0
36.11, 2
36.12, 0
36.13, 1
36.14, 0
36.15, 1
36.16, 0
36.17, 0
36.18, 0
36.19, 1
36.2, 0
36.21, 0
36.22, 1
36.23, 1
36.24, 1
36.25, 0
36.26, 1
36.27, 0
36.28, 0
36.29, 1
36.3, 1
36.31, 1
36.32, 0
36.33, 0
36.34, 1
36.35, 1
36.36, 0
36.37, 1
36.38, 1
36.39, 0
36.4, 0
36.41, 0
36.42, 0
36.43, 0
36.44, 0
36.45, 0
36.46, 0
36.47, 0
36.48, 0
36.49, 1
36.5, 0
36.51, 1
36.52, 1
36.53, 1
36.54, 0
36.55, 0
36.56, 0
36.57, 1
36.58, 1
36.59, 0
36.6, 0
36.61, 0
36.62, 1
36.63, 0
36.64, 0
36.65, 1
36.66, 0
36.67, 2
36.68, 0
36.69, 0
36.7, 0
36.71, 0
36.72, 1
36.73, 0
36.74, 0
36.75, 0
36.76, 1
36.77, 0
36.78, 1
36.79, 1
36.8, 0
36.81, 0
36.82, 0
36.83, 0
36.84, 1
36.85, 1
36.86, 0
36.87, 0
36.88, 1
36.89, 0
36.9, 1
36.91, 1
36.92, 0
36.93, 1
36.94, 0
36.95, 0
36.96, 1
36.97, 0
36.98, 0
36.99, 0
37, 1
37.01, 0
37.02, 0
37.03, 0
37.04, 1
37.05, 0
37.06, 1
37.07, 1
37.08, 0
37.09, 0
37.1, 0
37.11, 0
37.12, 0
37.13, 0
37.14, 0
37.15, 0
37.16, 1
37.17, 0
37.18, 0
37.19, 0
37.2, 1
37.21, 1
37.22, 0
37.23, 1
37.24, 1
37.25, 0
37.26, 2
37.27, 1
37.28, 0
37.29, 1
37.3, 1
37.31, 0
37.32, 0
37.33, 0
37.34, 0
37.35, 0
37.36, 0
37.37, 2
37.38, 0
37.39, 2
37.4, 2
37.41, 1
37.42, 1
37.43, 3
37.44, 2
37.45, 3
37.46, 2
37.47, 3
37.48, 3
37.49, 4
37.5, 4
37.51, 3
37.52, 3
37.53, 1
37.54, 2
37.55, 2
37.56, 4
37.57, 3
37.58, 4
37.59, 2
37.6, 2
37.61, 2
37.62, 1
37.63, 1
37.64, 1
37.65, 1
37.66, 1
37.67, 1
37.68, 1
37.69, 0
37.7, 0
37.71, 1
37.72, 0
37.73, 1
37.74, 1
37.75, 0
37.76, 1
37.77, 0
37.78, 0
37.79, 1
37.8, 2
37.81, 1
37.82, 1
37.83, 1
37.84, 2
37.85, 1
37.86, 1
37.87, 1
37.88, 0
37.89, 0
37.9, 1
37.91, 1
37.92, 1
37.93, 1
37.94, 2
37.95, 1
37.96, 2
37.97, 3
37.98, 1
37.99, 1
38, 1
38.01, 2
38.02, 2
38.03, 2
38.04, 2
38.05, 1
38.06, 2
38.07, 2
38.08, 2
38.09, 1
38.1, 0
38.11, 0
38.12, 2
38.13, 1
38.14, 1
38.15, 1
38.16, 1
38.17, 1
38.18, 1
38.19, 0
38.2, 1
38.21, 0
38.22, 1
38.23, 1
38.24, 1
38.25, 0
38.26, 1
38.27, 0
38.28, 1
38.29, 2
38.3, 1
38.31, 1
38.32, 1
38.33, 0
38.34, 1
38.35, 0
38.36, 1
38.37, 0
38.38, 2
38.39, 1
38.4, 0
38.41, 1
38.42, 1
38.43, 0
38.44, 1
38.45, 0
38.46, 1
38.47, 1
38.48, 0
38.49, 1
38.5, 2
38.51, 0
38.52, 1
38.53, 0
38.54, 1
38.55, 0
38.56, 1
38.57, 1
38.58, 2
38.59, 1
38.6, 0
38.61, 0
38.62, 0
38.63, 0
38.64, 0
38.65, 0
38.66, 1
38.67, 0
38.68, 0
38.69, 1
38.7, 0
38.71, 1
38.72, 0
38.73, 1
38.74, 0
38.75, 0
38.76, 1
38.77, 0
38.78, 0
38.79, 1
38.8, 0
38.81, 1
38.82, 1
38.83, 0
38.84, 0
38.85, 0
38.86, 0
38.87, 0
38.88, 0
38.89, 0
38.9, 0
38.91, 0
38.92, 0
38.93, 0
38.94, 2
38.95, 0
38.96, 1
38.97, 0
38.98, 0
38.99, 0
39, 0
39.01, 0
39.02, 0
39.03, 0
39.04, 1
39.05, 0
39.06, 0
39.07, 0
39.08, 0
39.09, 0
39.1, 0
39.11, 0
39.12, 0
39.13, 0
39.14, 1
39.15, 0
39.16, 1
39.17, 1
39.18, 0
39.19, 1
39.2, 0
39.21, 1
39.22, 1
39.23, 0
39.24, 0
39.25, 1
39.26, 1
39.27, 0
39.28, 0
39.29, 0
39.3, 0
39.31, 0
39.32, 0
39.33, 0
39.34, 0
39.35, 0
39.36, 0
39.37, 0
39.38, 0
39.39, 0
39.4, 0
39.41, 0
39.42, 0
39.43, 1
39.44, 0
39.45, 0
39.46, 0
39.47, 1
39.48, 0
39.49, 0
39.5, 1
39.51, 0
39.52, 0
39.53, 1
39.54, 0
39.55, 1
39.56, 0
39.57, 1
39.58, 0
39.59, 1
39.6, 2
39.61, 0
39.62, 1
39.63, 1
39.64, 0
39.65, 1
39.66, 0
39.67, 1
39.68, 0
39.69, 1
39.7, 0
39.71, 0
39.72, 0
39.73, 2
39.74, 1
39.75, 1
39.76, 2
39.77, 0
39.78, 1
39.79, 0
39.8, 0
39.81, 1
39.82, 0
39.83, 2
39.84, 0
39.85, 0
39.86, 0
39.87, 1
39.88, 0
39.89, 1
39.9, 2
39.91, 1
39.92, 1
39.93, 1
39.94, 0
39.95, 1
39.96, 0
39.97, 0
39.98, 0
39.99, 1
40, 0
40.01, 0
40.02, 1
40.03, 0
40.04, 0
40.05, 1
40.06, 0
40.07, 1
40.08, 2
40.09, 1
40.1, 0
40.11, 1
40.12, 2
40.13, 0
40.14, 0
40.15, 0
40.16, 0
40.17, 0
40.18, 0
40.19, 1
40.2, 0
40.21, 0
40.22, 0
40.23, 0
40.24, 1
40.25, 2
40.26, 0
40.27, 1
40.28, 1
40.29, 0
40.3, 1
40.31, 0
40.32, 1
40.33, 0
40.34, 1
40.35, 0
40.36, 0
40.37, 1
40.38, 1
40.39, 0
40.4, 0
40.41, 0
40.42, 1
40.43, 0
40.44, 0
40.45, 1
40.46, 0
40.47, 0
40.48, 1
40.49, 1
40.5, 1
40.51, 1
40.52, 0
40.53, 1
40.54, 0
40.55, 1
40.56, 1
40.57, 0
40.58, 1
40.59, 2
40.6, 1
40.61, 1
40.62, 1
40.63, 1
40.64, 1
40.65, 1
40.66, 1
40.67, 1
40.68, 1
40.69, 0
40.7, 2
40.71, 2
40.72, 1
40.73, 0
40.74, 0
40.75, 1
40.76, 2
40.77, 2
40.78, 2
40.79, 4
40.8, 3
40.81, 2
40.82, 4
40.83, 4
40.84, 5
40.85, 4
40.86, 4
40.87, 5
40.88, 5
40.89, 5
40.9, 4
40.91, 5
40.92, 4
40.93, 3
40.94, 5
40.95, 3
40.96, 5
40.97, 4
40.98, 5
40.99, 6
41, 5
41.01, 4
41.02, 4
41.03, 4
41.04, 4
41.05, 4
41.06, 3
41.07, 3
41.08, 2
41.09, 2
41.1, 3
41.11, 5
41.12, 3
41.13, 3
41.14, 3
41.15, 3
41.16, 3
41.17, 3
41.18, 2
41.19, 3
41.2, 2
41.21, 1
41.22, 2
41.23, 1
41.24, 1
41.25, 1
41.26, 1
41.27, 1
41.28, 1
41.29, 0
41.3, 1
41.31, 0
41.32, 1
41.33, 0
41.34, 1
41.35, 0
41.36, 0
41.37, 0
41.38, 0
41.39, 1
41.4, 0
41.41, 1
41.42, 1
41.43, 1
41.44, 0
41.45, 0
41.46, 0
41.47, 0
41.48, 0
41.49, 0
41.5, 0
41.51, 1
41.52, 0
41.53, 0
41.54, 0
41.55, 0
41.56, 1
41.57, 0
41.58, 1
41.59, 0
41.6, 1
41.61, 0
41.62, 0
41.63, 1
41.64, 1
41.65, 0
41.66, 0
41.67, 1
41.68, 0
41.69, 0
41.7, 1
41.71, 0
41.72, 0
41.73, 0
41.74, 0
41.75, 0
41.76, 0
41.77, 0
41.78, 0
41.79, 0
41.8, 0
41.81, 1
41.82, 0
41.83, 0
41.84, 0
41.85, 0
41.86, 0
41.87, 0
41.88, 1
41.89, 0
41.9, 0
41.91, 2
41.92, 1
41.93, 1
41.94, 0
41.95, 0
41.96, 0
41.97, 0
41.98, 0
41.99, 0
42, 0
42.01, 0
42.02, 0
42.03, 0
42.04, 1
42.05, 0
42.06, 1
42.07, 0
42.08, 1
42.09, 1
42.1, 0
42.11, 1
42.12, 1
42.13, 1
42.14, 1
42.15, 0
42.16, 0
42.17, 0
42.18, 0
42.19, 1
42.2, 1
42.21, 1
42.22, 0
42.23, 0
42.24, 0
42.25, 1
42.26, 1
42.27, 0
42.28, 1
42.29, 0
42.3, 0
42.31, 0
42.32, 0
42.33, 0
42.34, 0
42.35, 0
42.36, 0
42.37, 0
42.38, 0
42.39, 0
42.4, 0
42.41, 0
42.42, 0
42.43, 0
42.44, 0
42.45, 0
42.46, 0
42.47, 0
42.48, 0
42.49, 1
42.5, 1
42.51, 1
42.52, 0
42.53, 1
42.54, 0
42.55, 0
42.56, 0
42.57, 0
42.58, 0
42.59, 0
42.6, 0
42.61, 1
42.62, 0
42.63, 1
42.64, 0
42.65, 0
42.66, 0
42.67, 0
42.68, 0
42.69, 0
42.7, 0
42.71, 0
42.72, 0
42.73, 0
42.74, 0
42.75, 0
42.76, 0
42.77, 0
42.78, 0
42.79, 0
42.8, 0
42.81, 0
42.82, 0
42.83, 1
42.84, 1
42.85, 1
42.86, 1
42.87, 0
42.88, 1
42.89, 1
42.9, 0
42.91, 0
42.92, 0
42.93, 1
42.94, 0
42.95, 1
42.96, 0
42.97, 0
42.98, 0
42.99, 1
43, 1
43.01, 2
43.02, 1
43.03, 0
43.04, 1
43.05, 1
43.06, 1
43.07, 0
43.08, 1
43.09, 0
43.1, 0
43.11, 1
43.12, 1
43.13, 0
43.14, 0
43.15, 0
43.16, 0
43.17, 0
43.18, 0
43.19, 1
43.2, 1
43.21, 1
43.22, 1
43.23, 1
43.24, 1
43.25, 0
43.26, 0
43.27, 0
43.28, 0
43.29, 0
43.3, 0
43.31, 0
43.32, 0
43.33, 0
43.34, 0
43.35, 0
43.36, 0
43.37, 0
43.38, 0
43.39, 0
43.4, 1
43.41, 1
43.42, 0
43.43, 0
43.44, 0
43.45, 0
43.46, 0
43.47, 0
43.48, 1
43.49, 1
43.5, 0
43.51, 1
43.52, 0
43.53, 0
43.54, 0
43.55, 1
43.56, 0
43.57, 0
43.58, 0
43.59, 0
43.6, 0
43.61, 0
43.62, 0
43.63, 0
43.64, 0
43.65, 0
43.66, 0
43.67, 0
43.68, 1
43.69, 0
43.7, 0
43.71, 0
43.72, 0
43.73, 0
43.74, 0
43.75, 1
43.76, 1
43.77, 0
43.78, 1
43.79, 0
43.8, 0
43.81, 1
43.82, 0
43.83, 1
43.84, 1
43.85, 0
43.86, 1
43.87, 2
43.88, 1
43.89, 1
43.9, 1
43.91, 1
43.92, 1
43.93, 1
43.94, 1
43.95, 1
43.96, 1
43.97, 2
43.98, 1
43.99, 1
44, 3
44.01, 1
44.02, 1
44.03, 2
44.04, 2
44.05, 2
44.06, 2
44.07, 1
44.08, 1
44.09, 2
44.1, 1
44.11, 2
44.12, 3
44.13, 1
44.14, 2
44.15, 1
44.16, 1
44.17, 1
44.18, 1
44.19, 0
44.2, 1
44.21, 2
44.22, 1
44.23, 1
44.24, 0
44.25, 1
44.26, 0
44.27, 0
44.28, 1
44.29, 0
44.3, 0
44.31, 0
44.32, 0
44.33, 0
44.34, 0
44.35, 0
44.36, 0
44.37, 0
44.38, 1
44.39, 0
44.4, 1
44.41, 0
44.42, 0
44.43, 0
44.44, 0
44.45, 1
44.46, 0
44.47, 0
44.48, 1
44.49, 0
44.5, 1
44.51, 0
44.52, 1
44.53, 1
44.54, 1
44.55, 0
44.56, 1
44.57, 0
44.58, 0
44.59, 0
44.6, 1
44.61, 1
44.62, 0
44.63, 1
44.64, 0
44.65, 0
44.66, 1
44.67, 1
44.68, 1
44.69, 0
44.7, 0
44.71, 0
44.72, 0
44.73, 0
44.74, 0
44.75, 1
44.76, 0
44.77, 0
44.78, 0
44.79, 0
44.8, 0
44.81, 0
44.82, 0
44.83, 0
44.84, 0
44.85, 0
44.86, 0
44.87, 0
44.88, 1
44.89, 0
44.9, 0
44.91, 2
44.92, 0
44.93, 0
44.94, 1
44.95, 0
44.96, 1
44.97, 0
44.98, 0
44.99, 1
45, 0
45.01, 1
45.02, 0
45.03, 1
45.04, 1
45.05, 1
45.06, 2
45.07, 1
45.08, 0
45.09, 1
45.1, 2
45.11, 3
45.12, 1
45.13, 3
45.14, 4
45.15, 5
45.16, 6
45.17, 6
45.18, 5
45.19, 5
45.2, 4
45.21, 4
45.22, 3
45.23, 2
45.24, 3
45.25, 1
45.26, 3
45.27, 3
45.28, 3
45.29, 1
45.3, 4
45.31, 2
45.32, 3
45.33, 3
45.34, 4
45.35, 3
45.36, 3
45.37, 2
45.38, 2
45.39, 1
45.4, 0
45.41, 2
45.42, 0
45.43, 0
45.44, 0
45.45, 1
45.46, 1
45.47, 0
45.48, 1
45.49, 0
45.5, 1
45.51, 0
45.52, 0
45.53, 0
45.54, 0
45.55, 0
45.56, 1
45.57, 0
45.58, 1
45.59, 0
45.6, 0
45.61, 0
45.62, 1
45.63, 0
45.64, 1
45.65, 1
45.66, 0
45.67, 2
45.68, 0
45.69, 1
45.7, 0
45.71, 0
45.72, 1
45.73, 1
45.74, 1
45.75, 1
45.76, 1
45.77, 0
45.78, 1
45.79, 1
45.8, 2
45.81, 1
45.82, 3
45.83, 2
45.84, 1
45.85, 2
45.86, 3
45.87, 3
45.88, 5
45.89, 5
45.9, 5
45.91, 8
45.92, 8
45.93, 12
45.94, 11
45.95, 15
45.96, 17
45.97, 19
45.98, 23
45.99, 24
46, 23
46.01, 22
46.02, 22
46.03, 20
46.04, 19
46.05, 17
46.06, 17
46.07, 15
46.08, 15
46.09, 14
46.1, 13
46.11, 15
46.12, 17
46.13, 13
46.14, 15
46.15, 14
46.16, 12
46.17, 12
46.18, 10
46.19, 9
46.2, 7
46.21, 6
46.22, 4
46.23, 2
46.24, 4
46.25, 2
46.26, 3
46.27, 1
46.28, 2
46.29, 1
46.3, 2
46.31, 0
46.32, 1
46.33, 1
46.34, 0
46.35, 1
46.36, 0
46.37, 0
46.38, 0
46.39, 0
46.4, 0
46.41, 0
46.42, 0
46.43, 0
46.44, 0
46.45, 1
46.46, 1
46.47, 0
46.48, 0
46.49, 0
46.5, 0
46.51, 0
46.52, 1
46.53, 0
46.54, 0
46.55, 1
46.56, 0
46.57, 1
46.58, 0
46.59, 0
46.6, 0
46.61, 0
46.62, 0
46.63, 0
46.64, 0
46.65, 0
46.66, 0
46.67, 0
46.68, 0
46.69, 1
46.7, 0
46.71, 1
46.72, 1
46.73, 0
46.74, 0
46.75, 0
46.76, 0
46.77, 0
46.78, 1
46.79, 0
46.8, 0
46.81, 1
46.82, 0
46.83, 0
46.84, 0
46.85, 1
46.86, 0
46.87, 0
46.88, 0
46.89, 1
46.9, 0
46.91, 0
46.92, 1
46.93, 0
46.94, 0
46.95, 0
46.96, 0
46.97, 0
46.98, 0
46.99, 0
47, 0
47.01, 0
47.02, 0
47.03, 0
47.04, 0
47.05, 1
47.06, 1
47.07, 1
47.08, 0
47.09, 0
47.1, 1
47.11, 0
47.12, 0
47.13, 0
47.14, 0
47.15, 0
47.16, 0
47.17, 0
47.18, 0
47.19, 0
47.2, 0
47.21, 0
47.22, 0
47.23, 0
47.24, 0
47.25, 0
47.26, 0
47.27, 1
47.28, 0
47.29, 1
47.3, 1
47.31, 1
47.32, 1
47.33, 0
47.34, 0
47.35, 1
47.36, 0
47.37, 0
47.38, 0
47.39, 1
47.4, 0
47.41, 0
47.42, 1
47.43, 0
47.44, 0
47.45, 0
47.46, 0
47.47, 1
47.48, 1
47.49, 0
47.5, 1
47.51, 0
47.52, 1
47.53, 0
47.54, 0
47.55, 0
47.56, 0
47.57, 0
47.58, 0
47.59, 1
47.6, 1
47.61, 1
47.62, 0
47.63, 0
47.64, 1
47.65, 0
47.66, 0
47.67, 0
47.68, 1
47.69, 0
47.7, 1
47.71, 0
47.72, 0
47.73, 1
47.74, 0
47.75, 1
47.76, 1
47.77, 1
47.78, 2
47.79, 1
47.8, 1
47.81, 1
47.82, 0
47.83, 0
47.84, 0
47.85, 0
47.86, 0
47.87, 1
47.88, 1
47.89, 0
47.9, 0
47.91, 0
47.92, 1
47.93, 1
47.94, 1
47.95, 0
47.96, 0
47.97, 1
47.98, 1
47.99, 0
48, 0
48.01, 1
48.02, 2
48.03, 1
48.04, 0
48.05, 0
48.06, 1
48.07, 0
48.08, 0
48.09, 1
48.1, 1
48.11, 0
48.12, 1
48.13, 0
48.14, 1
48.15, 0
48.16, 0
48.17, 1
48.18, 0
48.19, 2
48.2, 0
48.21, 1
48.22, 1
48.23, 2
48.24, 0
48.25, 0
48.26, 0
48.27, 1
48.28, 0
48.29, 1
48.3, 0
48.31, 0
48.32, 0
48.33, 2
48.34, 0
48.35, 1
48.36, 0
48.37, 0
48.38, 1
48.39, 1
48.4, 1
48.41, 0
48.42, 1
48.43, 1
48.44, 0
48.45, 1
48.46, 1
48.47, 1
48.48, 1
48.49, 1
48.5, 1
48.51, 1
48.52, 1
48.53, 0
48.54, 0
48.55, 0
48.56, 0
48.57, 0
48.58, 0
48.59, 0
48.6, 0
48.61, 0
48.62, 0
48.63, 1
48.64, 1
48.65, 0
48.66, 0
48.67, 0
48.68, 1
48.69, 0
48.7, 0
48.71, 1
48.72, 1
48.73, 1
48.74, 0
48.75, 0
48.76, 1
48.77, 0
48.78, 1
48.79, 1
48.8, 1
48.81, 0
48.82, 1
48.83, 0
48.84, 0
48.85, 0
48.86, 0
48.87, 0
48.88, 1
48.89, 0
48.9, 1
48.91, 0
48.92, 1
48.93, 1
48.94, 0
48.95, 1
48.96, 1
48.97, 1
48.98, 1
48.99, 1
49, 0
49.01, 0
49.02, 0
49.03, 0
49.04, 0
49.05, 0
49.06, 0
49.07, 0
49.08, 0
49.09, 1
49.1, 0
49.11, 0
49.12, 0
49.13, 0
49.14, 0
49.15, 1
49.16, 1
49.17, 0
49.18, 0
49.19, 0
49.2, 0
49.21, 0
49.22, 0
49.23, 0
49.24, 0
49.25, 0
49.26, 1
49.27, 0
49.28, 1
49.29, 0
49.3, 1
49.31, 0
49.32, 1
49.33, 1
49.34, 1
49.35, 1
49.36, 0
49.37, 0
49.38, 0
49.39, 1
49.4, 0
49.41, 0
49.42, 0
49.43, 1
49.44, 0
49.45, 0
49.46, 1
49.47, 0
49.48, 0
49.49, 0
49.5, 1
49.51, 0
49.52, 0
49.53, 1
49.54, 0
49.55, 0
49.56, 0
49.57, 0
49.58, 1
49.59, 0
49.6, 1
49.61, 0
49.62, 0
49.63, 0
49.64, 1
49.65, 1
49.66, 1
49.67, 0
49.68, 1
49.69, 0
49.7, 0
49.71, 1
49.72, 0
49.73, 0
49.74, 0
49.75, 0
49.76, 1
49.77, 0
49.78, 1
49.79, 0
49.8, 0
49.81, 1
49.82, 1
49.83, 1
49.84, 2
49.85, 2
49.86, 2
49.87, 2
49.88, 2
49.89, 2
49.9, 2
49.91, 2
49.92, 3
49.93, 2
49.94, 4
49.95, 3
49.96, 1
49.97, 1
49.98, 0
49.99, 0
50, 0
50.01, 1
50.02, 1
50.03, 2
50.04, 3
50.05, 2
50.06, 3
50.07, 0
50.08, 2
50.09, 2
50.1, 1
50.11, 1
50.12, 2
50.13, 1
50.14, 2
50.15, 1
50.16, 1
50.17, 2
50.18, 4
50.19, 1
50.2, 1
50.21, 1
50.22, 2
50.23, 2
50.24, 2
50.25, 2
50.26, 1
50.27, 0
50.28, 1
50.29, 1
50.3, 1
50.31, 2
50.32, 1
50.33, 2
50.34, 1
50.35, 1
50.36, 2
50.37, 2
50.38, 1
50.39, 1
50.4, 2
50.41, 4
50.42, 3
50.43, 2
50.44, 2
50.45, 2
50.46, 2
50.47, 2
50.48, 2
50.49, 2
50.5, 3
50.51, 2
50.52, 4
50.53, 4
50.54, 4
50.55, 2
50.56, 5
50.57, 5
50.58, 3
50.59, 4
50.6, 3
50.61, 5
50.62, 5
50.63, 5
50.64, 6
50.65, 4
50.66, 6
50.67, 7
50.68, 7
50.69, 5
50.7, 8
50.71, 5
50.72, 7
50.73, 6
50.74, 5
50.75, 4
50.76, 5
50.77, 8
50.78, 5
50.79, 7
50.8, 4
50.81, 4
50.82, 5
50.83, 5
50.84, 5
50.85, 5
50.86, 5
50.87, 5
50.88, 3
50.89, 4
50.9, 3
50.91, 3
50.92, 3
50.93, 2
50.94, 2
50.95, 2
50.96, 1
50.97, 1
50.98, 2
50.99, 1
51, 1
51.01, 2
51.02, 2
51.03, 1
51.04, 2
51.05, 2
51.06, 2
51.07, 2
51.08, 1
51.09, 0
51.1, 0
51.11, 1
51.12, 1
51.13, 0
51.14, 1
51.15, 0
51.16, 0
51.17, 1
51.18, 1
51.19, 1
51.2, 0
51.21, 0
51.22, 1
51.23, 0
51.24, 0
51.25, 0
51.26, 0
51.27, 0
51.28, 0
51.29, 0
51.3, 1
51.31, 0
51.32, 0
51.33, 1
51.34, 0
51.35, 0
51.36, 1
51.37, 1
51.38, 1
51.39, 0
51.4, 1
51.41, 1
51.42, 1
51.43, 0
51.44, 1
51.45, 1
51.46, 2
51.47, 0
51.48, 1
51.49, 0
51.5, 1
51.51, 1
51.52, 1
51.53, 0
51.54, 1
51.55, 0
51.56, 0
51.57, 0
51.58, 0
51.59, 0
51.6, 0
51.61, 0
51.62, 1
51.63, 0
51.64, 0
51.65, 0
51.66, 0
51.67, 0
51.68, 0
51.69, 0
51.7, 0
51.71, 0
51.72, 1
51.73, 0
51.74, 0
51.75, 0
51.76, 0
51.77, 0
51.78, 0
51.79, 0
51.8, 1
51.81, 0
51.82, 0
51.83, 0
51.84, 0
51.85, 0
51.86, 0
51.87, 0
51.88, 0
51.89, 0
51.9, 0
51.91, 0
51.92, 0
51.93, 0
51.94, 0
51.95, 0
51.96, 0
51.97, 0
51.98, 1
51.99, 0
52, 1
52.01, 0
52.02, 1
52.03, 0
52.04, 0
52.05, 0
52.06, 0
52.07, 0
52.08, 0
52.09, 0
52.1, 0
52.11, 0
52.12, 0
52.13, 0
52.14, 0
52.15, 0
52.16, 1
52.17, 0
52.18, 0
52.19, 0
52.2, 0
52.21, 1
52.22, 2
52.23, 0
52.24, 0
52.25, 1
52.26, 1
52.27, 1
52.28, 1
52.29, 0
52.3, 0
52.31, 0
52.32, 0
52.33, 0
52.34, 0
52.35, 0
52.36, 0
52.37, 1
52.38, 0
52.39, 1
52.4, 0
52.41, 1
52.42, 0
52.43, 0
52.44, 0
52.45, 0
52.46, 1
52.47, 1
52.48, 0
52.49, 0
52.5, 1
52.51, 1
52.52, 1
52.53, 0
52.54, 0
52.55, 0
52.56, 0
52.57, 1
52.58, 0
52.59, 0
52.6, 0
52.61, 1
52.62, 0
52.63, 2
52.64, 1
52.65, 1
52.66, 0
52.67, 0
52.68, 1
52.69, 0
52.7, 0
52.71, 0
52.72, 0
52.73, 0
52.74, 0
52.75, 0
52.76, 0
52.77, 1
52.78, 0
52.79, 0
52.8, 0
52.81, 0
52.82, 1
52.83, 0
52.84, 1
52.85, 1
52.86, 0
52.87, 0
52.88, 0
52.89, 0
52.9, 0
52.91, 0
52.92, 0
52.93, 0
52.94, 1
52.95, 1
52.96, 0
52.97, 1
52.98, 1
52.99, 1
53, 1
53.01, 1
53.02, 1
53.03, 1
53.04, 1
53.05, 1
53.06, 1
53.07, 0
53.08, 0
53.09, 0
53.1, 0
53.11, 0
53.12, 1
53.13, 0
53.14, 0
53.15, 2
53.16, 0
53.17, 1
53.18, 1
53.19, 1
53.2, 0
53.21, 0
53.22, 0
53.23, 0
53.24, 0
53.25, 0
53.26, 0
53.27, 0
53.28, 0
53.29, 0
53.3, 0
53.31, 0
53.32, 0
53.33, 2
53.34, 0
53.35, 0
53.36, 0
53.37, 0
53.38, 0
53.39, 0
53.4, 0
53.41, 0
53.42, 0
53.43, 0
53.44, 0
53.45, 0
53.46, 0
53.47, 0
53.48, 0
53.49, 1
53.5, 0
53.51, 1
53.52, 0
53.53, 0
53.54, 0
53.55, 0
53.56, 0
53.57, 0
53.58, 1
53.59, 1
53.6, 0
53.61, 0
53.62, 0
53.63, 1
53.64, 0
53.65, 1
53.66, 0
53.67, 0
53.68, 0
53.69, 1
53.7, 1
53.71, 1
53.72, 0
53.73, 0
53.74, 0
53.75, 0
53.76, 0
53.77, 0
53.78, 0
53.79, 1
53.8, 0
53.81, 1
53.82, 1
53.83, 0
53.84, 0
53.85, 0
53.86, 0
53.87, 0
53.88, 1
53.89, 0
53.9, 0
53.91, 0
53.92, 0
53.93, 1
53.94, 0
53.95, 0
53.96, 0
53.97, 0
53.98, 0
53.99, 0
54, 0
54.01, 0
54.02, 1
54.03, 0
54.04, 0
54.05, 0
54.06, 0
54.07, 1
54.08, 0
54.09, 1
54.1, 0
54.11, 0
54.12, 2
54.13, 1
54.14, 1
54.15, 1
54.16, 1
54.17, 1
54.18, 1
54.19, 1
54.2, 2
54.21, 3
54.22, 2
54.23, 2
54.24, 4
54.25, 1
54.26, 3
54.27, 3
54.28, 2
54.29, 3
54.3, 2
54.31, 2
54.32, 2
54.33, 2
54.34, 1
54.35, 2
54.36, 1
54.37, 3
54.38, 3
54.39, 4
54.4, 4
54.41, 4
54.42, 4
54.43, 4
54.44, 3
54.45, 2
54.46, 2
54.47, 2
54.48, 4
54.49, 3
54.5, 1
54.51, 3
54.52, 1
54.53, 2
54.54, 2
54.55, 2
54.56, 2
54.57, 3
54.58, 1
54.59, 1
54.6, 3
54.61, 1
54.62, 1
54.63, 2
54.64, 2
54.65, 2
54.66, 2
54.67, 2
54.68, 2
54.69, 2
54.7, 2
54.71, 2
54.72, 1
54.73, 1
54.74, 1
54.75, 2
54.76, 2
54.77, 2
54.78, 1
54.79, 1
54.8, 1
54.81, 2
54.82, 0
54.83, 2
54.84, 2
54.85, 1
54.86, 1
54.87, 2
54.88, 1
54.89, 0
54.9, 3
54.91, 2
54.92, 2
54.93, 3
54.94, 2
54.95, 3
54.96, 4
54.97, 4
54.98, 4
54.99, 5
55, 4
55.01, 6
55.02, 5
55.03, 3
55.04, 4
55.05, 3
55.06, 2
55.07, 2
55.08, 3
55.09, 2
55.1, 2
55.11, 1
55.12, 2
55.13, 3
55.14, 2
55.15, 2
55.16, 2
55.17, 3
55.18, 2
55.19, 2
55.2, 2
55.21, 1
55.22, 1
55.23, 1
55.24, 2
55.25, 1
55.26, 0
55.27, 1
55.28, 1
55.29, 0
55.3, 0
55.31, 1
55.32, 2
55.33, 1
55.34, 0
55.35, 1
55.36, 1
55.37, 0
55.38, 1
55.39, 0
55.4, 0
55.41, 0
55.42, 0
55.43, 0
55.44, 0
55.45, 0
55.46, 0
55.47, 0
55.48, 0
55.49, 0
55.5, 0
55.51, 0
55.52, 0
55.53, 2
55.54, 2
55.55, 0
55.56, 1
55.57, 0
55.58, 0
55.59, 0
55.6, 0
55.61, 2
55.62, 0
55.63, 0
55.64, 2
55.65, 0
55.66, 1
55.67, 0
55.68, 0
55.69, 0
55.7, 0
55.71, 1
55.72, 0
55.73, 0
55.74, 1
55.75, 1
55.76, 0
55.77, 0
55.78, 0
55.79, 0
55.8, 0
55.81, 0
55.82, 0
55.83, 0
55.84, 0
55.85, 0
55.86, 0
55.87, 0
55.88, 1
55.89, 0
55.9, 0
55.91, 1
55.92, 0
55.93, 0
55.94, 1
55.95, 1
55.96, 0
55.97, 0
55.98, 0
55.99, 0
56, 0
56.01, 0
56.02, 0
56.03, 0
56.04, 0
56.05, 1
56.06, 1
56.07, 1
56.08, 1
56.09, 1
56.1, 1
56.11, 0
56.12, 0
56.13, 0
56.14, 0
56.15, 0
56.16, 0
56.17, 0
56.18, 0
56.19, 0
56.2, 0
56.21, 0
56.22, 0
56.23, 0
56.24, 1
56.25, 0
56.26, 0
56.27, 0
56.28, 1
56.29, 0
56.3, 1
56.31, 0
56.32, 0
56.33, 0
56.34, 0
56.35, 0
56.36, 1
56.37, 0
56.38, 1
56.39, 1
56.4, 1
56.41, 0
56.42, 0
56.43, 0
56.44, 0
56.45, 0
56.46, 0
56.47, 1
56.48, 0
56.49, 0
56.5, 1
56.51, 0
56.52, 0
56.53, 0
56.54, 0
56.55, 0
56.56, 0
56.57, 0
56.58, 1
56.59, 0
56.6, 1
56.61, 0
56.62, 1
56.63, 0
56.64, 0
56.65, 1
56.66, 1
56.67, 1
56.68, 0
56.69, 1
56.7, 1
56.71, 0
56.72, 0
56.73, 0
56.74, 1
56.75, 1
56.76, 0
56.77, 0
56.78, 0
56.79, 0
56.8, 0
56.81, 0
56.82, 1
56.83, 0
56.84, 0
56.85, 0
56.86, 1
56.87, 0
56.88, 0
56.89, 0
56.9, 0
56.91, 1
56.92, 1
56.93, 1
56.94, 0
56.95, 0
56.96, 0
56.97, 0
56.98, 0
56.99, 0
57, 1
57.01, 1
57.02, 1
57.03, 1
57.04, 1
57.05, 1
57.06, 1
57.07, 0
57.08, 0
57.09, 0
57.1, 0
57.11, 0
57.12, 0
57.13, 0
57.14, 0
57.15, 0
57.16, 0
57.17, 0
57.18, 0
57.19, 0
57.2, 0
57.21, 0
57.22, 0
57.23, 1
57.24, 0
57.25, 0
57.26, 0
57.27, 1
57.28, 0
57.29, 1
57.3, 0
57.31, 0
57.32, 2
57.33, 1
57.34, 2
57.35, 2
57.36, 1
57.37, 1
57.38, 2
57.39, 1
57.4, 1
57.41, 1
57.42, 1
57.43, 1
57.44, 1
57.45, 1
57.46, 3
57.47, 1
57.48, 1
57.49, 2
57.5, 1
57.51, 1
57.52, 2
57.53, 2
57.54, 1
57.55, 0
57.56, 1
57.57, 0
57.58, 1
57.59, 1
57.6, 0
57.61, 1
57.62, 0
57.63, 0
57.64, 0
57.65, 1
57.66, 1
57.67, 1
57.68, 0
57.69, 0
57.7, 0
57.71, 0
57.72, 1
57.73, 0
57.74, 1
57.75, 0
57.76, 0
57.77, 1
57.78, 0
57.79, 1
57.8, 0
57.81, 2
57.82, 0
57.83, 1
57.84, 0
57.85, 1
57.86, 0
57.87, 0
57.88, 0
57.89, 0
57.9, 1
57.91, 1
57.92, 0
57.93, 0
57.94, 0
57.95, 0
57.96, 1
57.97, 1
57.98, 1
57.99, 0
58, 1
58.01, 0
58.02, 0
58.03, 0
58.04, 0
58.05, 0
58.06, 1
58.07, 0
58.08, 0
58.09, 0
58.1, 0
58.11, 0
58.12, 0
58.13, 0
58.14, 1
58.15, 0
58.16, 0
58.17, 0
58.18, 1
58.19, 0
58.2, 1
58.21, 0
58.22, 0
58.23, 0
58.24, 1
58.25, 0
58.26, 0
58.27, 1
58.28, 1
58.29, 0
58.3, 1
58.31, 0
58.32, 1
58.33, 0
58.34, 0
58.35, 0
58.36, 1
58.37, 1
58.38, 0
58.39, 0
58.4, 0
58.41, 0
58.42, 0
58.43, 1
58.44, 1
58.45, 1
58.46, 0
58.47, 0
58.48, 0
58.49, 1
58.5, 2
58.51, 0
58.52, 0
58.53, 0
58.54, 1
58.55, 0
58.56, 0
58.57, 1
58.58, 0
58.59, 0
58.6, 1
58.61, 1
58.62, 0
58.63, 0
58.64, 1
58.65, 0
58.66, 2
58.67, 0
58.68, 0
58.69, 0
58.7, 1
58.71, 0
58.72, 0
58.73, 1
58.74, 1
58.75, 0
58.76, 1
58.77, 0
58.78, 1
58.79, 1
58.8, 1
58.81, 1
58.82, 0
58.83, 1
58.84, 1
58.85, 0
58.86, 1
58.87, 1
58.88, 0
58.89, 1
58.9, 0
58.91, 2
58.92, 1
58.93, 0
58.94, 0
58.95, 1
58.96, 0
58.97, 1
58.98, 1
58.99, 1
59, 0
59.01, 2
59.02, 2
59.03, 1
59.04, 1
59.05, 1
59.06, 1
59.07, 1
59.08, 1
59.09, 1
59.1, 0
59.11, 0
59.12, 2
59.13, 0
59.14, 0
59.15, 1
59.16, 1
59.17, 1
59.18, 1
59.19, 1
59.2, 1
59.21, 1
59.22, 1
59.23, 1
59.24, 0
59.25, 0
59.26, 1
59.27, 0
59.28, 0
59.29, 0
59.3, 0
59.31, 0
59.32, 0
59.33, 0
59.34, 0
59.35, 1
59.36, 0
59.37, 0
59.38, 0
59.39, 0
59.4, 0
59.41, 0
59.42, 0
59.43, 1
59.44, 1
59.45, 0
59.46, 0
59.47, 0
59.48, 1
59.49, 0
59.5, 0
59.51, 0
59.52, 0
59.53, 0
59.54, 0
59.55, 1
59.56, 0
59.57, 1
59.58, 0
59.59, 1
59.6, 1
59.61, 0
59.62, 0
59.63, 0
59.64, 0
59.65, 0
59.66, 0
59.67, 0
59.68, 0
59.69, 1
59.7, 0
59.71, 0
59.72, 0
59.73, 0
59.74, 0
59.75, 0
59.76, 0
59.77, 1
59.78, 0
59.79, 0
59.8, 1
59.81, 0
59.82, 1
59.83, 0
59.84, 1
59.85, 1
59.86, 0
59.87, 0
59.88, 0
59.89, 2
59.9, 1
59.91, 1
59.92, 0
59.93, 0
59.94, 2
59.95, 1
59.96, 0
59.97, 2
59.98, 1
59.99, 1
60, 3
60.01, 2
60.02, 4
60.03, 3
60.04, 4
60.05, 6
60.06, 6
60.07, 6
60.08, 6
60.09, 8
60.1, 7
60.11, 9
60.12, 5
60.13, 8
60.14, 5
60.15, 7
60.16, 4
60.17, 4
60.18, 4
60.19, 3
60.2, 2
60.21, 2
60.22, 4
60.23, 4
60.24, 3
60.25, 5
60.26, 5
60.27, 3
60.28, 6
60.29, 5
60.3, 4
60.31, 3
60.32, 3
60.33, 3
60.34, 2
60.35, 3
60.36, 2
60.37, 1
60.38, 0
60.39, 2
60.4, 1
60.41, 1
60.42, 2
60.43, 0
60.44, 1
60.45, 1
60.46, 0
60.47, 0
60.48, 1
60.49, 1
60.5, 1
60.51, 1
60.52, 1
60.53, 0
60.54, 0
60.55, 1
60.56, 0
60.57, 0
60.58, 1
60.59, 1
60.6, 0
60.61, 0
60.62, 1
60.63, 1
60.64, 0
60.65, 1
60.66, 0
60.67, 1
60.68, 0
60.69, 0
60.7, 2
60.71, 0
60.72, 1
60.73, 1
60.74, 0
60.75, 0
60.76, 0
60.77, 0
60.78, 1
60.79, 0
60.8, 0
60.81, 0
60.82, 0
60.83, 0
60.84, 0
60.85, 0
60.86, 0
60.87, 0
60.88, 0
60.89, 0
60.9, 0
60.91, 0
60.92, 1
60.93, 0
60.94, 0
60.95, 0
60.96, 2
60.97, 1
60.98, 0
60.99, 0
61, 0
61.01, 1
61.02, 0
61.03, 1
61.04, 0
61.05, 0
61.06, 0
61.07, 0
61.08, 0
61.09, 0
61.1, 0
61.11, 0
61.12, 0
61.13, 0
61.14, 0
61.15, 0
61.16, 0
61.17, 0
61.18, 0
61.19, 0
61.2, 0
61.21, 0
61.22, 0
61.23, 0
61.24, 0
61.25, 0
61.26, 0
61.27, 1
61.28, 0
61.29, 0
61.3, 0
61.31, 0
61.32, 1
61.33, 0
61.34, 0
61.35, 1
61.36, 0
61.37, 0
61.38, 0
61.39, 0
61.4, 0
61.41, 0
61.42, 0
61.43, 1
61.44, 0
61.45, 0
61.46, 0
61.47, 0
61.48, 0
61.49, 0
61.5, 1
61.51, 0
61.52, 0
61.53, 1
61.54, 0
61.55, 0
61.56, 0
61.57, 0
61.58, 1
61.59, 0
61.6, 1
61.61, 0
61.62, 0
61.63, 0
61.64, 0
61.65, 0
61.66, 0
61.67, 0
61.68, 0
61.69, 0
61.7, 0
61.71, 1
61.72, 0
61.73, 0
61.74, 0
61.75, 0
61.76, 0
61.77, 0
61.78, 0
61.79, 1
61.8, 0
61.81, 1
61.82, 0
61.83, 0
61.84, 1
61.85, 1
61.86, 0
61.87, 0
61.88, 0
61.89, 1
61.9, 0
61.91, 0
61.92, 0
61.93, 0
61.94, 1
61.95, 0
61.96, 0
61.97, 0
61.98, 0
61.99, 1
62, 0
62.01, 1
62.02, 1
62.03, 0
62.04, 0
62.05, 1
62.06, 0
62.07, 0
62.08, 1
62.09, 1
62.1, 1
62.11, 1
62.12, 1
62.13, 1
62.14, 1
62.15, 0
62.16, 0
62.17, 1
62.18, 0
62.19, 1
62.2, 0
62.21, 2
62.22, 1
62.23, 1
62.24, 1
62.25, 1
62.26, 1
62.27, 0
62.28, 1
62.29, 1
62.3, 1
62.31, 2
62.32, 0
62.33, 1
62.34, 2
62.35, 0
62.36, 0
62.37, 1
62.38, 0
62.39, 0
62.4, 0
62.41, 1
62.42, 1
62.43, 0
62.44, 1
62.45, 0
62.46, 0
62.47, 0
62.48, 1
62.49, 0
62.5, 1
62.51, 0
62.52, 0
62.53, 0
62.54, 0
62.55, 0
62.56, 0
62.57, 0
62.58, 1
62.59, 0
62.6, 0
62.61, 1
62.62, 0
62.63, 1
62.64, 0
62.65, 0
62.66, 1
62.67, 0
62.68, 0
62.69, 0
62.7, 1
62.71, 1
62.72, 1
62.73, 1
62.74, 1
62.75, 2
62.76, 2
62.77, 3
62.78, 4
62.79, 1
62.8, 3
62.81, 2
62.82, 3
62.83, 0
62.84, 0
62.85, 2
62.86, 2
62.87, 0
62.88, 0
62.89, 0
62.9, 1
62.91, 0
62.92, 1
62.93, 2
62.94, 1
62.95, 1
62.96, 2
62.97, 1
62.98, 2
62.99, 2
63, 2
63.01, 1
63.02, 1
63.03, 0
63.04, 0
63.05, 1
63.06, 0
63.07, 0
63.08, 1
63.09, 0
63.1, 1
63.11, 1
63.12, 2
63.13, 0
63.14, 2
63.15, 1
63.16, 2
63.17, 3
63.18, 2
63.19, 2
63.2, 2
63.21, 3
63.22, 3
63.23, 2
63.24, 2
63.25, 1
63.26, 2
63.27, 2
63.28, 1
63.29, 1
63.3, 3
63.31, 2
63.32, 3
63.33, 3
63.34, 3
63.35, 2
63.36, 3
63.37, 3
63.38, 2
63.39, 3
63.4, 2
63.41, 1
63.42, 1
63.43, 0
63.44, 0
63.45, 1
63.46, 1
63.47, 1
63.48, 2
63.49, 1
63.5, 0
63.51, 1
63.52, 0
63.53, 1
63.54, 1
63.55, 0
63.56, 1
63.57, 0
63.58, 1
63.59, 0
63.6, 0
63.61, 1
63.62, 1
63.63, 1
63.64, 0
63.65, 0
63.66, 0
63.67, 0
63.68, 2
63.69, 0
63.7, 1
63.71, 0
63.72, 0
63.73, 0
63.74, 0
63.75, 1
63.76, 0
63.77, 0
63.78, 0
63.79, 0
63.8, 1
63.81, 0
63.82, 0
63.83, 0
63.84, 1
63.85, 1
63.86, 0
63.87, 0
63.88, 0
63.89, 0
63.9, 1
63.91, 0
63.92, 1
63.93, 1
63.94, 0
63.95, 1
63.96, 1
63.97, 2
63.98, 1
63.99, 1
64, 0
64.01, 0
64.02, 0
64.03, 0
64.04, 2
64.05, 1
64.06, 0
64.07, 1
64.08, 1
64.09, 1
64.1, 0
64.11, 0
64.12, 0
64.13, 1
64.14, 1
64.15, 1
64.16, 0
64.17, 0
64.18, 0
64.19, 0
64.2, 1
64.21, 0
64.22, 1
64.23, 1
64.24, 1
64.25, 0
64.26, 1
64.27, 0
64.28, 0
64.29, 0
64.3, 0
64.31, 0
64.32, 0
64.33, 0
64.34, 1
64.35, 0
64.36, 0
64.37, 0
64.38, 0
64.39, 1
64.4, 1
64.41, 1
64.42, 0
64.43, 0
64.44, 0
64.45, 0
64.46, 0
64.47, 1
64.48, 0
64.49, 2
64.5, 0
64.51, 0
64.52, 0
64.53, 0
64.54, 0
64.55, 0
64.56, 0
64.57, 0
64.58, 0
64.59, 0
64.6, 0
64.61, 0
64.62, 1
64.63, 0
64.64, 0
64.65, 1
64.66, 1
64.67, 0
64.68, 1
64.69, 0
64.7, 0
64.71, 1
64.72, 0
64.73, 0
64.74, 1
64.75, 0
64.76, 1
64.77, 1
64.78, 0
64.79, 0
64.8, 0
64.81, 0
64.82, 0
64.83, 1
64.84, 0
64.85, 0
64.86, 0
64.87, 1
64.88, 0
64.89, 1
64.9, 0
64.91, 0
64.92, 0
64.93, 0
64.94, 0
64.95, 0
64.96, 0
64.97, 0
64.98, 0
64.99, 0
65, 0
65.01, 0
65.02, 0
65.03, 0
65.04, 0
65.05, 0
65.06, 0
65.07, 1
65.08, 0
65.09, 1
65.1, 0
65.11, 1
65.12, 1
65.13, 0
65.14, 1
65.15, 0
65.16, 0
65.17, 0
65.18, 0
65.19, 0
65.2, 0
65.21, 0
65.22, 0
65.23, 1
65.24, 0
65.25, 0
65.26, 1
65.27, 0
65.28, 0
65.29, 0
65.3, 1
65.31, 0
65.32, 1
65.33, 0
65.34, 0
65.35, 0
65.36, 0
65.37, 0
65.38, 0
65.39, 0
65.4, 0
65.41, 0
65.42, 0
65.43, 0
65.44, 0
65.45, 1
65.46, 0
65.47, 0
65.48, 1
65.49, 0
65.5, 0
65.51, 0
65.52, 0
65.53, 0
65.54, 0
65.55, 0
65.56, 0
65.57, 0
65.58, 0
65.59, 0
65.6, 0
65.61, 1
65.62, 0
65.63, 0
65.64, 1
65.65, 1
65.66, 1
65.67, 1
65.68, 1
65.69, 0
65.7, 0
65.71, 0
65.72, 0
65.73, 0
65.74, 0
65.75, 0
65.76, 1
65.77, 0
65.78, 0
65.79, 0
65.8, 1
65.81, 0
65.82, 0
65.83, 1
65.84, 0
65.85, 1
65.86, 1
65.87, 0
65.88, 2
65.89, 2
65.9, 2
65.91, 0
65.92, 1
65.93, 1
65.94, 1
65.95, 2
65.96, 0
65.97, 1
65.98, 0
65.99, 1
66, 1
66.01, 2
66.02, 2
66.03, 2
66.04, 2
66.05, 1
66.06, 1
66.07, 1
66.08, 0
66.09, 1
66.1, 1
66.11, 2
66.12, 2
66.13, 2
66.14, 2
66.15, 1
66.16, 1
66.17, 1
66.18, 2
66.19, 3
66.2, 3
66.21, 2
66.22, 2
66.23, 2
66.24, 1
66.25, 3
66.26, 1
66.27, 2
66.28, 2
66.29, 2
66.3, 2
66.31, 2
66.32, 3
66.33, 2
66.34, 3
66.35, 3
66.36, 4
66.37, 4
66.38, 4
66.39, 3
66.4, 5
66.41, 7
66.42, 5
66.43, 5
66.44, 8
66.45, 6
66.46, 7
66.47, 5
66.48, 7
66.49, 7
66.5, 6
66.51, 6
66.52, 6
66.53, 6
66.54, 7
66.55, 6
66.56, 6
66.57, 6
66.58, 5
66.59, 5
66.6, 7
66.61, 6
66.62, 6
66.63, 7
66.64, 5
66.65, 7
66.66, 6
66.67, 4
66.68, 6
66.69, 5
66.7, 4
66.71, 6
66.72, 5
66.73, 4
66.74, 4
66.75, 3
66.76, 3
66.77, 5
66.78, 5
66.79, 3
66.8, 4
66.81, 3
66.82, 4
66.83, 2
66.84, 2
66.85, 3
66.86, 2
66.87, 2
66.88, 2
66.89, 1
66.9, 1
66.91, 3
66.92, 1
66.93, 1
66.94, 2
66.95, 2
66.96, 3
66.97, 1
66.98, 1
66.99, 1
67, 1
67.01, 2
67.02, 1
67.03, 2
67.04, 0
67.05, 1
67.06, 1
67.07, 1
67.08, 1
67.09, 0
67.1, 1
67.11, 0
67.12, 0
67.13, 0
67.14, 1
67.15, 0
67.16, 1
67.17, 0
67.18, 0
67.19, 0
67.2, 0
67.21, 0
67.22, 0
67.23, 1
67.24, 0
67.25, 0
67.26, 0
67.27, 1
67.28, 0
67.29, 1
67.3, 1
67.31, 0
67.32, 1
67.33, 1
67.34, 0
67.35, 0
67.36, 0
67.37, 0
67.38, 0
67.39, 1
67.4, 0
67.41, 0
67.42, 0
67.43, 1
67.44, 0
67.45, 0
67.46, 0
67.47, 0
67.48, 0
67.49, 1
67.5, 0
67.51, 1
67.52, 0
67.53, 0
67.54, 0
67.55, 0
67.56, 0
67.57, 1
67.58, 0
67.59, 0
67.6, 0
67.61, 0
67.62, 0
67.63, 0
67.64, 0
67.65, 1
67.66, 1
67.67, 0
67.68, 1
67.69, 1
67.7, 0
67.71, 0
67.72, 0
67.73, 0
67.74, 0
67.75, 1
67.76, 0
67.77, 0
67.78, 0
67.79, 0
67.8, 0
67.81, 0
67.82, 0
67.83, 0
67.84, 1
67.85, 0
67.86, 0
67.87, 0
67.88, 0
67.89, 0
67.9, 0
67.91, 1
67.92, 1
67.93, 1
67.94, 1
67.95, 0
67.96, 0
67.97, 1
67.98, 0
67.99, 0
68, 0
68.01, 0
68.02, 0
68.03, 1
68.04, 1
68.05, 0
68.06, 1
68.07, 0
68.08, 1
68.09, 0
68.1, 0
68.11, 0
68.12, 0
68.13, 0
68.14, 0
68.15, 1
68.16, 0
68.17, 0
68.18, 0
68.19, 0
68.2, 0
68.21, 0
68.22, 0
68.23, 0
68.24, 1
68.25, 1
68.26, 1
68.27, 1
68.28, 1
68.29, 1
68.3, 0
68.31, 0
68.32, 0
68.33, 0
68.34, 0
68.35, 1
68.36, 0
68.37, 0
68.38, 1
68.39, 0
68.4, 0
68.41, 0
68.42, 0
68.43, 0
68.44, 0
68.45, 0
68.46, 0
68.47, 1
68.48, 1
68.49, 1
68.5, 1
68.51, 1
68.52, 2
68.53, 2
68.54, 2
68.55, 3
68.56, 2
68.57, 0
68.58, 0
68.59, 0
68.6, 1
68.61, 2
68.62, 1
68.63, 2
68.64, 0
68.65, 0
68.66, 0
68.67, 1
68.68, 2
68.69, 1
68.7, 2
68.71, 1
68.72, 0
68.73, 1
68.74, 1
68.75, 2
68.76, 1
68.77, 1
68.78, 0
68.79, 2
68.8, 1
68.81, 1
68.82, 1
68.83, 1
68.84, 1
68.85, 1
68.86, 0
68.87, 0
68.88, 0
68.89, 0
68.9, 1
68.91, 1
68.92, 0
68.93, 1
68.94, 0
68.95, 0
68.96, 1
68.97, 0
68.98, 0
68.99, 1
69, 0
69.01, 0
69.02, 0
69.03, 0
69.04, 1
69.05, 0
69.06, 1
69.07, 0
69.08, 1
69.09, 0
69.1, 1
69.11, 0
69.12, 0
69.13, 0
69.14, 1
69.15, 0
69.16, 0
69.17, 0
69.18, 0
69.19, 0
69.2, 0
69.21, 0
69.22, 0
69.23, 0
69.24, 0
69.25, 0
69.26, 0
69.27, 0
69.28, 1
69.29, 0
69.3, 0
69.31, 1
69.32, 1
69.33, 0
69.34, 1
69.35, 0
69.36, 1
69.37, 1
69.38, 1
69.39, 1
69.4, 0
69.41, 0
69.42, 1
69.43, 0
69.44, 0
69.45, 1
69.46, 0
69.47, 1
69.48, 0
69.49, 1
69.5, 0
69.51, 1
69.52, 0
69.53, 1
69.54, 0
69.55, 0
69.56, 0
69.57, 0
69.58, 0
69.59, 0
69.6, 0
69.61, 0
69.62, 0
69.63, 0
69.64, 0
69.65, 1
69.66, 1
69.67, 0
69.68, 0
69.69, 1
69.7, 0
69.71, 1
69.72, 0
69.73, 0
69.74, 0
69.75, 0
69.76, 0
69.77, 1
69.78, 0
69.79, 0
69.8, 0
69.81, 0
69.82, 0
69.83, 0
69.84, 0
69.85, 0
69.86, 0
69.87, 0
69.88, 1
69.89, 0
69.9, 0
69.91, 0
69.92, 0
69.93, 0
69.94, 0
69.95, 0
69.96, 1
69.97, 0
69.98, 0
69.99, 0
70, 0
70.01, 0
70.02, 0
70.03, 1
70.04, 0
70.05, 0
70.06, 1
70.07, 0
70.08, 1
70.09, 0
70.1, 0
70.11, 1
70.12, 0
70.13, 0
70.14, 1
70.15, 1
70.16, 0
70.17, 0
70.18, 0
70.19, 1
70.2, 2
70.21, 0
70.22, 0
70.23, 0
70.24, 0
70.25, 1
70.26, 1
70.27, 0
70.28, 0
70.29, 1
70.3, 2
70.31, 1
70.32, 0
70.33, 0
70.34, 0
70.35, 1
70.36, 0
70.37, 0
70.38, 0
70.39, 0
70.4, 0
70.41, 0
70.42, 1
70.43, 1
70.44, 0
70.45, 1
70.46, 0
70.47, 0
70.48, 0
70.49, 0
70.5, 0
70.51, 0
70.52, 1
70.53, 1
70.54, 1
70.55, 1
70.56, 0
70.57, 0
70.58, 0
70.59, 0
70.6, 1
70.61, 1
70.62, 2
70.63, 2
70.64, 2
70.65, 1
70.66, 2
70.67, 2
70.68, 1
70.69, 1
70.7, 0
70.71, 2
70.72, 2
70.73, 0
70.74, 1
70.75, 1
70.76, 1
70.77, 0
70.78, 0
70.79, 1
70.8, 1
70.81, 0
70.82, 0
70.83, 1
70.84, 1
70.85, 1
70.86, 1
70.87, 0
70.88, 2
70.89, 2
70.9, 2
70.91, 1
70.92, 0
70.93, 1
70.94, 1
70.95, 0
70.96, 1
70.97, 0
70.98, 2
70.99, 0
71, 1
71.01, 0
71.02, 0
71.03, 1
71.04, 1
71.05, 1
71.06, 1
71.07, 1
71.08, 0
71.09, 1
71.1, 1
71.11, 1
71.12, 0
71.13, 0
71.14, 0
71.15, 1
71.16, 1
71.17, 1
71.18, 1
71.19, 0
71.2, 1
71.21, 0
71.22, 0
71.23, 0
71.24, 1
71.25, 1
71.26, 0
71.27, 1
71.28, 1
71.29, 0
71.3, 1
71.31, 0
71.32, 0
71.33, 0
71.34, 0
71.35, 1
71.36, 1
71.37, 0
71.38, 1
71.39, 0
71.4, 0
71.41, 0
71.42, 0
71.43, 0
71.44, 0
71.45, 1
71.46, 1
71.47, 0
71.48, 0
71.49, 0
71.5, 0
71.51, 1
71.52, 0
71.53, 0
71.54, 0
71.55, 0
71.56, 0
71.57, 0
71.58, 0
71.59, 0
71.6, 0
71.61, 0
71.62, 0
71.63, 0
71.64, 0
71.65, 0
71.66, 0
71.67, 0
71.68, 0
71.69, 0
71.7, 0
71.71, 0
71.72, 0
71.73, 0
71.74, 1
71.75, 1
71.76, 1
71.77, 0
71.78, 0
71.79, 0
71.8, 1
71.81, 0
71.82, 0
71.83, 1
71.84, 0
71.85, 1
71.86, 0
71.87, 0
71.88, 1
71.89, 1
71.9, 1
71.91, 1
71.92, 0
71.93, 1
71.94, 0
71.95, 0
71.96, 0
71.97, 0
71.98, 0
71.99, 0
72, 0
72.01, 0
72.02, 0
72.03, 1
72.04, 1
72.05, 1
72.06, 1
72.07, 0
72.08, 0
72.09, 1
72.1, 0
72.11, 0
72.12, 1
72.13, 0
72.14, 0
72.15, 0
72.16, 0
72.17, 0
72.18, 1
72.19, 1
72.2, 0
72.21, 0
72.22, 0
72.23, 0
72.24, 1
72.25, 0
72.26, 1
72.27, 1
72.28, 0
72.29, 0
72.3, 0
72.31, 0
72.32, 0
72.33, 0
72.34, 1
72.35, 0
72.36, 1
72.37, 1
72.38, 1
72.39, 1
72.4, 0
72.41, 1
72.42, 0
72.43, 0
72.44, 0
72.45, 1
72.46, 1
72.47, 0
72.48, 1
72.49, 0
72.5, 0
72.51, 1
72.52, 0
72.53, 1
72.54, 1
72.55, 1
72.56, 0
72.57, 1
72.58, 0
72.59, 0
72.6, 0
72.61, 0
72.62, 0
72.63, 0
72.64, 1
72.65, 1
72.66, 1
72.67, 1
72.68, 1
72.69, 0
72.7, 1
72.71, 1
72.72, 1
72.73, 0
72.74, 0
72.75, 1
72.76, 0
72.77, 1
72.78, 0
72.79, 0
72.8, 0
72.81, 0
72.82, 0
72.83, 0
72.84, 0
72.85, 0
72.86, 0
72.87, 0
72.88, 0
72.89, 0
72.9, 0
72.91, 0
72.92, 1
72.93, 0
72.94, 0
72.95, 1
72.96, 1
72.97, 1
72.98, 0
72.99, 0
73, 1
73.01, 0
73.02, 0
73.03, 0
73.04, 0
73.05, 0
73.06, 1
73.07, 1
73.08, 0
73.09, 0
73.1, 0
73.11, 0
73.12, 0
73.13, 0
73.14, 0
73.15, 0
73.16, 0
73.17, 1
73.18, 0
73.19, 1
73.2, 1
73.21, 0
73.22, 1
73.23, 0
73.24, 0
73.25, 0
73.26, 0
73.27, 0
73.28, 0
73.29, 1
73.3, 1
73.31, 1
73.32, 0
73.33, 1
73.34, 0
73.35, 0
73.36, 0
73.37, 0
73.38, 0
73.39, 0
73.4, 1
73.41, 0
73.42, 0
73.43, 0
73.44, 0
73.45, 0
73.46, 1
73.47, 0
73.48, 1
73.49, 1
73.5, 0
73.51, 1
73.52, 1
73.53, 0
73.54, 0
73.55, 1
73.56, 0
73.57, 0
73.58, 0
73.59, 0
73.6, 0
73.61, 0
73.62, 0
73.63, 0
73.64, 0
73.65, 0
73.66, 1
73.67, 1
73.68, 1
73.69, 0
73.7, 1
73.71, 0
73.72, 0
73.73, 1
73.74, 0
73.75, 1
73.76, 0
73.77, 1
73.78, 1
73.79, 1
73.8, 2
73.81, 0
73.82, 0
73.83, 1
73.84, 1
73.85, 2
73.86, 0
73.87, 0
73.88, 0
73.89, 0
73.9, 0
73.91, 1
73.92, 1
73.93, 2
73.94, 1
73.95, 0
73.96, 0
73.97, 0
73.98, 0
73.99, 0
74, 0
74.01, 1
74.02, 0
74.03, 0
74.04, 0
74.05, 0
74.06, 0
74.07, 1
74.08, 0
74.09, 1
74.1, 0
74.11, 1
74.12, 1
74.13, 1
74.14, 0
74.15, 0
74.16, 0
74.17, 0
74.18, 0
74.19, 0
74.2, 0
74.21, 0
74.22, 0
74.23, 1
74.24, 0
74.25, 0
74.26, 0
74.27, 0
74.28, 0
74.29, 0
74.3, 0
74.31, 0
74.32, 0
74.33, 0
74.34, 0
74.35, 0
74.36, 0
74.37, 0
74.38, 1
74.39, 0
74.4, 0
74.41, 0
74.42, 0
74.43, 1
74.44, 0
74.45, 0
74.46, 1
74.47, 0
74.48, 0
74.49, 0
74.5, 0
74.51, 0
74.52, 0
74.53, 0
74.54, 0
74.55, 1
74.56, 1
74.57, 1
74.58, 0
74.59, 0
74.6, 0
74.61, 0
74.62, 0
74.63, 0
74.64, 0
74.65, 0
74.66, 0
74.67, 1
74.68, 0
74.69, 1
74.7, 1
74.71, 0
74.72, 0
74.73, 0
74.74, 0
74.75, 1
74.76, 0
74.77, 0
74.78, 0
74.79, 0
74.8, 0
74.81, 0
74.82, 0
74.83, 0
74.84, 0
74.85, 0
74.86, 0
74.87, 1
74.88, 1
74.89, 1
74.9, 2
74.91, 1
74.92, 2
74.93, 1
74.94, 0
74.95, 1
74.96, 2
74.97, 1
74.98, 2
74.99, 1
75, 2
75.01, 0
75.02, 0
75.03, 1
75.04, 0
75.05, 0
75.06, 0
75.07, 0
75.08, 1
75.09, 0
75.1, 0
75.11, 1
75.12, 1
75.13, 2
75.14, 1
75.15, 1
75.16, 1
75.17, 1
75.18, 1
75.19, 0
75.2, 1
75.21, 0
75.22, 1
75.23, 1
75.24, 1
75.25, 0
75.26, 1
75.27, 2
75.28, 0
75.29, 1
75.3, 1
75.31, 1
75.32, 2
75.33, 3
75.34, 3
75.35, 3
75.36, 2
75.37, 4
75.38, 3
75.39, 5
75.4, 7
75.41, 4
75.42, 4
75.43, 4
75.44, 4
75.45, 4
75.46, 2
75.47, 4
75.48, 4
75.49, 4
75.5, 3
75.51, 3
75.52, 2
75.53, 1
75.54, 2
75.55, 1
75.56, 2
75.57, 2
75.58, 2
75.59, 3
75.6, 3
75.61, 2
75.62, 3
75.63, 3
75.64, 3
75.65, 4
75.66, 4
75.67, 4
75.68, 2
75.69, 5
75.7, 3
75.71, 3
75.72, 4
75.73, 2
75.74, 1
75.75, 2
75.76, 1
75.77, 1
75.78, 2
75.79, 3
75.8, 1
75.81, 1
75.82, 1
75.83, 0
75.84, 1
75.85, 1
75.86, 2
75.87, 2
75.88, 2
75.89, 1
75.9, 2
75.91, 1
75.92, 1
75.93, 1
75.94, 0
75.95, 1
75.96, 1
75.97, 0
75.98, 0
75.99, 0
76, 1
76.01, 1
76.02, 0
76.03, 1
76.04, 0
76.05, 0
76.06, 0
76.07, 1
76.08, 1
76.09, 0
76.1, 0
76.11, 0
76.12, 1
76.13, 1
76.14, 0
76.15, 1
76.16, 0
76.17, 0
76.18, 0
76.19, 1
76.2, 1
76.21, 1
76.22, 1
76.23, 1
76.24, 0
76.25, 0
76.26, 1
76.27, 1
76.28, 2
76.29, 0
76.3, 0
76.31, 1
76.32, 1
76.33, 1
76.34, 0
76.35, 0
76.36, 0
76.37, 0
76.38, 0
76.39, 0
76.4, 1
76.41, 1
76.42, 1
76.43, 0
76.44, 1
76.45, 0
76.46, 0
76.47, 2
76.48, 0
76.49, 2
76.5, 2
76.51, 1
76.52, 3
76.53, 1
76.54, 1
76.55, 0
76.56, 1
76.57, 2
76.58, 1
76.59, 1
76.6, 0
76.61, 1
76.62, 0
76.63, 0
76.64, 0
76.65, 1
76.66, 1
76.67, 0
76.68, 0
76.69, 0
76.7, 0
76.71, 0
76.72, 1
76.73, 0
76.74, 1
76.75, 0
76.76, 0
76.77, 1
76.78, 0
76.79, 0
76.8, 0
76.81, 1
76.82, 1
76.83, 0
76.84, 0
76.85, 0
76.86, 0
76.87, 0
76.88, 0
76.89, 0
76.9, 0
76.91, 0
76.92, 0
76.93, 1
76.94, 0
76.95, 0
76.96, 0
76.97, 0
76.98, 0
76.99, 0
77, 0
77.01, 0
77.02, 0
77.03, 0
77.04, 0
77.05, 0
77.06, 0
77.07, 0
77.08, 1
77.09, 0
77.1, 0
77.11, 0
77.12, 0
77.13, 0
77.14, 0
77.15, 0
77.16, 1
77.17, 1
77.18, 0
77.19, 1
77.2, 0
77.21, 0
77.22, 0
77.23, 0
77.24, 0
77.25, 0
77.26, 0
77.27, 0
77.28, 0
77.29, 1
77.3, 0
77.31, 0
77.32, 0
77.33, 0
77.34, 0
77.35, 1
77.36, 1
77.37, 1
77.38, 1
77.39, 0
77.4, 0
77.41, 0
77.42, 0
77.43, 0
77.44, 0
77.45, 1
77.46, 0
77.47, 0
77.48, 0
77.49, 0
77.5, 1
77.51, 0
77.52, 0
77.53, 0
77.54, 0
77.55, 0
77.56, 0
77.57, 1
77.58, 0
77.59, 1
77.6, 0
77.61, 0
77.62, 0
77.63, 0
77.64, 1
77.65, 0
77.66, 0
77.67, 1
77.68, 1
77.69, 1
77.7, 1
77.71, 1
77.72, 1
77.73, 0
77.74, 0
77.75, 0
77.76, 0
77.77, 1
77.78, 1
77.79, 0
77.8, 1
77.81, 0
77.82, 0
77.83, 1
77.84, 0
77.85, 1
77.86, 0
77.87, 1
77.88, 1
77.89, 0
77.9, 0
77.91, 0
77.92, 0
77.93, 0
77.94, 1
77.95, 0
77.96, 0
77.97, 0
77.98, 0
77.99, 1
78, 1
78.01, 0
78.02, 1
78.03, 1
78.04, 0
78.05, 0
78.06, 1
78.07, 0
78.08, 0
78.09, 0
78.1, 0
78.11, 0
78.12, 0
78.13, 0
78.14, 0
78.15, 0
78.16, 0
78.17, 0
78.18, 0
78.19, 1
78.2, 0
78.21, 1
78.22, 0
78.23, 0
78.24, 0
78.25, 0
78.26, 1
78.27, 1
78.28, 0
78.29, 0
78.3, 0
78.31, 0
78.32, 0
78.33, 0
78.34, 0
78.35, 0
78.36, 0
78.37, 0
78.38, 0
78.39, 1
78.4, 0
78.41, 0
78.42, 1
78.43, 0
78.44, 0
78.45, 0
78.46, 0
78.47, 1
78.48, 0
78.49, 1
78.5, 1
78.51, 0
78.52, 0
78.53, 0
78.54, 0
78.55, 0
78.56, 0
78.57, 0
78.58, 0
78.59, 0
78.6, 1
78.61, 0
78.62, 0
78.63, 0
78.64, 0
78.65, 0
78.66, 0
78.67, 0
78.68, 0
78.69, 1
78.7, 0
78.71, 1
78.72, 1
78.73, 0
78.74, 0
78.75, 0
78.76, 0
78.77, 1
78.78, 1
78.79, 1
78.8, 1
78.81, 1
78.82, 1
78.83, 1
78.84, 0
78.85, 2
78.86, 1
78.87, 1
78.88, 1
78.89, 0
78.9, 1
78.91, 1
78.92, 1
78.93, 0
78.94, 0
78.95, 0
78.96, 0
78.97, 0
78.98, 0
78.99, 0
79, 0
79.01, 1
79.02, 1
79.03, 0
79.04, 0
79.05, 0
79.06, 0
79.07, 1
79.08, 1
79.09, 1
79.1, 0
79.11, 1
79.12, 1
79.13, 0
79.14, 1
79.15, 1
79.16, 0
79.17, 1
79.18, 0
79.19, 0
79.2, 0
79.21, 0
79.22, 0
79.23, 0
79.24, 0
79.25, 2
79.26, 1
79.27, 0
79.28, 0
79.29, 0
79.3, 1
79.31, 1
79.32, 1
79.33, 0
79.34, 0
79.35, 0
79.36, 0
79.37, 0
79.38, 1
79.39, 0
79.4, 0
79.41, 0
79.42, 0
79.43, 0
79.44, 0
79.45, 0
79.46, 0
79.47, 0
79.48, 0
79.49, 1
79.5, 0
79.51, 0
79.52, 1
79.53, 0
79.54, 0
79.55, 0
79.56, 0
79.57, 0
79.58, 0
79.59, 0
79.6, 1
79.61, 1
79.62, 0
79.63, 1
79.64, 0
79.65, 0
79.66, 0
79.67, 1
79.68, 1
79.69, 1
79.7, 0
79.71, 1
79.72, 1
79.73, 0
79.74, 0
79.75, 0
79.76, 1
79.77, 0
79.78, 1
79.79, 0
79.8, 0
79.81, 0
79.82, 0
79.83, 0
79.84, 1
79.85, 0
79.86, 0
79.87, 0
79.88, 0
79.89, 0
79.9, 0
79.91, 1
79.92, 1
79.93, 0
79.94, 1
79.95, 0
79.96, 0
79.97, 1
79.98, 0
79.99, 1
80, 0
80.01, 0
80.02, 1
80.03, 0
80.04, 0
80.05, 0
80.06, 0
80.07, 0
80.08, 0
80.09, 0
80.1, 1
80.11, 1
80.12, 0
80.13, 0
80.14, 1
80.15, 0
80.16, 0
80.17, 0
80.18, 0
80.19, 0
80.2, 0
80.21, 0
80.22, 1
80.23, 0
80.24, 0
80.25, 1
80.26, 0
80.27, 1
80.28, 0
80.29, 0
80.3, 1
80.31, 1
80.32, 0
80.33, 1
80.34, 1
80.35, 0
80.36, 0
80.37, 0
80.38, 0
80.39, 0
80.4, 1
80.41, 0
80.42, 0
80.43, 0
80.44, 0
80.45, 0
80.46, 0
80.47, 0
80.48, 0
80.49, 0
80.5, 0
80.51, 0
80.52, 0
80.53, 1
80.54, 1
80.55, 0
80.56, 1
80.57, 0
80.58, 1
80.59, 0
80.6, 0
80.61, 1
80.62, 1
80.63, 1
80.64, 0
80.65, 1
80.66, 0
80.67, 0
80.68, 0
80.69, 0
80.7, 1
80.71, 0
80.72, 1
80.73, 1
80.74, 0
80.75, 0
80.76, 1
80.77, 0
80.78, 1
80.79, 0
80.8, 0
80.81, 1
80.82, 1
80.83, 0
80.84, 0
80.85, 1
80.86, 0
80.87, 0
80.88, 1
80.89, 0
80.9, 0
80.91, 1
80.92, 1
80.93, 0
80.94, 0
80.95, 0
80.96, 0
80.97, 0
80.98, 0
80.99, 0
81, 1
81.01, 0
81.02, 0
81.03, 0
81.04, 0
81.05, 0
81.06, 0
81.07, 0
81.08, 0
81.09, 0
81.1, 0
81.11, 0
81.12, 0
81.13, 0
81.14, 1
81.15, 0
81.16, 0
81.17, 0
81.18, 0
81.19, 0
81.2, 0
81.21, 1
81.22, 2
81.23, 0
81.24, 1
81.25, 1
81.26, 0
81.27, 1
81.28, 0
81.29, 0
81.3, 1
81.31, 0
81.32, 0
81.33, 0
81.34, 1
81.35, 1
81.36, 0
81.37, 1
81.38, 0
81.39, 0
81.4, 1
81.41, 0
81.42, 1
81.43, 1
81.44, 1
81.45, 1
81.46, 0
81.47, 0
81.48, 0
81.49, 0
81.5, 1
81.51, 0
81.52, 1
81.53, 0
81.54, 2
81.55, 1
81.56, 1
81.57, 0
81.58, 1
81.59, 1
81.6, 0
81.61, 0
81.62, 0
81.63, 1
81.64, 1
81.65, 0
81.66, 0
81.67, 1
81.68, 0
81.69, 1
81.7, 0
81.71, 0
81.72, 0
81.73, 0
81.74, 1
81.75, 2
81.76, 1
81.77, 0
81.78, 1
81.79, 0
81.8, 0
81.81, 1
81.82, 0
81.83, 0
81.84, 0
81.85, 0
81.86, 0
81.87, 1
81.88, 0
81.89, 1
81.9, 1
81.91, 0
81.92, 1
81.93, 0
81.94, 0
81.95, 0
81.96, 0
81.97, 0
81.98, 0
81.99, 0
82, 1
82.01, 0
82.02, 0
82.03, 1
82.04, 0
82.05, 0
82.06, 0
82.07, 0
82.08, 0
82.09, 0
82.1, 1
82.11, 1
82.12, 0
82.13, 0
82.14, 0
82.15, 1
82.16, 0
82.17, 0
82.18, 0
82.19, 0
82.2, 0
82.21, 0
82.22, 0
82.23, 0
82.24, 0
82.25, 0
82.26, 0
82.27, 0
82.28, 0
82.29, 1
82.3, 0
82.31, 0
82.32, 0
82.33, 0
82.34, 0
82.35, 0
82.36, 0
82.37, 1
82.38, 0
82.39, 0
82.4, 0
82.41, 0
82.42, 1
82.43, 0
82.44, 1
82.45, 1
82.46, 1
82.47, 0
82.48, 1
82.49, 0
82.5, 0
82.51, 0
82.52, 1
82.53, 0
82.54, 0
82.55, 0
82.56, 0
82.57, 0
82.58, 0
82.59, 0
82.6, 0
82.61, 1
82.62, 1
82.63, 1
82.64, 0
82.65, 0
82.66, 0
82.67, 0
82.68, 1
82.69, 0
82.7, 0
82.71, 0
82.72, 0
82.73, 0
82.74, 0
82.75, 0
82.76, 0
82.77, 0
82.78, 0
82.79, 1
82.8, 0
82.81, 0
82.82, 0
82.83, 0
82.84, 0
82.85, 1
82.86, 1
82.87, 1
82.88, 0
82.89, 0
82.9, 0
82.91, 0
82.92, 1
82.93, 0
82.94, 1
82.95, 0
82.96, 1
82.97, 0
82.98, 0
82.99, 0
83, 0
83.01, 0
83.02, 0
83.03, 0
83.04, 0
83.05, 0
83.06, 0
83.07, 1
83.08, 1
83.09, 1
83.1, 1
83.11, 1
83.12, 1
83.13, 1
83.14, 0
83.15, 0
83.16, 0
83.17, 0
83.18, 1
83.19, 1
83.2, 0
83.21, 1
83.22, 0
83.23, 0
83.24, 1
83.25, 0
83.26, 1
83.27, 0
83.28, 1
83.29, 0
83.3, 0
83.31, 1
83.32, 2
83.33, 0
83.34, 1
83.35, 0
83.36, 1
83.37, 0
83.38, 0
83.39, 1
83.4, 1
83.41, 0
83.42, 0
83.43, 0
83.44, 0
83.45, 1
83.46, 1
83.47, 1
83.48, 1
83.49, 0
83.5, 0
83.51, 0
83.52, 0
83.53, 0
83.54, 1
83.55, 1
83.56, 0
83.57, 0
83.58, 1
83.59, 0
83.6, 1
83.61, 0
83.62, 0
83.63, 0
83.64, 1
83.65, 1
83.66, 1
83.67, 1
83.68, 0
83.69, 1
83.7, 0
83.71, 0
83.72, 1
83.73, 1
83.74, 1
83.75, 0
83.76, 1
83.77, 0
83.78, 1
83.79, 0
83.8, 1
83.81, 0
83.82, 0
83.83, 0
83.84, 0
83.85, 0
83.86, 0
83.87, 0
83.88, 1
83.89, 1
83.9, 1
83.91, 0
83.92, 2
83.93, 0
83.94, 0
83.95, 1
83.96, 0
83.97, 0
83.98, 0
83.99, 1
84, 0
84.01, 1
84.02, 1
84.03, 0
84.04, 0
84.05, 1
84.06, 1
84.07, 1
84.08, 0
84.09, 1
84.1, 1
84.11, 0
84.12, 0
84.13, 1
84.14, 0
84.15, 0
84.16, 0
84.17, 1
84.18, 0
84.19, 1
84.2, 1
84.21, 1
84.22, 1
84.23, 0
84.24, 0
84.25, 0
84.26, 1
84.27, 0
84.28, 0
84.29, 1
84.3, 0
84.31, 0
84.32, 0
84.33, 0
84.34, 1
84.35, 0
84.36, 1
84.37, 1
84.38, 0
84.39, 0
84.4, 0
84.41, 0
84.42, 0
84.43, 0
84.44, 0
84.45, 1
84.46, 1
84.47, 1
84.48, 1
84.49, 1
84.5, 0
84.51, 0
84.52, 0
84.53, 0
84.54, 0
84.55, 0
84.56, 0
84.57, 1
84.58, 0
84.59, 0
84.6, 0
84.61, 0
84.62, 0
84.63, 0
84.64, 1
84.65, 1
84.66, 1
84.67, 0
84.68, 1
84.69, 0
84.7, 0
84.71, 0
84.72, 1
84.73, 0
84.74, 0
84.75, 1
84.76, 0
84.77, 0
84.78, 0
84.79, 0
84.8, 0
84.81, 0
84.82, 0
84.83, 0
84.84, 0
84.85, 0
84.86, 1
84.87, 0
84.88, 1
84.89, 0
84.9, 1
84.91, 0
84.92, 0
84.93, 0
84.94, 1
84.95, 1
84.96, 0
84.97, 1
84.98, 0
84.99, 0
85, 0
85.01, 0
85.02, 0
85.03, 0
85.04, 0
85.05, 0
85.06, 0
85.07, 0
85.08, 0
85.09, 0
85.1, 0
85.11, 0
85.12, 0
85.13, 0
85.14, 0
85.15, 0
85.16, 0
85.17, 0
85.18, 0
85.19, 0
85.2, 0
85.21, 0
85.22, 0
85.23, 0
85.24, 0
85.25, 0
85.26, 0
85.27, 0
85.28, 0
85.29, 0
85.3, 0
85.31, 0
85.32, 0
85.33, 0
85.34, 0
85.35, 0
85.36, 0
85.37, 0
85.38, 0
85.39, 0
85.4, 0
85.41, 0
85.42, 0
85.43, 0
85.44, 0
85.45, 0
85.46, 0
85.47, 0
85.48, 0
85.49, 0
85.5, 0
85.51, 0
85.52, 0
85.53, 0
85.54, 0
85.55, 0
85.56, 0
85.57, 0
85.58, 0
85.59, 0
85.6, 0
85.61, 0
85.62, 0
85.63, 0
85.64, 0
85.65, 0
85.66, 0
85.67, 0
85.68, 0
85.69, 0
85.7, 0
85.71, 0
85.72, 0
85.73, 0
85.74, 0
85.75, 0
85.76, 0
85.77, 0
85.78, 0
85.79, 0
85.8, 0
85.81, 0
85.82, 0
85.83, 0
85.84, 0
85.85, 0
85.86, 0
85.87, 0
85.88, 0
85.89, 0
85.9, 0
85.91, 0
85.92, 0
85.93, 0
85.94, 0
85.95, 0
85.96, 0
85.97, 0
85.98, 0
85.99, 0
86, 0
86.01, 0
86.02, 0
86.03, 0
86.04, 0
86.05, 0
86.06, 0
86.07, 0
86.08, 0
86.09, 0
86.1, 0
86.11, 0
86.12, 0
86.13, 0
86.14, 0
86.15, 0
86.16, 0
86.17, 0
86.18, 0
86.19, 0
86.2, 0
86.21, 0
86.22, 0
86.23, 0
86.24, 0
86.25, 0
86.26, 0
86.27, 0
86.28, 0
86.29, 0
86.3, 0
86.31, 0
86.32, 0
86.33, 0
86.34, 0
86.35, 0
86.36, 0
86.37, 0
86.38, 0
86.39, 0
86.4, 0
86.41, 0
86.42, 0
86.43, 0
86.44, 0
86.45, 0
86.46, 0
86.47, 0
86.48, 0
86.49, 0
86.5, 0
86.51, 0
86.52, 0
86.53, 0
86.54, 0
86.55, 0
86.56, 0
86.57, 0
86.58, 0
86.59, 0
86.6, 0
86.61, 0
86.62, 0
86.63, 0
86.64, 0
86.65, 0
86.66, 0
86.67, 0
86.68, 0
86.69, 0
86.7, 0
86.71, 0
86.72, 0
86.73, 0
86.74, 0
86.75, 0
86.76, 0
86.77, 0
86.78, 0
86.79, 0
86.8, 0
86.81, 0
86.82, 0
86.83, 0
86.84, 0
86.85, 0
86.86, 0
86.87, 0
86.88, 0
86.89, 0
86.9, 0
86.91, 0
86.92, 0
86.93, 0
86.94, 0
86.95, 0
86.96, 0
86.97, 0
86.98, 0
86.99, 0
87, 0
87.01, 0
87.02, 0
87.03, 0
87.04, 0
87.05, 0
87.06, 0
87.07, 0
87.08, 0
87.09, 0
87.1, 0
87.11, 0
87.12, 0
87.13, 0
87.14, 0
87.15, 0
87.16, 0
87.17, 0
87.18, 0
87.19, 0
87.2, 0
87.21, 0
87.22, 0
87.23, 0
87.24, 0
87.25, 0
87.26, 0
87.27, 0
87.28, 0
87.29, 0
87.3, 0
87.31, 0
87.32, 0
87.33, 0
87.34, 0
87.35, 0
87.36, 0
87.37, 0
87.38, 0
87.39, 0
87.4, 0
87.41, 0
87.42, 0
87.43, 0
87.44, 0
87.45, 0
87.46, 0
87.47, 0
87.48, 0
87.49, 0
87.5, 0
87.51, 0
87.52, 0
87.53, 0
87.54, 0
87.55, 0
87.56, 0
87.57, 0
87.58, 0
87.59, 0
87.6, 0
87.61, 0
87.62, 0
87.63, 0
87.64, 0
87.65, 0
87.66, 0
87.67, 0
87.68, 0
87.69, 0
87.7, 0
87.71, 0
87.72, 0
87.73, 0
87.74, 0
87.75, 0
87.76, 0
87.77, 0
87.78, 0
87.79, 0
87.8, 0
87.81, 0
87.82, 0
87.83, 0
87.84, 0
87.85, 0
87.86, 0
87.87, 0
87.88, 0
87.89, 0
87.9, 0
87.91, 0
87.92, 0
87.93, 0
87.94, 0
87.95, 0
87.96, 0
87.97, 0
87.98, 0
87.99, 0
88, 0
88.01, 0
88.02, 0
88.03, 0
88.04, 0
88.05, 0
88.06, 0
88.07, 0
88.08, 0
88.09, 0
88.1, 0
88.11, 0
88.12, 0
88.13, 0
88.14, 0
88.15, 0
88.16, 0
88.17, 0
88.18, 0
88.19, 0
88.2, 0
88.21, 0
88.22, 0
88.23, 0
88.24, 0
88.25, 0
88.26, 0
88.27, 0
88.28, 0
88.29, 0
88.3, 0
88.31, 0
88.32, 0
88.33, 0
88.34, 0
88.35, 0
88.36, 0
88.37, 0
88.38, 0
88.39, 0
88.4, 0
88.41, 0
88.42, 0
88.43, 0
88.44, 0
88.45, 0
88.46, 0
88.47, 0
88.48, 0
88.49, 0
88.5, 0
88.51, 0
88.52, 0
88.53, 0
88.54, 0
88.55, 0
88.56, 0
88.57, 0
88.58, 0
88.59, 0
88.6, 0
88.61, 0
88.62, 0
88.63, 0
88.64, 0
88.65, 0
88.66, 0
88.67, 0
88.68, 0
88.69, 0
88.7, 0
88.71, 0
88.72, 0
88.73, 0
88.74, 0
88.75, 0
88.76, 0
88.77, 0
88.78, 0
88.79, 0
88.8, 0
88.81, 0
88.82, 0
88.83, 0
88.84, 0
88.85, 0
88.86, 0
88.87, 0
88.88, 0
88.89, 0
88.9, 0
88.91, 0
88.92, 0
88.93, 0
88.94, 0
88.95, 0
88.96, 0
88.97, 0
88.98, 0
88.99, 0
89, 0
89.01, 0
89.02, 0
89.03, 0
89.04, 0
89.05, 0
89.06, 0
89.07, 0
89.08, 0
89.09, 0
89.1, 0
89.11, 0
89.12, 0
89.13, 0
89.14, 0
89.15, 0
89.16, 0
89.17, 0
89.18, 0
89.19, 0
89.2, 0
89.21, 0
89.22, 0
89.23, 0
89.24, 0
89.25, 0
89.26, 0
89.27, 0
89.28, 0
89.29, 0
89.3, 0
89.31, 0
89.32, 0
89.33, 0
89.34, 0
89.35, 0
89.36, 0
89.37, 0
89.38, 0
89.39, 0
89.4, 0
89.41, 0
89.42, 0
89.43, 0
89.44, 0
89.45, 0
89.46, 0
89.47, 0
89.48, 0
89.49, 0
89.5, 0
89.51, 0
89.52, 0
89.53, 0
89.54, 0
89.55, 0
89.56, 0
89.57, 0
89.58, 0
89.59, 0
89.6, 0
89.61, 0
89.62, 0
89.63, 0
89.64, 0
89.65, 0
89.66, 0
89.67, 0
89.68, 0
89.69, 0
89.7, 0
89.71, 0
89.72, 0
89.73, 0
89.74, 0
89.75, 0
89.76, 0
89.77, 0
89.78, 0
89.79, 0
89.8, 0
89.81, 0
89.82, 0
89.83, 0
89.84, 0
89.85, 0
89.86, 0
89.87, 0
89.88, 0
89.89, 0
89.9, 0
89.91, 0
89.92, 0
89.93, 0
89.94, 0
89.95, 0
89.96, 0
89.97, 0
89.98, 0
89.99, 0
90, 0
90.01, 0
90.02, 0
90.03, 0
90.04, 0
90.05, 0
90.06, 0
90.07, 0
90.08, 0
90.09, 0
90.1, 0
90.11, 0
90.12, 0
90.13, 0
90.14, 0
90.15, 0
90.16, 0
90.17, 0
90.18, 0
90.19, 0
90.2, 0
90.21, 0
90.22, 0
90.23, 0
90.24, 0
90.25, 0
90.26, 0
90.27, 0
90.28, 0
90.29, 0
90.3, 0
90.31, 0
90.32, 0
90.33, 0
90.34, 0
90.35, 0
90.36, 0
90.37, 0
90.38, 0
90.39, 0
90.4, 0
90.41, 0
90.42, 0
90.43, 0
90.44, 0
90.45, 0
90.46, 0
90.47, 0
90.48, 0
90.49, 0
90.5, 0
90.51, 0
90.52, 0
90.53, 0
90.54, 0
90.55, 0
90.56, 0
90.57, 0
90.58, 0
90.59, 0
90.6, 0
90.61, 0
90.62, 0
90.63, 0
90.64, 0
90.65, 0
90.66, 0
90.67, 0
90.68, 0
90.69, 0
90.7, 0
90.71, 0
90.72, 0
90.73, 0
90.74, 0
90.75, 0
90.76, 0
90.77, 0
90.78, 0
90.79, 0
90.8, 0
90.81, 0
90.82, 0
90.83, 0
90.84, 0
90.85, 0
90.86, 0
90.87, 0
90.88, 0
90.89, 0
90.9, 0
90.91, 0
90.92, 0
90.93, 0
90.94, 0
90.95, 0
90.96, 0
90.97, 0
90.98, 0
90.99, 0
91, 0
91.01, 0
91.02, 0
91.03, 0
91.04, 0
91.05, 0
91.06, 0
91.07, 0
91.08, 0
91.09, 0
91.1, 0
91.11, 0
91.12, 0
91.13, 0
91.14, 0
91.15, 0
91.16, 0
91.17, 0
91.18, 0
91.19, 0
91.2, 0
91.21, 0
91.22, 0
91.23, 0
91.24, 0
91.25, 0
91.26, 0
91.27, 0
91.28, 0
91.29, 0
91.3, 0
91.31, 0
91.32, 0
91.33, 0
91.34, 0
91.35, 0
91.36, 0
91.37, 0
91.38, 0
91.39, 0
91.4, 0
91.41, 0
91.42, 0
91.43, 0
91.44, 0
91.45, 0
91.46, 0
91.47, 0
91.48, 0
91.49, 0
91.5, 0
91.51, 0
91.52, 0
91.53, 0
91.54, 0
91.55, 0
91.56, 0
91.57, 0
91.58, 0
91.59, 0
91.6, 0
91.61, 0
91.62, 0
91.63, 0
91.64, 0
91.65, 0
91.66, 0
91.67, 0
91.68, 0
91.69, 0
91.7, 0
91.71, 0
91.72, 0
91.73, 0
91.74, 0
91.75, 0
91.76, 0
91.77, 0
91.78, 0
91.79, 0
91.8, 0
91.81, 0
91.82, 0
91.83, 0
91.84, 0
91.85, 0
91.86, 0
91.87, 0
91.88, 0
91.89, 0
91.9, 0
91.91, 0
91.92, 0
91.93, 0
91.94, 0
91.95, 0
91.96, 0
91.97, 0
91.98, 0
91.99, 0
92, 0
92.01, 0
92.02, 0
92.03, 0
92.04, 0
92.05, 0
92.06, 0
92.07, 0
92.08, 0
92.09, 0
92.1, 0
92.11, 0
92.12, 0
92.13, 0
92.14, 0
92.15, 0
92.16, 0
92.17, 0
92.18, 0
92.19, 0
92.2, 0
92.21, 0
92.22, 0
92.23, 0
92.24, 0
92.25, 0
92.26, 0
92.27, 0
92.28, 0
92.29, 0
92.3, 0
92.31, 0
92.32, 0
92.33, 0
92.34, 0
92.35, 0
92.36, 0
92.37, 0
92.38, 0
92.39, 0
92.4, 0
92.41, 0
92.42, 0
92.43, 0
92.44, 0
92.45, 0
92.46, 0
92.47, 0
92.48, 0
92.49, 0
92.5, 0
92.51, 0
92.52, 0
92.53, 0
92.54, 0
92.55, 0
92.56, 0
92.57, 0
92.58, 0
92.59, 0
92.6, 0
92.61, 0
92.62, 0
92.63, 0
92.64, 0
92.65, 0
92.66, 0
92.67, 0
92.68, 0
92.69, 0
92.7, 0
92.71, 0
92.72, 0
92.73, 0
92.74, 0
92.75, 0
92.76, 0
92.77, 0
92.78, 0
92.79, 0
92.8, 0
92.81, 0
92.82, 0
92.83, 0
92.84, 0
92.85, 0
92.86, 0
92.87, 0
92.88, 0
92.89, 0
92.9, 0
92.91, 0
92.92, 0
92.93, 0
92.94, 0
92.95, 0
92.96, 0
92.97, 0
92.98, 0
92.99, 0
93, 0
93.01, 0
93.02, 0
93.03, 0
93.04, 0
93.05, 0
93.06, 0
93.07, 0
93.08, 0
93.09, 0
93.1, 0
93.11, 0
93.12, 0
93.13, 0
93.14, 0
93.15, 0
93.16, 0
93.17, 0
93.18, 0
93.19, 0
93.2, 0
93.21, 0
93.22, 0
93.23, 0
93.24, 0
93.25, 0
93.26, 0
93.27, 0
93.28, 0
93.29, 0
93.3, 0
93.31, 0
93.32, 0
93.33, 0
93.34, 0
93.35, 0
93.36, 0
93.37, 0
93.38, 0
93.39, 0
93.4, 0
93.41, 0
93.42, 0
93.43, 0
93.44, 0
93.45, 0
93.46, 0
93.47, 0
93.48, 0
93.49, 0
93.5, 0
93.51, 0
93.52, 0
93.53, 0
93.54, 0
93.55, 0
93.56, 0
93.57, 0
93.58, 0
93.59, 0
93.6, 0
93.61, 0
93.62, 0
93.63, 0
93.64, 0
93.65, 0
93.66, 0
93.67, 0
93.68, 0
93.69, 0
93.7, 0
93.71, 0
93.72, 0
93.73, 0
93.74, 0
93.75, 0
93.76, 0
93.77, 0
93.78, 0
93.79, 0
93.8, 0
93.81, 0
93.82, 0
93.83, 0
93.84, 0
93.85, 0
93.86, 0
93.87, 0
93.88, 0
93.89, 0
93.9, 0
93.91, 0
93.92, 0
93.93, 0
93.94, 0
93.95, 0
93.96, 0
93.97, 0
93.98, 0
93.99, 0
94, 0
94.01, 0
94.02, 0
94.03, 0
94.04, 0
94.05, 0
94.06, 0
94.07, 0
94.08, 0
94.09, 0
94.1, 0
94.11, 0
94.12, 0
94.13, 0
94.14, 0
94.15, 0
94.16, 0
94.17, 0
94.18, 0
94.19, 0
94.2, 0
94.21, 0
94.22, 0
94.23, 0
94.24, 0
94.25, 0
94.26, 0
94.27, 0
94.28, 0
94.29, 0
94.3, 0
94.31, 0
94.32, 0
94.33, 0
94.34, 0
94.35, 0
94.36, 0
94.37, 0
94.38, 0
94.39, 0
94.4, 0
94.41, 0
94.42, 0
94.43, 0
94.44, 0
94.45, 0
94.46, 0
94.47, 0
94.48, 0
94.49, 0
94.5, 0
94.51, 0
94.52, 0
94.53, 0
94.54, 0
94.55, 0
94.56, 0
94.57, 0
94.58, 0
94.59, 0
94.6, 0
94.61, 0
94.62, 0
94.63, 0
94.64, 0
94.65, 0
94.66, 0
94.67, 0
94.68, 0
94.69, 0
94.7, 0
94.71, 0
94.72, 0
94.73, 0
94.74, 0
94.75, 0
94.76, 0
94.77, 0
94.78, 0
94.79, 0
94.8, 0
94.81, 0
94.82, 0
94.83, 0
94.84, 0
94.85, 0
94.86, 0
94.87, 0
94.88, 0
94.89, 0
94.9, 0
94.91, 0
94.92, 0
94.93, 0
94.94, 0
94.95, 0
94.96, 0
94.97, 0
94.98, 0
94.99, 0
95, 0
95.01, 0
95.02, 0
95.03, 0
95.04, 0
95.05, 0
95.06, 0
95.07, 0
95.08, 0
95.09, 0
95.1, 0
95.11, 0
95.12, 0
95.13, 0
95.14, 0
95.15, 0
95.16, 0
95.17, 0
95.18, 0
95.19, 0
95.2, 0
95.21, 0
95.22, 0
95.23, 0
95.24, 0
95.25, 0
95.26, 0
95.27, 0
95.28, 0
95.29, 0
95.3, 0
95.31, 0
95.32, 0
95.33, 0
95.34, 0
95.35, 0
95.36, 0
95.37, 0
95.38, 0
95.39, 0
95.4, 0
95.41, 0
95.42, 0
95.43, 0
95.44, 0
95.45, 0
95.46, 0
95.47, 0
95.48, 0
95.49, 0
95.5, 0
95.51, 0
95.52, 0
95.53, 0
95.54, 0
95.55, 0
95.56, 0
95.57, 0
95.58, 0
95.59, 0
95.6, 0
95.61, 0
95.62, 0
95.63, 0
95.64, 0
95.65, 0
95.66, 0
95.67, 0
95.68, 0
95.69, 0
95.7, 0
95.71, 0
95.72, 0
95.73, 0
95.74, 0
95.75, 0
95.76, 0
95.77, 0
95.78, 0
95.79, 0
95.8, 0
95.81, 0
95.82, 0
95.83, 0
95.84, 0
95.85, 0
95.86, 0
95.87, 0
95.88, 0
95.89, 0
95.9, 0
95.91, 0
95.92, 0
95.93, 0
95.94, 0
95.95, 0
95.96, 0
95.97, 0
95.98, 0
95.99, 0
96, 0
96.01, 0
96.02, 0
96.03, 0
96.04, 0
96.05, 0
96.06, 0
96.07, 0
96.08, 0
96.09, 0
96.1, 0
96.11, 0
96.12, 0
96.13, 0
96.14, 0
96.15, 0
96.16, 0
96.17, 0
96.18, 0
96.19, 0
96.2, 0
96.21, 0
96.22, 0
96.23, 0
96.24, 0
96.25, 0
96.26, 0
96.27, 0
96.28, 0
96.29, 0
96.3, 0
96.31, 0
96.32, 0
96.33, 0
96.34, 0
96.35, 0
96.36, 0
96.37, 0
96.38, 0
96.39, 0
96.4, 0
96.41, 0
96.42, 0
96.43, 0
96.44, 0
96.45, 0
96.46, 0
96.47, 0
96.48, 0
96.49, 0
96.5, 0
96.51, 0
96.52, 0
96.53, 0
96.54, 0
96.55, 0
96.56, 0
96.57, 0
96.58, 0
96.59, 0
96.6, 0
96.61, 0
96.62, 0
96.63, 0
96.64, 0
96.65, 0
96.66, 0
96.67, 0
96.68, 0
96.69, 0
96.7, 0
96.71, 0
96.72, 0
96.73, 0
96.74, 0
96.75, 0
96.76, 0
96.77, 0
96.78, 0
96.79, 0
96.8, 0
96.81, 0
96.82, 0
96.83, 0
96.84, 0
96.85, 0
96.86, 0
96.87, 0
96.88, 0
96.89, 0
96.9, 0
96.91, 0
96.92, 0
96.93, 0
96.94, 0
96.95, 0
96.96, 0
96.97, 0
96.98, 0
96.99, 0
97, 0
97.01, 0
97.02, 0
97.03, 0
97.04, 0
97.05, 0
97.06, 0
97.07, 0
97.08, 0
97.09, 0
97.1, 0
97.11, 0
97.12, 0
97.13, 0
97.14, 0
97.15, 0
97.16, 0
97.17, 0
97.18, 0
97.19, 0
97.2, 0
97.21, 0
97.22, 0
97.23, 0
97.24, 0
97.25, 0
97.26, 0
97.27, 0
97.28, 0
97.29, 0
97.3, 0
97.31, 0
97.32, 0
97.33, 0
97.34, 0
97.35, 0
97.36, 0
97.37, 0
97.38, 0
97.39, 0
97.4, 0
97.41, 0
97.42, 0
97.43, 0
97.44, 0
97.45, 0
97.46, 0
97.47, 0
97.48, 0
97.49, 0
97.5, 0
97.51, 0
97.52, 0
97.53, 0
97.54, 0
97.55, 0
97.56, 0
97.57, 0
97.58, 0
97.59, 0
97.6, 0
97.61, 0
97.62, 0
97.63, 0
97.64, 0
97.65, 0
97.66, 0
97.67, 0
97.68, 0
97.69, 0
97.7, 0
97.71, 0
97.72, 0
97.73, 0
97.74, 0
97.75, 0
97.76, 0
97.77, 0
97.78, 0
97.79, 0
97.8, 0
97.81, 0
97.82, 0
97.83, 0
97.84, 0
97.85, 0
97.86, 0
97.87, 0
97.88, 0
97.89, 0
97.9, 0
97.91, 0
97.92, 0
97.93, 0
97.94, 0
97.95, 0
97.96, 0
97.97, 0
97.98, 0
97.99, 0
98, 0
98.01, 0
98.02, 0
98.03, 0
98.04, 0
98.05, 0
98.06, 0
98.07, 0
98.08, 0
98.09, 0
98.1, 0
98.11, 0
98.12, 0
98.13, 0
98.14, 0
98.15, 0
98.16, 0
98.17, 0
98.18, 0
98.19, 0
98.2, 0
98.21, 0
98.22, 0
98.23, 0
98.24, 0
98.25, 0
98.26, 0
98.27, 0
98.28, 0
98.29, 0
98.3, 0
98.31, 0
98.32, 0
98.33, 0
98.34, 0
98.35, 0
98.36, 0
98.37, 0
98.38, 0
98.39, 0
98.4, 0
98.41, 0
98.42, 0
98.43, 0
98.44, 0
98.45, 0
98.46, 0
98.47, 0
98.48, 0
98.49, 0
98.5, 0
98.51, 0
98.52, 0
98.53, 0
98.54, 0
98.55, 0
98.56, 0
98.57, 0
98.58, 0
98.59, 0
98.6, 0
98.61, 0
98.62, 0
98.63, 0
98.64, 0
98.65, 0
98.66, 0
98.67, 0
98.68, 0
98.69, 0
98.7, 0
98.71, 0
98.72, 0
98.73, 0
98.74, 0
98.75, 0
98.76, 0
98.77, 0
98.78, 0
98.79, 0
98.8, 0
98.81, 0
98.82, 0
98.83, 0
98.84, 0
98.85, 0
98.86, 0
98.87, 0
98.88, 0
98.89, 0
98.9, 0
98.91, 0
98.92, 0
98.93, 0
98.94, 0
98.95, 0
98.96, 0
98.97, 0
98.98, 0
98.99, 0
99, 0
99.01, 0
99.02, 0
99.03, 0
99.04, 0
99.05, 0
99.06, 0
99.07, 0
99.08, 0
99.09, 0
99.1, 0
99.11, 0
99.12, 0
99.13, 0
99.14, 0
99.15, 0
99.16, 0
99.17, 0
99.18, 0
99.19, 0
99.2, 0
99.21, 0
99.22, 0
99.23, 0
99.24, 0
99.25, 0
99.26, 0
99.27, 0
99.28, 0
99.29, 0
99.3, 0
99.31, 0
99.32, 0
99.33, 0
99.34, 0
99.35, 0
99.36, 0
99.37, 0
99.38, 0
99.39, 0
99.4, 0
99.41, 0
99.42, 0
99.43, 0
99.44, 0
99.45, 0
99.46, 0
99.47, 0
99.48, 0
99.49, 0
99.5, 0
99.51, 0
99.52, 0
99.53, 0
99.54, 0
99.55, 0
99.56, 0
99.57, 0
99.58, 0
99.59, 0
99.6, 0
99.61, 0
99.62, 0
99.63, 0
99.64, 0
99.65, 0
99.66, 0
99.67, 0
99.68, 0
99.69, 0
99.7, 0
99.71, 0
99.72, 0
99.73, 0
99.74, 0
99.75, 0
99.76, 0
99.77, 0
99.78, 0
99.79, 0
99.8, 0
99.81, 0
99.82, 0
99.83, 0
99.84, 0
99.85, 0
99.86, 0
99.87, 0
99.88, 0
99.89, 0
99.9, 0
99.91, 0
99.92, 0
99.93, 0
99.94, 0
99.95, 0
99.96, 0
99.97, 0
99.98, 0
99.99, 0
100, 0
100.01, 0
100.02, 0
100.03, 0
100.04, 0
100.05, 0
100.06, 0
100.07, 0
100.08, 0
100.09, 0
100.1, 0
100.11, 0
100.12, 0
100.13, 0
100.14, 0
100.15, 0
100.16, 0
100.17, 0
100.18, 0
100.19, 0
100.2, 0
100.21, 0
100.22, 0
100.23, 0
100.24, 0
100.25, 0
100.26, 0
100.27, 0
100.28, 0
100.29, 0
100.3, 0
100.31, 0
100.32, 0
100.33, 0
100.34, 0
100.35, 0
100.36, 0
100.37, 0
100.38, 0
100.39, 0
100.4, 0
100.41, 0
100.42, 0
100.43, 0
100.44, 0
100.45, 0
100.46, 0
100.47, 0
100.48, 0
100.49, 0
100.5, 0
100.51, 0
100.52, 0
100.53, 0
100.54, 0
100.55, 0
100.56, 0
100.57, 0
100.58, 0
100.59, 0
100.6, 0
100.61, 0
100.62, 0
100.63, 0
100.64, 0
100.65, 0
100.66, 0
100.67, 0
100.68, 0
100.69, 0
100.7, 0
100.71, 0
100.72, 0
100.73, 0
100.74, 0
100.75, 0
100.76, 0
100.77, 0
100.78, 0
100.79, 0
100.8, 0
100.81, 0
100.82, 0
100.83, 0
100.84, 0
100.85, 0
100.86, 0
100.87, 0
100.88, 0
100.89, 0
100.9, 0
100.91, 0
100.92, 0
100.93, 0
100.94, 0
100.95, 0
100.96, 0
100.97, 0
100.98, 0
100.99, 0
101, 0
101.01, 0
101.02, 0
101.03, 0
101.04, 0
101.05, 0
101.06, 0
101.07, 0
101.08, 0
101.09, 0
101.1, 0
101.11, 0
101.12, 0
101.13, 0
101.14, 0
101.15, 0
101.16, 0
101.17, 0
101.18, 0
101.19, 0
101.2, 0
101.21, 0
101.22, 0
101.23, 0
101.24, 0
101.25, 0
101.26, 0
101.27, 0
101.28, 0
101.29, 0
101.3, 0
101.31, 0
101.32, 0
101.33, 0
101.34, 0
101.35, 0
101.36, 0
101.37, 0
101.38, 0
101.39, 0
101.4, 0
101.41, 0
101.42, 0
101.43, 0
101.44, 0
101.45, 0
101.46, 0
101.47, 0
101.48, 0
101.49, 0
101.5, 0
101.51, 0
101.52, 0
101.53, 0
101.54, 0
101.55, 0
101.56, 0
101.57, 0
101.58, 0
101.59, 0
101.6, 0
101.61, 0
101.62, 0
101.63, 0
101.64, 0
101.65, 0
101.66, 0
101.67, 0
101.68, 0
101.69, 0
101.7, 0
101.71, 0
101.72, 0
101.73, 0
101.74, 0
101.75, 0
101.76, 0
101.77, 0
101.78, 0
101.79, 0
101.8, 0
101.81, 0
101.82, 0
101.83, 0
101.84, 0
101.85, 0
101.86, 0
101.87, 0
101.88, 0
101.89, 0
101.9, 0
101.91, 0
101.92, 0
101.93, 0
101.94, 0
101.95, 0
101.96, 0
101.97, 0
101.98, 0
101.99, 0
102, 0
102.01, 0
102.02, 0
102.03, 0
102.04, 0
102.05, 0
102.06, 0
102.07, 0
102.08, 0
102.09, 0
102.1, 0
102.11, 0
102.12, 0
102.13, 0
102.14, 0
102.15, 0
102.16, 0
102.17, 0
102.18, 0
102.19, 0
102.2, 0
102.21, 0
102.22, 0
102.23, 0
102.24, 0
102.25, 0
102.26, 0
102.27, 0
102.28, 0
102.29, 0
102.3, 0
102.31, 0
102.32, 0
102.33, 0
102.34, 0
102.35, 0
102.36, 0
102.37, 0
102.38, 0
102.39, 0
102.4, 0
102.41, 0
102.42, 0
102.43, 0
102.44, 0
102.45, 0
102.46, 0
102.47, 0
102.48, 0
102.49, 0
102.5, 0
102.51, 0
102.52, 0
102.53, 0
102.54, 0
102.55, 0
102.56, 0
102.57, 0
102.58, 0
102.59, 0
102.6, 0
102.61, 0
102.62, 0
102.63, 0
102.64, 0
102.65, 0
102.66, 0
102.67, 0
102.68, 0
102.69, 0
102.7, 0
102.71, 0
102.72, 0
102.73, 0
102.74, 0
102.75, 0
102.76, 0
102.77, 0
102.78, 0
102.79, 0
102.8, 0
102.81, 0
102.82, 0
102.83, 0
102.84, 0
102.85, 0
102.86, 0
102.87, 0
102.88, 0
102.89, 0
102.9, 0
102.91, 0
102.92, 0
102.93, 0
102.94, 0
102.95, 0
102.96, 0
102.97, 0
102.98, 0
102.99, 0
103, 0
103.01, 0
103.02, 0
103.03, 0
103.04, 0
103.05, 0
103.06, 0
103.07, 0
103.08, 0
103.09, 0
103.1, 0
103.11, 0
103.12, 0
103.13, 0
103.14, 0
103.15, 0
103.16, 0
103.17, 0
103.18, 0
103.19, 0
103.2, 0
103.21, 0
103.22, 0
103.23, 0
103.24, 0
103.25, 0
103.26, 0
103.27, 0
103.28, 0
103.29, 0
103.3, 0
103.31, 0
103.32, 0
103.33, 0
103.34, 0
103.35, 0
103.36, 0
103.37, 0
103.38, 0
103.39, 0
103.4, 0
103.41, 0
103.42, 0
103.43, 0
103.44, 0
103.45, 0
103.46, 0
103.47, 0
103.48, 0
103.49, 0
103.5, 0
103.51, 0
103.52, 0
103.53, 0
103.54, 0
103.55, 0
103.56, 0
103.57, 0
103.58, 0
103.59, 0
103.6, 0
103.61, 0
103.62, 0
103.63, 0
103.64, 0
103.65, 0
103.66, 0
103.67, 0
103.68, 0
103.69, 0
103.7, 0
103.71, 0
103.72, 0
103.73, 0
103.74, 0
103.75, 0
103.76, 0
103.77, 0
103.78, 0
103.79, 0
103.8, 0
103.81, 0
103.82, 0
103.83, 0
103.84, 0
103.85, 0
103.86, 0
103.87, 0
103.88, 0
103.89, 0
103.9, 0
103.91, 0
103.92, 0
103.93, 0
103.94, 0
103.95, 0
103.96, 0
103.97, 0
103.98, 0
103.99, 0
104, 0
104.01, 0
104.02, 0
104.03, 0
104.04, 0
104.05, 0
104.06, 0
104.07, 0
104.08, 0
104.09, 0
104.1, 0
104.11, 0
104.12, 0
104.13, 0
104.14, 0
104.15, 0
104.16, 0
104.17, 0
104.18, 0
104.19, 0
104.2, 0
104.21, 0
104.22, 0
104.23, 0
104.24, 0
104.25, 0
104.26, 0
104.27, 0
104.28, 0
104.29, 0
104.3, 0
104.31, 0
104.32, 0
104.33, 0
104.34, 0
104.35, 0
104.36, 0
104.37, 0
104.38, 0
104.39, 0
104.4, 0
104.41, 0
104.42, 0
104.43, 0
104.44, 0
104.45, 0
104.46, 0
104.47, 0
104.48, 0
104.49, 0
104.5, 0
104.51, 0
104.52, 0
104.53, 0
104.54, 0
104.55, 0
104.56, 0
104.57, 0
104.58, 0
104.59, 0
104.6, 0
104.61, 0
104.62, 0
104.63, 0
104.64, 0
104.65, 0
104.66, 0
104.67, 0
104.68, 0
104.69, 0
104.7, 0
104.71, 0
104.72, 0
104.73, 0
104.74, 0
104.75, 0
104.76, 0
104.77, 0
104.78, 0
104.79, 0
104.8, 0
104.81, 0
104.82, 0
104.83, 0
104.84, 0
104.85, 0
104.86, 0
104.87, 0
104.88, 0
104.89, 0
104.9, 0
104.91, 0
104.92, 0
104.93, 0
104.94, 0
104.95, 0
104.96, 0
104.97, 0
104.98, 0
104.99, 0
105, 0
105.01, 0
105.02, 0
105.03, 0
105.04, 0
105.05, 0
105.06, 0
105.07, 0
105.08, 0
105.09, 0
105.1, 0
105.11, 0
105.12, 0
105.13, 0
105.14, 0
105.15, 0
105.16, 0
105.17, 0
105.18, 0
105.19, 0
105.2, 0
105.21, 0
105.22, 0
105.23, 0
105.24, 0
105.25, 0
105.26, 0
105.27, 0
105.28, 0
105.29, 0
105.3, 0
105.31, 0
105.32, 0
105.33, 0
105.34, 0
105.35, 0
105.36, 0
105.37, 0
105.38, 0
105.39, 0
105.4, 0
105.41, 0
105.42, 0
105.43, 0
105.44, 0
105.45, 0
105.46, 0
105.47, 0
105.48, 0
105.49, 0
105.5, 0
105.51, 0
105.52, 0
105.53, 0
105.54, 0
105.55, 0
105.56, 0
105.57, 0
105.58, 0
105.59, 0
105.6, 0
105.61, 0
105.62, 0
105.63, 0
105.64, 0
105.65, 0
105.66, 0
105.67, 0
105.68, 0
105.69, 0
105.7, 0
105.71, 0
105.72, 0
105.73, 0
105.74, 0
105.75, 0
105.76, 0
105.77, 0
105.78, 0
105.79, 0
105.8, 0
105.81, 0
105.82, 0
105.83, 0
105.84, 0
105.85, 0
105.86, 0
105.87, 0
105.88, 0
105.89, 0
105.9, 0
105.91, 0
105.92, 0
105.93, 0
105.94, 0
105.95, 0
105.96, 0
105.97, 0
105.98, 0
105.99, 0
106, 0
106.01, 0
106.02, 0
106.03, 0
106.04, 0
106.05, 0
106.06, 0
106.07, 0
106.08, 0
106.09, 0
106.1, 0
106.11, 0
106.12, 0
106.13, 0
106.14, 0
106.15, 0
106.16, 0
106.17, 0
106.18, 0
106.19, 0
106.2, 0
106.21, 0
106.22, 0
106.23, 0
106.24, 0
106.25, 0
106.26, 0
106.27, 0
106.28, 0
106.29, 0
106.3, 0
106.31, 0
106.32, 0
106.33, 0
106.34, 0
106.35, 0
106.36, 0
106.37, 0
106.38, 0
106.39, 0
106.4, 0
106.41, 0
106.42, 0
106.43, 0
106.44, 0
106.45, 0
106.46, 0
106.47, 0
106.48, 0
106.49, 0
106.5, 0
106.51, 0
106.52, 0
106.53, 0
106.54, 0
106.55, 0
106.56, 0
106.57, 0
106.58, 0
106.59, 0
106.6, 0
106.61, 0
106.62, 0
106.63, 0
106.64, 0
106.65, 0
106.66, 0
106.67, 0
106.68, 0
106.69, 0
106.7, 0
106.71, 0
106.72, 0
106.73, 0
106.74, 0
106.75, 0
106.76, 0
106.77, 0
106.78, 0
106.79, 0
106.8, 0
106.81, 0
106.82, 0
106.83, 0
106.84, 0
106.85, 0
106.86, 0
106.87, 0
106.88, 0
106.89, 0
106.9, 0
106.91, 0
106.92, 0
106.93, 0
106.94, 0
106.95, 0
106.96, 0
106.97, 0
106.98, 0
106.99, 0
107, 0
107.01, 0
107.02, 0
107.03, 0
107.04, 0
107.05, 0
107.06, 0
107.07, 0
107.08, 0
107.09, 0
107.1, 0
107.11, 0
107.12, 0
107.13, 0
107.14, 0
107.15, 0
107.16, 0
107.17, 0
107.18, 0
107.19, 0
107.2, 0
107.21, 0
107.22, 0
107.23, 0
107.24, 0
107.25, 0
107.26, 0
107.27, 0
107.28, 0
107.29, 0
107.3, 0
107.31, 0
107.32, 0
107.33, 0
107.34, 0
107.35, 0
107.36, 0
107.37, 0
107.38, 0
107.39, 0
107.4, 0
107.41, 0
107.42, 0
107.43, 0
107.44, 0
107.45, 0
107.46, 0
107.47, 0
107.48, 0
107.49, 0
107.5, 0
107.51, 0
107.52, 0
107.53, 0
107.54, 0
107.55, 0
107.56, 0
107.57, 0
107.58, 0
107.59, 0
107.6, 0
107.61, 0
107.62, 0
107.63, 0
107.64, 0
107.65, 0
107.66, 0
107.67, 0
107.68, 0
107.69, 0
107.7, 0
107.71, 0
107.72, 0
107.73, 0
107.74, 0
107.75, 0
107.76, 0
107.77, 0
107.78, 0
107.79, 0
107.8, 0
107.81, 0
107.82, 0
107.83, 0
107.84, 0
107.85, 0
107.86, 0
107.87, 0
107.88, 0
107.89, 0
107.9, 0
107.91, 0
107.92, 0
107.93, 0
107.94, 0
107.95, 0
107.96, 0
107.97, 0
107.98, 0
107.99, 0
108, 0
108.01, 0
108.02, 0
108.03, 0
108.04, 0
108.05, 0
108.06, 0
108.07, 0
108.08, 0
108.09, 0
108.1, 0
108.11, 0
108.12, 0
108.13, 0
108.14, 0
108.15, 0
108.16, 0
108.17, 0
108.18, 0
108.19, 0
108.2, 0
108.21, 0
108.22, 0
108.23, 0
108.24, 0
108.25, 0
108.26, 0
108.27, 0
108.28, 0
108.29, 0
108.3, 0
108.31, 0
108.32, 0
108.33, 0
108.34, 0
108.35, 0
108.36, 0
108.37, 0
108.38, 0
108.39, 0
108.4, 0
108.41, 0
108.42, 0
108.43, 0
108.44, 0
108.45, 0
108.46, 0
108.47, 0
108.48, 0
108.49, 0
108.5, 0
108.51, 0
108.52, 0
108.53, 0
108.54, 0
108.55, 0
108.56, 0
108.57, 0
108.58, 0
108.59, 0
108.6, 0
108.61, 0
108.62, 0
108.63, 0
108.64, 0
108.65, 0
108.66, 0
108.67, 0
108.68, 0
108.69, 0
108.7, 0
108.71, 0
108.72, 0
108.73, 0
108.74, 0
108.75, 0
108.76, 0
108.77, 0
108.78, 0
108.79, 0
108.8, 0
108.81, 0
108.82, 0
108.83, 0
108.84, 0
108.85, 0
108.86, 0
108.87, 0
108.88, 0
108.89, 0
108.9, 0
108.91, 0
108.92, 0
108.93, 0
108.94, 0
108.95, 0
108.96, 0
108.97, 0
108.98, 0
108.99, 0
109, 0
109.01, 0
109.02, 0
109.03, 0
109.04, 0
109.05, 0
109.06, 0
109.07, 0
109.08, 0
109.09, 0
109.1, 0
109.11, 0
109.12, 0
109.13, 0
109.14, 0
109.15, 0
109.16, 0
109.17, 0
109.18, 0
109.19, 0
109.2, 0
109.21, 0
109.22, 0
109.23, 0
109.24, 0
109.25, 0
109.26, 0
109.27, 0
109.28, 0
109.29, 0
109.3, 0
109.31, 0
109.32, 0
109.33, 0
109.34, 0
109.35, 0
109.36, 0
109.37, 0
109.38, 0
109.39, 0
109.4, 0
109.41, 0
109.42, 0
109.43, 0
109.44, 0
109.45, 0
109.46, 0
109.47, 0
109.48, 0
109.49, 0
109.5, 0
109.51, 0
109.52, 0
109.53, 0
109.54, 0
109.55, 0
109.56, 0
109.57, 0
109.58, 0
109.59, 0
109.6, 0
109.61, 0
109.62, 0
109.63, 0
109.64, 0
109.65, 0
109.66, 0
109.67, 0
109.68, 0
109.69, 0
109.7, 0
109.71, 0
109.72, 0
109.73, 0
109.74, 0
109.75, 0
109.76, 0
109.77, 0
109.78, 0
109.79, 0
109.8, 0
109.81, 0
109.82, 0
109.83, 0
109.84, 0
109.85, 0
109.86, 0
109.87, 0
109.88, 0
109.89, 0
109.9, 0
109.91, 0
109.92, 0
109.93, 0
109.94, 0
109.95, 0
109.96, 0
109.97, 0
109.98, 0
109.99, 0
110, 0
110.01, 0
110.02, 0
110.03, 0
110.04, 0
110.05, 0
110.06, 0
110.07, 0
110.08, 0
110.09, 0
110.1, 0
110.11, 0
110.12, 0
110.13, 0
110.14, 0
110.15, 0
110.16, 0
110.17, 0
110.18, 0
110.19, 0
110.2, 0
110.21, 0
110.22, 0
110.23, 0
110.24, 0
110.25, 0
110.26, 0
110.27, 0
110.28, 0
110.29, 0
110.3, 0
110.31, 0
110.32, 0
110.33, 0
110.34, 0
110.35, 0
110.36, 0
110.37, 0
110.38, 0
110.39, 0
110.4, 0
110.41, 0
110.42, 0
110.43, 0
110.44, 0
110.45, 0
110.46, 0
110.47, 0
110.48, 0
110.49, 0
110.5, 0
110.51, 0
110.52, 0
110.53, 0
110.54, 0
110.55, 0
110.56, 0
110.57, 0
110.58, 0
110.59, 0
110.6, 0
110.61, 0
110.62, 0
110.63, 0
110.64, 0
110.65, 0
110.66, 0
110.67, 0
110.68, 0
110.69, 0
110.7, 0
110.71, 0
110.72, 0
110.73, 0
110.74, 0
110.75, 0
110.76, 0
110.77, 0
110.78, 0
110.79, 0
110.8, 0
110.81, 0
110.82, 0
110.83, 0
110.84, 0
110.85, 0
110.86, 0
110.87, 0
110.88, 0
110.89, 0
110.9, 0
110.91, 0
110.92, 0
110.93, 0
110.94, 0
110.95, 0
110.96, 0
110.97, 0
110.98, 0
110.99, 0
111, 0
111.01, 0
111.02, 0
111.03, 0
111.04, 0
111.05, 0
111.06, 0
111.07, 0
111.08, 0
111.09, 0
111.1, 0
111.11, 0
111.12, 0
111.13, 0
111.14, 0
111.15, 0
111.16, 0
111.17, 0
111.18, 0
111.19, 0
111.2, 0
111.21, 0
111.22, 0
111.23, 0
111.24, 0
111.25, 0
111.26, 0
111.27, 0
111.28, 0
111.29, 0
111.3, 0
111.31, 0
111.32, 0
111.33, 0
111.34, 0
111.35, 0
111.36, 0
111.37, 0
111.38, 0
111.39, 0
111.4, 0
111.41, 0
111.42, 0
111.43, 0
111.44, 0
111.45, 0
111.46, 0
111.47, 0
111.48, 0
111.49, 0
111.5, 0
111.51, 0
111.52, 0
111.53, 0
111.54, 0
111.55, 0
111.56, 0
111.57, 0
111.58, 0
111.59, 0
111.6, 0
111.61, 0
111.62, 0
111.63, 0
111.64, 0
111.65, 0
111.66, 0
111.67, 0
111.68, 0
111.69, 0
111.7, 0
111.71, 0
111.72, 0
111.73, 0
111.74, 0
111.75, 0
111.76, 0
111.77, 0
111.78, 0
111.79, 0
111.8, 0
111.81, 0
111.82, 0
111.83, 0
111.84, 0
111.85, 0
111.86, 0
111.87, 0
111.88, 0
111.89, 0
111.9, 0
111.91, 0
111.92, 0
111.93, 0
111.94, 0
111.95, 0
111.96, 0
111.97, 0
111.98, 0
111.99, 0
112, 0
112.01, 0
112.02, 0
112.03, 0
112.04, 0
112.05, 0
112.06, 0
112.07, 0
112.08, 0
112.09, 0
112.1, 0
112.11, 0
112.12, 0
112.13, 0
112.14, 0
112.15, 0
112.16, 0
112.17, 0
112.18, 0
112.19, 0
112.2, 0
112.21, 0
112.22, 0
112.23, 0
112.24, 0
112.25, 0
112.26, 0
112.27, 0
112.28, 0
112.29, 0
112.3, 0
112.31, 0
112.32, 0
112.33, 0
112.34, 0
112.35, 0
112.36, 0
112.37, 0
112.38, 0
112.39, 0
112.4, 0
112.41, 0
112.42, 0
112.43, 0
112.44, 0
112.45, 0
112.46, 0
112.47, 0
112.48, 0
112.49, 0
112.5, 0
112.51, 0
112.52, 0
112.53, 0
112.54, 0
112.55, 0
112.56, 0
112.57, 0
112.58, 0
112.59, 0
112.6, 0
112.61, 0
112.62, 0
112.63, 0
112.64, 0
112.65, 0
112.66, 0
112.67, 0
112.68, 0
112.69, 0
112.7, 0
112.71, 0
112.72, 0
112.73, 0
112.74, 0
112.75, 0
112.76, 0
112.77, 0
112.78, 0
112.79, 0
112.8, 0
112.81, 0
112.82, 0
112.83, 0
112.84, 0
112.85, 0
112.86, 0
112.87, 0
112.88, 0
112.89, 0
112.9, 0
112.91, 0
112.92, 0
112.93, 0
112.94, 0
112.95, 0
112.96, 0
112.97, 0
112.98, 0
112.99, 0
113, 0
113.01, 0
113.02, 0
113.03, 0
113.04, 0
113.05, 0
113.06, 0
113.07, 0
113.08, 0
113.09, 0
113.1, 0
113.11, 0
113.12, 0
113.13, 0
113.14, 0
113.15, 0
113.16, 0
113.17, 0
113.18, 0
113.19, 0
113.2, 0
113.21, 0
113.22, 0
113.23, 0
113.24, 0
113.25, 0
113.26, 0
113.27, 0
113.28, 0
113.29, 0
113.3, 0
113.31, 0
113.32, 0
113.33, 0
113.34, 0
113.35, 0
113.36, 0
113.37, 0
113.38, 0
113.39, 0
113.4, 0
113.41, 0
113.42, 0
113.43, 0
113.44, 0
113.45, 0
113.46, 0
113.47, 0
113.48, 0
113.49, 0
113.5, 0
113.51, 0
113.52, 0
113.53, 0
113.54, 0
113.55, 0
113.56, 0
113.57, 0
113.58, 0
113.59, 0
113.6, 0
113.61, 0
113.62, 0
113.63, 0
113.64, 0
113.65, 0
113.66, 0
113.67, 0
113.68, 0
113.69, 0
113.7, 0
113.71, 0
113.72, 0
113.73, 0
113.74, 0
113.75, 0
113.76, 0
113.77, 0
113.78, 0
113.79, 0
113.8, 0
113.81, 0
113.82, 0
113.83, 0
113.84, 0
113.85, 0
113.86, 0
113.87, 0
113.88, 0
113.89, 0
113.9, 0
113.91, 0
113.92, 0
113.93, 0
113.94, 0
113.95, 0
113.96, 0
113.97, 0
113.98, 0
113.99, 0
114, 0
114.01, 0
114.02, 0
114.03, 0
114.04, 0
114.05, 0
114.06, 0
114.07, 0
114.08, 0
114.09, 0
114.1, 0
114.11, 0
114.12, 0
114.13, 0
114.14, 0
114.15, 0
114.16, 0
114.17, 0
114.18, 0
114.19, 0
114.2, 0
114.21, 0
114.22, 0
114.23, 0
114.24, 0
114.25, 0
114.26, 0
114.27, 0
114.28, 0
114.29, 0
114.3, 0
114.31, 0
114.32, 0
114.33, 0
114.34, 0
114.35, 0
114.36, 0
114.37, 0
114.38, 0
114.39, 0
114.4, 0
114.41, 0
114.42, 0
114.43, 0
114.44, 0
114.45, 0
114.46, 0
114.47, 0
114.48, 0
114.49, 0
114.5, 0
114.51, 0
114.52, 0
114.53, 0
114.54, 0
114.55, 0
114.56, 0
114.57, 0
114.58, 0
114.59, 0
114.6, 0
114.61, 0
114.62, 0
114.63, 0
114.64, 0
114.65, 0
114.66, 0
114.67, 0
114.68, 0
114.69, 0
114.7, 0
114.71, 0
114.72, 0
114.73, 0
114.74, 0
114.75, 0
114.76, 0
114.77, 0
114.78, 0
114.79, 0
114.8, 0
114.81, 0
114.82, 0
114.83, 0
114.84, 0
114.85, 0
114.86, 0
114.87, 0
114.88, 0
114.89, 0
114.9, 0
114.91, 0
114.92, 0
114.93, 0
114.94, 0
114.95, 0
114.96, 0
114.97, 0
114.98, 0
114.99, 0
115, 0
115.01, 0
115.02, 0
115.03, 0
115.04, 0
115.05, 0
115.06, 0
115.07, 0
115.08, 0
115.09, 0
115.1, 0
115.11, 0
115.12, 0
115.13, 0
115.14, 0
115.15, 0
115.16, 0
115.17, 0
115.18, 0
115.19, 0
115.2, 0
115.21, 0
115.22, 0
115.23, 0
115.24, 0
115.25, 0
115.26, 0
115.27, 0
115.28, 0
115.29, 0
115.3, 0
115.31, 0
115.32, 0
115.33, 0
115.34, 0
115.35, 0
115.36, 0
115.37, 0
115.38, 0
115.39, 0
115.4, 0
115.41, 0
115.42, 0
115.43, 0
115.44, 0
115.45, 0
115.46, 0
115.47, 0
115.48, 0
115.49, 0
115.5, 0
115.51, 0
115.52, 0
115.53, 0
115.54, 0
115.55, 0
115.56, 0
115.57, 0
115.58, 0
115.59, 0
115.6, 0
115.61, 0
115.62, 0
115.63, 0
115.64, 0
115.65, 0
115.66, 0
115.67, 0
115.68, 0
115.69, 0
115.7, 0
115.71, 0
115.72, 0
115.73, 0
115.74, 0
115.75, 0
115.76, 0
115.77, 0
115.78, 0
115.79, 0
115.8, 0
115.81, 0
115.82, 0
115.83, 0
115.84, 0
115.85, 0
115.86, 0
115.87, 0
115.88, 0
115.89, 0
115.9, 0
115.91, 0
115.92, 0
115.93, 0
115.94, 0
115.95, 0
115.96, 0
115.97, 0
115.98, 0
115.99, 0
116, 0
116.01, 0
116.02, 0
116.03, 0
116.04, 0
116.05, 0
116.06, 0
116.07, 0
116.08, 0
116.09, 0
116.1, 0
116.11, 0
116.12, 0
116.13, 0
116.14, 0
116.15, 0
116.16, 0
116.17, 0
116.18, 0
116.19, 0
116.2, 0
116.21, 0
116.22, 0
116.23, 0
116.24, 0
116.25, 0
116.26, 0
116.27, 0
116.28, 0
116.29, 0
116.3, 0
116.31, 0
116.32, 0
116.33, 0
116.34, 0
116.35, 0
116.36, 0
116.37, 0
116.38, 0
116.39, 0
116.4, 0
116.41, 0
116.42, 0
116.43, 0
116.44, 0
116.45, 0
116.46, 0
116.47, 0
116.48, 0
116.49, 0
116.5, 0
116.51, 0
116.52, 0
116.53, 0
116.54, 0
116.55, 0
116.56, 0
116.57, 0
116.58, 0
116.59, 0
116.6, 0
116.61, 0
116.62, 0
116.63, 0
116.64, 0
116.65, 0
116.66, 0
116.67, 0
116.68, 0
116.69, 0
116.7, 0
116.71, 0
116.72, 0
116.73, 0
116.74, 0
116.75, 0
116.76, 0
116.77, 0
116.78, 0
116.79, 0
116.8, 0
116.81, 0
116.82, 0
116.83, 0
116.84, 0
116.85, 0
116.86, 0
116.87, 0
116.88, 0
116.89, 0
116.9, 0
116.91, 0
116.92, 0
116.93, 0
116.94, 0
116.95, 0
116.96, 0
116.97, 0
116.98, 0
116.99, 0
117, 0
117.01, 0
117.02, 0
117.03, 0
117.04, 0
117.05, 0
117.06, 0
117.07, 0
117.08, 0
117.09, 0
117.1, 0
117.11, 0
117.12, 0
117.13, 0
117.14, 0
117.15, 0
117.16, 0
117.17, 0
117.18, 0
117.19, 0
117.2, 0
117.21, 0
117.22, 0
117.23, 0
117.24, 0
117.25, 0
117.26, 0
117.27, 0
117.28, 0
117.29, 0
117.3, 0
117.31, 0
117.32, 0
117.33, 0
117.34, 0
117.35, 0
117.36, 0
117.37, 0
117.38, 0
117.39, 0
117.4, 0
117.41, 0
117.42, 0
117.43, 0
117.44, 0
117.45, 0
117.46, 0
117.47, 0
117.48, 0
117.49, 0
117.5, 0
117.51, 0
117.52, 0
117.53, 0
117.54, 0
117.55, 0
117.56, 0
117.57, 0
117.58, 0
117.59, 0
117.6, 0
117.61, 0
117.62, 0
117.63, 0
117.64, 0
117.65, 0
117.66, 0
117.67, 0
117.68, 0
117.69, 0
117.7, 0
117.71, 0
117.72, 0
117.73, 0
117.74, 0
117.75, 0
117.76, 0
117.77, 0
117.78, 0
117.79, 0
117.8, 0
117.81, 0
117.82, 0
117.83, 0
117.84, 0
117.85, 0
117.86, 0
117.87, 0
117.88, 0
117.89, 0
117.9, 0
117.91, 0
117.92, 0
117.93, 0
117.94, 0
117.95, 0
117.96, 0
117.97, 0
117.98, 0
117.99, 0
118, 0
118.01, 0
118.02, 0
118.03, 0
118.04, 0
118.05, 0
118.06, 0
118.07, 0
118.08, 0
118.09, 0
118.1, 0
118.11, 0
118.12, 0
118.13, 0
118.14, 0
118.15, 0
118.16, 0
118.17, 0
118.18, 0
118.19, 0
118.2, 0
118.21, 0
118.22, 0
118.23, 0
118.24, 0
118.25, 0
118.26, 0
118.27, 0
118.28, 0
118.29, 0
118.3, 0
118.31, 0
118.32, 0
118.33, 0
118.34, 0
118.35, 0
118.36, 0
118.37, 0
118.38, 0
118.39, 0
118.4, 0
118.41, 0
118.42, 0
118.43, 0
118.44, 0
118.45, 0
118.46, 0
118.47, 0
118.48, 0
118.49, 0
118.5, 0
118.51, 0
118.52, 0
118.53, 0
118.54, 0
118.55, 0
118.56, 0
118.57, 0
118.58, 0
118.59, 0
118.6, 0
118.61, 0
118.62, 0
118.63, 0
118.64, 0
118.65, 0
118.66, 0
118.67, 0
118.68, 0
118.69, 0
118.7, 0
118.71, 0
118.72, 0
118.73, 0
118.74, 0
118.75, 0
118.76, 0
118.77, 0
118.78, 0
118.79, 0
118.8, 0
118.81, 0
118.82, 0
118.83, 0
118.84, 0
118.85, 0
118.86, 0
118.87, 0
118.88, 0
118.89, 0
118.9, 0
118.91, 0
118.92, 0
118.93, 0
118.94, 0
118.95, 0
118.96, 0
118.97, 0
118.98, 0
118.99, 0
119, 0
119.01, 0
119.02, 0
119.03, 0
119.04, 0
119.05, 0
119.06, 0
119.07, 0
119.08, 0
119.09, 0
119.1, 0
119.11, 0
119.12, 0
119.13, 0
119.14, 0
119.15, 0
119.16, 0
119.17, 0
119.18, 0
119.19, 0
119.2, 0
119.21, 0
119.22, 0
119.23, 0
119.24, 0
119.25, 0
119.26, 0
119.27, 0
119.28, 0
119.29, 0
119.3, 0
119.31, 0
119.32, 0
119.33, 0
119.34, 0
119.35, 0
119.36, 0
119.37, 0
119.38, 0
119.39, 0
119.4, 0
119.41, 0
119.42, 0
119.43, 0
119.44, 0
119.45, 0
119.46, 0
119.47, 0
119.48, 0
119.49, 0
119.5, 0
119.51, 0
119.52, 0
119.53, 0
119.54, 0
119.55, 0
119.56, 0
119.57, 0
119.58, 0
119.59, 0
119.6, 0
119.61, 0
119.62, 0
119.63, 0
119.64, 0
119.65, 0
119.66, 0
119.67, 0
119.68, 0
119.69, 0
119.7, 0
119.71, 0
119.72, 0
119.73, 0
119.74, 0
119.75, 0
119.76, 0
119.77, 0
119.78, 0
119.79, 0
119.8, 0
119.81, 0
119.82, 0
119.83, 0
119.84, 0
119.85, 0
119.86, 0
119.87, 0
119.88, 0
119.89, 0
119.9, 0
119.91, 0
119.92, 0
119.93, 0
119.94, 0
119.95, 0
119.96, 0
119.97, 0
119.98, 0
119.99, 0
120, 0
120.01, 0
120.02, 0
120.03, 0
120.04, 0
120.05, 0
120.06, 0
120.07, 0
120.08, 0
120.09, 0
120.1, 0
120.11, 0
120.12, 0
120.13, 0
120.14, 0
120.15, 0
120.16, 0
120.17, 0
120.18, 0
120.19, 0
120.2, 0
120.21, 0
120.22, 0
120.23, 0
120.24, 0
120.25, 0
120.26, 0
120.27, 0
120.28, 0
120.29, 0
120.3, 0
120.31, 0
120.32, 0
120.33, 0
120.34, 0
120.35, 0
120.36, 0
120.37, 0
120.38, 0
120.39, 0
120.4, 0
120.41, 0
120.42, 0
120.43, 0
120.44, 0
120.45, 0
120.46, 0
120.47, 0
120.48, 0
120.49, 0
120.5, 0
120.51, 0
120.52, 0
120.53, 0
120.54, 0
120.55, 0
120.56, 0
120.57, 0
120.58, 0
120.59, 0
120.6, 0
120.61, 0
120.62, 0
120.63, 0
120.64, 0
120.65, 0
120.66, 0
120.67, 0
120.68, 0
120.69, 0
120.7, 0
120.71, 0
120.72, 0
120.73, 0
120.74, 0
120.75, 0
120.76, 0
120.77, 0
120.78, 0
120.79, 0
120.8, 0
120.81, 0
120.82, 0
120.83, 0
120.84, 0
120.85, 0
120.86, 0
120.87, 0
120.88, 0
120.89, 0
120.9, 0
120.91, 0
120.92, 0
120.93, 0
120.94, 0
120.95, 0
120.96, 0
120.97, 0
120.98, 0
120.99, 0
121, 0
121.01, 0
121.02, 0
121.03, 0
121.04, 0
121.05, 0
121.06, 0
121.07, 0
121.08, 0
121.09, 0
121.1, 0
121.11, 0
121.12, 0
121.13, 0
121.14, 0
121.15, 0
121.16, 0
121.17, 0
121.18, 0
121.19, 0
121.2, 0
121.21, 0
121.22, 0
121.23, 0
121.24, 0
121.25, 0
121.26, 0
121.27, 0
121.28, 0
121.29, 0
121.3, 0
121.31, 0
121.32, 0
121.33, 0
121.34, 0
121.35, 0
121.36, 0
121.37, 0
121.38, 0
121.39, 0
121.4, 0
121.41, 0
121.42, 0
121.43, 0
121.44, 0
121.45, 0
121.46, 0
121.47, 0
121.48, 0
121.49, 0
121.5, 0
121.51, 0
121.52, 0
121.53, 0
121.54, 0
121.55, 0
121.56, 0
121.57, 0
121.58, 0
121.59, 0
121.6, 0
121.61, 0
121.62, 0
121.63, 0
121.64, 0
121.65, 0
121.66, 0
121.67, 0
121.68, 0
121.69, 0
121.7, 0
121.71, 0
121.72, 0
121.73, 0
121.74, 0
121.75, 0
121.76, 0
121.77, 0
121.78, 0
121.79, 0
121.8, 0
121.81, 0
121.82, 0
121.83, 0
121.84, 0
121.85, 0
121.86, 0
121.87, 0
121.88, 0
121.89, 0
121.9, 0
121.91, 0
121.92, 0
121.93, 0
121.94, 0
121.95, 0
121.96, 0
121.97, 0
121.98, 0
121.99, 0
122, 0
122.01, 0
122.02, 0
122.03, 0
122.04, 0
122.05, 0
122.06, 0
122.07, 0
122.08, 0
122.09, 0
122.1, 0
122.11, 0
122.12, 0
122.13, 0
122.14, 0
122.15, 0
122.16, 0
122.17, 0
122.18, 0
122.19, 0
122.2, 0
122.21, 0
122.22, 0
122.23, 0
122.24, 0
122.25, 0
122.26, 0
122.27, 0
122.28, 0
122.29, 0
122.3, 0
122.31, 0
122.32, 0
122.33, 0
122.34, 0
122.35, 0
122.36, 0
122.37, 0
122.38, 0
122.39, 0
122.4, 0
122.41, 0
122.42, 0
122.43, 0
122.44, 0
122.45, 0
122.46, 0
122.47, 0
122.48, 0
122.49, 0
122.5, 0
122.51, 0
122.52, 0
122.53, 0
122.54, 0
122.55, 0
122.56, 0
122.57, 0
122.58, 0
122.59, 0
122.6, 0
122.61, 0
122.62, 0
122.63, 0
122.64, 0
122.65, 0
122.66, 0
122.67, 0
122.68, 0
122.69, 0
122.7, 0
122.71, 0
122.72, 0
122.73, 0
122.74, 0
122.75, 0
122.76, 0
122.77, 0
122.78, 0
122.79, 0
122.8, 0
122.81, 0
122.82, 0
122.83, 0
122.84, 0
122.85, 0
122.86, 0
122.87, 0
122.88, 0
122.89, 0
122.9, 0
122.91, 0
122.92, 0
122.93, 0
122.94, 0
122.95, 0
122.96, 0
122.97, 0
122.98, 0
122.99, 0
123, 0
123.01, 0
123.02, 0
123.03, 0
123.04, 0
123.05, 0
123.06, 0
123.07, 0
123.08, 0
123.09, 0
123.1, 0
123.11, 0
123.12, 0
123.13, 0
123.14, 0
123.15, 0
123.16, 0
123.17, 0
123.18, 0
123.19, 0
123.2, 0
123.21, 0
123.22, 0
123.23, 0
123.24, 0
123.25, 0
123.26, 0
123.27, 0
123.28, 0
123.29, 0
123.3, 0
123.31, 0
123.32, 0
123.33, 0
123.34, 0
123.35, 0
123.36, 0
123.37, 0
123.38, 0
123.39, 0
123.4, 0
123.41, 0
123.42, 0
123.43, 0
123.44, 0
123.45, 0
123.46, 0
123.47, 0
123.48, 0
123.49, 0
123.5, 0
123.51, 0
123.52, 0
123.53, 0
123.54, 0
123.55, 0
123.56, 0
123.57, 0
123.58, 0
123.59, 0
123.6, 0
123.61, 0
123.62, 0
123.63, 0
123.64, 0
123.65, 0
123.66, 0
123.67, 0
123.68, 0
123.69, 0
123.7, 0
123.71, 0
123.72, 0
123.73, 0
123.74, 0
123.75, 0
123.76, 0
123.77, 0
123.78, 0
123.79, 0
123.8, 0
123.81, 0
123.82, 0
123.83, 0
123.84, 0
123.85, 0
123.86, 0
123.87, 0
123.88, 0
123.89, 0
123.9, 0
123.91, 0
123.92, 0
123.93, 0
123.94, 0
123.95, 0
123.96, 0
123.97, 0
123.98, 0
123.99, 0
124, 0
124.01, 0
124.02, 0
124.03, 0
124.04, 0
124.05, 0
124.06, 0
124.07, 0
124.08, 0
124.09, 0
124.1, 0
124.11, 0
124.12, 0
124.13, 0
124.14, 0
124.15, 0
124.16, 0
124.17, 0
124.18, 0
124.19, 0
124.2, 0
124.21, 0
124.22, 0
124.23, 0
124.24, 0
124.25, 0
124.26, 0
124.27, 0
124.28, 0
124.29, 0
124.3, 0
124.31, 0
124.32, 0
124.33, 0
124.34, 0
124.35, 0
124.36, 0
124.37, 0
124.38, 0
124.39, 0
124.4, 0
124.41, 0
124.42, 0
124.43, 0
124.44, 0
124.45, 0
124.46, 0
124.47, 0
124.48, 0
124.49, 0
124.5, 0
124.51, 0
124.52, 0
124.53, 0
124.54, 0
124.55, 0
124.56, 0
124.57, 0
124.58, 0
124.59, 0
124.6, 0
124.61, 0
124.62, 0
124.63, 0
124.64, 0
124.65, 0
124.66, 0
124.67, 0
124.68, 0
124.69, 0
124.7, 0
124.71, 0
124.72, 0
124.73, 0
124.74, 0
124.75, 0
124.76, 0
124.77, 0
124.78, 0
124.79, 0
124.8, 0
124.81, 0
124.82, 0
124.83, 0
124.84, 0
124.85, 0
124.86, 0
124.87, 0
124.88, 0
124.89, 0
124.9, 0
124.91, 0
124.92, 0
124.93, 0
124.94, 0
124.95, 0
124.96, 0
124.97, 0
124.98, 0
124.99, 0
125, 0
125.01, 0
125.02, 0
125.03, 0
125.04, 0
125.05, 0
125.06, 0
125.07, 0
125.08, 0
125.09, 0
125.1, 0
125.11, 0
125.12, 0
125.13, 0
125.14, 0
125.15, 0
125.16, 0
125.17, 0
125.18, 0
125.19, 0
125.2, 0
125.21, 0
125.22, 0
125.23, 0
125.24, 0
125.25, 0
125.26, 0
125.27, 0
125.28, 0
125.29, 0
125.3, 0
125.31, 0
125.32, 0
125.33, 0
125.34, 0
125.35, 0
125.36, 0
125.37, 0
125.38, 0
125.39, 0
125.4, 0
125.41, 0
125.42, 0
125.43, 0
125.44, 0
125.45, 0
125.46, 0
125.47, 0
125.48, 0
125.49, 0
125.5, 0
125.51, 0
125.52, 0
125.53, 0
125.54, 0
125.55, 0
125.56, 0
125.57, 0
125.58, 0
125.59, 0
125.6, 0
125.61, 0
125.62, 0
125.63, 0
125.64, 0
125.65, 0
125.66, 0
125.67, 0
125.68, 0
125.69, 0
125.7, 0
125.71, 0
125.72, 0
125.73, 0
125.74, 0
125.75, 0
125.76, 0
125.77, 0
125.78, 0
125.79, 0
125.8, 0
125.81, 0
125.82, 0
125.83, 0
125.84, 0
125.85, 0
125.86, 0
125.87, 0
125.88, 0
125.89, 0
125.9, 0
125.91, 0
125.92, 0
125.93, 0
125.94, 0
125.95, 0
125.96, 0
125.97, 0
125.98, 0
125.99, 0
126, 0
126.01, 0
126.02, 0
126.03, 0
126.04, 0
126.05, 0
126.06, 0
126.07, 0
126.08, 0
126.09, 0
126.1, 0
126.11, 0
126.12, 0
126.13, 0
126.14, 0
126.15, 0
126.16, 0
126.17, 0
126.18, 0
126.19, 0
126.2, 0
126.21, 0
126.22, 0
126.23, 0
126.24, 0
126.25, 0
126.26, 0
126.27, 0
126.28, 0
126.29, 0
126.3, 0
126.31, 0
126.32, 0
126.33, 0
126.34, 0
126.35, 0
126.36, 0
126.37, 0
126.38, 0
126.39, 0
126.4, 0
126.41, 0
126.42, 0
126.43, 0
126.44, 0
126.45, 0
126.46, 0
126.47, 0
126.48, 0
126.49, 0
126.5, 0
126.51, 0
126.52, 0
126.53, 0
126.54, 0
126.55, 0
126.56, 0
126.57, 0
126.58, 0
126.59, 0
126.6, 0
126.61, 0
126.62, 0
126.63, 0
126.64, 0
126.65, 0
126.66, 0
126.67, 0
126.68, 0
126.69, 0
126.7, 0
126.71, 0
126.72, 0
126.73, 0
126.74, 0
126.75, 0
126.76, 0
126.77, 0
126.78, 0
126.79, 0
126.8, 0
126.81, 0
126.82, 0
126.83, 0
126.84, 0
126.85, 0
126.86, 0
126.87, 0
126.88, 0
126.89, 0
126.9, 0
126.91, 0
126.92, 0
126.93, 0
126.94, 0
126.95, 0
126.96, 0
126.97, 0
126.98, 0
126.99, 0
127, 0
127.01, 0
127.02, 0
127.03, 0
127.04, 0
127.05, 0
127.06, 0
127.07, 0
127.08, 0
127.09, 0
127.1, 0
127.11, 0
127.12, 0
127.13, 0
127.14, 0
127.15, 0
127.16, 0
127.17, 0
127.18, 0
127.19, 0
127.2, 0
127.21, 0
127.22, 0
127.23, 0
127.24, 0
127.25, 0
127.26, 0
127.27, 0
127.28, 0
127.29, 0
127.3, 0
127.31, 0
127.32, 0
127.33, 0
127.34, 0
127.35, 0
127.36, 0
127.37, 0
127.38, 0
127.39, 0
127.4, 0
127.41, 0
127.42, 0
127.43, 0
127.44, 0
127.45, 0
127.46, 0
127.47, 0
127.48, 0
127.49, 0
127.5, 0
127.51, 0
127.52, 0
127.53, 0
127.54, 0
127.55, 0
127.56, 0
127.57, 0
127.58, 0
127.59, 0
127.6, 0
127.61, 0
127.62, 0
127.63, 0
127.64, 0
127.65, 0
127.66, 0
127.67, 0
127.68, 0
127.69, 0
127.7, 0
127.71, 0
127.72, 0
127.73, 0
127.74, 0
127.75, 0
127.76, 0
127.77, 0
127.78, 0
127.79, 0
127.8, 0
127.81, 0
127.82, 0
127.83, 0
127.84, 0
127.85, 0
127.86, 0
127.87, 0
127.88, 0
127.89, 0
127.9, 0
127.91, 0
127.92, 0
127.93, 0
127.94, 0
127.95, 0
127.96, 0
127.97, 0
127.98, 0
127.99, 0
128, 0
128.01, 0
128.02, 0
128.03, 0
128.04, 0
128.05, 0
128.06, 0
128.07, 0
128.08, 0
128.09, 0
128.1, 0
128.11, 0
128.12, 0
128.13, 0
128.14, 0
128.15, 0
128.16, 0
128.17, 0
128.18, 0
128.19, 0
128.2, 0
128.21, 0
128.22, 0
128.23, 0
128.24, 0
128.25, 0
128.26, 0
128.27, 0
128.28, 0
128.29, 0
128.3, 0
128.31, 0
128.32, 0
128.33, 0
128.34, 0
128.35, 0
128.36, 0
128.37, 0
128.38, 0
128.39, 0
128.4, 0
128.41, 0
128.42, 0
128.43, 0
128.44, 0
128.45, 0
128.46, 0
128.47, 0
128.48, 0
128.49, 0
128.5, 0
128.51, 0
128.52, 0
128.53, 0
128.54, 0
128.55, 0
128.56, 0
128.57, 0
128.58, 0
128.59, 0
128.6, 0
128.61, 0
128.62, 0
128.63, 0
128.64, 0
128.65, 0
128.66, 0
128.67, 0
128.68, 0
128.69, 0
128.7, 0
128.71, 0
128.72, 0
128.73, 0
128.74, 0
128.75, 0
128.76, 0
128.77, 0
128.78, 0
128.79, 0
128.8, 0
128.81, 0
128.82, 0
128.83, 0
128.84, 0
128.85, 0
128.86, 0
128.87, 0
128.88, 0
128.89, 0
128.9, 0
128.91, 0
128.92, 0
128.93, 0
128.94, 0
128.95, 0
128.96, 0
128.97, 0
128.98, 0
128.99, 0
129, 0
129.01, 0
129.02, 0
129.03, 0
129.04, 0
129.05, 0
129.06, 0
129.07, 0
129.08, 0
129.09, 0
129.1, 0
129.11, 0
129.12, 0
129.13, 0
129.14, 0
129.15, 0
129.16, 0
129.17, 0
129.18, 0
129.19, 0
129.2, 0
129.21, 0
129.22, 0
129.23, 0
129.24, 0
129.25, 0
129.26, 0
129.27, 0
129.28, 0
129.29, 0
129.3, 0
129.31, 0
129.32, 0
129.33, 0
129.34, 0
129.35, 0
129.36, 0
129.37, 0
129.38, 0
129.39, 0
129.4, 0
129.41, 0
129.42, 0
129.43, 0
129.44, 0
129.45, 0
129.46, 0
129.47, 0
129.48, 0
129.49, 0
129.5, 0
129.51, 0
129.52, 0
129.53, 0
129.54, 0
129.55, 0
129.56, 0
129.57, 0
129.58, 0
129.59, 0
129.6, 0
129.61, 0
129.62, 0
129.63, 0
129.64, 0
129.65, 0
129.66, 0
129.67, 0
129.68, 0
129.69, 0
129.7, 0
129.71, 0
129.72, 0
129.73, 0
129.74, 0
129.75, 0
129.76, 0
129.77, 0
129.78, 0
129.79, 0
129.8, 0
129.81, 0
129.82, 0
129.83, 0
129.84, 0
129.85, 0
129.86, 0
129.87, 0
129.88, 0
129.89, 0
129.9, 0
129.91, 0
129.92, 0
129.93, 0
129.94, 0
129.95, 0
129.96, 0
129.97, 0
129.98, 0
129.99, 0
130, 0
130.01, 0
130.02, 0
130.03, 0
130.04, 0
130.05, 0
130.06, 0
130.07, 0
130.08, 0
130.09, 0
130.1, 0
130.11, 0
130.12, 0
130.13, 0
130.14, 0
130.15, 0
130.16, 0
130.17, 0
130.18, 0
130.19, 0
130.2, 0
130.21, 0
130.22, 0
130.23, 0
130.24, 0
130.25, 0
130.26, 0
130.27, 0
130.28, 0
130.29, 0
130.3, 0
130.31, 0
130.32, 0
130.33, 0
130.34, 0
130.35, 0
130.36, 0
130.37, 0
130.38, 0
130.39, 0
130.4, 0
130.41, 0
130.42, 0
130.43, 0
130.44, 0
130.45, 0
130.46, 0
130.47, 0
130.48, 0
130.49, 0
130.5, 0
130.51, 0
130.52, 0
130.53, 0
130.54, 0
130.55, 0
130.56, 0
130.57, 0
130.58, 0
130.59, 0
130.6, 0
130.61, 0
130.62, 0
130.63, 0
130.64, 0
130.65, 0
130.66, 0
130.67, 0
130.68, 0
130.69, 0
130.7, 0
130.71, 0
130.72, 0
130.73, 0
130.74, 0
130.75, 0
130.76, 0
130.77, 0
130.78, 0
130.79, 0
130.8, 0
130.81, 0
130.82, 0
130.83, 0
130.84, 0
130.85, 0
130.86, 0
130.87, 0
130.88, 0
130.89, 0
130.9, 0
130.91, 0
130.92, 0
130.93, 0
130.94, 0
130.95, 0
130.96, 0
130.97, 0
130.98, 0
130.99, 0
131, 0
131.01, 0
131.02, 0
131.03, 0
131.04, 0
131.05, 0
131.06, 0
131.07, 0
131.08, 0
131.09, 0
131.1, 0
131.11, 0
131.12, 0
131.13, 0
131.14, 0
131.15, 0
131.16, 0
131.17, 0
131.18, 0
131.19, 0
131.2, 0
131.21, 0
131.22, 0
131.23, 0
131.24, 0
131.25, 0
131.26, 0
131.27, 0
131.28, 0
131.29, 0
131.3, 0
131.31, 0
131.32, 0
131.33, 0
131.34, 0
131.35, 0
131.36, 0
131.37, 0
131.38, 0
131.39, 0
131.4, 0
131.41, 0
131.42, 0
131.43, 0
131.44, 0
131.45, 0
131.46, 0
131.47, 0
131.48, 0
131.49, 0
131.5, 0
131.51, 0
131.52, 0
131.53, 0
131.54, 0
131.55, 0
131.56, 0
131.57, 0
131.58, 0
131.59, 0
131.6, 0
131.61, 0
131.62, 0
131.63, 0
131.64, 0
131.65, 0
131.66, 0
131.67, 0
131.68, 0
131.69, 0
131.7, 0
131.71, 0
131.72, 0
131.73, 0
131.74, 0
131.75, 0
131.76, 0
131.77, 0
131.78, 0
131.79, 0
131.8, 0
131.81, 0
131.82, 0
131.83, 0
131.84, 0
131.85, 0
131.86, 0
131.87, 0
131.88, 0
131.89, 0
131.9, 0
131.91, 0
131.92, 0
131.93, 0
131.94, 0
131.95, 0
131.96, 0
131.97, 0
131.98, 0
131.99, 0
132, 0
132.01, 0
132.02, 0
132.03, 0
132.04, 0
132.05, 0
132.06, 0
132.07, 0
132.08, 0
132.09, 0
132.1, 0
132.11, 0
132.12, 0
132.13, 0
132.14, 0
132.15, 0
132.16, 0
132.17, 0
132.18, 0
132.19, 0
132.2, 0
132.21, 0
132.22, 0
132.23, 0
132.24, 0
132.25, 0
132.26, 0
132.27, 0
132.28, 0
132.29, 0
132.3, 0
132.31, 0
132.32, 0
132.33, 0
132.34, 0
132.35, 0
132.36, 0
132.37, 0
132.38, 0
132.39, 0
132.4, 0
132.41, 0
132.42, 0
132.43, 0
132.44, 0
132.45, 0
132.46, 0
132.47, 0
132.48, 0
132.49, 0
132.5, 0
132.51, 0
132.52, 0
132.53, 0
132.54, 0
132.55, 0
132.56, 0
132.57, 0
132.58, 0
132.59, 0
132.6, 0
132.61, 0
132.62, 0
132.63, 0
132.64, 0
132.65, 0
132.66, 0
132.67, 0
132.68, 0
132.69, 0
132.7, 0
132.71, 0
132.72, 0
132.73, 0
132.74, 0
132.75, 0
132.76, 0
132.77, 0
132.78, 0
132.79, 0
132.8, 0
132.81, 0
132.82, 0
132.83, 0
132.84, 0
132.85, 0
132.86, 0
132.87, 0
132.88, 0
132.89, 0
132.9, 0
132.91, 0
132.92, 0
132.93, 0
132.94, 0
132.95, 0
132.96, 0
132.97, 0
132.98, 0
132.99, 0
133, 0
133.01, 0
133.02, 0
133.03, 0
133.04, 0
133.05, 0
133.06, 0
133.07, 0
133.08, 0
133.09, 0
133.1, 0
133.11, 0
133.12, 0
133.13, 0
133.14, 0
133.15, 0
133.16, 0
133.17, 0
133.18, 0
133.19, 0
133.2, 0
133.21, 0
133.22, 0
133.23, 0
133.24, 0
133.25, 0
133.26, 0
133.27, 0
133.28, 0
133.29, 0
133.3, 0
133.31, 0
133.32, 0
133.33, 0
133.34, 0
133.35, 0
133.36, 0
133.37, 0
133.38, 0
133.39, 0
133.4, 0
133.41, 0
133.42, 0
133.43, 0
133.44, 0
133.45, 0
133.46, 0
133.47, 0
133.48, 0
133.49, 0
133.5, 0
133.51, 0
133.52, 0
133.53, 0
133.54, 0
133.55, 0
133.56, 0
133.57, 0
133.58, 0
133.59, 0
133.6, 0
133.61, 0
133.62, 0
133.63, 0
133.64, 0
133.65, 0
133.66, 0
133.67, 0
133.68, 0
133.69, 0
133.7, 0
133.71, 0
133.72, 0
133.73, 0
133.74, 0
133.75, 0
133.76, 0
133.77, 0
133.78, 0
133.79, 0
133.8, 0
133.81, 0
133.82, 0
133.83, 0
133.84, 0
133.85, 0
133.86, 0
133.87, 0
133.88, 0
133.89, 0
133.9, 0
133.91, 0
133.92, 0
133.93, 0
133.94, 0
133.95, 0
133.96, 0
133.97, 0
133.98, 0
133.99, 0
134, 0
134.01, 0
134.02, 0
134.03, 0
134.04, 0
134.05, 0
134.06, 0
134.07, 0
134.08, 0
134.09, 0
134.1, 0
134.11, 0
134.12, 0
134.13, 0
134.14, 0
134.15, 0
134.16, 0
134.17, 0
134.18, 0
134.19, 0
134.2, 0
134.21, 0
134.22, 0
134.23, 0
134.24, 0
134.25, 0
134.26, 0
134.27, 0
134.28, 0
134.29, 0
134.3, 0
134.31, 0
134.32, 0
134.33, 0
134.34, 0
134.35, 0
134.36, 0
134.37, 0
134.38, 0
134.39, 0
134.4, 0
134.41, 0
134.42, 0
134.43, 0
134.44, 0
134.45, 0
134.46, 0
134.47, 0
134.48, 0
134.49, 0
134.5, 0
134.51, 0
134.52, 0
134.53, 0
134.54, 0
134.55, 0
134.56, 0
134.57, 0
134.58, 0
134.59, 0
134.6, 0
134.61, 0
134.62, 0
134.63, 0
134.64, 0
134.65, 0
134.66, 0
134.67, 0
134.68, 0
134.69, 0
134.7, 0
134.71, 0
134.72, 0
134.73, 0
134.74, 0
134.75, 0
134.76, 0
134.77, 0
134.78, 0
134.79, 0
134.8, 0
134.81, 0
134.82, 0
134.83, 0
134.84, 0
134.85, 0
134.86, 0
134.87, 0
134.88, 0
134.89, 0
134.9, 0
134.91, 0
134.92, 0
134.93, 0
134.94, 0
134.95, 0
134.96, 0
134.97, 0
134.98, 0
134.99, 0
135, 0
135.01, 0
135.02, 0
135.03, 0
135.04, 0
135.05, 0
135.06, 0
135.07, 0
135.08, 0
135.09, 0
135.1, 0
135.11, 0
135.12, 0
135.13, 0
135.14, 0
135.15, 0
135.16, 0
135.17, 0
135.18, 0
135.19, 0
135.2, 0
135.21, 0
135.22, 0
135.23, 0
135.24, 0
135.25, 0
135.26, 0
135.27, 0
135.28, 0
135.29, 0
135.3, 0
135.31, 0
135.32, 0
135.33, 0
135.34, 0
135.35, 0
135.36, 0
135.37, 0
135.38, 0
135.39, 0
135.4, 0
135.41, 0
135.42, 0
135.43, 0
135.44, 0
135.45, 0
135.46, 0
135.47, 0
135.48, 0
135.49, 0
135.5, 0
135.51, 0
135.52, 0
135.53, 0
135.54, 0
135.55, 0
135.56, 0
135.57, 0
135.58, 0
135.59, 0
135.6, 0
135.61, 0
135.62, 0
135.63, 0
135.64, 0
135.65, 0
135.66, 0
135.67, 0
135.68, 0
135.69, 0
135.7, 0
135.71, 0
135.72, 0
135.73, 0
135.74, 0
135.75, 0
135.76, 0
135.77, 0
135.78, 0
135.79, 0
135.8, 0
135.81, 0
135.82, 0
135.83, 0
135.84, 0
135.85, 0
135.86, 0
135.87, 0
135.88, 0
135.89, 0
135.9, 0
135.91, 0
135.92, 0
135.93, 0
135.94, 0
135.95, 0
135.96, 0
135.97, 0
135.98, 0
135.99, 0
136, 0
136.01, 0
136.02, 0
136.03, 0
136.04, 0
136.05, 0
136.06, 0
136.07, 0
136.08, 0
136.09, 0
136.1, 0
136.11, 0
136.12, 0
136.13, 0
136.14, 0
136.15, 0
136.16, 0
136.17, 0
136.18, 0
136.19, 0
136.2, 0
136.21, 0
136.22, 0
136.23, 0
136.24, 0
136.25, 0
136.26, 0
136.27, 0
136.28, 0
136.29, 0
136.3, 0
136.31, 0
136.32, 0
136.33, 0
136.34, 0
136.35, 0
136.36, 0
136.37, 0
136.38, 0
136.39, 0
136.4, 0
136.41, 0
136.42, 0
136.43, 0
136.44, 0
136.45, 0
136.46, 0
136.47, 0
136.48, 0
136.49, 0
136.5, 0
136.51, 0
136.52, 0
136.53, 0
136.54, 0
136.55, 0
136.56, 0
136.57, 0
136.58, 0
136.59, 0
136.6, 0
136.61, 0
136.62, 0
136.63, 0
136.64, 0
136.65, 0
136.66, 0
136.67, 0
136.68, 0
136.69, 0
136.7, 0
136.71, 0
136.72, 0
136.73, 0
136.74, 0
136.75, 0
136.76, 0
136.77, 0
136.78, 0
136.79, 0
136.8, 0
136.81, 0
136.82, 0
136.83, 0
136.84, 0
136.85, 0
136.86, 0
136.87, 0
136.88, 0
136.89, 0
136.9, 0
136.91, 0
136.92, 0
136.93, 0
136.94, 0
136.95, 0
136.96, 0
136.97, 0
136.98, 0
136.99, 0
137, 0
137.01, 0
137.02, 0
137.03, 0
137.04, 0
137.05, 0
137.06, 0
137.07, 0
137.08, 0
137.09, 0
137.1, 0
137.11, 0
137.12, 0
137.13, 0
137.14, 0
137.15, 0
137.16, 0
137.17, 0
137.18, 0
137.19, 0
137.2, 0
137.21, 0
137.22, 0
137.23, 0
137.24, 0
137.25, 0
137.26, 0
137.27, 0
137.28, 0
137.29, 0
137.3, 0
137.31, 0
137.32, 0
137.33, 0
137.34, 0
137.35, 0
137.36, 0
137.37, 0
137.38, 0
137.39, 0
137.4, 0
137.41, 0
137.42, 0
137.43, 0
137.44, 0
137.45, 0
137.46, 0
137.47, 0
137.48, 0
137.49, 0
137.5, 0
137.51, 0
137.52, 0
137.53, 0
137.54, 0
137.55, 0
137.56, 0
137.57, 0
137.58, 0
137.59, 0
137.6, 0
137.61, 0
137.62, 0
137.63, 0
137.64, 0
137.65, 0
137.66, 0
137.67, 0
137.68, 0
137.69, 0
137.7, 0
137.71, 0
137.72, 0
137.73, 0
137.74, 0
137.75, 0
137.76, 0
137.77, 0
137.78, 0
137.79, 0
137.8, 0
137.81, 0
137.82, 0
137.83, 0
137.84, 0
137.85, 0
137.86, 0
137.87, 0
137.88, 0
137.89, 0
137.9, 0
137.91, 0
137.92, 0
137.93, 0
137.94, 0
137.95, 0
137.96, 0
137.97, 0
137.98, 0
137.99, 0
138, 0
138.01, 0
138.02, 0
138.03, 0
138.04, 0
138.05, 0
138.06, 0
138.07, 0
138.08, 0
138.09, 0
138.1, 0
138.11, 0
138.12, 0
138.13, 0
138.14, 0
138.15, 0
138.16, 0
138.17, 0
138.18, 0
138.19, 0
138.2, 0
138.21, 0
138.22, 0
138.23, 0
138.24, 0
138.25, 0
138.26, 0
138.27, 0
138.28, 0
138.29, 0
138.3, 0
138.31, 0
138.32, 0
138.33, 0
138.34, 0
138.35, 0
138.36, 0
138.37, 0
138.38, 0
138.39, 0
138.4, 0
138.41, 0
138.42, 0
138.43, 0
138.44, 0
138.45, 0
138.46, 0
138.47, 0
138.48, 0
138.49, 0
138.5, 0
138.51, 0
138.52, 0
138.53, 0
138.54, 0
138.55, 0
138.56, 0
138.57, 0
138.58, 0
138.59, 0
138.6, 0
138.61, 0
138.62, 0
138.63, 0
138.64, 0
138.65, 0
138.66, 0
138.67, 0
138.68, 0
138.69, 0
138.7, 0
138.71, 0
138.72, 0
138.73, 0
138.74, 0
138.75, 0
138.76, 0
138.77, 0
138.78, 0
138.79, 0
138.8, 0
138.81, 0
138.82, 0
138.83, 0
138.84, 0
138.85, 0
138.86, 0
138.87, 0
138.88, 0
138.89, 0
138.9, 0
138.91, 0
138.92, 0
138.93, 0
138.94, 0
138.95, 0
138.96, 0
138.97, 0
138.98, 0
138.99, 0
139, 0
139.01, 0
139.02, 0
139.03, 0
139.04, 0
139.05, 0
139.06, 0
139.07, 0
139.08, 0
139.09, 0
139.1, 0
139.11, 0
139.12, 0
139.13, 0
139.14, 0
139.15, 0
139.16, 0
139.17, 0
139.18, 0
139.19, 0
139.2, 0
139.21, 0
139.22, 0
139.23, 0
139.24, 0
139.25, 0
139.26, 0
139.27, 0
139.28, 0
139.29, 0
139.3, 0
139.31, 0
139.32, 0
139.33, 0
139.34, 0
139.35, 0
139.36, 0
139.37, 0
139.38, 0
139.39, 0
139.4, 0
139.41, 0
139.42, 0
139.43, 0
139.44, 0
139.45, 0
139.46, 0
139.47, 0
139.48, 0
139.49, 0
139.5, 0
139.51, 0
139.52, 0
139.53, 0
139.54, 0
139.55, 0
139.56, 0
139.57, 0
139.58, 0
139.59, 0
139.6, 0
139.61, 0
139.62, 0
139.63, 0
139.64, 0
139.65, 0
139.66, 0
139.67, 0
139.68, 0
139.69, 0
139.7, 0
139.71, 0
139.72, 0
139.73, 0
139.74, 0
139.75, 0
139.76, 0
139.77, 0
139.78, 0
139.79, 0
139.8, 0
139.81, 0
139.82, 0
139.83, 0
139.84, 0
139.85, 0
139.86, 0
139.87, 0
139.88, 0
139.89, 0
139.9, 0
139.91, 0
139.92, 0
139.93, 0
139.94, 0
139.95, 0
139.96, 0
139.97, 0
139.98, 0
139.99, 0
140, 0
140.01, 0
140.02, 0
140.03, 0
140.04, 0
140.05, 0
140.06, 0
140.07, 0
140.08, 0
140.09, 0
140.1, 0
140.11, 0
140.12, 0
140.13, 0
140.14, 0
140.15, 0
140.16, 0
140.17, 0
140.18, 0
140.19, 0
140.2, 0
140.21, 0
140.22, 0
140.23, 0
140.24, 0
140.25, 0
140.26, 0
140.27, 0
140.28, 0
140.29, 0
140.3, 0
140.31, 0
140.32, 0
140.33, 0
140.34, 0
140.35, 0
140.36, 0
140.37, 0
140.38, 0
140.39, 0
140.4, 0
140.41, 0
140.42, 0
140.43, 0
140.44, 0
140.45, 0
140.46, 0
140.47, 0
140.48, 0
140.49, 0
140.5, 0
140.51, 0
140.52, 0
140.53, 0
140.54, 0
140.55, 0
140.56, 0
140.57, 0
140.58, 0
140.59, 0
140.6, 0
140.61, 0
140.62, 0
140.63, 0
140.64, 0
140.65, 0
140.66, 0
140.67, 0
140.68, 0
140.69, 0
140.7, 0
140.71, 0
140.72, 0
140.73, 0
140.74, 0
140.75, 0
140.76, 0
140.77, 0
140.78, 0
140.79, 0
140.8, 0
140.81, 0
140.82, 0
140.83, 0
140.84, 0
140.85, 0
140.86, 0
140.87, 0
140.88, 0
140.89, 0
140.9, 0
140.91, 0
140.92, 0
140.93, 0
140.94, 0
140.95, 0
140.96, 0
140.97, 0
140.98, 0
140.99, 0
141, 0
141.01, 0
141.02, 0
141.03, 0
141.04, 0
141.05, 0
141.06, 0
141.07, 0
141.08, 0
141.09, 0
141.1, 0
141.11, 0
141.12, 0
141.13, 0
141.14, 0
141.15, 0
141.16, 0
141.17, 0
141.18, 0
141.19, 0
141.2, 0
141.21, 0
141.22, 0
141.23, 0
141.24, 0
141.25, 0
141.26, 0
141.27, 0
141.28, 0
141.29, 0
141.3, 0
141.31, 0
141.32, 0
141.33, 0
141.34, 0
141.35, 0
141.36, 0
141.37, 0
141.38, 0
141.39, 0
141.4, 0
141.41, 0
141.42, 0
141.43, 0
141.44, 0
141.45, 0
141.46, 0
141.47, 0
141.48, 0
141.49, 0
141.5, 0
141.51, 0
141.52, 0
141.53, 0
141.54, 0
141.55, 0
141.56, 0
141.57, 0
141.58, 0
141.59, 0
141.6, 0
141.61, 0
141.62, 0
141.63, 0
141.64, 0
141.65, 0
141.66, 0
141.67, 0
141.68, 0
141.69, 0
141.7, 0
141.71, 0
141.72, 0
141.73, 0
141.74, 0
141.75, 0
141.76, 0
141.77, 0
141.78, 0
141.79, 0
141.8, 0
141.81, 0
141.82, 0
141.83, 0
141.84, 0
141.85, 0
141.86, 0
141.87, 0
141.88, 0
141.89, 0
141.9, 0
141.91, 0
141.92, 0
141.93, 0
141.94, 0
141.95, 0
141.96, 0
141.97, 0
141.98, 0
141.99, 0
142, 0
142.01, 0
142.02, 0
142.03, 0
142.04, 0
142.05, 0
142.06, 0
142.07, 0
142.08, 0
142.09, 0
142.1, 0
142.11, 0
142.12, 0
142.13, 0
142.14, 0
142.15, 0
142.16, 0
142.17, 0
142.18, 0
142.19, 0
142.2, 0
142.21, 0
142.22, 0
142.23, 0
142.24, 0
142.25, 0
142.26, 0
142.27, 0
142.28, 0
142.29, 0
142.3, 0
142.31, 0
142.32, 0
142.33, 0
142.34, 0
142.35, 0
142.36, 0
142.37, 0
142.38, 0
142.39, 0
142.4, 0
142.41, 0
142.42, 0
142.43, 0
142.44, 0
142.45, 0
142.46, 0
142.47, 0
142.48, 0
142.49, 0
142.5, 0
142.51, 0
142.52, 0
142.53, 0
142.54, 0
142.55, 0
142.56, 0
142.57, 0
142.58, 0
142.59, 0
142.6, 0
142.61, 0
142.62, 0
142.63, 0
142.64, 0
142.65, 0
142.66, 0
142.67, 0
142.68, 0
142.69, 0
142.7, 0
142.71, 0
142.72, 0
142.73, 0
142.74, 0
142.75, 0
142.76, 0
142.77, 0
142.78, 0
142.79, 0
142.8, 0
142.81, 0
142.82, 0
142.83, 0
142.84, 0
142.85, 0
142.86, 0
142.87, 0
142.88, 0
142.89, 0
142.9, 0
142.91, 0
142.92, 0
142.93, 0
142.94, 0
142.95, 0
142.96, 0
142.97, 0
142.98, 0
142.99, 0
143, 0
143.01, 0
143.02, 0
143.03, 0
143.04, 0
143.05, 0
143.06, 0
143.07, 0
143.08, 0
143.09, 0
143.1, 0
143.11, 0
143.12, 0
143.13, 0
143.14, 0
143.15, 0
143.16, 0
143.17, 0
143.18, 0
143.19, 0
143.2, 0
143.21, 0
143.22, 0
143.23, 0
143.24, 0
143.25, 0
143.26, 0
143.27, 0
143.28, 0
143.29, 0
143.3, 0
143.31, 0
143.32, 0
143.33, 0
143.34, 0
143.35, 0
143.36, 0
143.37, 0
143.38, 0
143.39, 0
143.4, 0
143.41, 0
143.42, 0
143.43, 0
143.44, 0
143.45, 0
143.46, 0
143.47, 0
143.48, 0
143.49, 0
143.5, 0
143.51, 0
143.52, 0
143.53, 0
143.54, 0
143.55, 0
143.56, 0
143.57, 0
143.58, 0
143.59, 0
143.6, 0
143.61, 0
143.62, 0
143.63, 0
143.64, 0
143.65, 0
143.66, 0
143.67, 0
143.68, 0
143.69, 0
143.7, 0
143.71, 0
143.72, 0
143.73, 0
143.74, 0
143.75, 0
143.76, 0
143.77, 0
143.78, 0
143.79, 0
143.8, 0
143.81, 0
143.82, 0
143.83, 0
143.84, 0
143.85, 0
143.86, 0
143.87, 0
143.88, 0
143.89, 0
143.9, 0
143.91, 0
143.92, 0
143.93, 0
143.94, 0
143.95, 0
143.96, 0
143.97, 0
143.98, 0
143.99, 0
144, 0
144.01, 0
144.02, 0
144.03, 0
144.04, 0
144.05, 0
144.06, 0
144.07, 0
144.08, 0
144.09, 0
144.1, 0
144.11, 0
144.12, 0
144.13, 0
144.14, 0
144.15, 0
144.16, 0
144.17, 0
144.18, 0
144.19, 0
144.2, 0
144.21, 0
144.22, 0
144.23, 0
144.24, 0
144.25, 0
144.26, 0
144.27, 0
144.28, 0
144.29, 0
144.3, 0
144.31, 0
144.32, 0
144.33, 0
144.34, 0
144.35, 0
144.36, 0
144.37, 0
144.38, 0
144.39, 0
144.4, 0
144.41, 0
144.42, 0
144.43, 0
144.44, 0
144.45, 0
144.46, 0
144.47, 0
144.48, 0
144.49, 0
144.5, 0
144.51, 0
144.52, 0
144.53, 0
144.54, 0
144.55, 0
144.56, 0
144.57, 0
144.58, 0
144.59, 0
144.6, 0
144.61, 0
144.62, 0
144.63, 0
144.64, 0
144.65, 0
144.66, 0
144.67, 0
144.68, 0
144.69, 0
144.7, 0
144.71, 0
144.72, 0
144.73, 0
144.74, 0
144.75, 0
144.76, 0
144.77, 0
144.78, 0
144.79, 0
144.8, 0
144.81, 0
144.82, 0
144.83, 0
144.84, 0
144.85, 0
144.86, 0
144.87, 0
144.88, 0
144.89, 0
144.9, 0
144.91, 0
144.92, 0
144.93, 0
144.94, 0
144.95, 0
144.96, 0
144.97, 0
144.98, 0
144.99, 0
145, 0
145.01, 0
145.02, 0
145.03, 0
145.04, 0
145.05, 0
145.06, 0
145.07, 0
145.08, 0
145.09, 0
145.1, 0
145.11, 0
145.12, 0
145.13, 0
145.14, 0
145.15, 0
145.16, 0
145.17, 0
145.18, 0
145.19, 0
145.2, 0
145.21, 0
145.22, 0
145.23, 0
145.24, 0
145.25, 0
145.26, 0
145.27, 0
145.28, 0
145.29, 0
145.3, 0
145.31, 0
145.32, 0
145.33, 0
145.34, 0
145.35, 0
145.36, 0
145.37, 0
145.38, 0
145.39, 0
145.4, 0
145.41, 0
145.42, 0
145.43, 0
145.44, 0
145.45, 0
145.46, 0
145.47, 0
145.48, 0
145.49, 0
145.5, 0
145.51, 0
145.52, 0
145.53, 0
145.54, 0
145.55, 0
145.56, 0
145.57, 0
145.58, 0
145.59, 0
145.6, 0
145.61, 0
145.62, 0
145.63, 0
145.64, 0
145.65, 0
145.66, 0
145.67, 0
145.68, 0
145.69, 0
145.7, 0
145.71, 0
145.72, 0
145.73, 0
145.74, 0
145.75, 0
145.76, 0
145.77, 0
145.78, 0
145.79, 0
145.8, 0
145.81, 0
145.82, 0
145.83, 0
145.84, 0
145.85, 0
145.86, 0
145.87, 0
145.88, 0
145.89, 0
145.9, 0
145.91, 0
145.92, 0
145.93, 0
145.94, 0
145.95, 0
145.96, 0
145.97, 0
145.98, 0
145.99, 0
146, 0
146.01, 0
146.02, 0
146.03, 0
146.04, 0
146.05, 0
146.06, 0
146.07, 0
146.08, 0
146.09, 0
146.1, 0
146.11, 0
146.12, 0
146.13, 0
146.14, 0
146.15, 0
146.16, 0
146.17, 0
146.18, 0
146.19, 0
146.2, 0
146.21, 0
146.22, 0
146.23, 0
146.24, 0
146.25, 0
146.26, 0
146.27, 0
146.28, 0
146.29, 0
146.3, 0
146.31, 0
146.32, 0
146.33, 0
146.34, 0
146.35, 0
146.36, 0
146.37, 0
146.38, 0
146.39, 0
146.4, 0
146.41, 0
146.42, 0
146.43, 0
146.44, 0
146.45, 0
146.46, 0
146.47, 0
146.48, 0
146.49, 0
146.5, 0
146.51, 0
146.52, 0
146.53, 0
146.54, 0
146.55, 0
146.56, 0
146.57, 0
146.58, 0
146.59, 0
146.6, 0
146.61, 0
146.62, 0
146.63, 0
146.64, 0
146.65, 0
146.66, 0
146.67, 0
146.68, 0
146.69, 0
146.7, 0
146.71, 0
146.72, 0
146.73, 0
146.74, 0
146.75, 0
146.76, 0
146.77, 0
146.78, 0
146.79, 0
146.8, 0
146.81, 0
146.82, 0
146.83, 0
146.84, 0
146.85, 0
146.86, 0
146.87, 0
146.88, 0
146.89, 0
146.9, 0
146.91, 0
146.92, 0
146.93, 0
146.94, 0
146.95, 0
146.96, 0
146.97, 0
146.98, 0
146.99, 0
147, 0
147.01, 0
147.02, 0
147.03, 0
147.04, 0
147.05, 0
147.06, 0
147.07, 0
147.08, 0
147.09, 0
147.1, 0
147.11, 0
147.12, 0
147.13, 0
147.14, 0
147.15, 0
147.16, 0
147.17, 0
147.18, 0
147.19, 0
147.2, 0
147.21, 0
147.22, 0
147.23, 0
147.24, 0
147.25, 0
147.26, 0
147.27, 0
147.28, 0
147.29, 0
147.3, 0
147.31, 0
147.32, 0
147.33, 0
147.34, 0
147.35, 0
147.36, 0
147.37, 0
147.38, 0
147.39, 0
147.4, 0
147.41, 0
147.42, 0
147.43, 0
147.44, 0
147.45, 0
147.46, 0
147.47, 0
147.48, 0
147.49, 0
147.5, 0
147.51, 0
147.52, 0
147.53, 0
147.54, 0
147.55, 0
147.56, 0
147.57, 0
147.58, 0
147.59, 0
147.6, 0
147.61, 0
147.62, 0
147.63, 0
147.64, 0
147.65, 0
147.66, 0
147.67, 0
147.68, 0
147.69, 0
147.7, 0
147.71, 0
147.72, 0
147.73, 0
147.74, 0
147.75, 0
147.76, 0
147.77, 0
147.78, 0
147.79, 0
147.8, 0
147.81, 0
147.82, 0
147.83, 0
147.84, 0
147.85, 0
147.86, 0
147.87, 0
147.88, 0
147.89, 0
147.9, 0
147.91, 0
147.92, 0
147.93, 0
147.94, 0
147.95, 0
147.96, 0
147.97, 0
147.98, 0
147.99, 0
148, 0
148.01, 0
148.02, 0
148.03, 0
148.04, 0
148.05, 0
148.06, 0
148.07, 0
148.08, 0
148.09, 0
148.1, 0
148.11, 0
148.12, 0
148.13, 0
148.14, 0
148.15, 0
148.16, 0
148.17, 0
148.18, 0
148.19, 0
148.2, 0
148.21, 0
148.22, 0
148.23, 0
148.24, 0
148.25, 0
148.26, 0
148.27, 0
148.28, 0
148.29, 0
148.3, 0
148.31, 0
148.32, 0
148.33, 0
148.34, 0
148.35, 0
148.36, 0
148.37, 0
148.38, 0
148.39, 0
148.4, 0
148.41, 0
148.42, 0
148.43, 0
148.44, 0
148.45, 0
148.46, 0
148.47, 0
148.48, 0
148.49, 0
148.5, 0
148.51, 0
148.52, 0
148.53, 0
148.54, 0
148.55, 0
148.56, 0
148.57, 0
148.58, 0
148.59, 0
148.6, 0
148.61, 0
148.62, 0
148.63, 0
148.64, 0
148.65, 0
148.66, 0
148.67, 0
148.68, 0
148.69, 0
148.7, 0
148.71, 0
148.72, 0
148.73, 0
148.74, 0
148.75, 0
148.76, 0
148.77, 0
148.78, 0
148.79, 0
148.8, 0
148.81, 0
148.82, 0
148.83, 0
148.84, 0
148.85, 0
148.86, 0
148.87, 0
148.88, 0
148.89, 0
148.9, 0
148.91, 0
148.92, 0
148.93, 0
148.94, 0
148.95, 0
148.96, 0
148.97, 0
148.98, 0
148.99, 0
149, 0
149.01, 0
149.02, 0
149.03, 0
149.04, 0
149.05, 0
149.06, 0
149.07, 0
149.08, 0
149.09, 0
149.1, 0
149.11, 0
149.12, 0
149.13, 0
149.14, 0
149.15, 0
149.16, 0
149.17, 0
149.18, 0
149.19, 0
149.2, 0
149.21, 0
149.22, 0
149.23, 0
149.24, 0
149.25, 0
149.26, 0
149.27, 0
149.28, 0
149.29, 0
149.3, 0
149.31, 0
149.32, 0
149.33, 0
149.34, 0
149.35, 0
149.36, 0
149.37, 0
149.38, 0
149.39, 0
149.4, 0
149.41, 0
149.42, 0
149.43, 0
149.44, 0
149.45, 0
149.46, 0
149.47, 0
149.48, 0
149.49, 0
149.5, 0
149.51, 0
149.52, 0
149.53, 0
149.54, 0
149.55, 0
149.56, 0
149.57, 0
149.58, 0
149.59, 0
149.6, 0
149.61, 0
149.62, 0
149.63, 0
149.64, 0
149.65, 0
149.66, 0
149.67, 0
149.68, 0
149.69, 0
149.7, 0
149.71, 0
149.72, 0
149.73, 0
149.74, 0
149.75, 0
149.76, 0
149.77, 0
149.78, 0
149.79, 0
149.8, 0
149.81, 0
149.82, 0
149.83, 0
149.84, 0
149.85, 0
149.86, 0
149.87, 0
149.88, 0
149.89, 0
149.9, 0
149.91, 0
149.92, 0
149.93, 0
149.94, 0
149.95, 0
149.96, 0
149.97, 0
149.98, 0
149.99, 0
150, 0
150.01, 0
150.02, 0
150.03, 0
150.04, 0
150.05, 0
150.06, 0
150.07, 0
150.08, 0
150.09, 0
150.1, 0
150.11, 0
150.12, 0
150.13, 0
150.14, 0
150.15, 0
150.16, 0
150.17, 0
150.18, 0
150.19, 0
150.2, 0
150.21, 0
150.22, 0
150.23, 0
150.24, 0
150.25, 0
150.26, 0
150.27, 0
150.28, 0
150.29, 0
150.3, 0
150.31, 0
150.32, 0
150.33, 0
150.34, 0
150.35, 0
150.36, 0
150.37, 0
150.38, 0
150.39, 0
150.4, 0
150.41, 0
150.42, 0
150.43, 0
150.44, 0
150.45, 0
150.46, 0
150.47, 0
150.48, 0
150.49, 0
150.5, 0
150.51, 0
150.52, 0
150.53, 0
150.54, 0
150.55, 0
150.56, 0
150.57, 0
150.58, 0
150.59, 0
150.6, 0
150.61, 0
150.62, 0
150.63, 0
150.64, 0
150.65, 0
150.66, 0
150.67, 0
150.68, 0
150.69, 0
150.7, 0
150.71, 0
150.72, 0
150.73, 0
150.74, 0
150.75, 0
150.76, 0
150.77, 0
150.78, 0
150.79, 0
150.8, 0
150.81, 0
150.82, 0
150.83, 0
150.84, 0
150.85, 0
150.86, 0
150.87, 0
150.88, 0
150.89, 0
150.9, 0
150.91, 0
150.92, 0
150.93, 0
150.94, 0
150.95, 0
150.96, 0
150.97, 0
150.98, 0
150.99, 0
151, 0
151.01, 0
151.02, 0
151.03, 0
151.04, 0
151.05, 0
151.06, 0
151.07, 0
151.08, 0
151.09, 0
151.1, 0
151.11, 0
151.12, 0
151.13, 0
151.14, 0
151.15, 0
151.16, 0
151.17, 0
151.18, 0
151.19, 0
151.2, 0
151.21, 0
151.22, 0
151.23, 0
151.24, 0
151.25, 0
151.26, 0
151.27, 0
151.28, 0
151.29, 0
151.3, 0
151.31, 0
151.32, 0
151.33, 0
151.34, 0
151.35, 0
151.36, 0
151.37, 0
151.38, 0
151.39, 0
151.4, 0
151.41, 0
151.42, 0
151.43, 0
151.44, 0
151.45, 0
151.46, 0
151.47, 0
151.48, 0
151.49, 0
151.5, 0
151.51, 0
151.52, 0
151.53, 0
151.54, 0
151.55, 0
151.56, 0
151.57, 0
151.58, 0
151.59, 0
151.6, 0
151.61, 0
151.62, 0
151.63, 0
151.64, 0
151.65, 0
151.66, 0
151.67, 0
151.68, 0
151.69, 0
151.7, 0
151.71, 0
151.72, 0
151.73, 0
151.74, 0
151.75, 0
151.76, 0
151.77, 0
151.78, 0
151.79, 0
151.8, 0
151.81, 0
151.82, 0
151.83, 0
151.84, 0
151.85, 0
151.86, 0
151.87, 0
151.88, 0
151.89, 0
151.9, 0
151.91, 0
151.92, 0
151.93, 0
151.94, 0
151.95, 0
151.96, 0
151.97, 0
151.98, 0
151.99, 0
152, 0
152.01, 0
152.02, 0
152.03, 0
152.04, 0
152.05, 0
152.06, 0
152.07, 0
152.08, 0
152.09, 0
152.1, 0
152.11, 0
152.12, 0
152.13, 0
152.14, 0
152.15, 0
152.16, 0
152.17, 0
152.18, 0
152.19, 0
152.2, 0
152.21, 0
152.22, 0
152.23, 0
152.24, 0
152.25, 0
152.26, 0
152.27, 0
152.28, 0
152.29, 0
152.3, 0
152.31, 0
152.32, 0
152.33, 0
152.34, 0
152.35, 0
152.36, 0
152.37, 0
152.38, 0
152.39, 0
152.4, 0
152.41, 0
152.42, 0
152.43, 0
152.44, 0
152.45, 0
152.46, 0
152.47, 0
152.48, 0
152.49, 0
152.5, 0
152.51, 0
152.52, 0
152.53, 0
152.54, 0
152.55, 0
152.56, 0
152.57, 0
152.58, 0
152.59, 0
152.6, 0
152.61, 0
152.62, 0
152.63, 0
152.64, 0
152.65, 0
152.66, 0
152.67, 0
152.68, 0
152.69, 0
152.7, 0
152.71, 0
152.72, 0
152.73, 0
152.74, 0
152.75, 0
152.76, 0
152.77, 0
152.78, 0
152.79, 0
152.8, 0
152.81, 0
152.82, 0
152.83, 0
152.84, 0
152.85, 0
152.86, 0
152.87, 0
152.88, 0
152.89, 0
152.9, 0
152.91, 0
152.92, 0
152.93, 0
152.94, 0
152.95, 0
152.96, 0
152.97, 0
152.98, 0
152.99, 0
153, 0
153.01, 0
153.02, 0
153.03, 0
153.04, 0
153.05, 0
153.06, 0
153.07, 0
153.08, 0
153.09, 0
153.1, 0
153.11, 0
153.12, 0
153.13, 0
153.14, 0
153.15, 0
153.16, 0
153.17, 0
153.18, 0
153.19, 0
153.2, 0
153.21, 0
153.22, 0
153.23, 0
153.24, 0
153.25, 0
153.26, 0
153.27, 0
153.28, 0
153.29, 0
153.3, 0
153.31, 0
153.32, 0
153.33, 0
153.34, 0
153.35, 0
153.36, 0
153.37, 0
153.38, 0
153.39, 0
153.4, 0
153.41, 0
153.42, 0
153.43, 0
153.44, 0
153.45, 0
153.46, 0
153.47, 0
153.48, 0
153.49, 0
153.5, 0
153.51, 0
153.52, 0
153.53, 0
153.54, 0
153.55, 0
153.56, 0
153.57, 0
153.58, 0
153.59, 0
153.6, 0
153.61, 0
153.62, 0
153.63, 0
153.64, 0
153.65, 0
153.66, 0
153.67, 0
153.68, 0
153.69, 0
153.7, 0
153.71, 0
153.72, 0
153.73, 0
153.74, 0
153.75, 0
153.76, 0
153.77, 0
153.78, 0
153.79, 0
153.8, 0
153.81, 0
153.82, 0
153.83, 0
153.84, 0
153.85, 0
153.86, 0
153.87, 0
153.88, 0
153.89, 0
153.9, 0
153.91, 0
153.92, 0
153.93, 0
153.94, 0
153.95, 0
153.96, 0
153.97, 0
153.98, 0
153.99, 0
154, 0
154.01, 0
154.02, 0
154.03, 0
154.04, 0
154.05, 0
154.06, 0
154.07, 0
154.08, 0
154.09, 0
154.1, 0
154.11, 0
154.12, 0
154.13, 0
154.14, 0
154.15, 0
154.16, 0
154.17, 0
154.18, 0
154.19, 0
154.2, 0
154.21, 0
154.22, 0
154.23, 0
154.24, 0
154.25, 0
154.26, 0
154.27, 0
154.28, 0
154.29, 0
154.3, 0
154.31, 0
154.32, 0
154.33, 0
154.34, 0
154.35, 0
154.36, 0
154.37, 0
154.38, 0
154.39, 0
154.4, 0
154.41, 0
154.42, 0
154.43, 0
154.44, 0
154.45, 0
154.46, 0
154.47, 0
154.48, 0
154.49, 0
154.5, 0
154.51, 0
154.52, 0
154.53, 0
154.54, 0
154.55, 0
154.56, 0
154.57, 0
154.58, 0
154.59, 0
154.6, 0
154.61, 0
154.62, 0
154.63, 0
154.64, 0
154.65, 0
154.66, 0
154.67, 0
154.68, 0
154.69, 0
154.7, 0
154.71, 0
154.72, 0
154.73, 0
154.74, 0
154.75, 0
154.76, 0
154.77, 0
154.78, 0
154.79, 0
154.8, 0
154.81, 0
154.82, 0
154.83, 0
154.84, 0
154.85, 0
154.86, 0
154.87, 0
154.88, 0
154.89, 0
154.9, 0
154.91, 0
154.92, 0
154.93, 0
154.94, 0
154.95, 0
154.96, 0
154.97, 0
154.98, 0
154.99, 0
155, 0
155.01, 0
155.02, 0
155.03, 0
155.04, 0
155.05, 0
155.06, 0
155.07, 0
155.08, 0
155.09, 0
155.1, 0
155.11, 0
155.12, 0
155.13, 0
155.14, 0
155.15, 0
155.16, 0
155.17, 0
155.18, 0
155.19, 0
155.2, 0
155.21, 0
155.22, 0
155.23, 0
155.24, 0
155.25, 0
155.26, 0
155.27, 0
155.28, 0
155.29, 0
155.3, 0
155.31, 0
155.32, 0
155.33, 0
155.34, 0
155.35, 0
155.36, 0
155.37, 0
155.38, 0
155.39, 0
155.4, 0
155.41, 0
155.42, 0
155.43, 0
155.44, 0
155.45, 0
155.46, 0
155.47, 0
155.48, 0
155.49, 0
155.5, 0
155.51, 0
155.52, 0
155.53, 0
155.54, 0
155.55, 0
155.56, 0
155.57, 0
155.58, 0
155.59, 0
155.6, 0
155.61, 0
155.62, 0
155.63, 0
155.64, 0
155.65, 0
155.66, 0
155.67, 0
155.68, 0
155.69, 0
155.7, 0
155.71, 0
155.72, 0
155.73, 0
155.74, 0
155.75, 0
155.76, 0
155.77, 0
155.78, 0
155.79, 0
155.8, 0
155.81, 0
155.82, 0
155.83, 0
155.84, 0
155.85, 0
155.86, 0
155.87, 0
155.88, 0
155.89, 0
155.9, 0
155.91, 0
155.92, 0
155.93, 0
155.94, 0
155.95, 0
155.96, 0
155.97, 0
155.98, 0
155.99, 0
156, 0
156.01, 0
156.02, 0
156.03, 0
156.04, 0
156.05, 0
156.06, 0
156.07, 0
156.08, 0
156.09, 0
156.1, 0
156.11, 0
156.12, 0
156.13, 0
156.14, 0
156.15, 0
156.16, 0
156.17, 0
156.18, 0
156.19, 0
156.2, 0
156.21, 0
156.22, 0
156.23, 0
156.24, 0
156.25, 0
156.26, 0
156.27, 0
156.28, 0
156.29, 0
156.3, 0
156.31, 0
156.32, 0
156.33, 0
156.34, 0
156.35, 0
156.36, 0
156.37, 0
156.38, 0
156.39, 0
156.4, 0
156.41, 0
156.42, 0
156.43, 0
156.44, 0
156.45, 0
156.46, 0
156.47, 0
156.48, 0
156.49, 0
156.5, 0
156.51, 0
156.52, 0
156.53, 0
156.54, 0
156.55, 0
156.56, 0
156.57, 0
156.58, 0
156.59, 0
156.6, 0
156.61, 0
156.62, 0
156.63, 0
156.64, 0
156.65, 0
156.66, 0
156.67, 0
156.68, 0
156.69, 0
156.7, 0
156.71, 0
156.72, 0
156.73, 0
156.74, 0
156.75, 0
156.76, 0
156.77, 0
156.78, 0
156.79, 0
156.8, 0
156.81, 0
156.82, 0
156.83, 0
156.84, 0
156.85, 0
156.86, 0
156.87, 0
156.88, 0
156.89, 0
156.9, 0
156.91, 0
156.92, 0
156.93, 0
156.94, 0
156.95, 0
156.96, 0
156.97, 0
156.98, 0
156.99, 0
157, 0
157.01, 0
157.02, 0
157.03, 0
157.04, 0
157.05, 0
157.06, 0
157.07, 0
157.08, 0
157.09, 0
157.1, 0
157.11, 0
157.12, 0
157.13, 0
157.14, 0
157.15, 0
157.16, 0
157.17, 0
157.18, 0
157.19, 0
157.2, 0
157.21, 0
157.22, 0
157.23, 0
157.24, 0
157.25, 0
157.26, 0
157.27, 0
157.28, 0
157.29, 0
157.3, 0
157.31, 0
157.32, 0
157.33, 0
157.34, 0
157.35, 0
157.36, 0
157.37, 0
157.38, 0
157.39, 0
157.4, 0
157.41, 0
157.42, 0
157.43, 0
157.44, 0
157.45, 0
157.46, 0
157.47, 0
157.48, 0
157.49, 0
157.5, 0
157.51, 0
157.52, 0
157.53, 0
157.54, 0
157.55, 0
157.56, 0
157.57, 0
157.58, 0
157.59, 0
157.6, 0
157.61, 0
157.62, 0
157.63, 0
157.64, 0
157.65, 0
157.66, 0
157.67, 0
157.68, 0
157.69, 0
157.7, 0
157.71, 0
157.72, 0
157.73, 0
157.74, 0
157.75, 0
157.76, 0
157.77, 0
157.78, 0
157.79, 0
157.8, 0
157.81, 0
157.82, 0
157.83, 0
157.84, 0
157.85, 0
157.86, 0
157.87, 0
157.88, 0
157.89, 0
157.9, 0
157.91, 0
157.92, 0
157.93, 0
157.94, 0
157.95, 0
157.96, 0
157.97, 0
157.98, 0
157.99, 0
158, 0
158.01, 0
158.02, 0
158.03, 0
158.04, 0
158.05, 0
158.06, 0
158.07, 0
158.08, 0
158.09, 0
158.1, 0
158.11, 0
158.12, 0
158.13, 0
158.14, 0
158.15, 0
158.16, 0
158.17, 0
158.18, 0
158.19, 0
158.2, 0
158.21, 0
158.22, 0
158.23, 0
158.24, 0
158.25, 0
158.26, 0
158.27, 0
158.28, 0
158.29, 0
158.3, 0
158.31, 0
158.32, 0
158.33, 0
158.34, 0
158.35, 0
158.36, 0
158.37, 0
158.38, 0
158.39, 0
158.4, 0
158.41, 0
158.42, 0
158.43, 0
158.44, 0
158.45, 0
158.46, 0
158.47, 0
158.48, 0
158.49, 0
158.5, 0
158.51, 0
158.52, 0
158.53, 0
158.54, 0
158.55, 0
158.56, 0
158.57, 0
158.58, 0
158.59, 0
158.6, 0
158.61, 0
158.62, 0
158.63, 0
158.64, 0
158.65, 0
158.66, 0
158.67, 0
158.68, 0
158.69, 0
158.7, 0
158.71, 0
158.72, 0
158.73, 0
158.74, 0
158.75, 0
158.76, 0
158.77, 0
158.78, 0
158.79, 0
158.8, 0
158.81, 0
158.82, 0
158.83, 0
158.84, 0
158.85, 0
158.86, 0
158.87, 0
158.88, 0
158.89, 0
158.9, 0
158.91, 0
158.92, 0
158.93, 0
158.94, 0
158.95, 0
158.96, 0
158.97, 0
158.98, 0
158.99, 0
159, 0
159.01, 0
159.02, 0
159.03, 0
159.04, 0
159.05, 0
159.06, 0
159.07, 0
159.08, 0
159.09, 0
159.1, 0
159.11, 0
159.12, 0
159.13, 0
159.14, 0
159.15, 0
159.16, 0
159.17, 0
159.18, 0
159.19, 0
159.2, 0
159.21, 0
159.22, 0
159.23, 0
159.24, 0
159.25, 0
159.26, 0
159.27, 0
159.28, 0
159.29, 0
159.3, 0
159.31, 0
159.32, 0
159.33, 0
159.34, 0
159.35, 0
159.36, 0
159.37, 0
159.38, 0
159.39, 0
159.4, 0
159.41, 0
159.42, 0
159.43, 0
159.44, 0
159.45, 0
159.46, 0
159.47, 0
159.48, 0
159.49, 0
159.5, 0
159.51, 0
159.52, 0
159.53, 0
159.54, 0
159.55, 0
159.56, 0
159.57, 0
159.58, 0
159.59, 0
159.6, 0
159.61, 0
159.62, 0
159.63, 0
159.64, 0
159.65, 0
159.66, 0
159.67, 0
159.68, 0
159.69, 0
159.7, 0
159.71, 0
159.72, 0
159.73, 0
159.74, 0
159.75, 0
159.76, 0
159.77, 0
159.78, 0
159.79, 0
159.8, 0
159.81, 0
159.82, 0
159.83, 0
159.84, 0
159.85, 0
159.86, 0
159.87, 0
159.88, 0
159.89, 0
159.9, 0
159.91, 0
159.92, 0
159.93, 0
159.94, 0
159.95, 0
159.96, 0
159.97, 0
159.98, 0
159.99, 0
160, 0
160.01, 0
160.02, 0
160.03, 0
160.04, 0
160.05, 0
160.06, 0
160.07, 0
160.08, 0
160.09, 0
160.1, 0
160.11, 0
160.12, 0
160.13, 0
160.14, 0
160.15, 0
160.16, 0
160.17, 0
160.18, 0
160.19, 0
160.2, 0
160.21, 0
160.22, 0
160.23, 0
160.24, 0
160.25, 0
160.26, 0
160.27, 0
160.28, 0
160.29, 0
160.3, 0
160.31, 0
160.32, 0
160.33, 0
160.34, 0
160.35, 0
160.36, 0
160.37, 0
160.38, 0
160.39, 0
160.4, 0
160.41, 0
160.42, 0
160.43, 0
160.44, 0
160.45, 0
160.46, 0
160.47, 0
160.48, 0
160.49, 0
160.5, 0
160.51, 0
160.52, 0
160.53, 0
160.54, 0
160.55, 0
160.56, 0
160.57, 0
160.58, 0
160.59, 0
160.6, 0
160.61, 0
160.62, 0
160.63, 0
160.64, 0
160.65, 0
160.66, 0
160.67, 0
160.68, 0
160.69, 0
160.7, 0
160.71, 0
160.72, 0
160.73, 0
160.74, 0
160.75, 0
160.76, 0
160.77, 0
160.78, 0
160.79, 0
160.8, 0
160.81, 0
160.82, 0
160.83, 0
160.84, 0
160.85, 0
160.86, 0
160.87, 0
160.88, 0
160.89, 0
160.9, 0
160.91, 0
160.92, 0
160.93, 0
160.94, 0
160.95, 0
160.96, 0
160.97, 0
160.98, 0
160.99, 0
161, 0
161.01, 0
161.02, 0
161.03, 0
161.04, 0
161.05, 0
161.06, 0
161.07, 0
161.08, 0
161.09, 0
161.1, 0
161.11, 0
161.12, 0
161.13, 0
161.14, 0
161.15, 0
161.16, 0
161.17, 0
161.18, 0
161.19, 0
161.2, 0
161.21, 0
161.22, 0
161.23, 0
161.24, 0
161.25, 0
161.26, 0
161.27, 0
161.28, 0
161.29, 0
161.3, 0
161.31, 0
161.32, 0
161.33, 0
161.34, 0
161.35, 0
161.36, 0
161.37, 0
161.38, 0
161.39, 0
161.4, 0
161.41, 0
161.42, 0
161.43, 0
161.44, 0
161.45, 0
161.46, 0
161.47, 0
161.48, 0
161.49, 0
161.5, 0
161.51, 0
161.52, 0
161.53, 0
161.54, 0
161.55, 0
161.56, 0
161.57, 0
161.58, 0
161.59, 0
161.6, 0
161.61, 0
161.62, 0
161.63, 0
161.64, 0
161.65, 0
161.66, 0
161.67, 0
161.68, 0
161.69, 0
161.7, 0
161.71, 0
161.72, 0
161.73, 0
161.74, 0
161.75, 0
161.76, 0
161.77, 0
161.78, 0
161.79, 0
161.8, 0
161.81, 0
161.82, 0
161.83, 0
161.84, 0
161.85, 0
161.86, 0
161.87, 0
161.88, 0
161.89, 0
161.9, 0
161.91, 0
161.92, 0
161.93, 0
161.94, 0
161.95, 0
161.96, 0
161.97, 0
161.98, 0
161.99, 0
162, 0
162.01, 0
162.02, 0
162.03, 0
162.04, 0
162.05, 0
162.06, 0
162.07, 0
162.08, 0
162.09, 0
162.1, 0
162.11, 0
162.12, 0
162.13, 0
162.14, 0
162.15, 0
162.16, 0
162.17, 0
162.18, 0
162.19, 0
162.2, 0
162.21, 0
162.22, 0
162.23, 0
162.24, 0
162.25, 0
162.26, 0
162.27, 0
162.28, 0
162.29, 0
162.3, 0
162.31, 0
162.32, 0
162.33, 0
162.34, 0
162.35, 0
162.36, 0
162.37, 0
162.38, 0
162.39, 0
162.4, 0
162.41, 0
162.42, 0
162.43, 0
162.44, 0
162.45, 0
162.46, 0
162.47, 0
162.48, 0
162.49, 0
162.5, 0
162.51, 0
162.52, 0
162.53, 0
162.54, 0
162.55, 0
162.56, 0
162.57, 0
162.58, 0
162.59, 0
162.6, 0
162.61, 0
162.62, 0
162.63, 0
162.64, 0
162.65, 0
162.66, 0
162.67, 0
162.68, 0
162.69, 0
162.7, 0
162.71, 0
162.72, 0
162.73, 0
162.74, 0
162.75, 0
162.76, 0
162.77, 0
162.78, 0
162.79, 0
162.8, 0
162.81, 0
162.82, 0
162.83, 0
162.84, 0
162.85, 0
162.86, 0
162.87, 0
162.88, 0
162.89, 0
162.9, 0
162.91, 0
162.92, 0
162.93, 0
162.94, 0
162.95, 0
162.96, 0
162.97, 0
162.98, 0
162.99, 0
163, 0
163.01, 0
163.02, 0
163.03, 0
163.04, 0
163.05, 0
163.06, 0
163.07, 0
163.08, 0
163.09, 0
163.1, 0
163.11, 0
163.12, 0
163.13, 0
163.14, 0
163.15, 0
163.16, 0
163.17, 0
163.18, 0
163.19, 0
163.2, 0
163.21, 0
163.22, 0
163.23, 0
163.24, 0
163.25, 0
163.26, 0
163.27, 0
163.28, 0
163.29, 0
163.3, 0
163.31, 0
163.32, 0
163.33, 0
163.34, 0
163.35, 0
163.36, 0
163.37, 0
163.38, 0
163.39, 0
163.4, 0
163.41, 0
163.42, 0
163.43, 0
163.44, 0
163.45, 0
163.46, 0
163.47, 0
163.48, 0
163.49, 0
163.5, 0
163.51, 0
163.52, 0
163.53, 0
163.54, 0
163.55, 0
163.56, 0
163.57, 0
163.58, 0
163.59, 0
163.6, 0
163.61, 0
163.62, 0
163.63, 0
163.64, 0
163.65, 0
163.66, 0
163.67, 0
163.68, 0
163.69, 0
163.7, 0
163.71, 0
163.72, 0
163.73, 0
163.74, 0
163.75, 0
163.76, 0
163.77, 0
163.78, 0
163.79, 0
163.8, 0
163.81, 0
163.82, 0
163.83, 0
163.84, 0
163.85, 0
163.86, 0
163.87, 0
163.88, 0
163.89, 0
163.9, 0
163.91, 0
163.92, 0
163.93, 0
163.94, 0
163.95, 0
163.96, 0
163.97, 0
163.98, 0
163.99, 0
164, 0
164.01, 0
164.02, 0
164.03, 0
164.04, 0
164.05, 0
164.06, 0
164.07, 0
164.08, 0
164.09, 0
164.1, 0
164.11, 0
164.12, 0
164.13, 0
164.14, 0
164.15, 0
164.16, 0
164.17, 0
164.18, 0
164.19, 0
164.2, 0
164.21, 0
164.22, 0
164.23, 0
164.24, 0
164.25, 0
164.26, 0
164.27, 0
164.28, 0
164.29, 0
164.3, 0
164.31, 0
164.32, 0
164.33, 0
164.34, 0
164.35, 0
164.36, 0
164.37, 0
164.38, 0
164.39, 0
164.4, 0
164.41, 0
164.42, 0
164.43, 0
164.44, 0
164.45, 0
164.46, 0
164.47, 0
164.48, 0
164.49, 0
164.5, 0
164.51, 0
164.52, 0
164.53, 0
164.54, 0
164.55, 0
164.56, 0
164.57, 0
164.58, 0
164.59, 0
164.6, 0
164.61, 0
164.62, 0
164.63, 0
164.64, 0
164.65, 0
164.66, 0
164.67, 0
164.68, 0
164.69, 0
164.7, 0
164.71, 0
164.72, 0
164.73, 0
164.74, 0
164.75, 0
164.76, 0
164.77, 0
164.78, 0
164.79, 0
164.8, 0
164.81, 0
164.82, 0
164.83, 0
164.84, 0
164.85, 0
164.86, 0
164.87, 0
164.88, 0
164.89, 0
164.9, 0
164.91, 0
164.92, 0
164.93, 0
164.94, 0
164.95, 0
164.96, 0
164.97, 0
164.98, 0
164.99, 0
165, 0
165.01, 0
165.02, 0
165.03, 0
165.04, 0
165.05, 0
165.06, 0
165.07, 0
165.08, 0
165.09, 0
165.1, 0
165.11, 0
165.12, 0
165.13, 0
165.14, 0
165.15, 0
165.16, 0
165.17, 0
165.18, 0
165.19, 0
165.2, 0
165.21, 0
165.22, 0
165.23, 0
165.24, 0
165.25, 0
165.26, 0
165.27, 0
165.28, 0
165.29, 0
165.3, 0
165.31, 0
165.32, 0
165.33, 0
165.34, 0
165.35, 0
165.36, 0
165.37, 0
165.38, 0
165.39, 0
165.4, 0
165.41, 0
165.42, 0
165.43, 0
165.44, 0
165.45, 0
165.46, 0
165.47, 0
165.48, 0
165.49, 0
165.5, 0
165.51, 0
165.52, 0
165.53, 0
165.54, 0
165.55, 0
165.56, 0
165.57, 0
165.58, 0
165.59, 0
165.6, 0
165.61, 0
165.62, 0
165.63, 0
165.64, 0
165.65, 0
165.66, 0
165.67, 0
165.68, 0
165.69, 0
165.7, 0
165.71, 0
165.72, 0
165.73, 0
165.74, 0
165.75, 0
165.76, 0
165.77, 0
165.78, 0
165.79, 0
165.8, 0
165.81, 0
165.82, 0
165.83, 0
165.84, 0
165.85, 0
165.86, 0
165.87, 0
165.88, 0
165.89, 0
165.9, 0
165.91, 0
165.92, 0
165.93, 0
165.94, 0
165.95, 0
165.96, 0
165.97, 0
165.98, 0
165.99, 0
166, 0
166.01, 0
166.02, 0
166.03, 0
166.04, 0
166.05, 0
166.06, 0
166.07, 0
166.08, 0
166.09, 0
166.1, 0
166.11, 0
166.12, 0
166.13, 0
166.14, 0
166.15, 0
166.16, 0
166.17, 0
166.18, 0
166.19, 0
166.2, 0
166.21, 0
166.22, 0
166.23, 0
166.24, 0
166.25, 0
166.26, 0
166.27, 0
166.28, 0
166.29, 0
166.3, 0
166.31, 0
166.32, 0
166.33, 0
166.34, 0
166.35, 0
166.36, 0
166.37, 0
166.38, 0
166.39, 0
166.4, 0
166.41, 0
166.42, 0
166.43, 0
166.44, 0
166.45, 0
166.46, 0
166.47, 0
166.48, 0
166.49, 0
166.5, 0
166.51, 0
166.52, 0
166.53, 0
166.54, 0
166.55, 0
166.56, 0
166.57, 0
166.58, 0
166.59, 0
166.6, 0
166.61, 0
166.62, 0
166.63, 0
166.64, 0
166.65, 0
166.66, 0
166.67, 0
166.68, 0
166.69, 0
166.7, 0
166.71, 0
166.72, 0
166.73, 0
166.74, 0
166.75, 0
166.76, 0
166.77, 0
166.78, 0
166.79, 0
166.8, 0
166.81, 0
166.82, 0
166.83, 0
166.84, 0
166.85, 0
166.86, 0
166.87, 0
166.88, 0
166.89, 0
166.9, 0
166.91, 0
166.92, 0
166.93, 0
166.94, 0
166.95, 0
166.96, 0
166.97, 0
166.98, 0
166.99, 0
167, 0
167.01, 0
167.02, 0
167.03, 0
167.04, 0
167.05, 0
167.06, 0
167.07, 0
167.08, 0
167.09, 0
167.1, 0
167.11, 0
167.12, 0
167.13, 0
167.14, 0
167.15, 0
167.16, 0
167.17, 0
167.18, 0
167.19, 0
167.2, 0
167.21, 0
167.22, 0
167.23, 0
167.24, 0
167.25, 0
167.26, 0
167.27, 0
167.28, 0
167.29, 0
167.3, 0
167.31, 0
167.32, 0
167.33, 0
167.34, 0
167.35, 0
167.36, 0
167.37, 0
167.38, 0
167.39, 0
167.4, 0
167.41, 0
167.42, 0
167.43, 0
167.44, 0
167.45, 0
167.46, 0
167.47, 0
167.48, 0
167.49, 0
167.5, 0
167.51, 0
167.52, 0
167.53, 0
167.54, 0
167.55, 0
167.56, 0
167.57, 0
167.58, 0
167.59, 0
167.6, 0
167.61, 0
167.62, 0
167.63, 0
167.64, 0
167.65, 0
167.66, 0
167.67, 0
167.68, 0
167.69, 0
167.7, 0
167.71, 0
167.72, 0
167.73, 0
167.74, 0
167.75, 0
167.76, 0
167.77, 0
167.78, 0
167.79, 0
167.8, 0
167.81, 0
167.82, 0
167.83, 0
167.84, 0
167.85, 0
167.86, 0
167.87, 0
167.88, 0
167.89, 0
167.9, 0
167.91, 0
167.92, 0
167.93, 0
167.94, 0
167.95, 0
167.96, 0
167.97, 0
167.98, 0
167.99, 0
168, 0
168.01, 0
168.02, 0
168.03, 0
168.04, 0
168.05, 0
168.06, 0
168.07, 0
168.08, 0
168.09, 0
168.1, 0
168.11, 0
168.12, 0
168.13, 0
168.14, 0
168.15, 0
168.16, 0
168.17, 0
168.18, 0
168.19, 0
168.2, 0
168.21, 0
168.22, 0
168.23, 0
168.24, 0
168.25, 0
168.26, 0
168.27, 0
168.28, 0
168.29, 0
168.3, 0
168.31, 0
168.32, 0
168.33, 0
168.34, 0
168.35, 0
168.36, 0
168.37, 0
168.38, 0
168.39, 0
168.4, 0
168.41, 0
168.42, 0
168.43, 0
168.44, 0
168.45, 0
168.46, 0
168.47, 0
168.48, 0
168.49, 0
168.5, 0
168.51, 0
168.52, 0
168.53, 0
168.54, 0
168.55, 0
168.56, 0
168.57, 0
168.58, 0
168.59, 0
168.6, 0
168.61, 0
168.62, 0
168.63, 0
168.64, 0
168.65, 0
168.66, 0
168.67, 0
168.68, 0
168.69, 0
168.7, 0
168.71, 0
168.72, 0
168.73, 0
168.74, 0
168.75, 0
168.76, 0
168.77, 0
168.78, 0
168.79, 0
168.8, 0
168.81, 0
168.82, 0
168.83, 0
168.84, 0
168.85, 0
168.86, 0
168.87, 0
168.88, 0
168.89, 0
168.9, 0
168.91, 0
168.92, 0
168.93, 0
168.94, 0
168.95, 0
168.96, 0
168.97, 0
168.98, 0
168.99, 0
169, 0
169.01, 0
169.02, 0
169.03, 0
169.04, 0
169.05, 0
169.06, 0
169.07, 0
169.08, 0
169.09, 0
169.1, 0
169.11, 0
169.12, 0
169.13, 0
169.14, 0
169.15, 0
169.16, 0
169.17, 0
169.18, 0
169.19, 0
169.2, 0
169.21, 0
169.22, 0
169.23, 0
169.24, 0
169.25, 0
169.26, 0
169.27, 0
169.28, 0
169.29, 0
169.3, 0
169.31, 0
169.32, 0
169.33, 0
169.34, 0
169.35, 0
169.36, 0
169.37, 0
169.38, 0
169.39, 0
169.4, 0
169.41, 0
169.42, 0
169.43, 0
169.44, 0
169.45, 0
169.46, 0
169.47, 0
169.48, 0
169.49, 0
169.5, 0
169.51, 0
169.52, 0
169.53, 0
169.54, 0
169.55, 0
169.56, 0
169.57, 0
169.58, 0
169.59, 0
169.6, 0
169.61, 0
169.62, 0
169.63, 0
169.64, 0
169.65, 0
169.66, 0
169.67, 0
169.68, 0
169.69, 0
169.7, 0
169.71, 0
169.72, 0
169.73, 0
169.74, 0
169.75, 0
169.76, 0
169.77, 0
169.78, 0
169.79, 0
169.8, 0
169.81, 0
169.82, 0
169.83, 0
169.84, 0
169.85, 0
169.86, 0
169.87, 0
169.88, 0
169.89, 0
169.9, 0
169.91, 0
169.92, 0
169.93, 0
169.94, 0
169.95, 0
169.96, 0
169.97, 0
169.98, 0
169.99, 0
170, 0
170.01, 0
170.02, 0
170.03, 0
170.04, 0
170.05, 0
170.06, 0
170.07, 0
170.08, 0
170.09, 0
170.1, 0
170.11, 0
170.12, 0
170.13, 0
170.14, 0
170.15, 0
170.16, 0
170.17, 0
170.18, 0
170.19, 0
170.2, 0
170.21, 0
170.22, 0
170.23, 0
170.24, 0
170.25, 0
170.26, 0
170.27, 0
170.28, 0
170.29, 0
170.3, 0
170.31, 0
170.32, 0
170.33, 0
170.34, 0
170.35, 0
170.36, 0
170.37, 0
170.38, 0
170.39, 0
170.4, 0
170.41, 0
170.42, 0
170.43, 0
170.44, 0
170.45, 0
170.46, 0
170.47, 0
170.48, 0
170.49, 0
170.5, 0
170.51, 0
170.52, 0
170.53, 0
170.54, 0
170.55, 0
170.56, 0
170.57, 0
170.58, 0
170.59, 0
170.6, 0
170.61, 0
170.62, 0
170.63, 0
170.64, 0
170.65, 0
170.66, 0
170.67, 0
170.68, 0
170.69, 0
170.7, 0
170.71, 0
170.72, 0
170.73, 0
170.74, 0
170.75, 0
170.76, 0
170.77, 0
170.78, 0
170.79, 0
170.8, 0
170.81, 0
170.82, 0
170.83, 0
170.84, 0
170.85, 0
170.86, 0
170.87, 0
170.88, 0
170.89, 0
170.9, 0
170.91, 0
170.92, 0
170.93, 0
170.94, 0
170.95, 0
170.96, 0
170.97, 0
170.98, 0
170.99, 0
171, 0
171.01, 0
171.02, 0
171.03, 0
171.04, 0
171.05, 0
171.06, 0
171.07, 0
171.08, 0
171.09, 0
171.1, 0
171.11, 0
171.12, 0
171.13, 0
171.14, 0
171.15, 0
171.16, 0
171.17, 0
171.18, 0
171.19, 0
171.2, 0
171.21, 0
171.22, 0
171.23, 0
171.24, 0
171.25, 0
171.26, 0
171.27, 0
171.28, 0
171.29, 0
171.3, 0
171.31, 0
171.32, 0
171.33, 0
171.34, 0
171.35, 0
171.36, 0
171.37, 0
171.38, 0
171.39, 0
171.4, 0
171.41, 0
171.42, 0
171.43, 0
171.44, 0
171.45, 0
171.46, 0
171.47, 0
171.48, 0
171.49, 0
171.5, 0
171.51, 0
171.52, 0
171.53, 0
171.54, 0
171.55, 0
171.56, 0
171.57, 0
171.58, 0
171.59, 0
171.6, 0
171.61, 0
171.62, 0
171.63, 0
171.64, 0
171.65, 0
171.66, 0
171.67, 0
171.68, 0
171.69, 0
171.7, 0
171.71, 0
171.72, 0
171.73, 0
171.74, 0
171.75, 0
171.76, 0
171.77, 0
171.78, 0
171.79, 0
171.8, 0
171.81, 0
171.82, 0
171.83, 0
171.84, 0
171.85, 0
171.86, 0
171.87, 0
171.88, 0
171.89, 0
171.9, 0
171.91, 0
171.92, 0
171.93, 0
171.94, 0
171.95, 0
171.96, 0
171.97, 0
171.98, 0
171.99, 0
172, 0
172.01, 0
172.02, 0
172.03, 0
172.04, 0
172.05, 0
172.06, 0
172.07, 0
172.08, 0
172.09, 0
172.1, 0
172.11, 0
172.12, 0
172.13, 0
172.14, 0
172.15, 0
172.16, 0
172.17, 0
172.18, 0
172.19, 0
172.2, 0
172.21, 0
172.22, 0
172.23, 0
172.24, 0
172.25, 0
172.26, 0
172.27, 0
172.28, 0
172.29, 0
172.3, 0
172.31, 0
172.32, 0
172.33, 0
172.34, 0
172.35, 0
172.36, 0
172.37, 0
172.38, 0
172.39, 0
172.4, 0
172.41, 0
172.42, 0
172.43, 0
172.44, 0
172.45, 0
172.46, 0
172.47, 0
172.48, 0
172.49, 0
172.5, 0
172.51, 0
172.52, 0
172.53, 0
172.54, 0
172.55, 0
172.56, 0
172.57, 0
172.58, 0
172.59, 0
172.6, 0
172.61, 0
172.62, 0
172.63, 0
172.64, 0
172.65, 0
172.66, 0
172.67, 0
172.68, 0
172.69, 0
172.7, 0
172.71, 0
172.72, 0
172.73, 0
172.74, 0
172.75, 0
172.76, 0
172.77, 0
172.78, 0
172.79, 0
172.8, 0
172.81, 0
172.82, 0
172.83, 0
172.84, 0
172.85, 0
172.86, 0
172.87, 0
172.88, 0
172.89, 0
172.9, 0
172.91, 0
172.92, 0
172.93, 0
172.94, 0
172.95, 0
172.96, 0
172.97, 0
172.98, 0
172.99, 0
173, 0
173.01, 0
173.02, 0
173.03, 0
173.04, 0
173.05, 0
173.06, 0
173.07, 0
173.08, 0
173.09, 0
173.1, 0
173.11, 0
173.12, 0
173.13, 0
173.14, 0
173.15, 0
173.16, 0
173.17, 0
173.18, 0
173.19, 0
173.2, 0
173.21, 0
173.22, 0
173.23, 0
173.24, 0
173.25, 0
173.26, 0
173.27, 0
173.28, 0
173.29, 0
173.3, 0
173.31, 0
173.32, 0
173.33, 0
173.34, 0
173.35, 0
173.36, 0
173.37, 0
173.38, 0
173.39, 0
173.4, 0
173.41, 0
173.42, 0
173.43, 0
173.44, 0
173.45, 0
173.46, 0
173.47, 0
173.48, 0
173.49, 0
173.5, 0
173.51, 0
173.52, 0
173.53, 0
173.54, 0
173.55, 0
173.56, 0
173.57, 0
173.58, 0
173.59, 0
173.6, 0
173.61, 0
173.62, 0
173.63, 0
173.64, 0
173.65, 0
173.66, 0
173.67, 0
173.68, 0
173.69, 0
173.7, 0
173.71, 0
173.72, 0
173.73, 0
173.74, 0
173.75, 0
173.76, 0
173.77, 0
173.78, 0
173.79, 0
173.8, 0
173.81, 0
173.82, 0
173.83, 0
173.84, 0
173.85, 0
173.86, 0
173.87, 0
173.88, 0
173.89, 0
173.9, 0
173.91, 0
173.92, 0
173.93, 0
173.94, 0
173.95, 0
173.96, 0
173.97, 0
173.98, 0
173.99, 0
174, 0
174.01, 0
174.02, 0
174.03, 0
174.04, 0
174.05, 0
174.06, 0
174.07, 0
174.08, 0
174.09, 0
174.1, 0
174.11, 0
174.12, 0
174.13, 0
174.14, 0
174.15, 0
174.16, 0
174.17, 0
174.18, 0
174.19, 0
174.2, 0
174.21, 0
174.22, 0
174.23, 0
174.24, 0
174.25, 0
174.26, 0
174.27, 0
174.28, 0
174.29, 0
174.3, 0
174.31, 0
174.32, 0
174.33, 0
174.34, 0
174.35, 0
174.36, 0
174.37, 0
174.38, 0
174.39, 0
174.4, 0
174.41, 0
174.42, 0
174.43, 0
174.44, 0
174.45, 0
174.46, 0
174.47, 0
174.48, 0
174.49, 0
174.5, 0
174.51, 0
174.52, 0
174.53, 0
174.54, 0
174.55, 0
174.56, 0
174.57, 0
174.58, 0
174.59, 0
174.6, 0
174.61, 0
174.62, 0
174.63, 0
174.64, 0
174.65, 0
174.66, 0
174.67, 0
174.68, 0
174.69, 0
174.7, 0
174.71, 0
174.72, 0
174.73, 0
174.74, 0
174.75, 0
174.76, 0
174.77, 0
174.78, 0
174.79, 0
174.8, 0
174.81, 0
174.82, 0
174.83, 0
174.84, 0
174.85, 0
174.86, 0
174.87, 0
174.88, 0
174.89, 0
174.9, 0
174.91, 0
174.92, 0
174.93, 0
174.94, 0
174.95, 0
174.96, 0
174.97, 0
174.98, 0
174.99, 0
175, 0
175.01, 0
175.02, 0
175.03, 0
175.04, 0
175.05, 0
175.06, 0
175.07, 0
175.08, 0
175.09, 0
175.1, 0
175.11, 0
175.12, 0
175.13, 0
175.14, 0
175.15, 0
175.16, 0
175.17, 0
175.18, 0
175.19, 0
175.2, 0
175.21, 0
175.22, 0
175.23, 0
175.24, 0
175.25, 0
175.26, 0
175.27, 0
175.28, 0
175.29, 0
175.3, 0
175.31, 0
175.32, 0
175.33, 0
175.34, 0
175.35, 0
175.36, 0
175.37, 0
175.38, 0
175.39, 0
175.4, 0
175.41, 0
175.42, 0
175.43, 0
175.44, 0
175.45, 0
175.46, 0
175.47, 0
175.48, 0
175.49, 0
175.5, 0
175.51, 0
175.52, 0
175.53, 0
175.54, 0
175.55, 0
175.56, 0
175.57, 0
175.58, 0
175.59, 0
175.6, 0
175.61, 0
175.62, 0
175.63, 0
175.64, 0
175.65, 0
175.66, 0
175.67, 0
175.68, 0
175.69, 0
175.7, 0
175.71, 0
175.72, 0
175.73, 0
175.74, 0
175.75, 0
175.76, 0
175.77, 0
175.78, 0
175.79, 0
175.8, 0
175.81, 0
175.82, 0
175.83, 0
175.84, 0
175.85, 0
175.86, 0
175.87, 0
175.88, 0
175.89, 0
175.9, 0
175.91, 0
175.92, 0
175.93, 0
175.94, 0
175.95, 0
175.96, 0
175.97, 0
175.98, 0
175.99, 0
176, 0
176.01, 0
176.02, 0
176.03, 0
176.04, 0
176.05, 0
176.06, 0
176.07, 0
176.08, 0
176.09, 0
176.1, 0
176.11, 0
176.12, 0
176.13, 0
176.14, 0
176.15, 0
176.16, 0
176.17, 0
176.18, 0
176.19, 0
176.2, 0
176.21, 0
176.22, 0
176.23, 0
176.24, 0
176.25, 0
176.26, 0
176.27, 0
176.28, 0
176.29, 0
176.3, 0
176.31, 0
176.32, 0
176.33, 0
176.34, 0
176.35, 0
176.36, 0
176.37, 0
176.38, 0
176.39, 0
176.4, 0
176.41, 0
176.42, 0
176.43, 0
176.44, 0
176.45, 0
176.46, 0
176.47, 0
176.48, 0
176.49, 0
176.5, 0
176.51, 0
176.52, 0
176.53, 0
176.54, 0
176.55, 0
176.56, 0
176.57, 0
176.58, 0
176.59, 0
176.6, 0
176.61, 0
176.62, 0
176.63, 0
176.64, 0
176.65, 0
176.66, 0
176.67, 0
176.68, 0
176.69, 0
176.7, 0
176.71, 0
176.72, 0
176.73, 0
176.74, 0
176.75, 0
176.76, 0
176.77, 0
176.78, 0
176.79, 0
176.8, 0
176.81, 0
176.82, 0
176.83, 0
176.84, 0
176.85, 0
176.86, 0
176.87, 0
176.88, 0
176.89, 0
176.9, 0
176.91, 0
176.92, 0
176.93, 0
176.94, 0
176.95, 0
176.96, 0
176.97, 0
176.98, 0
176.99, 0
177, 0
177.01, 0
177.02, 0
177.03, 0
177.04, 0
177.05, 0
177.06, 0
177.07, 0
177.08, 0
177.09, 0
177.1, 0
177.11, 0
177.12, 0
177.13, 0
177.14, 0
177.15, 0
177.16, 0
177.17, 0
177.18, 0
177.19, 0
177.2, 0
177.21, 0
177.22, 0
177.23, 0
177.24, 0
177.25, 0
177.26, 0
177.27, 0
177.28, 0
177.29, 0
177.3, 0
177.31, 0
177.32, 0
177.33, 0
177.34, 0
177.35, 0
177.36, 0
177.37, 0
177.38, 0
177.39, 0
177.4, 0
177.41, 0
177.42, 0
177.43, 0
177.44, 0
177.45, 0
177.46, 0
177.47, 0
177.48, 0
177.49, 0
177.5, 0
177.51, 0
177.52, 0
177.53, 0
177.54, 0
177.55, 0
177.56, 0
177.57, 0
177.58, 0
177.59, 0
177.6, 0
177.61, 0
177.62, 0
177.63, 0
177.64, 0
177.65, 0
177.66, 0
177.67, 0
177.68, 0
177.69, 0
177.7, 0
177.71, 0
177.72, 0
177.73, 0
177.74, 0
177.75, 0
177.76, 0
177.77, 0
177.78, 0
177.79, 0
177.8, 0
177.81, 0
177.82, 0
177.83, 0
177.84, 0
177.85, 0
177.86, 0
177.87, 0
177.88, 0
177.89, 0
177.9, 0
177.91, 0
177.92, 0
177.93, 0
177.94, 0
177.95, 0
177.96, 0
177.97, 0
177.98, 0
177.99, 0
178, 0
178.01, 0
178.02, 0
178.03, 0
178.04, 0
178.05, 0
178.06, 0
178.07, 0
178.08, 0
178.09, 0
178.1, 0
178.11, 0
178.12, 0
178.13, 0
178.14, 0
178.15, 0
178.16, 0
178.17, 0
178.18, 0
178.19, 0
178.2, 0
178.21, 0
178.22, 0
178.23, 0
178.24, 0
178.25, 0
178.26, 0
178.27, 0
178.28, 0
178.29, 0
178.3, 0
178.31, 0
178.32, 0
178.33, 0
178.34, 0
178.35, 0
178.36, 0
178.37, 0
178.38, 0
178.39, 0
178.4, 0
178.41, 0
178.42, 0
178.43, 0
178.44, 0
178.45, 0
178.46, 0
178.47, 0
178.48, 0
178.49, 0
178.5, 0
178.51, 0
178.52, 0
178.53, 0
178.54, 0
178.55, 0
178.56, 0
178.57, 0
178.58, 0
178.59, 0
178.6, 0
178.61, 0
178.62, 0
178.63, 0
178.64, 0
178.65, 0
178.66, 0
178.67, 0
178.68, 0
178.69, 0
178.7, 0
178.71, 0
178.72, 0
178.73, 0
178.74, 0
178.75, 0
178.76, 0
178.77, 0
178.78, 0
178.79, 0
178.8, 0
178.81, 0
178.82, 0
178.83, 0
178.84, 0
178.85, 0
178.86, 0
178.87, 0
178.88, 0
178.89, 0
178.9, 0
178.91, 0
178.92, 0
178.93, 0
178.94, 0
178.95, 0
178.96, 0
178.97, 0
178.98, 0
178.99, 0
179, 0
179.01, 0
179.02, 0
179.03, 0
179.04, 0
179.05, 0
179.06, 0
179.07, 0
179.08, 0
179.09, 0
179.1, 0
179.11, 0
179.12, 0
179.13, 0
179.14, 0
179.15, 0
179.16, 0
179.17, 0
179.18, 0
179.19, 0
179.2, 0
179.21, 0
179.22, 0
179.23, 0
179.24, 0
179.25, 0
179.26, 0
179.27, 0
179.28, 0
179.29, 0
179.3, 0
179.31, 0
179.32, 0
179.33, 0
179.34, 0
179.35, 0
179.36, 0
179.37, 0
179.38, 0
179.39, 0
179.4, 0
179.41, 0
179.42, 0
179.43, 0
179.44, 0
179.45, 0
179.46, 0
179.47, 0
179.48, 0
179.49, 0
179.5, 0
179.51, 0
179.52, 0
179.53, 0
179.54, 0
179.55, 0
179.56, 0
179.57, 0
179.58, 0
179.59, 0
179.6, 0
179.61, 0
179.62, 0
179.63, 0
179.64, 0
179.65, 0
179.66, 0
179.67, 0
179.68, 0
179.69, 0
179.7, 0
179.71, 0
179.72, 0
179.73, 0
179.74, 0
179.75, 0
179.76, 0
179.77, 0
179.78, 0
179.79, 0
179.8, 0
179.81, 0
179.82, 0
179.83, 0
179.84, 0
179.85, 0
179.86, 0
179.87, 0
179.88, 0
179.89, 0
179.9, 0
179.91, 0
179.92, 0
179.93, 0
179.94, 0
179.95, 0
179.96, 0
179.97, 0
179.98, 0
179.99, 0
