data36()
crystal_structure 1
space_group 2
0.0, 0.0
0.01, 0.0
0.02, 0.0
0.03, 0.0
0.04, 0.0
0.05, 0.0
0.06, 0.0
0.07, 0.0
0.08, 0.0
0.09, 0.0
0.1, 0.0
0.11, 0.0
0.12, 0.0
0.13, 0.0
0.14, 0.0
0.15, 0.0
0.16, 0.0
0.17, 0.0
0.18, 0.0
0.19, 0.0
0.2, 0.0
0.21, 0.0
0.22, 0.0
0.23, 0.0
0.24, 0.0
0.25, 0.0
0.26, 0.0
0.27, 0.0
0.28, 0.0
0.29, 0.0
0.3, 0.0
0.31, 0.0
0.32, 0.0
0.33, 0.0
0.34, 0.0
0.35, 0.0
0.36, 0.0
0.37, 0.0
0.38, 0.0
0.39, 0.0
0.4, 0.0
0.41, 0.0
0.42, 0.0
0.43, 0.0
0.44, 0.0
0.45, 0.0
0.46, 0.0
0.47, 0.0
0.48, 0.0
0.49, 0.0
0.5, 0.0
0.51, 0.0
0.52, 0.0
0.53, 0.0
0.54, 0.0
0.55, 0.0
0.56, 0.0
0.57, 0.0
0.58, 0.0
0.59, 0.0
0.6, 0.0
0.61, 0.0
0.62, 0.0
0.63, 0.0
0.64, 0.0
0.65, 0.0
0.66, 0.0
0.67, 0.0
0.68, 0.0
0.69, 0.0
0.7, 0.0
0.71, 0.0
0.72, 0.0
0.73, 0.0
0.74, 0.0
0.75, 0.0
0.76, 0.0
0.77, 0.0
0.78, 0.0
0.79, 0.0
0.8, 0.0
0.81, 0.0
0.82, 0.0
0.83, 0.0
0.84, 0.0
0.85, 0.0
0.86, 0.0
0.87, 0.0
0.88, 0.0
0.89, 0.0
0.9, 0.0
0.91, 0.0
0.92, 0.0
0.93, 0.0
0.94, 0.0
0.95, 0.0
0.96, 0.0
0.97, 0.0
0.98, 0.0
0.99, 0.0
1.0, 0.0
1.01, 0.0
1.02, 0.0
1.03, 0.0
1.04, 0.0
1.05, 0.0
1.06, 0.0
1.07, 0.0
1.08, 0.0
1.09, 0.0
1.1, 0.0
1.11, 0.0
1.12, 0.0
1.13, 0.0
1.14, 0.0
1.15, 0.0
1.16, 0.0
1.17, 0.0
1.18, 0.0
1.19, 0.0
1.2, 0.0
1.21, 0.0
1.22, 0.0
1.23, 0.0
1.24, 0.0
1.25, 0.0
1.26, 0.0
1.27, 0.0
1.28, 0.0
1.29, 0.0
1.3, 0.0
1.31, 0.0
1.32, 0.0
1.33, 0.0
1.34, 0.0
1.35, 0.0
1.36, 0.0
1.37, 0.0
1.38, 0.0
1.39, 0.0
1.4, 0.0
1.41, 0.0
1.42, 0.0
1.43, 0.0
1.44, 0.0
1.45, 0.0
1.46, 0.0
1.47, 0.0
1.48, 0.0
1.49, 0.0
1.5, 0.0
1.51, 0.0
1.52, 0.0
1.53, 0.0
1.54, 0.0
1.55, 0.0
1.56, 0.0
1.57, 0.0
1.58, 0.0
1.59, 0.0
1.6, 0.0
1.61, 0.0
1.62, 0.0
1.63, 0.0
1.64, 0.0
1.65, 0.0
1.66, 0.0
1.67, 0.0
1.68, 0.0
1.69, 0.0
1.7, 0.0
1.71, 0.0
1.72, 0.0
1.73, 0.0
1.74, 0.0
1.75, 0.0
1.76, 0.0
1.77, 0.0
1.78, 0.0
1.79, 0.0
1.8, 0.0
1.81, 0.0
1.82, 0.0
1.83, 0.0
1.84, 0.0
1.85, 0.0
1.86, 0.0
1.87, 0.0
1.88, 0.0
1.89, 0.0
1.9, 0.0
1.91, 0.0
1.92, 0.0
1.93, 0.0
1.94, 0.0
1.95, 0.0
1.96, 0.0
1.97, 0.0
1.98, 0.0
1.99, 0.0
2.0, 0.0
2.01, 0.0
2.02, 0.0
2.03, 0.0
2.04, 0.0
2.05, 0.0
2.06, 0.0
2.07, 0.0
2.08, 0.0
2.09, 0.0
2.1, 0.0
2.11, 0.0
2.12, 0.0
2.13, 0.0
2.14, 0.0
2.15, 0.0
2.16, 0.0
2.17, 0.0
2.18, 0.0
2.19, 0.0
2.2, 0.0
2.21, 0.0
2.22, 0.0
2.23, 0.0
2.24, 0.0
2.25, 0.0
2.26, 0.0
2.27, 0.0
2.28, 0.0
2.29, 0.0
2.3, 0.0
2.31, 0.0
2.32, 0.0
2.33, 0.0
2.34, 0.0
2.35, 0.0
2.36, 0.0
2.37, 0.0
2.38, 0.0
2.39, 0.0
2.4, 0.0
2.41, 0.0
2.42, 0.0
2.43, 0.0
2.44, 0.0
2.45, 0.0
2.46, 0.0
2.47, 0.0
2.48, 0.0
2.49, 0.0
2.5, 0.0
2.51, 0.0
2.52, 0.0
2.53, 0.0
2.54, 0.0
2.55, 0.0
2.56, 0.0
2.57, 0.0
2.58, 0.0
2.59, 0.0
2.6, 0.0
2.61, 0.0
2.62, 0.0
2.63, 0.0
2.64, 0.0
2.65, 0.0
2.66, 0.0
2.67, 0.0
2.68, 0.0
2.69, 0.0
2.7, 0.0
2.71, 0.0
2.72, 0.0
2.73, 0.0
2.74, 0.0
2.75, 0.0
2.76, 0.0
2.77, 0.0
2.78, 0.0
2.79, 0.0
2.8, 0.0
2.81, 0.0
2.82, 0.0
2.83, 0.0
2.84, 0.0
2.85, 0.0
2.86, 0.0
2.87, 0.0
2.88, 0.0
2.89, 0.0
2.9, 0.0
2.91, 0.0
2.92, 0.0
2.93, 0.0
2.94, 0.0
2.95, 0.0
2.96, 0.0
2.97, 0.0
2.98, 0.0
2.99, 0.0
3.0, 0.0
3.01, 0.0
3.02, 0.0
3.03, 0.0
3.04, 0.0
3.05, 0.0
3.06, 0.0
3.07, 0.0
3.08, 0.0
3.09, 0.0
3.1, 0.0
3.11, 0.0
3.12, 0.0
3.13, 0.0
3.14, 0.0
3.15, 0.0
3.16, 0.0
3.17, 0.0
3.18, 0.0
3.19, 0.0
3.2, 0.0
3.21, 0.0
3.22, 0.0
3.23, 0.0
3.24, 0.0
3.25, 0.0
3.26, 0.0
3.27, 0.0
3.28, 0.0
3.29, 0.0
3.3, 0.0
3.31, 0.0
3.32, 0.0
3.33, 0.0
3.34, 0.0
3.35, 0.0
3.36, 0.0
3.37, 0.0
3.38, 0.0
3.39, 0.0
3.4, 0.0
3.41, 0.0
3.42, 0.0
3.43, 0.0
3.44, 0.0
3.45, 0.0
3.46, 0.0
3.47, 0.0
3.48, 0.0
3.49, 0.0
3.5, 0.0
3.51, 0.0
3.52, 0.0
3.53, 0.0
3.54, 0.0
3.55, 0.0
3.56, 0.0
3.57, 0.0
3.58, 0.0
3.59, 0.0
3.6, 0.0
3.61, 0.0
3.62, 0.0
3.63, 0.0
3.64, 0.0
3.65, 0.0
3.66, 0.0
3.67, 0.0
3.68, 0.0
3.69, 0.0
3.7, 0.0
3.71, 0.0
3.72, 0.0
3.73, 0.0
3.74, 0.0
3.75, 0.0
3.76, 0.0
3.77, 0.0
3.78, 0.0
3.79, 0.0
3.8, 0.0
3.81, 0.0
3.82, 0.0
3.83, 0.0
3.84, 0.0
3.85, 0.0
3.86, 0.0
3.87, 0.0
3.88, 0.0
3.89, 0.0
3.9, 0.0
3.91, 0.0
3.92, 0.0
3.93, 0.0
3.94, 0.0
3.95, 0.0
3.96, 0.0
3.97, 0.0
3.98, 0.0
3.99, 0.0
4.0, 0.0
4.01, 0.0
4.02, 0.0
4.03, 0.0
4.04, 0.0
4.05, 0.0
4.06, 0.0
4.07, 0.0
4.08, 0.0
4.09, 0.0
4.1, 0.0
4.11, 0.0
4.12, 0.0
4.13, 0.0
4.14, 0.0
4.15, 0.0
4.16, 0.0
4.17, 0.0
4.18, 0.0
4.19, 0.0
4.2, 0.0
4.21, 0.0
4.22, 0.0
4.23, 0.0
4.24, 0.0
4.25, 0.0
4.26, 0.0
4.27, 0.0
4.28, 0.0
4.29, 0.0
4.3, 0.0
4.31, 0.0
4.32, 0.0
4.33, 0.0
4.34, 0.0
4.35, 0.0
4.36, 0.0
4.37, 0.0
4.38, 0.0
4.39, 0.0
4.4, 0.0
4.41, 0.0
4.42, 0.0
4.43, 0.0
4.44, 0.0
4.45, 0.0
4.46, 0.0
4.47, 0.0
4.48, 0.0
4.49, 0.0
4.5, 0.0
4.51, 0.0
4.52, 0.0
4.53, 0.0
4.54, 0.0
4.55, 0.0
4.56, 0.0
4.57, 0.0
4.58, 0.0
4.59, 0.0
4.6, 0.0
4.61, 0.0
4.62, 0.0
4.63, 0.0
4.64, 0.0
4.65, 0.0
4.66, 0.0
4.67, 0.0
4.68, 0.0
4.69, 0.0
4.7, 0.0
4.71, 0.0
4.72, 0.0
4.73, 0.0
4.74, 0.0
4.75, 0.0
4.76, 0.0
4.77, 0.0
4.78, 0.0
4.79, 0.0
4.8, 0.0
4.81, 0.0
4.82, 0.0
4.83, 0.0
4.84, 0.0
4.85, 0.0
4.86, 0.0
4.87, 0.0
4.88, 0.0
4.89, 0.0
4.9, 0.0
4.91, 0.0
4.92, 0.0
4.93, 0.0
4.94, 0.0
4.95, 0.0
4.96, 0.0
4.97, 0.0
4.98, 0.0
4.99, 0.0
5.0, 268.0
5.01, 268.0
5.02, 268.0
5.03, 268.0
5.04, 268.0
5.05, 268.0
5.06, 268.0
5.07, 268.0
5.08, 268.0
5.09, 268.0
5.1, 268.0
5.11, 268.0
5.12, 268.0
5.13, 268.0
5.14, 268.0
5.15, 268.0
5.16, 268.0
5.17, 268.0
5.18, 268.0
5.19, 268.0
5.2, 268.0
5.21, 268.0
5.22, 268.0
5.23, 268.0
5.24, 268.0
5.25, 268.0
5.26, 268.0
5.27, 268.0
5.28, 268.0
5.29, 268.0
5.3, 268.0
5.31, 268.0
5.32, 268.0
5.33, 268.0
5.34, 268.0
5.35, 268.0
5.36, 268.0
5.37, 268.0
5.38, 268.0
5.39, 268.0
5.4, 268.0
5.41, 268.0
5.42, 268.0
5.43, 268.0
5.44, 268.0
5.45, 268.0
5.46, 268.0
5.47, 268.0
5.48, 268.0
5.49, 268.0
5.5, 268.0
5.51, 268.0
5.52, 268.0
5.53, 268.0
5.54, 268.0
5.55, 268.0
5.56, 268.0
5.57, 268.0
5.58, 268.0
5.59, 268.0
5.6, 268.0
5.61, 268.0
5.62, 268.0
5.63, 268.0
5.64, 268.0
5.65, 268.0
5.66, 268.0
5.67, 268.0
5.68, 268.0
5.69, 268.0
5.7, 268.0
5.71, 268.0
5.72, 268.0
5.73, 268.0
5.74, 268.0
5.75, 268.0
5.76, 268.0
5.77, 268.0
5.78, 268.0
5.79, 268.0
5.8, 268.0
5.81, 268.0
5.82, 268.0
5.83, 268.0
5.84, 268.0
5.85, 268.0
5.86, 268.0
5.87, 268.0
5.88, 268.0
5.89, 268.0
5.9, 268.0
5.91, 268.0
5.92, 268.0
5.93, 268.0
5.94, 268.0
5.95, 268.0
5.96, 268.0
5.97, 268.0
5.98, 268.0
5.99, 268.0
6.0, 268.0
6.01, 268.0
6.02, 268.0
6.03, 268.0
6.04, 268.0
6.05, 268.0
6.06, 268.0
6.07, 268.0
6.08, 268.0
6.09, 268.0
6.1, 268.0
6.11, 268.0
6.12, 268.0
6.13, 268.0
6.14, 268.0
6.15, 268.0
6.16, 268.0
6.17, 268.0
6.18, 268.0
6.19, 268.0
6.2, 268.0
6.21, 268.0
6.22, 268.0
6.23, 268.0
6.24, 268.0
6.25, 268.0
6.26, 268.0
6.27, 268.0
6.28, 268.0
6.29, 268.0
6.3, 268.0
6.31, 268.0
6.32, 268.0
6.33, 268.0
6.34, 268.0
6.35, 268.0
6.36, 268.0
6.37, 268.0
6.38, 268.0
6.39, 268.0
6.4, 268.0
6.41, 268.0
6.42, 268.0
6.43, 268.0
6.44, 268.0
6.45, 268.0
6.46, 268.0
6.47, 268.0
6.48, 268.0
6.49, 268.0
6.5, 268.0
6.51, 268.0
6.52, 268.0
6.53, 268.0
6.54, 268.0
6.55, 268.0
6.56, 268.0
6.57, 268.0
6.58, 268.0
6.59, 268.0
6.6, 268.0
6.61, 268.0
6.62, 268.0
6.63, 268.0
6.64, 268.0
6.65, 268.0
6.66, 268.0
6.67, 268.0
6.68, 268.0
6.69, 268.0
6.7, 268.0
6.71, 268.0
6.72, 268.0
6.73, 268.0
6.74, 268.0
6.75, 268.0
6.76, 268.0
6.77, 268.0
6.78, 268.0
6.79, 268.0
6.8, 268.0
6.81, 268.0
6.82, 268.0
6.83, 268.0
6.84, 268.0
6.85, 268.0
6.86, 268.0
6.87, 268.0
6.88, 268.0
6.89, 268.0
6.9, 268.0
6.91, 268.0
6.92, 268.0
6.93, 268.0
6.94, 268.0
6.95, 268.0
6.96, 268.0
6.97, 268.0
6.98, 268.0
6.99, 268.0
7.0, 268.0
7.01, 268.0
7.02, 268.0
7.03, 268.0
7.04, 268.0
7.05, 268.0
7.06, 268.0
7.07, 268.0
7.08, 268.0
7.09, 268.0
7.1, 268.0
7.11, 268.0
7.12, 268.0
7.13, 268.0
7.14, 268.0
7.15, 268.0
7.16, 268.0
7.17, 268.0
7.18, 268.0
7.19, 268.0
7.2, 268.0
7.21, 268.0
7.22, 268.0
7.23, 268.0
7.24, 268.0
7.25, 268.0
7.26, 268.0
7.27, 268.0
7.28, 268.0
7.29, 268.0
7.3, 268.0
7.31, 268.0
7.32, 268.0
7.33, 268.0
7.34, 268.0
7.35, 268.0
7.36, 268.0
7.37, 268.0
7.38, 268.0
7.39, 268.0
7.4, 268.0
7.41, 268.0
7.42, 268.0
7.43, 268.0
7.44, 268.0
7.45, 268.0
7.46, 268.0
7.47, 268.0
7.48, 268.0
7.49, 268.0
7.5, 268.0
7.51, 268.0
7.52, 268.0
7.53, 268.0
7.54, 268.0
7.55, 268.0
7.56, 268.0
7.57, 268.0
7.58, 268.0
7.59, 268.0
7.6, 268.0
7.61, 268.0
7.62, 268.0
7.63, 268.0
7.64, 268.0
7.65, 268.0
7.66, 268.0
7.67, 268.0
7.68, 268.0
7.69, 268.0
7.7, 268.0
7.71, 268.0
7.72, 268.0
7.73, 268.0
7.74, 268.0
7.75, 268.0
7.76, 268.0
7.77, 268.0
7.78, 268.0
7.79, 268.0
7.8, 268.0
7.81, 268.0
7.82, 268.0
7.83, 268.0
7.84, 268.0
7.85, 268.0
7.86, 268.0
7.87, 268.0
7.88, 268.0
7.89, 268.0
7.9, 268.0
7.91, 268.0
7.92, 268.0
7.93, 268.0
7.94, 268.0
7.95, 268.0
7.96, 268.0
7.97, 268.0
7.98, 268.0
7.99, 268.0
8.0, 268.0
8.01, 268.0
8.02, 268.0
8.03, 268.0
8.04, 268.0
8.05, 268.0
8.06, 268.0
8.07, 268.0
8.08, 268.0
8.09, 268.0
8.1, 268.0
8.11, 268.0
8.12, 268.0
8.13, 268.0
8.14, 268.0
8.15, 268.0
8.16, 268.0
8.17, 268.0
8.18, 268.0
8.19, 268.0
8.2, 268.0
8.21, 268.0
8.22, 268.0
8.23, 268.0
8.24, 268.0
8.25, 268.0
8.26, 268.0
8.27, 268.0
8.28, 268.0
8.29, 268.0
8.3, 268.0
8.31, 268.0
8.32, 268.0
8.33, 268.0
8.34, 268.0
8.35, 268.0
8.36, 268.0
8.37, 268.0
8.38, 268.0
8.39, 268.0
8.4, 268.0
8.41, 268.0
8.42, 268.0
8.43, 268.0
8.44, 268.0
8.45, 268.0
8.46, 268.0
8.47, 268.0
8.48, 268.0
8.49, 268.0
8.5, 268.0
8.51, 268.0
8.52, 268.0
8.53, 268.0
8.54, 268.0
8.55, 268.0
8.56, 268.0
8.57, 268.0
8.58, 268.0
8.59, 268.0
8.6, 268.0
8.61, 268.0
8.62, 268.0
8.63, 268.0
8.64, 268.0
8.65, 268.0
8.66, 268.0
8.67, 268.0
8.68, 268.0
8.69, 268.0
8.7, 268.0
8.71, 268.0
8.72, 268.0
8.73, 268.0
8.74, 268.0
8.75, 268.0
8.76, 268.0
8.77, 268.0
8.78, 268.0
8.79, 268.0
8.8, 268.0
8.81, 268.0
8.82, 268.0
8.83, 268.0
8.84, 268.0
8.85, 268.0
8.86, 268.0
8.87, 268.0
8.88, 268.0
8.89, 268.0
8.9, 268.0
8.91, 268.0
8.92, 268.0
8.93, 268.0
8.94, 268.0
8.95, 268.0
8.96, 268.0
8.97, 268.0
8.98, 268.0
8.99, 268.0
9.0, 268.0
9.01, 268.0
9.02, 268.0
9.03, 268.0
9.04, 268.0
9.05, 268.0
9.06, 268.0
9.07, 268.0
9.08, 268.0
9.09, 268.0
9.1, 268.0
9.11, 268.0
9.12, 268.0
9.13, 268.0
9.14, 268.0
9.15, 268.0
9.16, 268.0
9.17, 268.0
9.18, 268.0
9.19, 268.0
9.2, 268.0
9.21, 268.0
9.22, 268.0
9.23, 268.0
9.24, 268.0
9.25, 268.0
9.26, 268.0
9.27, 268.0
9.28, 268.0
9.29, 268.0
9.3, 268.0
9.31, 268.0
9.32, 268.0
9.33, 268.0
9.34, 268.0
9.35, 268.0
9.36, 268.0
9.37, 268.0
9.38, 268.0
9.39, 268.0
9.4, 268.0
9.41, 268.0
9.42, 268.0
9.43, 268.0
9.44, 268.0
9.45, 268.0
9.46, 268.0
9.47, 268.0
9.48, 268.0
9.49, 268.0
9.5, 268.0
9.51, 268.0
9.52, 268.0
9.53, 268.0
9.54, 268.0
9.55, 268.0
9.56, 268.0
9.57, 268.0
9.58, 268.0
9.59, 268.0
9.6, 268.0
9.61, 268.0
9.62, 268.0
9.63, 268.0
9.64, 268.0
9.65, 268.0
9.66, 268.0
9.67, 268.0
9.68, 268.0
9.69, 268.0
9.7, 268.0
9.71, 268.0
9.72, 268.0
9.73, 268.0
9.74, 268.0
9.75, 268.0
9.76, 268.0
9.77, 268.0
9.78, 268.0
9.79, 268.0
9.8, 268.0
9.81, 268.0
9.82, 268.0
9.83, 268.0
9.84, 268.0
9.85, 268.0
9.86, 268.0
9.87, 268.0
9.88, 268.0
9.89, 268.0
9.9, 268.0
9.91, 268.0
9.92, 268.0
9.93, 268.0
9.94, 268.0
9.95, 268.0
9.96, 268.0
9.97, 268.0
9.98, 268.0
9.99, 268.0
10.0, 268.0
10.01, 268.0
10.02, 268.0
10.03, 268.0
10.04, 268.0
10.05, 268.0
10.06, 268.0
10.07, 268.0
10.08, 268.0
10.09, 268.0
10.1, 268.0
10.11, 268.0
10.12, 268.0
10.13, 268.0
10.14, 268.0
10.15, 268.0
10.16, 268.0
10.17, 268.0
10.18, 268.0
10.19, 268.0
10.2, 268.0
10.21, 268.0
10.22, 268.0
10.23, 268.0
10.24, 268.0
10.25, 268.0
10.26, 268.0
10.27, 268.0
10.28, 268.0
10.29, 268.0
10.3, 268.0
10.31, 268.0
10.32, 268.0
10.33, 268.0
10.34, 268.0
10.35, 268.0
10.36, 268.0
10.37, 268.0
10.38, 268.0
10.39, 268.0
10.4, 268.0
10.41, 268.0
10.42, 268.0
10.43, 268.0
10.44, 268.0
10.45, 268.0
10.46, 268.0
10.47, 268.0
10.48, 268.0
10.49, 268.0
10.5, 268.0
10.51, 268.0
10.52, 268.0
10.53, 268.0
10.54, 268.0
10.55, 268.0
10.56, 268.0
10.57, 268.0
10.58, 268.0
10.59, 268.0
10.6, 268.0
10.61, 268.0
10.62, 268.0
10.63, 268.0
10.64, 268.0
10.65, 268.0
10.66, 268.0
10.67, 268.0
10.68, 268.0
10.69, 268.0
10.7, 268.0
10.71, 268.0
10.72, 268.0
10.73, 268.0
10.74, 268.0
10.75, 268.0
10.76, 268.0
10.77, 268.0
10.78, 268.0
10.79, 268.0
10.8, 268.0
10.81, 268.0
10.82, 268.0
10.83, 268.0
10.84, 268.0
10.85, 268.0
10.86, 268.0
10.87, 268.0
10.88, 268.0
10.89, 268.0
10.9, 268.0
10.91, 268.0
10.92, 268.0
10.93, 268.0
10.94, 268.0
10.95, 268.0
10.96, 268.0
10.97, 268.0
10.98, 268.0
10.99, 268.0
11.0, 268.0
11.01, 268.0
11.02, 268.0
11.03, 268.0
11.04, 268.0
11.05, 268.0
11.06, 268.0
11.07, 268.0
11.08, 268.0
11.09, 268.0
11.1, 268.0
11.11, 268.0
11.12, 268.0
11.13, 268.0
11.14, 268.0
11.15, 268.0
11.16, 268.0
11.17, 268.0
11.18, 268.0
11.19, 268.0
11.2, 268.0
11.21, 268.0
11.22, 268.0
11.23, 268.0
11.24, 268.0
11.25, 268.0
11.26, 268.0
11.27, 268.0
11.28, 268.0
11.29, 268.0
11.3, 268.0
11.31, 268.0
11.32, 268.0
11.33, 268.0
11.34, 268.0
11.35, 268.0
11.36, 268.0
11.37, 268.0
11.38, 268.0
11.39, 268.0
11.4, 268.0
11.41, 268.0
11.42, 268.0
11.43, 268.0
11.44, 268.0
11.45, 268.0
11.46, 268.0
11.47, 268.0
11.48, 268.0
11.49, 268.0
11.5, 268.0
11.51, 268.0
11.52, 268.0
11.53, 268.0
11.54, 268.0
11.55, 268.0
11.56, 268.0
11.57, 268.0
11.58, 268.0
11.59, 268.0
11.6, 268.0
11.61, 268.0
11.62, 268.0
11.63, 268.0
11.64, 268.0
11.65, 268.0
11.66, 268.0
11.67, 268.0
11.68, 268.0
11.69, 268.0
11.7, 268.0
11.71, 268.0
11.72, 268.0
11.73, 268.0
11.74, 268.0
11.75, 268.0
11.76, 268.0
11.77, 268.0
11.78, 268.0
11.79, 268.0
11.8, 268.0
11.81, 268.0
11.82, 268.0
11.83, 268.0
11.84, 268.0
11.85, 268.0
11.86, 268.0
11.87, 268.0
11.88, 268.0
11.89, 268.0
11.9, 268.0
11.91, 268.0
11.92, 268.0
11.93, 268.0
11.94, 268.0
11.95, 268.0
11.96, 268.0
11.97, 268.0
11.98, 268.0
11.99, 268.0
12.0, 268.0
12.01, 268.0
12.02, 268.0
12.03, 268.0
12.04, 268.0
12.05, 268.0
12.06, 268.0
12.07, 268.0
12.08, 268.0
12.09, 268.0
12.1, 268.0
12.11, 268.0
12.12, 268.0
12.13, 268.0
12.14, 268.0
12.15, 268.0
12.16, 268.0
12.17, 268.0
12.18, 268.0
12.19, 268.0
12.2, 268.0
12.21, 268.0
12.22, 268.0
12.23, 268.0
12.24, 268.0
12.25, 268.0
12.26, 268.0
12.27, 268.0
12.28, 268.0
12.29, 268.0
12.3, 268.0
12.31, 268.0
12.32, 268.0
12.33, 268.0
12.34, 268.0
12.35, 268.0
12.36, 268.0
12.37, 268.0
12.38, 268.0
12.39, 268.0
12.4, 268.0
12.41, 268.0
12.42, 268.0
12.43, 268.0
12.44, 268.0
12.45, 268.0
12.46, 268.0
12.47, 268.0
12.48, 268.0
12.49, 268.0
12.5, 268.0
12.51, 268.0
12.52, 268.0
12.53, 268.0
12.54, 268.0
12.55, 268.0
12.56, 268.0
12.57, 268.0
12.58, 268.0
12.59, 268.0
12.6, 268.0
12.61, 268.0
12.62, 268.0
12.63, 268.0
12.64, 268.0
12.65, 268.0
12.66, 268.0
12.67, 268.0
12.68, 268.0
12.69, 268.0
12.7, 268.0
12.71, 268.0
12.72, 268.0
12.73, 268.0
12.74, 268.0
12.75, 268.0
12.76, 268.0
12.77, 268.0
12.78, 268.0
12.79, 268.0
12.8, 268.0
12.81, 268.0
12.82, 268.0
12.83, 268.0
12.84, 268.0
12.85, 268.0
12.86, 268.0
12.87, 268.0
12.88, 268.0
12.89, 268.0
12.9, 268.0
12.91, 268.0
12.92, 268.0
12.93, 268.0
12.94, 268.0
12.95, 268.0
12.96, 268.0
12.97, 268.0
12.98, 268.0
12.99, 268.0
13.0, 268.0
13.01, 268.0
13.02, 268.0
13.03, 268.0
13.04, 268.0
13.05, 268.0
13.06, 268.0
13.07, 268.0
13.08, 268.0
13.09, 268.0
13.1, 268.0
13.11, 268.0
13.12, 268.0
13.13, 268.0
13.14, 268.0
13.15, 268.0
13.16, 268.0
13.17, 268.0
13.18, 268.0
13.19, 268.0
13.2, 268.0
13.21, 268.0
13.22, 268.0
13.23, 268.0
13.24, 268.0
13.25, 268.0
13.26, 268.0
13.27, 268.0
13.28, 268.0
13.29, 268.0
13.3, 268.0
13.31, 268.0
13.32, 268.0
13.33, 268.0
13.34, 268.0
13.35, 268.0
13.36, 268.0
13.37, 268.0
13.38, 268.0
13.39, 268.0
13.4, 268.0
13.41, 268.0
13.42, 268.0
13.43, 268.0
13.44, 268.0
13.45, 268.0
13.46, 268.0
13.47, 268.0
13.48, 268.0
13.49, 268.0
13.5, 268.0
13.51, 268.0
13.52, 268.0
13.53, 268.0
13.54, 268.0
13.55, 268.0
13.56, 268.0
13.57, 268.0
13.58, 268.0
13.59, 268.0
13.6, 268.0
13.61, 268.0
13.62, 268.0
13.63, 268.0
13.64, 268.0
13.65, 268.0
13.66, 268.0
13.67, 268.0
13.68, 268.0
13.69, 268.0
13.7, 268.0
13.71, 268.0
13.72, 268.0
13.73, 268.0
13.74, 268.0
13.75, 268.0
13.76, 268.0
13.77, 268.0
13.78, 268.0
13.79, 268.0
13.8, 268.0
13.81, 268.0
13.82, 268.0
13.83, 268.0
13.84, 268.0
13.85, 268.0
13.86, 268.0
13.87, 268.0
13.88, 268.0
13.89, 268.0
13.9, 268.0
13.91, 268.0
13.92, 268.0
13.93, 268.0
13.94, 268.0
13.95, 268.0
13.96, 268.0
13.97, 268.0
13.98, 268.0
13.99, 268.0
14.0, 268.0
14.01, 268.0
14.02, 268.0
14.03, 268.0
14.04, 268.0
14.05, 268.0
14.06, 268.0
14.07, 268.0
14.08, 268.0
14.09, 268.0
14.1, 268.0
14.11, 268.0
14.12, 268.0
14.13, 268.0
14.14, 268.0
14.15, 268.0
14.16, 268.0
14.17, 268.0
14.18, 268.0
14.19, 268.0
14.2, 268.0
14.21, 268.0
14.22, 268.0
14.23, 268.0
14.24, 268.0
14.25, 268.0
14.26, 268.0
14.27, 268.0
14.28, 268.0
14.29, 268.0
14.3, 268.0
14.31, 268.0
14.32, 268.0
14.33, 268.0
14.34, 268.0
14.35, 268.0
14.36, 268.0
14.37, 268.0
14.38, 268.0
14.39, 268.0
14.4, 268.0
14.41, 268.0
14.42, 268.0
14.43, 268.0
14.44, 268.0
14.45, 268.0
14.46, 268.0
14.47, 268.0
14.48, 268.0
14.49, 268.0
14.5, 268.0
14.51, 268.0
14.52, 268.0
14.53, 268.0
14.54, 268.0
14.55, 268.0
14.56, 268.0
14.57, 268.0
14.58, 268.0
14.59, 268.0
14.6, 268.0
14.61, 268.0
14.62, 268.0
14.63, 268.0
14.64, 268.0
14.65, 268.0
14.66, 268.0
14.67, 268.0
14.68, 268.0
14.69, 268.0
14.7, 268.0
14.71, 268.0
14.72, 268.0
14.73, 268.0
14.74, 268.0
14.75, 268.0
14.76, 268.0
14.77, 268.0
14.78, 268.0
14.79, 268.0
14.8, 268.0
14.81, 268.0
14.82, 268.0
14.83, 268.0
14.84, 268.0
14.85, 268.0
14.86, 268.0
14.87, 268.0
14.88, 268.0
14.89, 268.0
14.9, 268.0
14.91, 268.0
14.92, 268.0
14.93, 268.0
14.94, 268.0
14.95, 268.0
14.96, 268.0
14.97, 268.0
14.98, 268.0
14.99, 268.0
15.0, 268.0
15.01, 268.0
15.02, 268.0
15.03, 268.0
15.04, 268.0
15.05, 268.0
15.06, 268.0
15.07, 268.0
15.08, 268.0
15.09, 268.0
15.1, 268.0
15.11, 268.0
15.12, 268.0
15.13, 268.0
15.14, 268.0
15.15, 268.0
15.16, 268.0
15.17, 268.0
15.18, 268.0
15.19, 268.0
15.2, 268.0
15.21, 268.0
15.22, 268.0
15.23, 268.0
15.24, 268.0
15.25, 268.0
15.26, 268.0
15.27, 268.0
15.28, 268.0
15.29, 268.0
15.3, 268.0
15.31, 268.0
15.32, 268.0
15.33, 268.0
15.34, 268.0
15.35, 268.0
15.36, 268.0
15.37, 268.0
15.38, 268.0
15.39, 268.0
15.4, 268.0
15.41, 268.0
15.42, 268.0
15.43, 268.0
15.44, 268.0
15.45, 268.0
15.46, 268.0
15.47, 268.0
15.48, 268.0
15.49, 268.0
15.5, 268.0
15.51, 268.0
15.52, 268.0
15.53, 268.0
15.54, 268.0
15.55, 268.0
15.56, 268.0
15.57, 268.0
15.58, 268.0
15.59, 268.0
15.6, 268.0
15.61, 268.0
15.62, 268.0
15.63, 268.0
15.64, 268.0
15.65, 268.0
15.66, 268.0
15.67, 268.0
15.68, 268.0
15.69, 268.0
15.7, 268.0
15.71, 268.0
15.72, 268.0
15.73, 268.0
15.74, 268.0
15.75, 268.0
15.76, 268.0
15.77, 268.0
15.78, 268.0
15.79, 268.0
15.8, 268.0
15.81, 268.0
15.82, 268.0
15.83, 268.0
15.84, 268.0
15.85, 268.0
15.86, 268.0
15.87, 268.0
15.88, 268.0
15.89, 268.0
15.9, 268.0
15.91, 268.0
15.92, 268.0
15.93, 268.0
15.94, 268.0
15.95, 268.0
15.96, 268.0
15.97, 268.0
15.98, 268.0
15.99, 268.0
16.0, 268.0
16.01, 268.0
16.02, 268.0
16.03, 268.0
16.04, 268.0
16.05, 268.0
16.06, 268.0
16.07, 268.0
16.08, 268.0
16.09, 268.0
16.1, 268.0
16.11, 268.0
16.12, 268.0
16.13, 268.0
16.14, 268.0
16.15, 268.0
16.16, 268.0
16.17, 268.0
16.18, 268.0
16.19, 268.0
16.2, 268.0
16.21, 268.0
16.22, 268.0
16.23, 268.0
16.24, 268.0
16.25, 268.0
16.26, 268.0
16.27, 268.0
16.28, 268.0
16.29, 268.0
16.3, 268.0
16.31, 268.0
16.32, 268.0
16.33, 268.0
16.34, 268.0
16.35, 268.0
16.36, 268.0
16.37, 268.0
16.38, 268.0
16.39, 268.0
16.4, 268.0
16.41, 268.0
16.42, 268.0
16.43, 268.0
16.44, 268.0
16.45, 268.0
16.46, 268.0
16.47, 268.0
16.48, 268.0
16.49, 268.0
16.5, 268.0
16.51, 268.0
16.52, 268.0
16.53, 268.0
16.54, 268.0
16.55, 268.0
16.56, 268.0
16.57, 268.0
16.58, 268.0
16.59, 268.0
16.6, 268.0
16.61, 268.0
16.62, 268.0
16.63, 268.0
16.64, 268.0
16.65, 268.0
16.66, 268.0
16.67, 268.0
16.68, 268.0
16.69, 268.0
16.7, 268.0
16.71, 268.0
16.72, 268.0
16.73, 268.0
16.74, 268.0
16.75, 268.0
16.76, 268.0
16.77, 268.0
16.78, 268.0
16.79, 268.0
16.8, 268.0
16.81, 268.0
16.82, 268.0
16.83, 268.0
16.84, 268.0
16.85, 268.0
16.86, 268.0
16.87, 268.0
16.88, 268.0
16.89, 268.0
16.9, 268.0
16.91, 268.0
16.92, 268.0
16.93, 268.0
16.94, 268.0
16.95, 268.0
16.96, 268.0
16.97, 268.0
16.98, 268.0
16.99, 268.0
17.0, 268.0
17.01, 268.0
17.02, 268.0
17.03, 268.0
17.04, 268.0
17.05, 268.0
17.06, 268.0
17.07, 268.0
17.08, 268.0
17.09, 268.0
17.1, 268.0
17.11, 268.0
17.12, 268.0
17.13, 268.0
17.14, 268.0
17.15, 268.0
17.16, 268.0
17.17, 268.0
17.18, 268.0
17.19, 268.0
17.2, 268.0
17.21, 268.0
17.22, 268.0
17.23, 268.0
17.24, 268.0
17.25, 268.0
17.26, 268.0
17.27, 268.0
17.28, 268.0
17.29, 268.0
17.3, 268.0
17.31, 268.0
17.32, 268.0
17.33, 268.0
17.34, 268.0
17.35, 268.0
17.36, 268.0
17.37, 268.0
17.38, 268.0
17.39, 268.0
17.4, 268.0
17.41, 268.0
17.42, 268.0
17.43, 268.0
17.44, 268.0
17.45, 268.0
17.46, 268.0
17.47, 268.0
17.48, 268.0
17.49, 268.0
17.5, 268.0
17.51, 268.0
17.52, 268.0
17.53, 268.0
17.54, 268.0
17.55, 268.0
17.56, 268.0
17.57, 268.0
17.58, 268.0
17.59, 268.0
17.6, 268.0
17.61, 268.0
17.62, 268.0
17.63, 268.0
17.64, 268.0
17.65, 268.0
17.66, 268.0
17.67, 268.0
17.68, 268.0
17.69, 268.0
17.7, 268.0
17.71, 268.0
17.72, 268.0
17.73, 268.0
17.74, 268.0
17.75, 268.0
17.76, 268.0
17.77, 268.0
17.78, 268.0
17.79, 268.0
17.8, 268.0
17.81, 268.0
17.82, 268.0
17.83, 268.0
17.84, 268.0
17.85, 268.0
17.86, 268.0
17.87, 268.0
17.88, 268.0
17.89, 268.0
17.9, 268.0
17.91, 268.0
17.92, 268.0
17.93, 268.0
17.94, 268.0
17.95, 268.0
17.96, 268.0
17.97, 268.0
17.98, 268.0
17.99, 268.0
18.0, 268.0
18.01, 268.0
18.02, 268.0
18.03, 268.0
18.04, 268.0
18.05, 268.0
18.06, 268.0
18.07, 268.0
18.08, 268.0
18.09, 268.0
18.1, 268.0
18.11, 268.0
18.12, 268.0
18.13, 268.0
18.14, 268.0
18.15, 268.0
18.16, 268.0
18.17, 268.0
18.18, 268.0
18.19, 268.0
18.2, 268.0
18.21, 268.0
18.22, 268.0
18.23, 268.0
18.24, 268.0
18.25, 268.0
18.26, 268.0
18.27, 268.0
18.28, 268.0
18.29, 268.0
18.3, 268.0
18.31, 268.0
18.32, 268.0
18.33, 268.0
18.34, 268.0
18.35, 268.0
18.36, 268.0
18.37, 268.0
18.38, 268.0
18.39, 268.0
18.4, 268.0
18.41, 268.0
18.42, 268.0
18.43, 268.0
18.44, 268.0
18.45, 268.0
18.46, 268.0
18.47, 268.0
18.48, 268.0
18.49, 268.0
18.5, 268.0
18.51, 268.0
18.52, 268.0
18.53, 268.0
18.54, 268.0
18.55, 268.0
18.56, 268.0
18.57, 268.0
18.58, 268.0
18.59, 268.0
18.6, 268.0
18.61, 268.0
18.62, 268.0
18.63, 268.0
18.64, 268.0
18.65, 268.0
18.66, 268.0
18.67, 268.0
18.68, 268.0
18.69, 268.0
18.7, 268.0
18.71, 268.0
18.72, 268.0
18.73, 268.0
18.74, 268.0
18.75, 268.0
18.76, 268.0
18.77, 268.0
18.78, 268.0
18.79, 268.0
18.8, 268.0
18.81, 268.0
18.82, 268.0
18.83, 268.0
18.84, 268.0
18.85, 268.0
18.86, 268.0
18.87, 268.0
18.88, 268.0
18.89, 268.0
18.9, 268.0
18.91, 268.0
18.92, 268.0
18.93, 268.0
18.94, 268.0
18.95, 268.0
18.96, 268.0
18.97, 268.0
18.98, 268.0
18.99, 268.0
19.0, 268.0
19.01, 268.0
19.02, 268.0
19.03, 268.0
19.04, 268.0
19.05, 268.0
19.06, 268.0
19.07, 268.0
19.08, 268.0
19.09, 268.0
19.1, 268.0
19.11, 268.0
19.12, 268.0
19.13, 268.0
19.14, 268.0
19.15, 268.0
19.16, 268.0
19.17, 268.0
19.18, 268.0
19.19, 268.0
19.2, 268.0
19.21, 268.0
19.22, 268.0
19.23, 268.0
19.24, 268.0
19.25, 268.0
19.26, 268.0
19.27, 268.0
19.28, 268.0
19.29, 268.0
19.3, 268.0
19.31, 268.0
19.32, 268.0
19.33, 268.0
19.34, 268.0
19.35, 268.0
19.36, 268.0
19.37, 268.0
19.38, 268.0
19.39, 268.0
19.4, 268.0
19.41, 268.0
19.42, 268.0
19.43, 268.0
19.44, 268.0
19.45, 268.0
19.46, 268.0
19.47, 268.0
19.48, 268.0
19.49, 268.0
19.5, 268.0
19.51, 268.0
19.52, 268.0
19.53, 268.0
19.54, 268.0
19.55, 268.0
19.56, 268.0
19.57, 268.0
19.58, 268.0
19.59, 268.0
19.6, 268.0
19.61, 268.0
19.62, 268.0
19.63, 268.0
19.64, 268.0
19.65, 268.0
19.66, 268.0
19.67, 268.0
19.68, 268.0
19.69, 268.0
19.7, 268.0
19.71, 268.0
19.72, 268.0
19.73, 268.0
19.74, 268.0
19.75, 268.0
19.76, 268.0
19.77, 268.0
19.78, 268.0
19.79, 268.0
19.8, 268.0
19.81, 268.0
19.82, 268.0
19.83, 268.0
19.84, 268.0
19.85, 268.0
19.86, 268.0
19.87, 268.0
19.88, 268.0
19.89, 268.0
19.9, 268.0
19.91, 268.0
19.92, 268.0
19.93, 268.0
19.94, 268.0
19.95, 268.0
19.96, 268.0
19.97, 268.0
19.98, 268.0
19.99, 268.0
20.0, 268.0
20.01, 268.0
20.02, 268.0
20.03, 268.0
20.04, 268.0
20.05, 268.0
20.06, 268.0
20.07, 268.0
20.08, 268.0
20.09, 268.0
20.1, 268.0
20.11, 267.0
20.12, 267.0
20.13, 267.0
20.14, 266.0
20.15, 266.0
20.16, 265.0
20.17, 264.0
20.18, 263.0
20.19, 262.0
20.2, 261.0
20.21, 261.0
20.22, 261.0
20.23, 260.0
20.24, 260.0
20.25, 259.0
20.26, 260.0
20.27, 261.0
20.28, 261.0
20.29, 262.0
20.3, 263.0
20.31, 263.0
20.32, 264.0
20.33, 265.0
20.34, 266.0
20.35, 266.0
20.36, 267.0
20.37, 267.0
20.38, 267.0
20.39, 267.0
20.4, 267.0
20.41, 267.0
20.42, 267.0
20.43, 267.0
20.44, 267.0
20.45, 268.0
20.46, 267.0
20.47, 267.0
20.48, 267.0
20.49, 267.0
20.5, 267.0
20.51, 267.0
20.52, 267.0
20.53, 267.0
20.54, 267.0
20.55, 267.0
20.56, 266.0
20.57, 266.0
20.58, 266.0
20.59, 266.0
20.6, 266.0
20.61, 265.0
20.62, 265.0
20.63, 264.0
20.64, 264.0
20.65, 264.0
20.66, 263.0
20.67, 263.0
20.68, 263.0
20.69, 263.0
20.7, 262.0
20.71, 262.0
20.72, 262.0
20.73, 262.0
20.74, 262.0
20.75, 261.0
20.76, 261.0
20.77, 261.0
20.78, 261.0
20.79, 260.0
20.8, 260.0
20.81, 261.0
20.82, 261.0
20.83, 261.0
20.84, 262.0
20.85, 262.0
20.86, 263.0
20.87, 263.0
20.88, 264.0
20.89, 264.0
20.9, 265.0
20.91, 265.0
20.92, 265.0
20.93, 265.0
20.94, 265.0
20.95, 265.0
20.96, 265.0
20.97, 265.0
20.98, 265.0
20.99, 265.0
21.0, 265.0
21.01, 265.0
21.02, 265.0
21.03, 265.0
21.04, 265.0
21.05, 265.0
21.06, 264.0
21.07, 264.0
21.08, 264.0
21.09, 264.0
21.1, 263.0
21.11, 263.0
21.12, 263.0
21.13, 263.0
21.14, 263.0
21.15, 263.0
21.16, 262.0
21.17, 261.0
21.18, 260.0
21.19, 259.0
21.2, 258.0
21.21, 258.0
21.22, 257.0
21.23, 257.0
21.24, 257.0
21.25, 257.0
21.26, 257.0
21.27, 258.0
21.28, 258.0
21.29, 259.0
21.3, 259.0
21.31, 259.0
21.32, 259.0
21.33, 259.0
21.34, 259.0
21.35, 259.0
21.36, 260.0
21.37, 261.0
21.38, 261.0
21.39, 262.0
21.4, 262.0
21.41, 263.0
21.42, 264.0
21.43, 264.0
21.44, 265.0
21.45, 266.0
21.46, 266.0
21.47, 266.0
21.48, 266.0
21.49, 266.0
21.5, 266.0
21.51, 266.0
21.52, 266.0
21.53, 267.0
21.54, 267.0
21.55, 268.0
21.56, 268.0
21.57, 268.0
21.58, 268.0
21.59, 268.0
21.6, 268.0
21.61, 268.0
21.62, 267.0
21.63, 267.0
21.64, 266.0
21.65, 266.0
21.66, 265.0
21.67, 264.0
21.68, 263.0
21.69, 262.0
21.7, 261.0
21.71, 261.0
21.72, 261.0
21.73, 260.0
21.74, 260.0
21.75, 260.0
21.76, 261.0
21.77, 261.0
21.78, 262.0
21.79, 262.0
21.8, 263.0
21.81, 263.0
21.82, 263.0
21.83, 263.0
21.84, 263.0
21.85, 264.0
21.86, 263.0
21.87, 262.0
21.88, 262.0
21.89, 261.0
21.9, 260.0
21.91, 260.0
21.92, 260.0
21.93, 260.0
21.94, 260.0
21.95, 260.0
21.96, 261.0
21.97, 261.0
21.98, 262.0
21.99, 262.0
22.0, 263.0
22.01, 264.0
22.02, 264.0
22.03, 265.0
22.04, 266.0
22.05, 266.0
22.06, 266.0
22.07, 267.0
22.08, 267.0
22.09, 267.0
22.1, 268.0
22.11, 267.0
22.12, 267.0
22.13, 266.0
22.14, 266.0
22.15, 265.0
22.16, 265.0
22.17, 266.0
22.18, 266.0
22.19, 266.0
22.2, 266.0
22.21, 266.0
22.22, 267.0
22.23, 267.0
22.24, 268.0
22.25, 268.0
22.26, 268.0
22.27, 268.0
22.28, 268.0
22.29, 267.0
22.3, 267.0
22.31, 267.0
22.32, 268.0
22.33, 268.0
22.34, 268.0
22.35, 269.0
22.36, 269.0
22.37, 269.0
22.38, 269.0
22.39, 269.0
22.4, 269.0
22.41, 269.0
22.42, 269.0
22.43, 270.0
22.44, 270.0
22.45, 271.0
22.46, 271.0
22.47, 270.0
22.48, 270.0
22.49, 270.0
22.5, 270.0
22.51, 269.0
22.52, 269.0
22.53, 269.0
22.54, 268.0
22.55, 268.0
22.56, 268.0
22.57, 268.0
22.58, 268.0
22.59, 268.0
22.6, 268.0
22.61, 268.0
22.62, 269.0
22.63, 269.0
22.64, 269.0
22.65, 269.0
22.66, 269.0
22.67, 268.0
22.68, 267.0
22.69, 267.0
22.7, 266.0
22.71, 265.0
22.72, 265.0
22.73, 264.0
22.74, 263.0
22.75, 263.0
22.76, 263.0
22.77, 263.0
22.78, 263.0
22.79, 264.0
22.8, 264.0
22.81, 265.0
22.82, 265.0
22.83, 266.0
22.84, 266.0
22.85, 267.0
22.86, 267.0
22.87, 267.0
22.88, 268.0
22.89, 268.0
22.9, 268.0
22.91, 269.0
22.92, 269.0
22.93, 269.0
22.94, 269.0
22.95, 270.0
22.96, 269.0
22.97, 269.0
22.98, 268.0
22.99, 268.0
23.0, 267.0
23.01, 266.0
23.02, 266.0
23.03, 265.0
23.04, 264.0
23.05, 263.0
23.06, 263.0
23.07, 263.0
23.08, 262.0
23.09, 262.0
23.1, 262.0
23.11, 263.0
23.12, 264.0
23.13, 264.0
23.14, 265.0
23.15, 266.0
23.16, 266.0
23.17, 266.0
23.18, 267.0
23.19, 267.0
23.2, 267.0
23.21, 267.0
23.22, 267.0
23.23, 267.0
23.24, 267.0
23.25, 267.0
23.26, 267.0
23.27, 266.0
23.28, 266.0
23.29, 265.0
23.3, 265.0
23.31, 264.0
23.32, 263.0
23.33, 263.0
23.34, 262.0
23.35, 261.0
23.36, 261.0
23.37, 261.0
23.38, 261.0
23.39, 261.0
23.4, 261.0
23.41, 261.0
23.42, 261.0
23.43, 262.0
23.44, 262.0
23.45, 263.0
23.46, 263.0
23.47, 263.0
23.48, 263.0
23.49, 263.0
23.5, 264.0
23.51, 264.0
23.52, 264.0
23.53, 264.0
23.54, 264.0
23.55, 264.0
23.56, 263.0
23.57, 263.0
23.58, 263.0
23.59, 263.0
23.6, 263.0
23.61, 263.0
23.62, 263.0
23.63, 263.0
23.64, 263.0
23.65, 263.0
23.66, 262.0
23.67, 262.0
23.68, 262.0
23.69, 262.0
23.7, 262.0
23.71, 262.0
23.72, 261.0
23.73, 261.0
23.74, 261.0
23.75, 260.0
23.76, 260.0
23.77, 259.0
23.78, 259.0
23.79, 259.0
23.8, 258.0
23.81, 258.0
23.82, 258.0
23.83, 258.0
23.84, 258.0
23.85, 258.0
23.86, 258.0
23.87, 259.0
23.88, 259.0
23.89, 259.0
23.9, 260.0
23.91, 259.0
23.92, 259.0
23.93, 259.0
23.94, 259.0
23.95, 259.0
23.96, 259.0
23.97, 259.0
23.98, 259.0
23.99, 259.0
24.0, 259.0
24.01, 260.0
24.02, 260.0
24.03, 260.0
24.04, 261.0
24.05, 261.0
24.06, 261.0
24.07, 261.0
24.08, 261.0
24.09, 261.0
24.1, 261.0
24.11, 262.0
24.12, 262.0
24.13, 262.0
24.14, 262.0
24.15, 263.0
24.16, 263.0
24.17, 263.0
24.18, 263.0
24.19, 263.0
24.2, 263.0
24.21, 263.0
24.22, 263.0
24.23, 262.0
24.24, 262.0
24.25, 262.0
24.26, 262.0
24.27, 261.0
24.28, 261.0
24.29, 261.0
24.3, 260.0
24.31, 260.0
24.32, 260.0
24.33, 260.0
24.34, 260.0
24.35, 260.0
24.36, 260.0
24.37, 259.0
24.38, 259.0
24.39, 259.0
24.4, 259.0
24.41, 258.0
24.42, 258.0
24.43, 258.0
24.44, 257.0
24.45, 257.0
24.46, 257.0
24.47, 256.0
24.48, 256.0
24.49, 256.0
24.5, 255.0
24.51, 256.0
24.52, 256.0
24.53, 256.0
24.54, 257.0
24.55, 257.0
24.56, 257.0
24.57, 257.0
24.58, 258.0
24.59, 258.0
24.6, 258.0
24.61, 258.0
24.62, 258.0
24.63, 257.0
24.64, 257.0
24.65, 257.0
24.66, 257.0
24.67, 256.0
24.68, 255.0
24.69, 255.0
24.7, 254.0
24.71, 254.0
24.72, 254.0
24.73, 254.0
24.74, 253.0
24.75, 253.0
24.76, 253.0
24.77, 252.0
24.78, 252.0
24.79, 251.0
24.8, 251.0
24.81, 251.0
24.82, 251.0
24.83, 251.0
24.84, 251.0
24.85, 252.0
24.86, 252.0
24.87, 253.0
24.88, 253.0
24.89, 253.0
24.9, 254.0
24.91, 255.0
24.92, 255.0
24.93, 256.0
24.94, 256.0
24.95, 257.0
24.96, 257.0
24.97, 257.0
24.98, 257.0
24.99, 257.0
25.0, 257.0
25.01, 256.0
25.02, 256.0
25.03, 255.0
25.04, 255.0
25.05, 254.0
25.06, 255.0
25.07, 255.0
25.08, 255.0
25.09, 255.0
25.1, 256.0
25.11, 255.0
25.12, 255.0
25.13, 255.0
25.14, 255.0
25.15, 255.0
25.16, 255.0
25.17, 254.0
25.18, 254.0
25.19, 254.0
25.2, 254.0
25.21, 253.0
25.22, 253.0
25.23, 253.0
25.24, 253.0
25.25, 252.0
25.26, 252.0
25.27, 252.0
25.28, 252.0
25.29, 252.0
25.3, 252.0
25.31, 253.0
25.32, 254.0
25.33, 255.0
25.34, 256.0
25.35, 257.0
25.36, 258.0
25.37, 258.0
25.38, 258.0
25.39, 259.0
25.4, 259.0
25.41, 259.0
25.42, 259.0
25.43, 259.0
25.44, 259.0
25.45, 259.0
25.46, 260.0
25.47, 260.0
25.48, 260.0
25.49, 261.0
25.5, 261.0
25.51, 262.0
25.52, 263.0
25.53, 263.0
25.54, 264.0
25.55, 265.0
25.56, 265.0
25.57, 266.0
25.58, 267.0
25.59, 267.0
25.6, 268.0
25.61, 268.0
25.62, 267.0
25.63, 267.0
25.64, 267.0
25.65, 267.0
25.66, 266.0
25.67, 265.0
25.68, 264.0
25.69, 263.0
25.7, 262.0
25.71, 262.0
25.72, 262.0
25.73, 262.0
25.74, 262.0
25.75, 262.0
25.76, 262.0
25.77, 262.0
25.78, 262.0
25.79, 262.0
25.8, 262.0
25.81, 262.0
25.82, 262.0
25.83, 262.0
25.84, 262.0
25.85, 262.0
25.86, 262.0
25.87, 262.0
25.88, 262.0
25.89, 263.0
25.9, 263.0
25.91, 263.0
25.92, 264.0
25.93, 264.0
25.94, 264.0
25.95, 265.0
25.96, 264.0
25.97, 264.0
25.98, 264.0
25.99, 263.0
26.0, 263.0
26.01, 262.0
26.02, 262.0
26.03, 262.0
26.04, 261.0
26.05, 261.0
26.06, 262.0
26.07, 262.0
26.08, 263.0
26.09, 263.0
26.1, 264.0
26.11, 264.0
26.12, 263.0
26.13, 263.0
26.14, 263.0
26.15, 263.0
26.16, 263.0
26.17, 263.0
26.18, 264.0
26.19, 264.0
26.2, 264.0
26.21, 264.0
26.22, 264.0
26.23, 264.0
26.24, 264.0
26.25, 264.0
26.26, 263.0
26.27, 263.0
26.28, 263.0
26.29, 262.0
26.3, 262.0
26.31, 262.0
26.32, 262.0
26.33, 262.0
26.34, 262.0
26.35, 261.0
26.36, 261.0
26.37, 261.0
26.38, 261.0
26.39, 261.0
26.4, 261.0
26.41, 261.0
26.42, 261.0
26.43, 260.0
26.44, 260.0
26.45, 260.0
26.46, 260.0
26.47, 259.0
26.48, 259.0
26.49, 259.0
26.5, 259.0
26.51, 258.0
26.52, 258.0
26.53, 257.0
26.54, 257.0
26.55, 257.0
26.56, 256.0
26.57, 256.0
26.58, 255.0
26.59, 255.0
26.6, 254.0
26.61, 254.0
26.62, 254.0
26.63, 254.0
26.64, 254.0
26.65, 254.0
26.66, 254.0
26.67, 254.0
26.68, 253.0
26.69, 253.0
26.7, 252.0
26.71, 252.0
26.72, 251.0
26.73, 251.0
26.74, 250.0
26.75, 250.0
26.76, 250.0
26.77, 251.0
26.78, 252.0
26.79, 252.0
26.8, 253.0
26.81, 254.0
26.82, 255.0
26.83, 256.0
26.84, 257.0
26.85, 258.0
26.86, 258.0
26.87, 259.0
26.88, 259.0
26.89, 259.0
26.9, 260.0
26.91, 260.0
26.92, 260.0
26.93, 259.0
26.94, 259.0
26.95, 259.0
26.96, 259.0
26.97, 259.0
26.98, 259.0
26.99, 259.0
27.0, 259.0
27.01, 259.0
27.02, 259.0
27.03, 259.0
27.04, 259.0
27.05, 259.0
27.06, 259.0
27.07, 259.0
27.08, 259.0
27.09, 259.0
27.1, 259.0
27.11, 258.0
27.12, 258.0
27.13, 257.0
27.14, 256.0
27.15, 256.0
27.16, 256.0
27.17, 255.0
27.18, 255.0
27.19, 255.0
27.2, 255.0
27.21, 254.0
27.22, 254.0
27.23, 254.0
27.24, 254.0
27.25, 254.0
27.26, 254.0
27.27, 254.0
27.28, 254.0
27.29, 254.0
27.3, 254.0
27.31, 254.0
27.32, 255.0
27.33, 256.0
27.34, 256.0
27.35, 257.0
27.36, 258.0
27.37, 259.0
27.38, 260.0
27.39, 261.0
27.4, 262.0
27.41, 262.0
27.42, 262.0
27.43, 262.0
27.44, 261.0
27.45, 261.0
27.46, 261.0
27.47, 261.0
27.48, 260.0
27.49, 260.0
27.5, 260.0
27.51, 260.0
27.52, 260.0
27.53, 261.0
27.54, 261.0
27.55, 261.0
27.56, 261.0
27.57, 262.0
27.58, 262.0
27.59, 262.0
27.6, 262.0
27.61, 262.0
27.62, 262.0
27.63, 261.0
27.64, 261.0
27.65, 261.0
27.66, 261.0
27.67, 260.0
27.68, 260.0
27.69, 260.0
27.7, 260.0
27.71, 260.0
27.72, 260.0
27.73, 260.0
27.74, 260.0
27.75, 260.0
27.76, 260.0
27.77, 259.0
27.78, 259.0
27.79, 259.0
27.8, 259.0
27.81, 258.0
27.82, 258.0
27.83, 258.0
27.84, 257.0
27.85, 257.0
27.86, 256.0
27.87, 256.0
27.88, 255.0
27.89, 254.0
27.9, 254.0
27.91, 253.0
27.92, 253.0
27.93, 253.0
27.94, 252.0
27.95, 252.0
27.96, 253.0
27.97, 253.0
27.98, 253.0
27.99, 254.0
28.0, 254.0
28.01, 254.0
28.02, 254.0
28.03, 254.0
28.04, 255.0
28.05, 255.0
28.06, 255.0
28.07, 255.0
28.08, 254.0
28.09, 254.0
28.1, 254.0
28.11, 254.0
28.12, 254.0
28.13, 254.0
28.14, 254.0
28.15, 254.0
28.16, 254.0
28.17, 254.0
28.18, 253.0
28.19, 253.0
28.2, 253.0
28.21, 253.0
28.22, 253.0
28.23, 253.0
28.24, 253.0
28.25, 253.0
28.26, 253.0
28.27, 253.0
28.28, 253.0
28.29, 253.0
28.3, 253.0
28.31, 253.0
28.32, 253.0
28.33, 253.0
28.34, 253.0
28.35, 253.0
28.36, 253.0
28.37, 253.0
28.38, 253.0
28.39, 253.0
28.4, 253.0
28.41, 253.0
28.42, 253.0
28.43, 253.0
28.44, 253.0
28.45, 253.0
28.46, 254.0
28.47, 254.0
28.48, 254.0
28.49, 254.0
28.5, 254.0
28.51, 255.0
28.52, 255.0
28.53, 255.0
28.54, 256.0
28.55, 256.0
28.56, 257.0
28.57, 258.0
28.58, 258.0
28.59, 259.0
28.6, 260.0
28.61, 260.0
28.62, 260.0
28.63, 260.0
28.64, 260.0
28.65, 259.0
28.66, 259.0
28.67, 258.0
28.68, 258.0
28.69, 257.0
28.7, 256.0
28.71, 256.0
28.72, 256.0
28.73, 256.0
28.74, 256.0
28.75, 256.0
28.76, 256.0
28.77, 255.0
28.78, 254.0
28.79, 254.0
28.8, 253.0
28.81, 253.0
28.82, 253.0
28.83, 253.0
28.84, 253.0
28.85, 253.0
28.86, 254.0
28.87, 254.0
28.88, 255.0
28.89, 256.0
28.9, 256.0
28.91, 256.0
28.92, 256.0
28.93, 256.0
28.94, 256.0
28.95, 256.0
28.96, 256.0
28.97, 256.0
28.98, 256.0
28.99, 256.0
29.0, 256.0
29.01, 256.0
29.02, 256.0
29.03, 255.0
29.04, 255.0
29.05, 255.0
29.06, 255.0
29.07, 255.0
29.08, 255.0
29.09, 255.0
29.1, 256.0
29.11, 256.0
29.12, 256.0
29.13, 257.0
29.14, 257.0
29.15, 258.0
29.16, 258.0
29.17, 258.0
29.18, 258.0
29.19, 259.0
29.2, 259.0
29.21, 258.0
29.22, 258.0
29.23, 258.0
29.24, 257.0
29.25, 257.0
29.26, 256.0
29.27, 256.0
29.28, 255.0
29.29, 254.0
29.3, 254.0
29.31, 254.0
29.32, 254.0
29.33, 254.0
29.34, 254.0
29.35, 254.0
29.36, 254.0
29.37, 254.0
29.38, 254.0
29.39, 254.0
29.4, 254.0
29.41, 254.0
29.42, 254.0
29.43, 254.0
29.44, 254.0
29.45, 254.0
29.46, 255.0
29.47, 255.0
29.48, 256.0
29.49, 256.0
29.5, 256.0
29.51, 257.0
29.52, 257.0
29.53, 257.0
29.54, 257.0
29.55, 257.0
29.56, 257.0
29.57, 257.0
29.58, 256.0
29.59, 256.0
29.6, 256.0
29.61, 255.0
29.62, 254.0
29.63, 254.0
29.64, 253.0
29.65, 252.0
29.66, 252.0
29.67, 252.0
29.68, 251.0
29.69, 251.0
29.7, 251.0
29.71, 251.0
29.72, 251.0
29.73, 251.0
29.74, 251.0
29.75, 251.0
29.76, 252.0
29.77, 252.0
29.78, 252.0
29.79, 252.0
29.8, 252.0
29.81, 252.0
29.82, 252.0
29.83, 251.0
29.84, 251.0
29.85, 251.0
29.86, 251.0
29.87, 251.0
29.88, 251.0
29.89, 251.0
29.9, 251.0
29.91, 251.0
29.92, 252.0
29.93, 252.0
29.94, 252.0
29.95, 252.0
29.96, 253.0
29.97, 253.0
29.98, 254.0
29.99, 254.0
30.0, 254.0
30.01, 254.0
30.02, 254.0
30.03, 254.0
30.04, 253.0
30.05, 253.0
30.06, 253.0
30.07, 253.0
30.08, 253.0
30.09, 252.0
30.1, 252.0
30.11, 252.0
30.12, 252.0
30.13, 252.0
30.14, 253.0
30.15, 253.0
30.16, 253.0
30.17, 253.0
30.18, 253.0
30.19, 253.0
30.2, 253.0
30.21, 252.0
30.22, 252.0
30.23, 252.0
30.24, 252.0
30.25, 252.0
30.26, 252.0
30.27, 252.0
30.28, 252.0
30.29, 252.0
30.3, 252.0
30.31, 252.0
30.32, 252.0
30.33, 252.0
30.34, 252.0
30.35, 251.0
30.36, 252.0
30.37, 252.0
30.38, 252.0
30.39, 252.0
30.4, 252.0
30.41, 252.0
30.42, 252.0
30.43, 252.0
30.44, 252.0
30.45, 251.0
30.46, 252.0
30.47, 252.0
30.48, 252.0
30.49, 252.0
30.5, 252.0
30.51, 252.0
30.52, 252.0
30.53, 252.0
30.54, 251.0
30.55, 251.0
30.56, 251.0
30.57, 250.0
30.58, 250.0
30.59, 250.0
30.6, 249.0
30.61, 249.0
30.62, 250.0
30.63, 250.0
30.64, 250.0
30.65, 250.0
30.66, 251.0
30.67, 251.0
30.68, 251.0
30.69, 251.0
30.7, 252.0
30.71, 251.0
30.72, 251.0
30.73, 251.0
30.74, 251.0
30.75, 251.0
30.76, 251.0
30.77, 252.0
30.78, 252.0
30.79, 252.0
30.8, 252.0
30.81, 252.0
30.82, 252.0
30.83, 253.0
30.84, 253.0
30.85, 253.0
30.86, 253.0
30.87, 252.0
30.88, 252.0
30.89, 252.0
30.9, 252.0
30.91, 251.0
30.92, 251.0
30.93, 251.0
30.94, 251.0
30.95, 251.0
30.96, 250.0
30.97, 250.0
30.98, 250.0
30.99, 250.0
31.0, 249.0
31.01, 250.0
31.02, 250.0
31.03, 250.0
31.04, 250.0
31.05, 250.0
31.06, 250.0
31.07, 249.0
31.08, 249.0
31.09, 249.0
31.1, 249.0
31.11, 248.0
31.12, 248.0
31.13, 248.0
31.14, 247.0
31.15, 247.0
31.16, 247.0
31.17, 247.0
31.18, 248.0
31.19, 248.0
31.2, 248.0
31.21, 248.0
31.22, 248.0
31.23, 249.0
31.24, 249.0
31.25, 249.0
31.26, 249.0
31.27, 249.0
31.28, 249.0
31.29, 249.0
31.3, 249.0
31.31, 249.0
31.32, 249.0
31.33, 249.0
31.34, 249.0
31.35, 249.0
31.36, 249.0
31.37, 249.0
31.38, 249.0
31.39, 250.0
31.4, 250.0
31.41, 250.0
31.42, 249.0
31.43, 249.0
31.44, 249.0
31.45, 249.0
31.46, 249.0
31.47, 249.0
31.48, 249.0
31.49, 249.0
31.5, 249.0
31.51, 250.0
31.52, 251.0
31.53, 251.0
31.54, 252.0
31.55, 253.0
31.56, 253.0
31.57, 253.0
31.58, 253.0
31.59, 253.0
31.6, 253.0
31.61, 252.0
31.62, 252.0
31.63, 252.0
31.64, 252.0
31.65, 251.0
31.66, 251.0
31.67, 251.0
31.68, 251.0
31.69, 250.0
31.7, 250.0
31.71, 250.0
31.72, 250.0
31.73, 250.0
31.74, 249.0
31.75, 249.0
31.76, 249.0
31.77, 249.0
31.78, 249.0
31.79, 249.0
31.8, 249.0
31.81, 249.0
31.82, 249.0
31.83, 249.0
31.84, 250.0
31.85, 250.0
31.86, 250.0
31.87, 250.0
31.88, 250.0
31.89, 250.0
31.9, 250.0
31.91, 250.0
31.92, 250.0
31.93, 250.0
31.94, 250.0
31.95, 250.0
31.96, 250.0
31.97, 250.0
31.98, 250.0
31.99, 250.0
32.0, 251.0
32.01, 250.0
32.02, 250.0
32.03, 250.0
32.04, 250.0
32.05, 250.0
32.06, 250.0
32.07, 250.0
32.08, 250.0
32.09, 250.0
32.1, 250.0
32.11, 251.0
32.12, 251.0
32.13, 251.0
32.14, 251.0
32.15, 251.0
32.16, 251.0
32.17, 252.0
32.18, 252.0
32.19, 252.0
32.2, 252.0
32.21, 252.0
32.22, 253.0
32.23, 253.0
32.24, 253.0
32.25, 253.0
32.26, 253.0
32.27, 253.0
32.28, 253.0
32.29, 253.0
32.3, 253.0
32.31, 253.0
32.32, 253.0
32.33, 253.0
32.34, 253.0
32.35, 253.0
32.36, 253.0
32.37, 253.0
32.38, 253.0
32.39, 253.0
32.4, 253.0
32.41, 253.0
32.42, 253.0
32.43, 253.0
32.44, 253.0
32.45, 253.0
32.46, 253.0
32.47, 253.0
32.48, 253.0
32.49, 253.0
32.5, 254.0
32.51, 254.0
32.52, 254.0
32.53, 254.0
32.54, 254.0
32.55, 254.0
32.56, 254.0
32.57, 254.0
32.58, 254.0
32.59, 254.0
32.6, 254.0
32.61, 254.0
32.62, 253.0
32.63, 253.0
32.64, 252.0
32.65, 252.0
32.66, 251.0
32.67, 251.0
32.68, 250.0
32.69, 250.0
32.7, 250.0
32.71, 249.0
32.72, 249.0
32.73, 249.0
32.74, 249.0
32.75, 249.0
32.76, 248.0
32.77, 248.0
32.78, 248.0
32.79, 247.0
32.8, 247.0
32.81, 247.0
32.82, 247.0
32.83, 247.0
32.84, 248.0
32.85, 248.0
32.86, 249.0
32.87, 249.0
32.88, 250.0
32.89, 251.0
32.9, 252.0
32.91, 252.0
32.92, 253.0
32.93, 253.0
32.94, 254.0
32.95, 254.0
32.96, 254.0
32.97, 254.0
32.98, 254.0
32.99, 254.0
33.0, 254.0
33.01, 253.0
33.02, 253.0
33.03, 253.0
33.04, 253.0
33.05, 252.0
33.06, 252.0
33.07, 251.0
33.08, 251.0
33.09, 250.0
33.1, 250.0
33.11, 249.0
33.12, 249.0
33.13, 248.0
33.14, 248.0
33.15, 247.0
33.16, 247.0
33.17, 247.0
33.18, 247.0
33.19, 247.0
33.2, 247.0
33.21, 247.0
33.22, 247.0
33.23, 247.0
33.24, 247.0
33.25, 247.0
33.26, 247.0
33.27, 247.0
33.28, 247.0
33.29, 247.0
33.3, 247.0
33.31, 248.0
33.32, 248.0
33.33, 249.0
33.34, 249.0
33.35, 250.0
33.36, 250.0
33.37, 250.0
33.38, 250.0
33.39, 250.0
33.4, 250.0
33.41, 250.0
33.42, 250.0
33.43, 250.0
33.44, 250.0
33.45, 249.0
33.46, 250.0
33.47, 250.0
33.48, 250.0
33.49, 250.0
33.5, 251.0
33.51, 251.0
33.52, 251.0
33.53, 251.0
33.54, 251.0
33.55, 251.0
33.56, 251.0
33.57, 251.0
33.58, 251.0
33.59, 250.0
33.6, 250.0
33.61, 250.0
33.62, 249.0
33.63, 249.0
33.64, 248.0
33.65, 248.0
33.66, 248.0
33.67, 247.0
33.68, 247.0
33.69, 247.0
33.7, 247.0
33.71, 247.0
33.72, 247.0
33.73, 246.0
33.74, 246.0
33.75, 246.0
33.76, 246.0
33.77, 246.0
33.78, 247.0
33.79, 247.0
33.8, 247.0
33.81, 247.0
33.82, 247.0
33.83, 247.0
33.84, 247.0
33.85, 247.0
33.86, 246.0
33.87, 246.0
33.88, 246.0
33.89, 246.0
33.9, 246.0
33.91, 246.0
33.92, 246.0
33.93, 246.0
33.94, 247.0
33.95, 247.0
33.96, 247.0
33.97, 248.0
33.98, 248.0
33.99, 249.0
34.0, 249.0
34.01, 249.0
34.02, 249.0
34.03, 249.0
34.04, 249.0
34.05, 249.0
34.06, 249.0
34.07, 249.0
34.08, 249.0
34.09, 249.0
34.1, 249.0
34.11, 249.0
34.12, 249.0
34.13, 249.0
34.14, 249.0
34.15, 249.0
34.16, 248.0
34.17, 248.0
34.18, 248.0
34.19, 248.0
34.2, 247.0
34.21, 247.0
34.22, 247.0
34.23, 247.0
34.24, 247.0
34.25, 247.0
34.26, 247.0
34.27, 247.0
34.28, 247.0
34.29, 248.0
34.3, 248.0
34.31, 248.0
34.32, 248.0
34.33, 248.0
34.34, 248.0
34.35, 248.0
34.36, 248.0
34.37, 248.0
34.38, 249.0
34.39, 249.0
34.4, 249.0
34.41, 249.0
34.42, 249.0
34.43, 249.0
34.44, 249.0
34.45, 249.0
34.46, 249.0
34.47, 250.0
34.48, 250.0
34.49, 250.0
34.5, 250.0
34.51, 251.0
34.52, 251.0
34.53, 251.0
34.54, 252.0
34.55, 252.0
34.56, 252.0
34.57, 252.0
34.58, 252.0
34.59, 252.0
34.6, 252.0
34.61, 252.0
34.62, 252.0
34.63, 251.0
34.64, 251.0
34.65, 251.0
34.66, 251.0
34.67, 251.0
34.68, 251.0
34.69, 251.0
34.7, 252.0
34.71, 251.0
34.72, 251.0
34.73, 251.0
34.74, 251.0
34.75, 251.0
34.76, 250.0
34.77, 250.0
34.78, 250.0
34.79, 250.0
34.8, 250.0
34.81, 250.0
34.82, 250.0
34.83, 250.0
34.84, 250.0
34.85, 250.0
34.86, 250.0
34.87, 250.0
34.88, 249.0
34.89, 249.0
34.9, 249.0
34.91, 249.0
34.92, 249.0
34.93, 249.0
34.94, 250.0
34.95, 250.0
34.96, 250.0
34.97, 250.0
34.98, 251.0
34.99, 251.0
35.0, 251.0
35.01, 251.0
35.02, 251.0
35.03, 251.0
35.04, 250.0
35.05, 250.0
35.06, 250.0
35.07, 249.0
35.08, 248.0
35.09, 247.0
35.1, 247.0
35.11, 246.0
35.12, 246.0
35.13, 246.0
35.14, 246.0
35.15, 245.0
35.16, 246.0
35.17, 246.0
35.18, 246.0
35.19, 247.0
35.2, 247.0
35.21, 247.0
35.22, 248.0
35.23, 248.0
35.24, 248.0
35.25, 248.0
35.26, 249.0
35.27, 250.0
35.28, 251.0
35.29, 251.0
35.3, 252.0
35.31, 253.0
35.32, 253.0
35.33, 254.0
35.34, 254.0
35.35, 254.0
35.36, 254.0
35.37, 253.0
35.38, 253.0
35.39, 252.0
35.4, 252.0
35.41, 251.0
35.42, 251.0
35.43, 251.0
35.44, 250.0
35.45, 250.0
35.46, 250.0
35.47, 250.0
35.48, 250.0
35.49, 249.0
35.5, 249.0
35.51, 250.0
35.52, 250.0
35.53, 251.0
35.54, 251.0
35.55, 251.0
35.56, 252.0
35.57, 252.0
35.58, 252.0
35.59, 252.0
35.6, 253.0
35.61, 253.0
35.62, 253.0
35.63, 253.0
35.64, 252.0
35.65, 252.0
35.66, 252.0
35.67, 252.0
35.68, 252.0
35.69, 251.0
35.7, 251.0
35.71, 251.0
35.72, 251.0
35.73, 251.0
35.74, 250.0
35.75, 250.0
35.76, 250.0
35.77, 250.0
35.78, 250.0
35.79, 249.0
35.8, 249.0
35.81, 249.0
35.82, 249.0
35.83, 249.0
35.84, 249.0
35.85, 249.0
35.86, 248.0
35.87, 248.0
35.88, 248.0
35.89, 247.0
35.9, 247.0
35.91, 247.0
35.92, 247.0
35.93, 247.0
35.94, 246.0
35.95, 246.0
35.96, 247.0
35.97, 247.0
35.98, 248.0
35.99, 248.0
36.0, 249.0
36.01, 249.0
36.02, 250.0
36.03, 250.0
36.04, 251.0
36.05, 251.0
36.06, 251.0
36.07, 251.0
36.08, 251.0
36.09, 252.0
36.1, 252.0
36.11, 252.0
36.12, 252.0
36.13, 252.0
36.14, 251.0
36.15, 251.0
36.16, 251.0
36.17, 251.0
36.18, 251.0
36.19, 251.0
36.2, 251.0
36.21, 251.0
36.22, 250.0
36.23, 250.0
36.24, 250.0
36.25, 249.0
36.26, 249.0
36.27, 249.0
36.28, 250.0
36.29, 250.0
36.3, 250.0
36.31, 249.0
36.32, 249.0
36.33, 249.0
36.34, 248.0
36.35, 248.0
36.36, 248.0
36.37, 248.0
36.38, 248.0
36.39, 249.0
36.4, 249.0
36.41, 249.0
36.42, 249.0
36.43, 250.0
36.44, 250.0
36.45, 250.0
36.46, 250.0
36.47, 250.0
36.48, 250.0
36.49, 250.0
36.5, 250.0
36.51, 250.0
36.52, 250.0
36.53, 250.0
36.54, 250.0
36.55, 250.0
36.56, 250.0
36.57, 250.0
36.58, 250.0
36.59, 250.0
36.6, 250.0
36.61, 250.0
36.62, 250.0
36.63, 250.0
36.64, 250.0
36.65, 250.0
36.66, 249.0
36.67, 249.0
36.68, 249.0
36.69, 248.0
36.7, 248.0
36.71, 248.0
36.72, 248.0
36.73, 248.0
36.74, 248.0
36.75, 248.0
36.76, 248.0
36.77, 248.0
36.78, 248.0
36.79, 248.0
36.8, 248.0
36.81, 248.0
36.82, 248.0
36.83, 247.0
36.84, 247.0
36.85, 247.0
36.86, 247.0
36.87, 247.0
36.88, 247.0
36.89, 247.0
36.9, 246.0
36.91, 247.0
36.92, 247.0
36.93, 247.0
36.94, 247.0
36.95, 248.0
36.96, 248.0
36.97, 248.0
36.98, 248.0
36.99, 248.0
37.0, 248.0
37.01, 247.0
37.02, 247.0
37.03, 246.0
37.04, 246.0
37.05, 246.0
37.06, 246.0
37.07, 246.0
37.08, 246.0
37.09, 246.0
37.1, 247.0
37.11, 247.0
37.12, 247.0
37.13, 247.0
37.14, 248.0
37.15, 248.0
37.16, 248.0
37.17, 248.0
37.18, 248.0
37.19, 248.0
37.2, 249.0
37.21, 249.0
37.22, 250.0
37.23, 250.0
37.24, 251.0
37.25, 252.0
37.26, 252.0
37.27, 253.0
37.28, 253.0
37.29, 254.0
37.3, 254.0
37.31, 254.0
37.32, 253.0
37.33, 253.0
37.34, 253.0
37.35, 252.0
37.36, 252.0
37.37, 252.0
37.38, 252.0
37.39, 252.0
37.4, 251.0
37.41, 252.0
37.42, 252.0
37.43, 252.0
37.44, 252.0
37.45, 252.0
37.46, 252.0
37.47, 252.0
37.48, 253.0
37.49, 253.0
37.5, 253.0
37.51, 252.0
37.52, 252.0
37.53, 252.0
37.54, 252.0
37.55, 252.0
37.56, 252.0
37.57, 252.0
37.58, 252.0
37.59, 252.0
37.6, 253.0
37.61, 253.0
37.62, 253.0
37.63, 253.0
37.64, 253.0
37.65, 253.0
37.66, 253.0
37.67, 253.0
37.68, 253.0
37.69, 252.0
37.7, 252.0
37.71, 252.0
37.72, 252.0
37.73, 252.0
37.74, 252.0
37.75, 252.0
37.76, 252.0
37.77, 252.0
37.78, 251.0
37.79, 251.0
37.8, 251.0
37.81, 251.0
37.82, 251.0
37.83, 251.0
37.84, 252.0
37.85, 252.0
37.86, 252.0
37.87, 251.0
37.88, 251.0
37.89, 251.0
37.9, 251.0
37.91, 252.0
37.92, 252.0
37.93, 252.0
37.94, 252.0
37.95, 253.0
37.96, 252.0
37.97, 252.0
37.98, 252.0
37.99, 252.0
38.0, 252.0
38.01, 252.0
38.02, 252.0
38.03, 252.0
38.04, 253.0
38.05, 253.0
38.06, 253.0
38.07, 253.0
38.08, 253.0
38.09, 253.0
38.1, 253.0
38.11, 253.0
38.12, 253.0
38.13, 253.0
38.14, 253.0
38.15, 253.0
38.16, 253.0
38.17, 252.0
38.18, 252.0
38.19, 252.0
38.2, 252.0
38.21, 251.0
38.22, 251.0
38.23, 251.0
38.24, 251.0
38.25, 251.0
38.26, 251.0
38.27, 251.0
38.28, 251.0
38.29, 252.0
38.3, 252.0
38.31, 252.0
38.32, 252.0
38.33, 253.0
38.34, 253.0
38.35, 253.0
38.36, 253.0
38.37, 253.0
38.38, 254.0
38.39, 254.0
38.4, 254.0
38.41, 254.0
38.42, 254.0
38.43, 254.0
38.44, 254.0
38.45, 253.0
38.46, 253.0
38.47, 253.0
38.48, 252.0
38.49, 252.0
38.5, 251.0
38.51, 251.0
38.52, 251.0
38.53, 251.0
38.54, 251.0
38.55, 251.0
38.56, 251.0
38.57, 250.0
38.58, 250.0
38.59, 250.0
38.6, 250.0
38.61, 250.0
38.62, 249.0
38.63, 249.0
38.64, 249.0
38.65, 249.0
38.66, 249.0
38.67, 249.0
38.68, 249.0
38.69, 249.0
38.7, 249.0
38.71, 249.0
38.72, 248.0
38.73, 248.0
38.74, 248.0
38.75, 248.0
38.76, 248.0
38.77, 248.0
38.78, 248.0
38.79, 248.0
38.8, 248.0
38.81, 249.0
38.82, 249.0
38.83, 249.0
38.84, 250.0
38.85, 250.0
38.86, 251.0
38.87, 251.0
38.88, 251.0
38.89, 252.0
38.9, 252.0
38.91, 252.0
38.92, 252.0
38.93, 252.0
38.94, 252.0
38.95, 252.0
38.96, 252.0
38.97, 251.0
38.98, 251.0
38.99, 251.0
39.0, 250.0
39.01, 250.0
39.02, 250.0
39.03, 250.0
39.04, 250.0
39.05, 250.0
39.06, 250.0
39.07, 250.0
39.08, 251.0
39.09, 251.0
39.1, 251.0
39.11, 251.0
39.12, 251.0
39.13, 251.0
39.14, 252.0
39.15, 252.0
39.16, 252.0
39.17, 252.0
39.18, 252.0
39.19, 252.0
39.2, 253.0
39.21, 253.0
39.22, 253.0
39.23, 253.0
39.24, 253.0
39.25, 253.0
39.26, 253.0
39.27, 253.0
39.28, 252.0
39.29, 252.0
39.3, 252.0
39.31, 252.0
39.32, 252.0
39.33, 252.0
39.34, 252.0
39.35, 253.0
39.36, 253.0
39.37, 253.0
39.38, 253.0
39.39, 253.0
39.4, 253.0
39.41, 253.0
39.42, 252.0
39.43, 252.0
39.44, 251.0
39.45, 251.0
39.46, 250.0
39.47, 250.0
39.48, 249.0
39.49, 249.0
39.5, 248.0
39.51, 248.0
39.52, 249.0
39.53, 249.0
39.54, 249.0
39.55, 249.0
39.56, 249.0
39.57, 250.0
39.58, 250.0
39.59, 250.0
39.6, 250.0
39.61, 250.0
39.62, 249.0
39.63, 249.0
39.64, 249.0
39.65, 249.0
39.66, 248.0
39.67, 248.0
39.68, 248.0
39.69, 248.0
39.7, 247.0
39.71, 247.0
39.72, 248.0
39.73, 248.0
39.74, 248.0
39.75, 248.0
39.76, 248.0
39.77, 248.0
39.78, 248.0
39.79, 248.0
39.8, 248.0
39.81, 248.0
39.82, 248.0
39.83, 248.0
39.84, 248.0
39.85, 248.0
39.86, 249.0
39.87, 249.0
39.88, 249.0
39.89, 250.0
39.9, 250.0
39.91, 250.0
39.92, 250.0
39.93, 250.0
39.94, 251.0
39.95, 251.0
39.96, 250.0
39.97, 250.0
39.98, 250.0
39.99, 249.0
40.0, 249.0
40.01, 249.0
40.02, 249.0
40.03, 249.0
40.04, 250.0
40.05, 250.0
40.06, 250.0
40.07, 251.0
40.08, 251.0
40.09, 251.0
40.1, 252.0
40.11, 252.0
40.12, 251.0
40.13, 251.0
40.14, 251.0
40.15, 251.0
40.16, 250.0
40.17, 250.0
40.18, 249.0
40.19, 249.0
40.2, 248.0
40.21, 248.0
40.22, 248.0
40.23, 248.0
40.24, 248.0
40.25, 248.0
40.26, 248.0
40.27, 248.0
40.28, 248.0
40.29, 248.0
40.3, 248.0
40.31, 248.0
40.32, 248.0
40.33, 248.0
40.34, 247.0
40.35, 247.0
40.36, 247.0
40.37, 247.0
40.38, 248.0
40.39, 248.0
40.4, 248.0
40.41, 248.0
40.42, 249.0
40.43, 249.0
40.44, 249.0
40.45, 250.0
40.46, 250.0
40.47, 250.0
40.48, 250.0
40.49, 250.0
40.5, 250.0
40.51, 249.0
40.52, 249.0
40.53, 249.0
40.54, 248.0
40.55, 248.0
40.56, 248.0
40.57, 248.0
40.58, 248.0
40.59, 248.0
40.6, 248.0
40.61, 248.0
40.62, 248.0
40.63, 248.0
40.64, 248.0
40.65, 248.0
40.66, 248.0
40.67, 247.0
40.68, 247.0
40.69, 247.0
40.7, 246.0
40.71, 246.0
40.72, 246.0
40.73, 246.0
40.74, 246.0
40.75, 246.0
40.76, 247.0
40.77, 247.0
40.78, 247.0
40.79, 248.0
40.8, 248.0
40.81, 249.0
40.82, 249.0
40.83, 249.0
40.84, 250.0
40.85, 250.0
40.86, 250.0
40.87, 250.0
40.88, 251.0
40.89, 251.0
40.9, 251.0
40.91, 252.0
40.92, 252.0
40.93, 253.0
40.94, 253.0
40.95, 254.0
40.96, 254.0
40.97, 255.0
40.98, 255.0
40.99, 256.0
41.0, 256.0
41.01, 257.0
41.02, 257.0
41.03, 257.0
41.04, 258.0
41.05, 258.0
41.06, 259.0
41.07, 259.0
41.08, 260.0
41.09, 260.0
41.1, 261.0
41.11, 261.0
41.12, 261.0
41.13, 261.0
41.14, 261.0
41.15, 261.0
41.16, 261.0
41.17, 262.0
41.18, 262.0
41.19, 262.0
41.2, 262.0
41.21, 262.0
41.22, 263.0
41.23, 263.0
41.24, 264.0
41.25, 264.0
41.26, 265.0
41.27, 266.0
41.28, 266.0
41.29, 267.0
41.3, 268.0
41.31, 269.0
41.32, 270.0
41.33, 271.0
41.34, 272.0
41.35, 273.0
41.36, 273.0
41.37, 274.0
41.38, 275.0
41.39, 276.0
41.4, 277.0
41.41, 277.0
41.42, 277.0
41.43, 278.0
41.44, 278.0
41.45, 279.0
41.46, 280.0
41.47, 281.0
41.48, 282.0
41.49, 283.0
41.5, 284.0
41.51, 285.0
41.52, 285.0
41.53, 286.0
41.54, 287.0
41.55, 288.0
41.56, 288.0
41.57, 288.0
41.58, 288.0
41.59, 288.0
41.6, 288.0
41.61, 288.0
41.62, 288.0
41.63, 288.0
41.64, 288.0
41.65, 288.0
41.66, 288.0
41.67, 288.0
41.68, 288.0
41.69, 288.0
41.7, 288.0
41.71, 288.0
41.72, 288.0
41.73, 287.0
41.74, 287.0
41.75, 287.0
41.76, 285.0
41.77, 284.0
41.78, 283.0
41.79, 282.0
41.8, 281.0
41.81, 280.0
41.82, 279.0
41.83, 278.0
41.84, 276.0
41.85, 275.0
41.86, 274.0
41.87, 273.0
41.88, 272.0
41.89, 271.0
41.9, 270.0
41.91, 269.0
41.92, 268.0
41.93, 268.0
41.94, 267.0
41.95, 266.0
41.96, 266.0
41.97, 265.0
41.98, 265.0
41.99, 264.0
42.0, 264.0
42.01, 263.0
42.02, 263.0
42.03, 262.0
42.04, 262.0
42.05, 261.0
42.06, 261.0
42.07, 261.0
42.08, 261.0
42.09, 260.0
42.1, 260.0
42.11, 259.0
42.12, 259.0
42.13, 258.0
42.14, 258.0
42.15, 257.0
42.16, 257.0
42.17, 256.0
42.18, 256.0
42.19, 256.0
42.2, 255.0
42.21, 255.0
42.22, 254.0
42.23, 254.0
42.24, 253.0
42.25, 253.0
42.26, 253.0
42.27, 252.0
42.28, 252.0
42.29, 252.0
42.3, 252.0
42.31, 252.0
42.32, 252.0
42.33, 252.0
42.34, 252.0
42.35, 252.0
42.36, 252.0
42.37, 252.0
42.38, 252.0
42.39, 252.0
42.4, 252.0
42.41, 252.0
42.42, 252.0
42.43, 252.0
42.44, 252.0
42.45, 252.0
42.46, 252.0
42.47, 252.0
42.48, 252.0
42.49, 252.0
42.5, 252.0
42.51, 252.0
42.52, 251.0
42.53, 251.0
42.54, 251.0
42.55, 251.0
42.56, 251.0
42.57, 250.0
42.58, 250.0
42.59, 250.0
42.6, 250.0
42.61, 250.0
42.62, 251.0
42.63, 251.0
42.64, 251.0
42.65, 251.0
42.66, 251.0
42.67, 252.0
42.68, 252.0
42.69, 252.0
42.7, 252.0
42.71, 252.0
42.72, 252.0
42.73, 252.0
42.74, 252.0
42.75, 251.0
42.76, 251.0
42.77, 251.0
42.78, 251.0
42.79, 251.0
42.8, 251.0
42.81, 251.0
42.82, 251.0
42.83, 251.0
42.84, 251.0
42.85, 250.0
42.86, 250.0
42.87, 250.0
42.88, 250.0
42.89, 250.0
42.9, 250.0
42.91, 250.0
42.92, 249.0
42.93, 249.0
42.94, 249.0
42.95, 249.0
42.96, 248.0
42.97, 248.0
42.98, 248.0
42.99, 247.0
43.0, 247.0
43.01, 247.0
43.02, 248.0
43.03, 248.0
43.04, 248.0
43.05, 248.0
43.06, 248.0
43.07, 249.0
43.08, 249.0
43.09, 249.0
43.1, 250.0
43.11, 250.0
43.12, 250.0
43.13, 250.0
43.14, 250.0
43.15, 250.0
43.16, 250.0
43.17, 250.0
43.18, 249.0
43.19, 249.0
43.2, 249.0
43.21, 249.0
43.22, 249.0
43.23, 248.0
43.24, 248.0
43.25, 248.0
43.26, 248.0
43.27, 248.0
43.28, 248.0
43.29, 249.0
43.3, 249.0
43.31, 249.0
43.32, 249.0
43.33, 250.0
43.34, 250.0
43.35, 250.0
43.36, 250.0
43.37, 250.0
43.38, 250.0
43.39, 250.0
43.4, 250.0
43.41, 250.0
43.42, 250.0
43.43, 250.0
43.44, 251.0
43.45, 251.0
43.46, 251.0
43.47, 251.0
43.48, 251.0
43.49, 252.0
43.5, 252.0
43.51, 252.0
43.52, 252.0
43.53, 252.0
43.54, 252.0
43.55, 251.0
43.56, 252.0
43.57, 252.0
43.58, 252.0
43.59, 252.0
43.6, 252.0
43.61, 253.0
43.62, 253.0
43.63, 253.0
43.64, 254.0
43.65, 254.0
43.66, 254.0
43.67, 254.0
43.68, 253.0
43.69, 253.0
43.7, 253.0
43.71, 253.0
43.72, 252.0
43.73, 252.0
43.74, 252.0
43.75, 251.0
43.76, 252.0
43.77, 253.0
43.78, 254.0
43.79, 255.0
43.8, 256.0
43.81, 257.0
43.82, 257.0
43.83, 258.0
43.84, 259.0
43.85, 260.0
43.86, 260.0
43.87, 261.0
43.88, 262.0
43.89, 262.0
43.9, 263.0
43.91, 264.0
43.92, 265.0
43.93, 267.0
43.94, 268.0
43.95, 269.0
43.96, 270.0
43.97, 272.0
43.98, 273.0
43.99, 275.0
44.0, 276.0
44.01, 278.0
44.02, 280.0
44.03, 281.0
44.04, 283.0
44.05, 285.0
44.06, 288.0
44.07, 292.0
44.08, 296.0
44.09, 299.0
44.1, 303.0
44.11, 308.0
44.12, 313.0
44.13, 318.0
44.14, 323.0
44.15, 328.0
44.16, 335.0
44.17, 341.0
44.18, 347.0
44.19, 353.0
44.2, 359.0
44.21, 367.0
44.22, 375.0
44.23, 383.0
44.24, 391.0
44.25, 398.0
44.26, 407.0
44.27, 416.0
44.28, 425.0
44.29, 434.0
44.3, 443.0
44.31, 452.0
44.32, 461.0
44.33, 470.0
44.34, 479.0
44.35, 488.0
44.36, 497.0
44.37, 505.0
44.38, 514.0
44.39, 523.0
44.4, 532.0
44.41, 538.0
44.42, 544.0
44.43, 550.0
44.44, 557.0
44.45, 563.0
44.46, 567.0
44.47, 571.0
44.48, 574.0
44.49, 578.0
44.5, 582.0
44.51, 582.0
44.52, 581.0
44.53, 581.0
44.54, 580.0
44.55, 580.0
44.56, 576.0
44.57, 573.0
44.58, 570.0
44.59, 566.0
44.6, 563.0
44.61, 557.0
44.62, 551.0
44.63, 546.0
44.64, 540.0
44.65, 534.0
44.66, 527.0
44.67, 519.0
44.68, 511.0
44.69, 504.0
44.7, 496.0
44.71, 488.0
44.72, 481.0
44.73, 473.0
44.74, 465.0
44.75, 458.0
44.76, 450.0
44.77, 442.0
44.78, 435.0
44.79, 427.0
44.8, 419.0
44.81, 412.0
44.82, 404.0
44.83, 396.0
44.84, 389.0
44.85, 381.0
44.86, 375.0
44.87, 368.0
44.88, 362.0
44.89, 355.0
44.9, 349.0
44.91, 343.0
44.92, 338.0
44.93, 333.0
44.94, 327.0
44.95, 322.0
44.96, 318.0
44.97, 314.0
44.98, 310.0
44.99, 306.0
45.0, 302.0
45.01, 299.0
45.02, 297.0
45.03, 295.0
45.04, 292.0
45.05, 290.0
45.06, 288.0
45.07, 286.0
45.08, 285.0
45.09, 283.0
45.1, 281.0
45.11, 280.0
45.12, 278.0
45.13, 277.0
45.14, 275.0
45.15, 274.0
45.16, 273.0
45.17, 272.0
45.18, 271.0
45.19, 270.0
45.2, 270.0
45.21, 269.0
45.22, 269.0
45.23, 268.0
45.24, 268.0
45.25, 267.0
45.26, 268.0
45.27, 269.0
45.28, 269.0
45.29, 270.0
45.3, 270.0
45.31, 272.0
45.32, 274.0
45.33, 275.0
45.34, 277.0
45.35, 279.0
45.36, 282.0
45.37, 284.0
45.38, 287.0
45.39, 290.0
45.4, 292.0
45.41, 296.0
45.42, 299.0
45.43, 303.0
45.44, 306.0
45.45, 309.0
45.46, 313.0
45.47, 317.0
45.48, 321.0
45.49, 325.0
45.5, 328.0
45.51, 333.0
45.52, 337.0
45.53, 342.0
45.54, 346.0
45.55, 351.0
45.56, 357.0
45.57, 362.0
45.58, 368.0
45.59, 374.0
45.6, 379.0
45.61, 385.0
45.62, 391.0
45.63, 397.0
45.64, 403.0
45.65, 409.0
45.66, 414.0
45.67, 419.0
45.68, 424.0
45.69, 428.0
45.7, 433.0
45.71, 436.0
45.72, 440.0
45.73, 443.0
45.74, 446.0
45.75, 449.0
45.76, 449.0
45.77, 450.0
45.78, 451.0
45.79, 451.0
45.8, 452.0
45.81, 450.0
45.82, 448.0
45.83, 446.0
45.84, 444.0
45.85, 443.0
45.86, 439.0
45.87, 436.0
45.88, 432.0
45.89, 429.0
45.9, 425.0
45.91, 421.0
45.92, 417.0
45.93, 413.0
45.94, 408.0
45.95, 404.0
45.96, 400.0
45.97, 396.0
45.98, 392.0
45.99, 388.0
46.0, 384.0
46.01, 379.0
46.02, 374.0
46.03, 370.0
46.04, 365.0
46.05, 360.0
46.06, 356.0
46.07, 353.0
46.08, 349.0
46.09, 345.0
46.1, 341.0
46.11, 338.0
46.12, 334.0
46.13, 331.0
46.14, 328.0
46.15, 325.0
46.16, 324.0
46.17, 322.0
46.18, 320.0
46.19, 318.0
46.2, 316.0
46.21, 316.0
46.22, 315.0
46.23, 315.0
46.24, 314.0
46.25, 314.0
46.26, 314.0
46.27, 315.0
46.28, 315.0
46.29, 316.0
46.3, 316.0
46.31, 317.0
46.32, 318.0
46.33, 319.0
46.34, 320.0
46.35, 321.0
46.36, 322.0
46.37, 324.0
46.38, 326.0
46.39, 328.0
46.4, 329.0
46.41, 332.0
46.42, 334.0
46.43, 336.0
46.44, 338.0
46.45, 340.0
46.46, 342.0
46.47, 344.0
46.48, 346.0
46.49, 349.0
46.5, 351.0
46.51, 352.0
46.52, 354.0
46.53, 355.0
46.54, 357.0
46.55, 358.0
46.56, 360.0
46.57, 361.0
46.58, 363.0
46.59, 364.0
46.6, 366.0
46.61, 366.0
46.62, 366.0
46.63, 366.0
46.64, 366.0
46.65, 366.0
46.66, 364.0
46.67, 362.0
46.68, 360.0
46.69, 358.0
46.7, 357.0
46.71, 354.0
46.72, 351.0
46.73, 348.0
46.74, 345.0
46.75, 343.0
46.76, 340.0
46.77, 337.0
46.78, 334.0
46.79, 331.0
46.8, 328.0
46.81, 325.0
46.82, 323.0
46.83, 320.0
46.84, 317.0
46.85, 315.0
46.86, 312.0
46.87, 310.0
46.88, 307.0
46.89, 305.0
46.9, 303.0
46.91, 300.0
46.92, 297.0
46.93, 294.0
46.94, 291.0
46.95, 289.0
46.96, 286.0
46.97, 284.0
46.98, 282.0
46.99, 279.0
47.0, 277.0
47.01, 275.0
47.02, 274.0
47.03, 272.0
47.04, 270.0
47.05, 268.0
47.06, 267.0
47.07, 266.0
47.08, 265.0
47.09, 264.0
47.1, 262.0
47.11, 262.0
47.12, 262.0
47.13, 261.0
47.14, 261.0
47.15, 261.0
47.16, 261.0
47.17, 261.0
47.18, 260.0
47.19, 260.0
47.2, 260.0
47.21, 260.0
47.22, 260.0
47.23, 260.0
47.24, 259.0
47.25, 259.0
47.26, 259.0
47.27, 259.0
47.28, 259.0
47.29, 259.0
47.3, 259.0
47.31, 260.0
47.32, 260.0
47.33, 261.0
47.34, 262.0
47.35, 262.0
47.36, 264.0
47.37, 265.0
47.38, 266.0
47.39, 267.0
47.4, 268.0
47.41, 270.0
47.42, 271.0
47.43, 272.0
47.44, 274.0
47.45, 275.0
47.46, 277.0
47.47, 280.0
47.48, 282.0
47.49, 284.0
47.5, 287.0
47.51, 290.0
47.52, 294.0
47.53, 298.0
47.54, 301.0
47.55, 305.0
47.56, 310.0
47.57, 315.0
47.58, 319.0
47.59, 324.0
47.6, 329.0
47.61, 335.0
47.62, 341.0
47.63, 347.0
47.64, 353.0
47.65, 359.0
47.66, 367.0
47.67, 374.0
47.68, 382.0
47.69, 390.0
47.7, 397.0
47.71, 406.0
47.72, 414.0
47.73, 422.0
47.74, 431.0
47.75, 439.0
47.76, 448.0
47.77, 457.0
47.78, 466.0
47.79, 476.0
47.8, 485.0
47.81, 494.0
47.82, 502.0
47.83, 511.0
47.84, 520.0
47.85, 529.0
47.86, 536.0
47.87, 542.0
47.88, 549.0
47.89, 556.0
47.9, 563.0
47.91, 568.0
47.92, 572.0
47.93, 577.0
47.94, 581.0
47.95, 586.0
47.96, 586.0
47.97, 587.0
47.98, 588.0
47.99, 589.0
48.0, 590.0
48.01, 588.0
48.02, 585.0
48.03, 583.0
48.04, 581.0
48.05, 579.0
48.06, 574.0
48.07, 569.0
48.08, 564.0
48.09, 560.0
48.1, 555.0
48.11, 548.0
48.12, 541.0
48.13, 535.0
48.14, 528.0
48.15, 521.0
48.16, 514.0
48.17, 506.0
48.18, 498.0
48.19, 490.0
48.2, 483.0
48.21, 475.0
48.22, 467.0
48.23, 459.0
48.24, 451.0
48.25, 442.0
48.26, 435.0
48.27, 427.0
48.28, 419.0
48.29, 412.0
48.3, 404.0
48.31, 397.0
48.32, 390.0
48.33, 383.0
48.34, 376.0
48.35, 369.0
48.36, 363.0
48.37, 358.0
48.38, 352.0
48.39, 346.0
48.4, 340.0
48.41, 336.0
48.42, 332.0
48.43, 327.0
48.44, 323.0
48.45, 318.0
48.46, 315.0
48.47, 312.0
48.48, 308.0
48.49, 305.0
48.5, 301.0
48.51, 299.0
48.52, 296.0
48.53, 293.0
48.54, 290.0
48.55, 287.0
48.56, 286.0
48.57, 284.0
48.58, 283.0
48.59, 281.0
48.6, 279.0
48.61, 278.0
48.62, 277.0
48.63, 275.0
48.64, 274.0
48.65, 273.0
48.66, 271.0
48.67, 270.0
48.68, 269.0
48.69, 267.0
48.7, 266.0
48.71, 265.0
48.72, 265.0
48.73, 264.0
48.74, 263.0
48.75, 262.0
48.76, 262.0
48.77, 262.0
48.78, 262.0
48.79, 262.0
48.8, 262.0
48.81, 262.0
48.82, 262.0
48.83, 262.0
48.84, 261.0
48.85, 261.0
48.86, 261.0
48.87, 261.0
48.88, 261.0
48.89, 261.0
48.9, 261.0
48.91, 261.0
48.92, 261.0
48.93, 260.0
48.94, 260.0
48.95, 260.0
48.96, 260.0
48.97, 260.0
48.98, 260.0
48.99, 260.0
49.0, 261.0
49.01, 261.0
49.02, 261.0
49.03, 261.0
49.04, 261.0
49.05, 261.0
49.06, 262.0
49.07, 262.0
49.08, 262.0
49.09, 262.0
49.1, 263.0
49.11, 263.0
49.12, 263.0
49.13, 264.0
49.14, 264.0
49.15, 264.0
49.16, 264.0
49.17, 264.0
49.18, 264.0
49.19, 264.0
49.2, 264.0
49.21, 264.0
49.22, 264.0
49.23, 264.0
49.24, 265.0
49.25, 265.0
49.26, 265.0
49.27, 265.0
49.28, 266.0
49.29, 266.0
49.3, 267.0
49.31, 267.0
49.32, 267.0
49.33, 268.0
49.34, 268.0
49.35, 268.0
49.36, 268.0
49.37, 269.0
49.38, 269.0
49.39, 269.0
49.4, 269.0
49.41, 270.0
49.42, 270.0
49.43, 271.0
49.44, 271.0
49.45, 271.0
49.46, 271.0
49.47, 271.0
49.48, 271.0
49.49, 271.0
49.5, 271.0
49.51, 271.0
49.52, 271.0
49.53, 271.0
49.54, 271.0
49.55, 271.0
49.56, 271.0
49.57, 271.0
49.58, 271.0
49.59, 270.0
49.6, 270.0
49.61, 270.0
49.62, 269.0
49.63, 269.0
49.64, 268.0
49.65, 267.0
49.66, 266.0
49.67, 265.0
49.68, 264.0
49.69, 263.0
49.7, 262.0
49.71, 261.0
49.72, 261.0
49.73, 260.0
49.74, 259.0
49.75, 259.0
49.76, 258.0
49.77, 258.0
49.78, 257.0
49.79, 256.0
49.8, 256.0
49.81, 255.0
49.82, 255.0
49.83, 254.0
49.84, 254.0
49.85, 253.0
49.86, 253.0
49.87, 252.0
49.88, 252.0
49.89, 251.0
49.9, 251.0
49.91, 251.0
49.92, 250.0
49.93, 250.0
49.94, 250.0
49.95, 249.0
49.96, 249.0
49.97, 249.0
49.98, 249.0
49.99, 248.0
50.0, 248.0
50.01, 248.0
50.02, 248.0
50.03, 248.0
50.04, 248.0
50.05, 248.0
50.06, 248.0
50.07, 248.0
50.08, 248.0
50.09, 248.0
50.1, 248.0
50.11, 248.0
50.12, 248.0
50.13, 249.0
50.14, 249.0
50.15, 249.0
50.16, 249.0
50.17, 249.0
50.18, 250.0
50.19, 250.0
50.2, 250.0
50.21, 251.0
50.22, 252.0
50.23, 252.0
50.24, 253.0
50.25, 253.0
50.26, 254.0
50.27, 255.0
50.28, 255.0
50.29, 256.0
50.3, 257.0
50.31, 258.0
50.32, 259.0
50.33, 260.0
50.34, 261.0
50.35, 262.0
50.36, 265.0
50.37, 267.0
50.38, 269.0
50.39, 272.0
50.4, 274.0
50.41, 277.0
50.42, 281.0
50.43, 284.0
50.44, 288.0
50.45, 291.0
50.46, 296.0
50.47, 302.0
50.48, 307.0
50.49, 313.0
50.5, 318.0
50.51, 326.0
50.52, 333.0
50.53, 341.0
50.54, 349.0
50.55, 357.0
50.56, 367.0
50.57, 377.0
50.58, 387.0
50.59, 397.0
50.6, 407.0
50.61, 421.0
50.62, 434.0
50.63, 448.0
50.64, 462.0
50.65, 475.0
50.66, 493.0
50.67, 510.0
50.68, 527.0
50.69, 545.0
50.7, 562.0
50.71, 582.0
50.72, 603.0
50.73, 623.0
50.74, 643.0
50.75, 664.0
50.76, 685.0
50.77, 706.0
50.78, 728.0
50.79, 749.0
50.8, 770.0
50.81, 790.0
50.82, 809.0
50.83, 829.0
50.84, 848.0
50.85, 868.0
50.86, 884.0
50.87, 901.0
50.88, 917.0
50.89, 933.0
50.9, 950.0
50.91, 960.0
50.92, 970.0
50.93, 980.0
50.94, 990.0
50.95, 1000.0
50.96, 1000.0
50.97, 1000.0
50.98, 1000.0
50.99, 1000.0
51.0, 1000.0
51.01, 993.0
51.02, 986.0
51.03, 980.0
51.04, 973.0
51.05, 966.0
51.06, 953.0
51.07, 940.0
51.08, 926.0
51.09, 913.0
51.1, 900.0
51.11, 882.0
51.12, 864.0
51.13, 847.0
51.14, 829.0
51.15, 811.0
51.16, 792.0
51.17, 772.0
51.18, 752.0
51.19, 733.0
51.2, 713.0
51.21, 694.0
51.22, 675.0
51.23, 656.0
51.24, 636.0
51.25, 617.0
51.26, 600.0
51.27, 583.0
51.28, 565.0
51.29, 548.0
51.3, 531.0
51.31, 517.0
51.32, 502.0
51.33, 488.0
51.34, 473.0
51.35, 459.0
51.36, 447.0
51.37, 436.0
51.38, 425.0
51.39, 414.0
51.4, 403.0
51.41, 395.0
51.42, 387.0
51.43, 379.0
51.44, 372.0
51.45, 364.0
51.46, 358.0
51.47, 352.0
51.48, 347.0
51.49, 341.0
51.5, 335.0
51.51, 332.0
51.52, 328.0
51.53, 324.0
51.54, 321.0
51.55, 317.0
51.56, 315.0
51.57, 313.0
51.58, 311.0
51.59, 309.0
51.6, 307.0
51.61, 307.0
51.62, 306.0
51.63, 305.0
51.64, 304.0
51.65, 304.0
51.66, 305.0
51.67, 306.0
51.68, 308.0
51.69, 309.0
51.7, 310.0
51.71, 314.0
51.72, 318.0
51.73, 321.0
51.74, 325.0
51.75, 329.0
51.76, 333.0
51.77, 338.0
51.78, 343.0
51.79, 348.0
51.8, 353.0
51.81, 360.0
51.82, 366.0
51.83, 373.0
51.84, 379.0
51.85, 385.0
51.86, 393.0
51.87, 401.0
51.88, 409.0
51.89, 417.0
51.9, 425.0
51.91, 433.0
51.92, 441.0
51.93, 450.0
51.94, 458.0
51.95, 466.0
51.96, 473.0
51.97, 481.0
51.98, 489.0
51.99, 496.0
52.0, 504.0
52.01, 510.0
52.02, 516.0
52.03, 523.0
52.04, 529.0
52.05, 536.0
52.06, 539.0
52.07, 543.0
52.08, 546.0
52.09, 550.0
52.1, 554.0
52.11, 554.0
52.12, 553.0
52.13, 553.0
52.14, 553.0
52.15, 553.0
52.16, 549.0
52.17, 545.0
52.18, 541.0
52.19, 537.0
52.2, 532.0
52.21, 526.0
52.22, 519.0
52.23, 512.0
52.24, 505.0
52.25, 498.0
52.26, 490.0
52.27, 482.0
52.28, 474.0
52.29, 466.0
52.3, 458.0
52.31, 450.0
52.32, 442.0
52.33, 434.0
52.34, 426.0
52.35, 418.0
52.36, 410.0
52.37, 403.0
52.38, 395.0
52.39, 387.0
52.4, 380.0
52.41, 373.0
52.42, 367.0
52.43, 360.0
52.44, 353.0
52.45, 347.0
52.46, 341.0
52.47, 336.0
52.48, 330.0
52.49, 325.0
52.5, 319.0
52.51, 315.0
52.52, 311.0
52.53, 307.0
52.54, 303.0
52.55, 299.0
52.56, 296.0
52.57, 293.0
52.58, 290.0
52.59, 287.0
52.6, 284.0
52.61, 282.0
52.62, 280.0
52.63, 278.0
52.64, 276.0
52.65, 274.0
52.66, 272.0
52.67, 271.0
52.68, 270.0
52.69, 268.0
52.7, 267.0
52.71, 266.0
52.72, 264.0
52.73, 263.0
52.74, 262.0
52.75, 260.0
52.76, 259.0
52.77, 258.0
52.78, 257.0
52.79, 256.0
52.8, 255.0
52.81, 254.0
52.82, 253.0
52.83, 253.0
52.84, 252.0
52.85, 251.0
52.86, 251.0
52.87, 251.0
52.88, 251.0
52.89, 250.0
52.9, 250.0
52.91, 250.0
52.92, 250.0
52.93, 250.0
52.94, 251.0
52.95, 251.0
52.96, 250.0
52.97, 250.0
52.98, 250.0
52.99, 250.0
53.0, 250.0
53.01, 250.0
53.02, 249.0
53.03, 249.0
53.04, 249.0
53.05, 249.0
53.06, 249.0
53.07, 249.0
53.08, 248.0
53.09, 248.0
53.1, 248.0
53.11, 248.0
53.12, 248.0
53.13, 247.0
53.14, 247.0
53.15, 247.0
53.16, 247.0
53.17, 247.0
53.18, 246.0
53.19, 246.0
53.2, 246.0
53.21, 245.0
53.22, 245.0
53.23, 244.0
53.24, 244.0
53.25, 243.0
53.26, 243.0
53.27, 242.0
53.28, 242.0
53.29, 241.0
53.3, 241.0
53.31, 241.0
53.32, 241.0
53.33, 240.0
53.34, 240.0
53.35, 240.0
53.36, 240.0
53.37, 241.0
53.38, 241.0
53.39, 241.0
53.4, 242.0
53.41, 241.0
53.42, 241.0
53.43, 241.0
53.44, 241.0
53.45, 240.0
53.46, 240.0
53.47, 240.0
53.48, 240.0
53.49, 240.0
53.5, 240.0
53.51, 240.0
53.52, 240.0
53.53, 240.0
53.54, 241.0
53.55, 241.0
53.56, 241.0
53.57, 241.0
53.58, 241.0
53.59, 242.0
53.6, 242.0
53.61, 242.0
53.62, 241.0
53.63, 241.0
53.64, 241.0
53.65, 241.0
53.66, 241.0
53.67, 241.0
53.68, 241.0
53.69, 241.0
53.7, 241.0
53.71, 241.0
53.72, 241.0
53.73, 241.0
53.74, 241.0
53.75, 241.0
53.76, 241.0
53.77, 241.0
53.78, 240.0
53.79, 240.0
53.8, 240.0
53.81, 240.0
53.82, 240.0
53.83, 239.0
53.84, 239.0
53.85, 239.0
53.86, 238.0
53.87, 238.0
53.88, 238.0
53.89, 238.0
53.9, 237.0
53.91, 237.0
53.92, 237.0
53.93, 237.0
53.94, 237.0
53.95, 237.0
53.96, 237.0
53.97, 237.0
53.98, 236.0
53.99, 236.0
54.0, 236.0
54.01, 236.0
54.02, 237.0
54.03, 237.0
54.04, 237.0
54.05, 237.0
54.06, 237.0
54.07, 238.0
54.08, 238.0
54.09, 239.0
54.1, 239.0
54.11, 240.0
54.12, 240.0
54.13, 240.0
54.14, 240.0
54.15, 240.0
54.16, 240.0
54.17, 240.0
54.18, 240.0
54.19, 240.0
54.2, 240.0
54.21, 240.0
54.22, 240.0
54.23, 239.0
54.24, 239.0
54.25, 239.0
54.26, 239.0
54.27, 239.0
54.28, 239.0
54.29, 239.0
54.3, 239.0
54.31, 238.0
54.32, 238.0
54.33, 238.0
54.34, 238.0
54.35, 238.0
54.36, 238.0
54.37, 238.0
54.38, 239.0
54.39, 239.0
54.4, 240.0
54.41, 240.0
54.42, 240.0
54.43, 240.0
54.44, 241.0
54.45, 241.0
54.46, 241.0
54.47, 241.0
54.48, 241.0
54.49, 241.0
54.5, 241.0
54.51, 241.0
54.52, 241.0
54.53, 241.0
54.54, 241.0
54.55, 241.0
54.56, 241.0
54.57, 241.0
54.58, 241.0
54.59, 241.0
54.6, 241.0
54.61, 241.0
54.62, 240.0
54.63, 240.0
54.64, 240.0
54.65, 239.0
54.66, 239.0
54.67, 239.0
54.68, 239.0
54.69, 239.0
54.7, 239.0
54.71, 240.0
54.72, 240.0
54.73, 241.0
54.74, 241.0
54.75, 242.0
54.76, 242.0
54.77, 242.0
54.78, 242.0
54.79, 242.0
54.8, 242.0
54.81, 241.0
54.82, 241.0
54.83, 240.0
54.84, 240.0
54.85, 239.0
54.86, 238.0
54.87, 238.0
54.88, 237.0
54.89, 237.0
54.9, 236.0
54.91, 236.0
54.92, 236.0
54.93, 236.0
54.94, 237.0
54.95, 237.0
54.96, 237.0
54.97, 237.0
54.98, 237.0
54.99, 238.0
55.0, 238.0
55.01, 238.0
55.02, 238.0
55.03, 238.0
55.04, 238.0
55.05, 238.0
55.06, 238.0
55.07, 238.0
55.08, 238.0
55.09, 238.0
55.1, 238.0
55.11, 238.0
55.12, 237.0
55.13, 237.0
55.14, 237.0
55.15, 237.0
55.16, 237.0
55.17, 237.0
55.18, 237.0
55.19, 238.0
55.2, 238.0
55.21, 238.0
55.22, 238.0
55.23, 238.0
55.24, 238.0
55.25, 238.0
55.26, 239.0
55.27, 239.0
55.28, 239.0
55.29, 239.0
55.3, 239.0
55.31, 239.0
55.32, 239.0
55.33, 239.0
55.34, 239.0
55.35, 240.0
55.36, 239.0
55.37, 239.0
55.38, 239.0
55.39, 238.0
55.4, 238.0
55.41, 238.0
55.42, 238.0
55.43, 238.0
55.44, 239.0
55.45, 239.0
55.46, 239.0
55.47, 239.0
55.48, 239.0
55.49, 239.0
55.5, 239.0
55.51, 239.0
55.52, 239.0
55.53, 239.0
55.54, 239.0
55.55, 239.0
55.56, 238.0
55.57, 238.0
55.58, 238.0
55.59, 238.0
55.6, 238.0
55.61, 238.0
55.62, 238.0
55.63, 238.0
55.64, 238.0
55.65, 238.0
55.66, 238.0
55.67, 238.0
55.68, 238.0
55.69, 238.0
55.7, 238.0
55.71, 238.0
55.72, 238.0
55.73, 239.0
55.74, 239.0
55.75, 239.0
55.76, 239.0
55.77, 239.0
55.78, 239.0
55.79, 238.0
55.8, 238.0
55.81, 238.0
55.82, 238.0
55.83, 238.0
55.84, 237.0
55.85, 237.0
55.86, 237.0
55.87, 238.0
55.88, 238.0
55.89, 238.0
55.9, 238.0
55.91, 239.0
55.92, 239.0
55.93, 239.0
55.94, 240.0
55.95, 240.0
55.96, 240.0
55.97, 240.0
55.98, 240.0
55.99, 240.0
56.0, 240.0
56.01, 239.0
56.02, 239.0
56.03, 239.0
56.04, 239.0
56.05, 238.0
56.06, 238.0
56.07, 237.0
56.08, 237.0
56.09, 237.0
56.1, 236.0
56.11, 236.0
56.12, 236.0
56.13, 236.0
56.14, 236.0
56.15, 236.0
56.16, 236.0
56.17, 236.0
56.18, 236.0
56.19, 236.0
56.2, 236.0
56.21, 236.0
56.22, 236.0
56.23, 237.0
56.24, 237.0
56.25, 237.0
56.26, 237.0
56.27, 237.0
56.28, 237.0
56.29, 237.0
56.3, 237.0
56.31, 237.0
56.32, 237.0
56.33, 238.0
56.34, 238.0
56.35, 238.0
56.36, 238.0
56.37, 238.0
56.38, 238.0
56.39, 238.0
56.4, 238.0
56.41, 238.0
56.42, 238.0
56.43, 238.0
56.44, 238.0
56.45, 238.0
56.46, 238.0
56.47, 237.0
56.48, 237.0
56.49, 237.0
56.5, 236.0
56.51, 237.0
56.52, 237.0
56.53, 237.0
56.54, 237.0
56.55, 237.0
56.56, 237.0
56.57, 237.0
56.58, 237.0
56.59, 237.0
56.6, 237.0
56.61, 237.0
56.62, 238.0
56.63, 238.0
56.64, 238.0
56.65, 238.0
56.66, 238.0
56.67, 238.0
56.68, 238.0
56.69, 238.0
56.7, 239.0
56.71, 238.0
56.72, 238.0
56.73, 238.0
56.74, 238.0
56.75, 237.0
56.76, 237.0
56.77, 237.0
56.78, 237.0
56.79, 237.0
56.8, 237.0
56.81, 237.0
56.82, 237.0
56.83, 237.0
56.84, 237.0
56.85, 237.0
56.86, 236.0
56.87, 236.0
56.88, 236.0
56.89, 236.0
56.9, 235.0
56.91, 235.0
56.92, 235.0
56.93, 235.0
56.94, 234.0
56.95, 234.0
56.96, 234.0
56.97, 234.0
56.98, 234.0
56.99, 235.0
57.0, 235.0
57.01, 235.0
57.02, 235.0
57.03, 235.0
57.04, 235.0
57.05, 235.0
57.06, 235.0
57.07, 235.0
57.08, 235.0
57.09, 234.0
57.1, 234.0
57.11, 234.0
57.12, 234.0
57.13, 234.0
57.14, 234.0
57.15, 234.0
57.16, 234.0
57.17, 234.0
57.18, 234.0
57.19, 234.0
57.2, 234.0
57.21, 235.0
57.22, 235.0
57.23, 235.0
57.24, 236.0
57.25, 236.0
57.26, 236.0
57.27, 236.0
57.28, 236.0
57.29, 236.0
57.3, 236.0
57.31, 236.0
57.32, 236.0
57.33, 237.0
57.34, 237.0
57.35, 237.0
57.36, 238.0
57.37, 238.0
57.38, 239.0
57.39, 239.0
57.4, 240.0
57.41, 240.0
57.42, 240.0
57.43, 240.0
57.44, 241.0
57.45, 241.0
57.46, 241.0
57.47, 240.0
57.48, 240.0
57.49, 240.0
57.5, 240.0
57.51, 240.0
57.52, 240.0
57.53, 240.0
57.54, 240.0
57.55, 240.0
57.56, 240.0
57.57, 240.0
57.58, 240.0
57.59, 239.0
57.6, 239.0
57.61, 239.0
57.62, 240.0
57.63, 240.0
57.64, 240.0
57.65, 240.0
57.66, 240.0
57.67, 240.0
57.68, 240.0
57.69, 240.0
57.7, 241.0
57.71, 240.0
57.72, 240.0
57.73, 239.0
57.74, 239.0
57.75, 238.0
57.76, 238.0
57.77, 239.0
57.78, 239.0
57.79, 239.0
57.8, 239.0
57.81, 239.0
57.82, 238.0
57.83, 238.0
57.84, 238.0
57.85, 238.0
57.86, 238.0
57.87, 238.0
57.88, 237.0
57.89, 237.0
57.9, 237.0
57.91, 236.0
57.92, 236.0
57.93, 236.0
57.94, 236.0
57.95, 236.0
57.96, 235.0
57.97, 235.0
57.98, 235.0
57.99, 235.0
58.0, 234.0
58.01, 234.0
58.02, 234.0
58.03, 234.0
58.04, 234.0
58.05, 234.0
58.06, 234.0
58.07, 235.0
58.08, 235.0
58.09, 235.0
58.1, 235.0
58.11, 235.0
58.12, 235.0
58.13, 235.0
58.14, 235.0
58.15, 236.0
58.16, 235.0
58.17, 235.0
58.18, 235.0
58.19, 235.0
58.2, 235.0
58.21, 234.0
58.22, 234.0
58.23, 233.0
58.24, 233.0
58.25, 232.0
58.26, 233.0
58.27, 233.0
58.28, 233.0
58.29, 233.0
58.3, 233.0
58.31, 233.0
58.32, 233.0
58.33, 233.0
58.34, 233.0
58.35, 233.0
58.36, 233.0
58.37, 233.0
58.38, 233.0
58.39, 233.0
58.4, 233.0
58.41, 232.0
58.42, 232.0
58.43, 232.0
58.44, 232.0
58.45, 231.0
58.46, 232.0
58.47, 232.0
58.48, 232.0
58.49, 232.0
58.5, 232.0
58.51, 233.0
58.52, 233.0
58.53, 233.0
58.54, 233.0
58.55, 233.0
58.56, 234.0
58.57, 234.0
58.58, 234.0
58.59, 234.0
58.6, 234.0
58.61, 234.0
58.62, 234.0
58.63, 234.0
58.64, 234.0
58.65, 235.0
58.66, 235.0
58.67, 235.0
58.68, 235.0
58.69, 235.0
58.7, 235.0
58.71, 236.0
58.72, 236.0
58.73, 236.0
58.74, 236.0
58.75, 236.0
58.76, 236.0
58.77, 236.0
58.78, 236.0
58.79, 237.0
58.8, 237.0
58.81, 237.0
58.82, 236.0
58.83, 236.0
58.84, 236.0
58.85, 236.0
58.86, 236.0
58.87, 236.0
58.88, 236.0
58.89, 236.0
58.9, 236.0
58.91, 235.0
58.92, 235.0
58.93, 235.0
58.94, 235.0
58.95, 235.0
58.96, 235.0
58.97, 235.0
58.98, 234.0
58.99, 234.0
59.0, 234.0
59.01, 234.0
59.02, 234.0
59.03, 233.0
59.04, 233.0
59.05, 233.0
59.06, 233.0
59.07, 233.0
59.08, 233.0
59.09, 234.0
59.1, 234.0
59.11, 233.0
59.12, 233.0
59.13, 233.0
59.14, 233.0
59.15, 233.0
59.16, 232.0
59.17, 232.0
59.18, 231.0
59.19, 231.0
59.2, 230.0
59.21, 230.0
59.22, 230.0
59.23, 230.0
59.24, 229.0
59.25, 229.0
59.26, 229.0
59.27, 229.0
59.28, 229.0
59.29, 229.0
59.3, 229.0
59.31, 229.0
59.32, 229.0
59.33, 229.0
59.34, 229.0
59.35, 229.0
59.36, 229.0
59.37, 230.0
59.38, 230.0
59.39, 230.0
59.4, 231.0
59.41, 231.0
59.42, 231.0
59.43, 231.0
59.44, 231.0
59.45, 232.0
59.46, 232.0
59.47, 232.0
59.48, 233.0
59.49, 233.0
59.5, 234.0
59.51, 234.0
59.52, 234.0
59.53, 235.0
59.54, 235.0
59.55, 235.0
59.56, 235.0
59.57, 235.0
59.58, 235.0
59.59, 235.0
59.6, 234.0
59.61, 234.0
59.62, 234.0
59.63, 233.0
59.64, 233.0
59.65, 233.0
59.66, 233.0
59.67, 232.0
59.68, 232.0
59.69, 232.0
59.7, 232.0
59.71, 233.0
59.72, 234.0
59.73, 234.0
59.74, 235.0
59.75, 235.0
59.76, 236.0
59.77, 236.0
59.78, 237.0
59.79, 237.0
59.8, 237.0
59.81, 238.0
59.82, 239.0
59.83, 240.0
59.84, 241.0
59.85, 241.0
59.86, 242.0
59.87, 243.0
59.88, 244.0
59.89, 245.0
59.9, 246.0
59.91, 246.0
59.92, 247.0
59.93, 248.0
59.94, 249.0
59.95, 250.0
59.96, 251.0
59.97, 252.0
59.98, 253.0
59.99, 254.0
60.0, 256.0
60.01, 257.0
60.02, 258.0
60.03, 259.0
60.04, 260.0
60.05, 261.0
60.06, 262.0
60.07, 263.0
60.08, 265.0
60.09, 266.0
60.1, 267.0
60.11, 268.0
60.12, 268.0
60.13, 269.0
60.14, 270.0
60.15, 270.0
60.16, 270.0
60.17, 270.0
60.18, 269.0
60.19, 269.0
60.2, 269.0
60.21, 267.0
60.22, 266.0
60.23, 264.0
60.24, 263.0
60.25, 261.0
60.26, 260.0
60.27, 259.0
60.28, 258.0
60.29, 257.0
60.3, 256.0
60.31, 255.0
60.32, 254.0
60.33, 253.0
60.34, 253.0
60.35, 252.0
60.36, 251.0
60.37, 250.0
60.38, 250.0
60.39, 249.0
60.4, 248.0
60.41, 247.0
60.42, 247.0
60.43, 246.0
60.44, 245.0
60.45, 245.0
60.46, 244.0
60.47, 243.0
60.48, 242.0
60.49, 242.0
60.5, 241.0
60.51, 240.0
60.52, 238.0
60.53, 237.0
60.54, 236.0
60.55, 235.0
60.56, 234.0
60.57, 233.0
60.58, 233.0
60.59, 232.0
60.6, 232.0
60.61, 232.0
60.62, 232.0
60.63, 232.0
60.64, 232.0
60.65, 233.0
60.66, 233.0
60.67, 233.0
60.68, 233.0
60.69, 233.0
60.7, 233.0
60.71, 232.0
60.72, 232.0
60.73, 232.0
60.74, 231.0
60.75, 231.0
60.76, 231.0
60.77, 230.0
60.78, 230.0
60.79, 230.0
60.8, 230.0
60.81, 230.0
60.82, 230.0
60.83, 230.0
60.84, 231.0
60.85, 231.0
60.86, 231.0
60.87, 232.0
60.88, 232.0
60.89, 233.0
60.9, 233.0
60.91, 233.0
60.92, 233.0
60.93, 233.0
60.94, 233.0
60.95, 233.0
60.96, 233.0
60.97, 233.0
60.98, 234.0
60.99, 234.0
61.0, 234.0
61.01, 234.0
61.02, 233.0
61.03, 233.0
61.04, 232.0
61.05, 232.0
61.06, 232.0
61.07, 232.0
61.08, 232.0
61.09, 232.0
61.1, 232.0
61.11, 233.0
61.12, 233.0
61.13, 233.0
61.14, 233.0
61.15, 234.0
61.16, 233.0
61.17, 233.0
61.18, 233.0
61.19, 233.0
61.2, 233.0
61.21, 233.0
61.22, 233.0
61.23, 233.0
61.24, 233.0
61.25, 233.0
61.26, 233.0
61.27, 233.0
61.28, 233.0
61.29, 232.0
61.3, 232.0
61.31, 232.0
61.32, 231.0
61.33, 231.0
61.34, 230.0
61.35, 230.0
61.36, 229.0
61.37, 229.0
61.38, 228.0
61.39, 228.0
61.4, 227.0
61.41, 227.0
61.42, 227.0
61.43, 227.0
61.44, 227.0
61.45, 227.0
61.46, 227.0
61.47, 227.0
61.48, 228.0
61.49, 228.0
61.5, 228.0
61.51, 228.0
61.52, 228.0
61.53, 228.0
61.54, 228.0
61.55, 228.0
61.56, 229.0
61.57, 229.0
61.58, 230.0
61.59, 230.0
61.6, 231.0
61.61, 231.0
61.62, 231.0
61.63, 231.0
61.64, 231.0
61.65, 231.0
61.66, 230.0
61.67, 229.0
61.68, 229.0
61.69, 228.0
61.7, 227.0
61.71, 227.0
61.72, 226.0
61.73, 226.0
61.74, 226.0
61.75, 225.0
61.76, 225.0
61.77, 225.0
61.78, 224.0
61.79, 224.0
61.8, 224.0
61.81, 224.0
61.82, 224.0
61.83, 224.0
61.84, 224.0
61.85, 224.0
61.86, 225.0
61.87, 225.0
61.88, 226.0
61.89, 226.0
61.9, 226.0
61.91, 227.0
61.92, 227.0
61.93, 228.0
61.94, 228.0
61.95, 229.0
61.96, 229.0
61.97, 229.0
61.98, 229.0
61.99, 230.0
62.0, 230.0
62.01, 230.0
62.02, 229.0
62.03, 229.0
62.04, 229.0
62.05, 229.0
62.06, 229.0
62.07, 229.0
62.08, 229.0
62.09, 229.0
62.1, 229.0
62.11, 229.0
62.12, 229.0
62.13, 229.0
62.14, 229.0
62.15, 228.0
62.16, 228.0
62.17, 228.0
62.18, 228.0
62.19, 228.0
62.2, 228.0
62.21, 228.0
62.22, 229.0
62.23, 229.0
62.24, 230.0
62.25, 230.0
62.26, 230.0
62.27, 230.0
62.28, 231.0
62.29, 231.0
62.3, 231.0
62.31, 231.0
62.32, 230.0
62.33, 230.0
62.34, 230.0
62.35, 229.0
62.36, 230.0
62.37, 230.0
62.38, 230.0
62.39, 230.0
62.4, 231.0
62.41, 230.0
62.42, 230.0
62.43, 230.0
62.44, 230.0
62.45, 229.0
62.46, 229.0
62.47, 229.0
62.48, 228.0
62.49, 228.0
62.5, 228.0
62.51, 228.0
62.52, 228.0
62.53, 228.0
62.54, 229.0
62.55, 229.0
62.56, 229.0
62.57, 229.0
62.58, 229.0
62.59, 230.0
62.6, 230.0
62.61, 230.0
62.62, 230.0
62.63, 230.0
62.64, 230.0
62.65, 230.0
62.66, 230.0
62.67, 230.0
62.68, 230.0
62.69, 230.0
62.7, 230.0
62.71, 230.0
62.72, 230.0
62.73, 230.0
62.74, 229.0
62.75, 229.0
62.76, 229.0
62.77, 229.0
62.78, 229.0
62.79, 229.0
62.8, 229.0
62.81, 229.0
62.82, 229.0
62.83, 229.0
62.84, 229.0
62.85, 229.0
62.86, 229.0
62.87, 229.0
62.88, 229.0
62.89, 229.0
62.9, 229.0
62.91, 230.0
62.92, 230.0
62.93, 230.0
62.94, 230.0
62.95, 230.0
62.96, 231.0
62.97, 231.0
62.98, 231.0
62.99, 231.0
63.0, 231.0
63.01, 231.0
63.02, 230.0
63.03, 230.0
63.04, 230.0
63.05, 230.0
63.06, 230.0
63.07, 230.0
63.08, 230.0
63.09, 230.0
63.1, 230.0
63.11, 230.0
63.12, 229.0
63.13, 229.0
63.14, 229.0
63.15, 229.0
63.16, 229.0
63.17, 229.0
63.18, 229.0
63.19, 229.0
63.2, 230.0
63.21, 229.0
63.22, 229.0
63.23, 229.0
63.24, 229.0
63.25, 229.0
63.26, 229.0
63.27, 229.0
63.28, 229.0
63.29, 229.0
63.3, 229.0
63.31, 229.0
63.32, 229.0
63.33, 229.0
63.34, 229.0
63.35, 229.0
63.36, 229.0
63.37, 229.0
63.38, 229.0
63.39, 229.0
63.4, 229.0
63.41, 230.0
63.42, 230.0
63.43, 231.0
63.44, 232.0
63.45, 232.0
63.46, 233.0
63.47, 234.0
63.48, 235.0
63.49, 236.0
63.5, 237.0
63.51, 238.0
63.52, 239.0
63.53, 240.0
63.54, 241.0
63.55, 243.0
63.56, 243.0
63.57, 244.0
63.58, 244.0
63.59, 245.0
63.6, 246.0
63.61, 246.0
63.62, 247.0
63.63, 247.0
63.64, 248.0
63.65, 248.0
63.66, 249.0
63.67, 250.0
63.68, 251.0
63.69, 251.0
63.7, 252.0
63.71, 253.0
63.72, 254.0
63.73, 255.0
63.74, 256.0
63.75, 257.0
63.76, 258.0
63.77, 258.0
63.78, 258.0
63.79, 258.0
63.8, 259.0
63.81, 258.0
63.82, 258.0
63.83, 258.0
63.84, 258.0
63.85, 257.0
63.86, 257.0
63.87, 257.0
63.88, 257.0
63.89, 256.0
63.9, 256.0
63.91, 256.0
63.92, 255.0
63.93, 255.0
63.94, 254.0
63.95, 254.0
63.96, 253.0
63.97, 253.0
63.98, 253.0
63.99, 252.0
64.0, 252.0
64.01, 251.0
64.02, 251.0
64.03, 251.0
64.04, 251.0
64.05, 251.0
64.06, 251.0
64.07, 251.0
64.08, 250.0
64.09, 250.0
64.1, 250.0
64.11, 249.0
64.12, 248.0
64.13, 248.0
64.14, 247.0
64.15, 246.0
64.16, 245.0
64.17, 245.0
64.18, 244.0
64.19, 243.0
64.2, 243.0
64.21, 243.0
64.22, 242.0
64.23, 242.0
64.24, 242.0
64.25, 242.0
64.26, 241.0
64.27, 241.0
64.28, 240.0
64.29, 239.0
64.3, 239.0
64.31, 238.0
64.32, 237.0
64.33, 237.0
64.34, 236.0
64.35, 236.0
64.36, 235.0
64.37, 235.0
64.38, 235.0
64.39, 235.0
64.4, 235.0
64.41, 235.0
64.42, 234.0
64.43, 234.0
64.44, 234.0
64.45, 234.0
64.46, 233.0
64.47, 233.0
64.48, 232.0
64.49, 232.0
64.5, 231.0
64.51, 231.0
64.52, 230.0
64.53, 230.0
64.54, 229.0
64.55, 229.0
64.56, 228.0
64.57, 228.0
64.58, 228.0
64.59, 228.0
64.6, 227.0
64.61, 228.0
64.62, 228.0
64.63, 228.0
64.64, 228.0
64.65, 229.0
64.66, 229.0
64.67, 228.0
64.68, 228.0
64.69, 228.0
64.7, 228.0
64.71, 228.0
64.72, 228.0
64.73, 228.0
64.74, 228.0
64.75, 228.0
64.76, 228.0
64.77, 228.0
64.78, 228.0
64.79, 228.0
64.8, 228.0
64.81, 228.0
64.82, 228.0
64.83, 228.0
64.84, 229.0
64.85, 229.0
64.86, 229.0
64.87, 229.0
64.88, 229.0
64.89, 229.0
64.9, 229.0
64.91, 229.0
64.92, 228.0
64.93, 228.0
64.94, 228.0
64.95, 228.0
64.96, 227.0
64.97, 227.0
64.98, 227.0
64.99, 226.0
65.0, 226.0
65.01, 226.0
65.02, 226.0
65.03, 226.0
65.04, 226.0
65.05, 226.0
65.06, 226.0
65.07, 226.0
65.08, 226.0
65.09, 226.0
65.1, 226.0
65.11, 225.0
65.12, 225.0
65.13, 225.0
65.14, 224.0
65.15, 224.0
65.16, 223.0
65.17, 223.0
65.18, 222.0
65.19, 221.0
65.2, 221.0
65.21, 221.0
65.22, 221.0
65.23, 221.0
65.24, 221.0
65.25, 221.0
65.26, 221.0
65.27, 222.0
65.28, 222.0
65.29, 222.0
65.3, 223.0
65.31, 223.0
65.32, 223.0
65.33, 224.0
65.34, 224.0
65.35, 224.0
65.36, 224.0
65.37, 225.0
65.38, 225.0
65.39, 225.0
65.4, 225.0
65.41, 224.0
65.42, 224.0
65.43, 223.0
65.44, 223.0
65.45, 222.0
65.46, 222.0
65.47, 222.0
65.48, 223.0
65.49, 223.0
65.5, 223.0
65.51, 223.0
65.52, 224.0
65.53, 224.0
65.54, 224.0
65.55, 225.0
65.56, 225.0
65.57, 226.0
65.58, 227.0
65.59, 227.0
65.6, 228.0
65.61, 227.0
65.62, 227.0
65.63, 227.0
65.64, 226.0
65.65, 226.0
65.66, 225.0
65.67, 225.0
65.68, 225.0
65.69, 224.0
65.7, 224.0
65.71, 224.0
65.72, 224.0
65.73, 224.0
65.74, 223.0
65.75, 223.0
65.76, 223.0
65.77, 223.0
65.78, 223.0
65.79, 223.0
65.8, 223.0
65.81, 223.0
65.82, 222.0
65.83, 222.0
65.84, 222.0
65.85, 222.0
65.86, 222.0
65.87, 222.0
65.88, 223.0
65.89, 223.0
65.9, 223.0
65.91, 224.0
65.92, 224.0
65.93, 224.0
65.94, 225.0
65.95, 225.0
65.96, 225.0
65.97, 225.0
65.98, 225.0
65.99, 225.0
66.0, 225.0
66.01, 224.0
66.02, 224.0
66.03, 224.0
66.04, 224.0
66.05, 224.0
66.06, 224.0
66.07, 224.0
66.08, 224.0
66.09, 224.0
66.1, 224.0
66.11, 224.0
66.12, 225.0
66.13, 225.0
66.14, 225.0
66.15, 225.0
66.16, 226.0
66.17, 226.0
66.18, 226.0
66.19, 226.0
66.2, 226.0
66.21, 226.0
66.22, 227.0
66.23, 227.0
66.24, 227.0
66.25, 227.0
66.26, 228.0
66.27, 228.0
66.28, 229.0
66.29, 229.0
66.3, 230.0
66.31, 229.0
66.32, 229.0
66.33, 229.0
66.34, 229.0
66.35, 229.0
66.36, 229.0
66.37, 228.0
66.38, 228.0
66.39, 227.0
66.4, 226.0
66.41, 226.0
66.42, 225.0
66.43, 225.0
66.44, 224.0
66.45, 224.0
66.46, 224.0
66.47, 224.0
66.48, 223.0
66.49, 223.0
66.5, 223.0
66.51, 223.0
66.52, 223.0
66.53, 223.0
66.54, 223.0
66.55, 223.0
66.56, 223.0
66.57, 223.0
66.58, 223.0
66.59, 223.0
66.6, 224.0
66.61, 224.0
66.62, 224.0
66.63, 224.0
66.64, 224.0
66.65, 224.0
66.66, 224.0
66.67, 224.0
66.68, 224.0
66.69, 224.0
66.7, 224.0
66.71, 224.0
66.72, 224.0
66.73, 224.0
66.74, 224.0
66.75, 224.0
66.76, 224.0
66.77, 224.0
66.78, 225.0
66.79, 225.0
66.8, 225.0
66.81, 225.0
66.82, 225.0
66.83, 225.0
66.84, 225.0
66.85, 225.0
66.86, 225.0
66.87, 225.0
66.88, 225.0
66.89, 225.0
66.9, 226.0
66.91, 225.0
66.92, 225.0
66.93, 225.0
66.94, 225.0
66.95, 225.0
66.96, 225.0
66.97, 226.0
66.98, 226.0
66.99, 226.0
67.0, 226.0
67.01, 226.0
67.02, 227.0
67.03, 227.0
67.04, 227.0
67.05, 228.0
67.06, 228.0
67.07, 228.0
67.08, 228.0
67.09, 229.0
67.1, 229.0
67.11, 229.0
67.12, 229.0
67.13, 228.0
67.14, 228.0
67.15, 228.0
67.16, 228.0
67.17, 228.0
67.18, 228.0
67.19, 228.0
67.2, 228.0
67.21, 228.0
67.22, 228.0
67.23, 229.0
67.24, 229.0
67.25, 230.0
67.26, 230.0
67.27, 231.0
67.28, 231.0
67.29, 231.0
67.3, 232.0
67.31, 232.0
67.32, 233.0
67.33, 234.0
67.34, 235.0
67.35, 235.0
67.36, 236.0
67.37, 236.0
67.38, 236.0
67.39, 236.0
67.4, 237.0
67.41, 237.0
67.42, 237.0
67.43, 237.0
67.44, 238.0
67.45, 238.0
67.46, 238.0
67.47, 239.0
67.48, 239.0
67.49, 239.0
67.5, 240.0
67.51, 241.0
67.52, 241.0
67.53, 242.0
67.54, 243.0
67.55, 243.0
67.56, 244.0
67.57, 245.0
67.58, 245.0
67.59, 246.0
67.6, 247.0
67.61, 247.0
67.62, 248.0
67.63, 248.0
67.64, 248.0
67.65, 249.0
67.66, 249.0
67.67, 249.0
67.68, 249.0
67.69, 249.0
67.7, 249.0
67.71, 249.0
67.72, 248.0
67.73, 248.0
67.74, 248.0
67.75, 248.0
67.76, 247.0
67.77, 247.0
67.78, 246.0
67.79, 246.0
67.8, 245.0
67.81, 244.0
67.82, 243.0
67.83, 243.0
67.84, 242.0
67.85, 241.0
67.86, 240.0
67.87, 239.0
67.88, 239.0
67.89, 238.0
67.9, 237.0
67.91, 236.0
67.92, 235.0
67.93, 235.0
67.94, 234.0
67.95, 233.0
67.96, 233.0
67.97, 232.0
67.98, 232.0
67.99, 232.0
68.0, 231.0
68.01, 231.0
68.02, 231.0
68.03, 230.0
68.04, 230.0
68.05, 230.0
68.06, 230.0
68.07, 230.0
68.08, 230.0
68.09, 230.0
68.1, 230.0
68.11, 230.0
68.12, 230.0
68.13, 230.0
68.14, 229.0
68.15, 229.0
68.16, 229.0
68.17, 229.0
68.18, 230.0
68.19, 230.0
68.2, 230.0
68.21, 230.0
68.22, 230.0
68.23, 230.0
68.24, 230.0
68.25, 230.0
68.26, 230.0
68.27, 230.0
68.28, 231.0
68.29, 231.0
68.3, 231.0
68.31, 232.0
68.32, 233.0
68.33, 234.0
68.34, 235.0
68.35, 236.0
68.36, 237.0
68.37, 238.0
68.38, 239.0
68.39, 240.0
68.4, 241.0
68.41, 242.0
68.42, 243.0
68.43, 244.0
68.44, 244.0
68.45, 245.0
68.46, 246.0
68.47, 247.0
68.48, 248.0
68.49, 249.0
68.5, 250.0
68.51, 252.0
68.52, 253.0
68.53, 255.0
68.54, 256.0
68.55, 257.0
68.56, 258.0
68.57, 260.0
68.58, 261.0
68.59, 262.0
68.6, 263.0
68.61, 263.0
68.62, 263.0
68.63, 263.0
68.64, 263.0
68.65, 263.0
68.66, 263.0
68.67, 262.0
68.68, 262.0
68.69, 262.0
68.7, 261.0
68.71, 261.0
68.72, 260.0
68.73, 260.0
68.74, 259.0
68.75, 259.0
68.76, 258.0
68.77, 258.0
68.78, 257.0
68.79, 257.0
68.8, 256.0
68.81, 255.0
68.82, 254.0
68.83, 253.0
68.84, 252.0
68.85, 251.0
68.86, 250.0
68.87, 249.0
68.88, 248.0
68.89, 247.0
68.9, 246.0
68.91, 245.0
68.92, 244.0
68.93, 242.0
68.94, 241.0
68.95, 240.0
68.96, 239.0
68.97, 238.0
68.98, 238.0
68.99, 237.0
69.0, 236.0
69.01, 235.0
69.02, 235.0
69.03, 234.0
69.04, 234.0
69.05, 233.0
69.06, 232.0
69.07, 232.0
69.08, 231.0
69.09, 231.0
69.1, 230.0
69.11, 229.0
69.12, 229.0
69.13, 228.0
69.14, 227.0
69.15, 226.0
69.16, 226.0
69.17, 225.0
69.18, 225.0
69.19, 224.0
69.2, 224.0
69.21, 224.0
69.22, 223.0
69.23, 223.0
69.24, 222.0
69.25, 222.0
69.26, 222.0
69.27, 222.0
69.28, 222.0
69.29, 222.0
69.3, 222.0
69.31, 222.0
69.32, 222.0
69.33, 223.0
69.34, 223.0
69.35, 224.0
69.36, 224.0
69.37, 224.0
69.38, 224.0
69.39, 224.0
69.4, 224.0
69.41, 224.0
69.42, 224.0
69.43, 224.0
69.44, 224.0
69.45, 225.0
69.46, 224.0
69.47, 224.0
69.48, 224.0
69.49, 223.0
69.5, 223.0
69.51, 223.0
69.52, 223.0
69.53, 223.0
69.54, 222.0
69.55, 222.0
69.56, 222.0
69.57, 222.0
69.58, 222.0
69.59, 222.0
69.6, 222.0
69.61, 222.0
69.62, 222.0
69.63, 222.0
69.64, 221.0
69.65, 221.0
69.66, 221.0
69.67, 221.0
69.68, 221.0
69.69, 221.0
69.7, 220.0
69.71, 220.0
69.72, 220.0
69.73, 220.0
69.74, 220.0
69.75, 220.0
69.76, 220.0
69.77, 220.0
69.78, 220.0
69.79, 220.0
69.8, 220.0
69.81, 220.0
69.82, 220.0
69.83, 220.0
69.84, 220.0
69.85, 221.0
69.86, 220.0
69.87, 220.0
69.88, 220.0
69.89, 219.0
69.9, 219.0
69.91, 219.0
69.92, 219.0
69.93, 219.0
69.94, 219.0
69.95, 218.0
69.96, 219.0
69.97, 219.0
69.98, 219.0
69.99, 219.0
70.0, 219.0
70.01, 219.0
70.02, 219.0
70.03, 219.0
70.04, 219.0
70.05, 219.0
70.06, 219.0
70.07, 219.0
70.08, 219.0
70.09, 219.0
70.1, 220.0
70.11, 220.0
70.12, 220.0
70.13, 221.0
70.14, 221.0
70.15, 222.0
70.16, 222.0
70.17, 221.0
70.18, 221.0
70.19, 221.0
70.2, 221.0
70.21, 221.0
70.22, 220.0
70.23, 220.0
70.24, 219.0
70.25, 219.0
70.26, 219.0
70.27, 219.0
70.28, 219.0
70.29, 219.0
70.3, 219.0
70.31, 219.0
70.32, 219.0
70.33, 219.0
70.34, 219.0
70.35, 218.0
70.36, 218.0
70.37, 218.0
70.38, 218.0
70.39, 217.0
70.4, 217.0
70.41, 218.0
70.42, 218.0
70.43, 218.0
70.44, 219.0
70.45, 219.0
70.46, 219.0
70.47, 220.0
70.48, 220.0
70.49, 221.0
70.5, 221.0
70.51, 221.0
70.52, 221.0
70.53, 221.0
70.54, 221.0
70.55, 221.0
70.56, 221.0
70.57, 221.0
70.58, 221.0
70.59, 221.0
70.6, 221.0
70.61, 221.0
70.62, 221.0
70.63, 221.0
70.64, 221.0
70.65, 221.0
70.66, 221.0
70.67, 221.0
70.68, 221.0
70.69, 221.0
70.7, 221.0
70.71, 221.0
70.72, 220.0
70.73, 220.0
70.74, 220.0
70.75, 220.0
70.76, 220.0
70.77, 220.0
70.78, 220.0
70.79, 219.0
70.8, 219.0
70.81, 219.0
70.82, 219.0
70.83, 219.0
70.84, 219.0
70.85, 219.0
70.86, 219.0
70.87, 219.0
70.88, 219.0
70.89, 219.0
70.9, 220.0
70.91, 220.0
70.92, 220.0
70.93, 220.0
70.94, 220.0
70.95, 220.0
70.96, 220.0
70.97, 220.0
70.98, 220.0
70.99, 221.0
71.0, 221.0
71.01, 221.0
71.02, 222.0
71.03, 222.0
71.04, 223.0
71.05, 223.0
71.06, 223.0
71.07, 223.0
71.08, 222.0
71.09, 222.0
71.1, 222.0
71.11, 222.0
71.12, 221.0
71.13, 221.0
71.14, 220.0
71.15, 220.0
71.16, 220.0
71.17, 220.0
71.18, 219.0
71.19, 219.0
71.2, 219.0
71.21, 219.0
71.22, 219.0
71.23, 219.0
71.24, 219.0
71.25, 219.0
71.26, 219.0
71.27, 220.0
71.28, 220.0
71.29, 220.0
71.3, 221.0
71.31, 221.0
71.32, 221.0
71.33, 222.0
71.34, 222.0
71.35, 222.0
71.36, 222.0
71.37, 222.0
71.38, 221.0
71.39, 221.0
71.4, 221.0
71.41, 221.0
71.42, 221.0
71.43, 221.0
71.44, 221.0
71.45, 222.0
71.46, 222.0
71.47, 222.0
71.48, 222.0
71.49, 222.0
71.5, 221.0
71.51, 222.0
71.52, 222.0
71.53, 222.0
71.54, 222.0
71.55, 222.0
71.56, 222.0
71.57, 222.0
71.58, 222.0
71.59, 222.0
71.6, 222.0
71.61, 222.0
71.62, 221.0
71.63, 221.0
71.64, 221.0
71.65, 220.0
71.66, 220.0
71.67, 219.0
71.68, 219.0
71.69, 219.0
71.7, 218.0
71.71, 219.0
71.72, 219.0
71.73, 220.0
71.74, 220.0
71.75, 221.0
71.76, 221.0
71.77, 221.0
71.78, 221.0
71.79, 221.0
71.8, 221.0
71.81, 221.0
71.82, 221.0
71.83, 221.0
71.84, 221.0
71.85, 221.0
71.86, 220.0
71.87, 220.0
71.88, 219.0
71.89, 219.0
71.9, 219.0
71.91, 219.0
71.92, 219.0
71.93, 219.0
71.94, 219.0
71.95, 219.0
71.96, 219.0
71.97, 218.0
71.98, 218.0
71.99, 218.0
72.0, 217.0
72.01, 218.0
72.02, 218.0
72.03, 218.0
72.04, 218.0
72.05, 218.0
72.06, 218.0
72.07, 219.0
72.08, 219.0
72.09, 220.0
72.1, 220.0
72.11, 220.0
72.12, 220.0
72.13, 220.0
72.14, 220.0
72.15, 220.0
72.16, 220.0
72.17, 220.0
72.18, 220.0
72.19, 220.0
72.2, 220.0
72.21, 220.0
72.22, 220.0
72.23, 220.0
72.24, 220.0
72.25, 220.0
72.26, 220.0
72.27, 220.0
72.28, 220.0
72.29, 220.0
72.3, 220.0
72.31, 220.0
72.32, 220.0
72.33, 220.0
72.34, 220.0
72.35, 219.0
72.36, 219.0
72.37, 219.0
72.38, 218.0
72.39, 218.0
72.4, 218.0
72.41, 218.0
72.42, 218.0
72.43, 218.0
72.44, 218.0
72.45, 217.0
72.46, 217.0
72.47, 217.0
72.48, 217.0
72.49, 217.0
72.5, 217.0
72.51, 217.0
72.52, 217.0
72.53, 217.0
72.54, 217.0
72.55, 217.0
72.56, 217.0
72.57, 217.0
72.58, 217.0
72.59, 217.0
72.6, 216.0
72.61, 216.0
72.62, 216.0
72.63, 216.0
72.64, 216.0
72.65, 216.0
72.66, 216.0
72.67, 216.0
72.68, 217.0
72.69, 217.0
72.7, 217.0
72.71, 217.0
72.72, 218.0
72.73, 218.0
72.74, 218.0
72.75, 218.0
72.76, 219.0
72.77, 219.0
72.78, 219.0
72.79, 220.0
72.8, 220.0
72.81, 220.0
72.82, 219.0
72.83, 219.0
72.84, 219.0
72.85, 219.0
72.86, 218.0
72.87, 218.0
72.88, 218.0
72.89, 218.0
72.9, 218.0
72.91, 218.0
72.92, 218.0
72.93, 218.0
72.94, 218.0
72.95, 218.0
72.96, 218.0
72.97, 218.0
72.98, 218.0
72.99, 218.0
73.0, 218.0
73.01, 218.0
73.02, 218.0
73.03, 218.0
73.04, 218.0
73.05, 218.0
73.06, 219.0
73.07, 219.0
73.08, 220.0
73.09, 220.0
73.1, 221.0
73.11, 222.0
73.12, 223.0
73.13, 224.0
73.14, 225.0
73.15, 226.0
73.16, 227.0
73.17, 228.0
73.18, 229.0
73.19, 230.0
73.2, 231.0
73.21, 232.0
73.22, 233.0
73.23, 233.0
73.24, 234.0
73.25, 235.0
73.26, 236.0
73.27, 237.0
73.28, 238.0
73.29, 239.0
73.3, 240.0
73.31, 241.0
73.32, 242.0
73.33, 243.0
73.34, 244.0
73.35, 245.0
73.36, 246.0
73.37, 247.0
73.38, 248.0
73.39, 249.0
73.4, 250.0
73.41, 251.0
73.42, 251.0
73.43, 252.0
73.44, 253.0
73.45, 254.0
73.46, 254.0
73.47, 254.0
73.48, 255.0
73.49, 255.0
73.5, 255.0
73.51, 255.0
73.52, 255.0
73.53, 255.0
73.54, 254.0
73.55, 254.0
73.56, 253.0
73.57, 252.0
73.58, 250.0
73.59, 249.0
73.6, 248.0
73.61, 247.0
73.62, 246.0
73.63, 245.0
73.64, 243.0
73.65, 242.0
73.66, 241.0
73.67, 240.0
73.68, 239.0
73.69, 238.0
73.7, 237.0
73.71, 237.0
73.72, 236.0
73.73, 235.0
73.74, 234.0
73.75, 233.0
73.76, 232.0
73.77, 232.0
73.78, 231.0
73.79, 230.0
73.8, 229.0
73.81, 228.0
73.82, 227.0
73.83, 226.0
73.84, 225.0
73.85, 224.0
73.86, 224.0
73.87, 224.0
73.88, 224.0
73.89, 224.0
73.9, 223.0
73.91, 223.0
73.92, 223.0
73.93, 223.0
73.94, 223.0
73.95, 223.0
73.96, 223.0
73.97, 223.0
73.98, 223.0
73.99, 223.0
74.0, 223.0
74.01, 223.0
74.02, 222.0
74.03, 222.0
74.04, 222.0
74.05, 221.0
74.06, 221.0
74.07, 220.0
74.08, 220.0
74.09, 219.0
74.1, 219.0
74.11, 219.0
74.12, 218.0
74.13, 218.0
74.14, 218.0
74.15, 218.0
74.16, 218.0
74.17, 218.0
74.18, 218.0
74.19, 218.0
74.2, 218.0
74.21, 218.0
74.22, 218.0
74.23, 218.0
74.24, 219.0
74.25, 219.0
74.26, 219.0
74.27, 219.0
74.28, 219.0
74.29, 219.0
74.3, 219.0
74.31, 219.0
74.32, 219.0
74.33, 218.0
74.34, 218.0
74.35, 218.0
74.36, 218.0
74.37, 217.0
74.38, 217.0
74.39, 217.0
74.4, 217.0
74.41, 217.0
74.42, 216.0
74.43, 216.0
74.44, 216.0
74.45, 216.0
74.46, 216.0
74.47, 216.0
74.48, 216.0
74.49, 216.0
74.5, 216.0
74.51, 216.0
74.52, 216.0
74.53, 217.0
74.54, 217.0
74.55, 217.0
74.56, 217.0
74.57, 218.0
74.58, 218.0
74.59, 218.0
74.6, 218.0
74.61, 218.0
74.62, 218.0
74.63, 218.0
74.64, 217.0
74.65, 217.0
74.66, 217.0
74.67, 217.0
74.68, 217.0
74.69, 217.0
74.7, 217.0
74.71, 217.0
74.72, 217.0
74.73, 218.0
74.74, 218.0
74.75, 218.0
74.76, 218.0
74.77, 218.0
74.78, 219.0
74.79, 219.0
74.8, 219.0
74.81, 219.0
74.82, 218.0
74.83, 218.0
74.84, 218.0
74.85, 217.0
74.86, 217.0
74.87, 217.0
74.88, 218.0
74.89, 218.0
74.9, 218.0
74.91, 218.0
74.92, 218.0
74.93, 218.0
74.94, 219.0
74.95, 219.0
74.96, 219.0
74.97, 219.0
74.98, 219.0
74.99, 219.0
75.0, 219.0
75.01, 218.0
75.02, 218.0
75.03, 218.0
75.04, 217.0
75.05, 217.0
75.06, 217.0
75.07, 217.0
75.08, 217.0
75.09, 216.0
75.1, 216.0
75.11, 216.0
75.12, 216.0
75.13, 215.0
75.14, 215.0
75.15, 215.0
75.16, 215.0
75.17, 215.0
75.18, 216.0
75.19, 216.0
75.2, 216.0
75.21, 216.0
75.22, 216.0
75.23, 216.0
75.24, 215.0
75.25, 215.0
75.26, 215.0
75.27, 215.0
75.28, 215.0
75.29, 215.0
75.3, 215.0
75.31, 216.0
75.32, 216.0
75.33, 216.0
75.34, 216.0
75.35, 216.0
75.36, 216.0
75.37, 216.0
75.38, 216.0
75.39, 216.0
75.4, 216.0
75.41, 216.0
75.42, 216.0
75.43, 216.0
75.44, 216.0
75.45, 217.0
75.46, 217.0
75.47, 217.0
75.48, 217.0
75.49, 217.0
75.5, 217.0
75.51, 217.0
75.52, 217.0
75.53, 217.0
75.54, 217.0
75.55, 217.0
75.56, 217.0
75.57, 217.0
75.58, 217.0
75.59, 217.0
75.6, 217.0
75.61, 217.0
75.62, 217.0
75.63, 217.0
75.64, 217.0
75.65, 217.0
75.66, 217.0
75.67, 217.0
75.68, 217.0
75.69, 217.0
75.7, 217.0
75.71, 217.0
75.72, 217.0
75.73, 217.0
75.74, 217.0
75.75, 217.0
75.76, 217.0
75.77, 218.0
75.78, 218.0
75.79, 219.0
75.8, 219.0
75.81, 219.0
75.82, 219.0
75.83, 219.0
75.84, 219.0
75.85, 219.0
75.86, 219.0
75.87, 219.0
75.88, 219.0
75.89, 219.0
75.9, 219.0
75.91, 220.0
75.92, 220.0
75.93, 220.0
75.94, 221.0
75.95, 221.0
75.96, 221.0
75.97, 221.0
75.98, 221.0
75.99, 221.0
76.0, 221.0
76.01, 221.0
76.02, 221.0
76.03, 221.0
76.04, 221.0
76.05, 221.0
76.06, 221.0
76.07, 222.0
76.08, 222.0
76.09, 222.0
76.1, 223.0
76.11, 223.0
76.12, 224.0
76.13, 225.0
76.14, 225.0
76.15, 226.0
76.16, 226.0
76.17, 227.0
76.18, 228.0
76.19, 228.0
76.2, 229.0
76.21, 229.0
76.22, 230.0
76.23, 231.0
76.24, 231.0
76.25, 232.0
76.26, 233.0
76.27, 234.0
76.28, 235.0
76.29, 236.0
76.3, 237.0
76.31, 238.0
76.32, 239.0
76.33, 240.0
76.34, 242.0
76.35, 243.0
76.36, 243.0
76.37, 244.0
76.38, 245.0
76.39, 245.0
76.4, 246.0
76.41, 246.0
76.42, 247.0
76.43, 247.0
76.44, 248.0
76.45, 248.0
76.46, 249.0
76.47, 249.0
76.48, 249.0
76.49, 249.0
76.5, 249.0
76.51, 250.0
76.52, 250.0
76.53, 251.0
76.54, 251.0
76.55, 252.0
76.56, 251.0
76.57, 251.0
76.58, 251.0
76.59, 251.0
76.6, 251.0
76.61, 249.0
76.62, 248.0
76.63, 247.0
76.64, 246.0
76.65, 245.0
76.66, 244.0
76.67, 243.0
76.68, 242.0
76.69, 240.0
76.7, 239.0
76.71, 239.0
76.72, 238.0
76.73, 237.0
76.74, 237.0
76.75, 236.0
76.76, 236.0
76.77, 235.0
76.78, 234.0
76.79, 234.0
76.8, 233.0
76.81, 232.0
76.82, 231.0
76.83, 231.0
76.84, 230.0
76.85, 229.0
76.86, 228.0
76.87, 227.0
76.88, 227.0
76.89, 226.0
76.9, 225.0
76.91, 225.0
76.92, 224.0
76.93, 224.0
76.94, 223.0
76.95, 223.0
76.96, 222.0
76.97, 222.0
76.98, 222.0
76.99, 221.0
77.0, 221.0
77.01, 220.0
77.02, 220.0
77.03, 219.0
77.04, 219.0
77.05, 218.0
77.06, 218.0
77.07, 218.0
77.08, 217.0
77.09, 217.0
77.1, 217.0
77.11, 216.0
77.12, 216.0
77.13, 216.0
77.14, 216.0
77.15, 216.0
77.16, 216.0
77.17, 216.0
77.18, 216.0
77.19, 216.0
77.2, 216.0
77.21, 216.0
77.22, 216.0
77.23, 216.0
77.24, 216.0
77.25, 216.0
77.26, 216.0
77.27, 216.0
77.28, 216.0
77.29, 216.0
77.3, 215.0
77.31, 215.0
77.32, 216.0
77.33, 216.0
77.34, 216.0
77.35, 216.0
77.36, 215.0
77.37, 215.0
77.38, 214.0
77.39, 214.0
77.4, 213.0
77.41, 213.0
77.42, 213.0
77.43, 213.0
77.44, 213.0
77.45, 213.0
77.46, 213.0
77.47, 213.0
77.48, 213.0
77.49, 213.0
77.5, 213.0
77.51, 213.0
77.52, 213.0
77.53, 213.0
77.54, 213.0
77.55, 213.0
77.56, 213.0
77.57, 213.0
77.58, 213.0
77.59, 213.0
77.6, 213.0
77.61, 213.0
77.62, 213.0
77.63, 214.0
77.64, 214.0
77.65, 214.0
77.66, 214.0
77.67, 214.0
77.68, 215.0
77.69, 215.0
77.7, 215.0
77.71, 215.0
77.72, 215.0
77.73, 215.0
77.74, 216.0
77.75, 216.0
77.76, 215.0
77.77, 215.0
77.78, 214.0
77.79, 214.0
77.8, 214.0
77.81, 213.0
77.82, 213.0
77.83, 213.0
77.84, 213.0
77.85, 213.0
77.86, 213.0
77.87, 212.0
77.88, 212.0
77.89, 212.0
77.9, 211.0
77.91, 211.0
77.92, 211.0
77.93, 211.0
77.94, 211.0
77.95, 212.0
77.96, 212.0
77.97, 212.0
77.98, 212.0
77.99, 212.0
78.0, 213.0
78.01, 213.0
78.02, 213.0
78.03, 213.0
78.04, 212.0
78.05, 212.0
78.06, 212.0
78.07, 212.0
78.08, 212.0
78.09, 212.0
78.1, 212.0
78.11, 212.0
78.12, 212.0
78.13, 212.0
78.14, 212.0
78.15, 212.0
78.16, 212.0
78.17, 212.0
78.18, 212.0
78.19, 213.0
78.2, 213.0
78.21, 213.0
78.22, 213.0
78.23, 213.0
78.24, 213.0
78.25, 213.0
78.26, 213.0
78.27, 213.0
78.28, 213.0
78.29, 213.0
78.3, 213.0
78.31, 213.0
78.32, 214.0
78.33, 214.0
78.34, 214.0
78.35, 214.0
78.36, 214.0
78.37, 215.0
78.38, 215.0
78.39, 215.0
78.4, 216.0
78.41, 215.0
78.42, 215.0
78.43, 215.0
78.44, 215.0
78.45, 215.0
78.46, 215.0
78.47, 215.0
78.48, 215.0
78.49, 215.0
78.5, 215.0
78.51, 215.0
78.52, 215.0
78.53, 215.0
78.54, 215.0
78.55, 214.0
78.56, 214.0
78.57, 214.0
78.58, 214.0
78.59, 214.0
78.6, 214.0
78.61, 214.0
78.62, 214.0
78.63, 215.0
78.64, 215.0
78.65, 215.0
78.66, 215.0
78.67, 216.0
78.68, 216.0
78.69, 216.0
78.7, 216.0
78.71, 216.0
78.72, 216.0
78.73, 215.0
78.74, 215.0
78.75, 215.0
78.76, 215.0
78.77, 215.0
78.78, 215.0
78.79, 215.0
78.8, 214.0
78.81, 215.0
78.82, 215.0
78.83, 216.0
78.84, 216.0
78.85, 217.0
78.86, 217.0
78.87, 217.0
78.88, 217.0
78.89, 217.0
78.9, 218.0
78.91, 217.0
78.92, 217.0
78.93, 217.0
78.94, 217.0
78.95, 217.0
78.96, 217.0
78.97, 216.0
78.98, 216.0
78.99, 216.0
79.0, 216.0
79.01, 216.0
79.02, 217.0
79.03, 217.0
79.04, 217.0
79.05, 217.0
79.06, 217.0
79.07, 217.0
79.08, 217.0
79.09, 217.0
79.1, 217.0
79.11, 217.0
79.12, 216.0
79.13, 216.0
79.14, 216.0
79.15, 215.0
79.16, 215.0
79.17, 215.0
79.18, 215.0
79.19, 215.0
79.2, 215.0
79.21, 215.0
79.22, 215.0
79.23, 214.0
79.24, 214.0
79.25, 214.0
79.26, 214.0
79.27, 214.0
79.28, 213.0
79.29, 213.0
79.3, 213.0
79.31, 213.0
79.32, 213.0
79.33, 214.0
79.34, 214.0
79.35, 214.0
79.36, 214.0
79.37, 214.0
79.38, 215.0
79.39, 215.0
79.4, 215.0
79.41, 215.0
79.42, 215.0
79.43, 214.0
79.44, 214.0
79.45, 214.0
79.46, 214.0
79.47, 214.0
79.48, 214.0
79.49, 214.0
79.5, 214.0
79.51, 214.0
79.52, 214.0
79.53, 214.0
79.54, 214.0
79.55, 214.0
79.56, 214.0
79.57, 214.0
79.58, 213.0
79.59, 213.0
79.6, 213.0
79.61, 214.0
79.62, 214.0
79.63, 214.0
79.64, 215.0
79.65, 215.0
79.66, 215.0
79.67, 216.0
79.68, 216.0
79.69, 217.0
79.7, 217.0
79.71, 217.0
79.72, 217.0
79.73, 217.0
79.74, 217.0
79.75, 216.0
79.76, 216.0
79.77, 216.0
79.78, 216.0
79.79, 215.0
79.8, 215.0
79.81, 215.0
79.82, 215.0
79.83, 216.0
79.84, 216.0
79.85, 216.0
79.86, 216.0
79.87, 216.0
79.88, 216.0
79.89, 216.0
79.9, 215.0
79.91, 215.0
79.92, 215.0
79.93, 214.0
79.94, 214.0
79.95, 214.0
79.96, 214.0
79.97, 214.0
79.98, 214.0
79.99, 214.0
80.0, 214.0
80.01, 214.0
80.02, 215.0
80.03, 215.0
80.04, 215.0
80.05, 215.0
80.06, 215.0
80.07, 215.0
80.08, 215.0
80.09, 215.0
80.1, 215.0
80.11, 215.0
80.12, 215.0
80.13, 215.0
80.14, 215.0
80.15, 215.0
80.16, 215.0
80.17, 215.0
80.18, 215.0
80.19, 215.0
80.2, 214.0
80.21, 215.0
80.22, 215.0
80.23, 215.0
80.24, 215.0
80.25, 216.0
80.26, 216.0
80.27, 216.0
80.28, 216.0
80.29, 216.0
80.3, 216.0
80.31, 215.0
80.32, 215.0
80.33, 215.0
80.34, 214.0
80.35, 214.0
80.36, 214.0
80.37, 214.0
80.38, 214.0
80.39, 214.0
80.4, 214.0
80.41, 214.0
80.42, 214.0
80.43, 214.0
80.44, 214.0
80.45, 214.0
80.46, 214.0
80.47, 214.0
80.48, 214.0
80.49, 214.0
80.5, 214.0
80.51, 214.0
80.52, 214.0
80.53, 214.0
80.54, 214.0
80.55, 214.0
80.56, 214.0
80.57, 214.0
80.58, 214.0
80.59, 214.0
80.6, 214.0
80.61, 214.0
80.62, 214.0
80.63, 214.0
80.64, 214.0
80.65, 214.0
80.66, 214.0
80.67, 214.0
80.68, 214.0
80.69, 214.0
80.7, 214.0
80.71, 215.0
80.72, 215.0
80.73, 215.0
80.74, 215.0
80.75, 215.0
80.76, 215.0
80.77, 216.0
80.78, 216.0
80.79, 216.0
80.8, 216.0
80.81, 216.0
80.82, 216.0
80.83, 217.0
80.84, 217.0
80.85, 217.0
80.86, 217.0
80.87, 218.0
80.88, 218.0
80.89, 218.0
80.9, 218.0
80.91, 219.0
80.92, 219.0
80.93, 220.0
80.94, 220.0
80.95, 221.0
80.96, 221.0
80.97, 222.0
80.98, 222.0
80.99, 223.0
81.0, 223.0
81.01, 224.0
81.02, 225.0
81.03, 226.0
81.04, 227.0
81.05, 227.0
81.06, 229.0
81.07, 230.0
81.08, 231.0
81.09, 233.0
81.1, 234.0
81.11, 236.0
81.12, 238.0
81.13, 240.0
81.14, 242.0
81.15, 244.0
81.16, 246.0
81.17, 249.0
81.18, 252.0
81.19, 254.0
81.2, 257.0
81.21, 260.0
81.22, 263.0
81.23, 266.0
81.24, 269.0
81.25, 271.0
81.26, 274.0
81.27, 277.0
81.28, 279.0
81.29, 282.0
81.3, 285.0
81.31, 287.0
81.32, 289.0
81.33, 291.0
81.34, 293.0
81.35, 295.0
81.36, 296.0
81.37, 298.0
81.38, 299.0
81.39, 301.0
81.4, 302.0
81.41, 302.0
81.42, 302.0
81.43, 302.0
81.44, 301.0
81.45, 301.0
81.46, 300.0
81.47, 299.0
81.48, 299.0
81.49, 298.0
81.5, 297.0
81.51, 295.0
81.52, 294.0
81.53, 292.0
81.54, 290.0
81.55, 288.0
81.56, 286.0
81.57, 284.0
81.58, 282.0
81.59, 280.0
81.6, 278.0
81.61, 275.0
81.62, 273.0
81.63, 270.0
81.64, 267.0
81.65, 265.0
81.66, 262.0
81.67, 260.0
81.68, 258.0
81.69, 255.0
81.7, 253.0
81.71, 251.0
81.72, 249.0
81.73, 247.0
81.74, 245.0
81.75, 243.0
81.76, 241.0
81.77, 239.0
81.78, 237.0
81.79, 236.0
81.8, 234.0
81.81, 232.0
81.82, 231.0
81.83, 230.0
81.84, 229.0
81.85, 227.0
81.86, 226.0
81.87, 225.0
81.88, 224.0
81.89, 223.0
81.9, 222.0
81.91, 222.0
81.92, 221.0
81.93, 220.0
81.94, 219.0
81.95, 218.0
81.96, 218.0
81.97, 217.0
81.98, 216.0
81.99, 216.0
82.0, 215.0
82.01, 215.0
82.02, 215.0
82.03, 215.0
82.04, 215.0
82.05, 215.0
82.06, 215.0
82.07, 215.0
82.08, 215.0
82.09, 215.0
82.1, 215.0
82.11, 215.0
82.12, 214.0
82.13, 214.0
82.14, 214.0
82.15, 214.0
82.16, 214.0
82.17, 213.0
82.18, 213.0
82.19, 213.0
82.2, 213.0
82.21, 213.0
82.22, 212.0
82.23, 212.0
82.24, 212.0
82.25, 211.0
82.26, 211.0
82.27, 211.0
82.28, 211.0
82.29, 211.0
82.3, 211.0
82.31, 211.0
82.32, 212.0
82.33, 212.0
82.34, 212.0
82.35, 213.0
82.36, 212.0
82.37, 212.0
82.38, 212.0
82.39, 212.0
82.4, 212.0
82.41, 212.0
82.42, 211.0
82.43, 211.0
82.44, 211.0
82.45, 210.0
82.46, 210.0
82.47, 211.0
82.48, 211.0
82.49, 211.0
82.5, 211.0
82.51, 211.0
82.52, 211.0
82.53, 212.0
82.54, 212.0
82.55, 212.0
82.56, 213.0
82.57, 213.0
82.58, 213.0
82.59, 214.0
82.6, 214.0
82.61, 214.0
82.62, 214.0
82.63, 214.0
82.64, 214.0
82.65, 214.0
82.66, 214.0
82.67, 213.0
82.68, 213.0
82.69, 213.0
82.7, 212.0
82.71, 212.0
82.72, 212.0
82.73, 212.0
82.74, 212.0
82.75, 212.0
82.76, 212.0
82.77, 212.0
82.78, 212.0
82.79, 212.0
82.8, 212.0
82.81, 213.0
82.82, 213.0
82.83, 213.0
82.84, 213.0
82.85, 213.0
82.86, 213.0
82.87, 213.0
82.88, 213.0
82.89, 213.0
82.9, 212.0
82.91, 212.0
82.92, 213.0
82.93, 213.0
82.94, 213.0
82.95, 213.0
82.96, 212.0
82.97, 212.0
82.98, 212.0
82.99, 211.0
83.0, 211.0
83.01, 211.0
83.02, 211.0
83.03, 211.0
83.04, 211.0
83.05, 211.0
83.06, 211.0
83.07, 211.0
83.08, 211.0
83.09, 211.0
83.1, 211.0
83.11, 211.0
83.12, 211.0
83.13, 211.0
83.14, 211.0
83.15, 211.0
83.16, 211.0
83.17, 211.0
83.18, 211.0
83.19, 211.0
83.2, 211.0
83.21, 211.0
83.22, 211.0
83.23, 211.0
83.24, 212.0
83.25, 212.0
83.26, 212.0
83.27, 212.0
83.28, 212.0
83.29, 212.0
83.3, 212.0
83.31, 212.0
83.32, 211.0
83.33, 211.0
83.34, 211.0
83.35, 211.0
83.36, 212.0
83.37, 212.0
83.38, 212.0
83.39, 212.0
83.4, 213.0
83.41, 213.0
83.42, 213.0
83.43, 213.0
83.44, 213.0
83.45, 213.0
83.46, 213.0
83.47, 213.0
83.48, 213.0
83.49, 214.0
83.5, 214.0
83.51, 214.0
83.52, 214.0
83.53, 214.0
83.54, 215.0
83.55, 215.0
83.56, 215.0
83.57, 215.0
83.58, 215.0
83.59, 215.0
83.6, 215.0
83.61, 215.0
83.62, 215.0
83.63, 214.0
83.64, 214.0
83.65, 214.0
83.66, 214.0
83.67, 215.0
83.68, 215.0
83.69, 216.0
83.7, 216.0
83.71, 217.0
83.72, 218.0
83.73, 219.0
83.74, 220.0
83.75, 220.0
83.76, 222.0
83.77, 223.0
83.78, 225.0
83.79, 226.0
83.8, 227.0
83.81, 230.0
83.82, 232.0
83.83, 234.0
83.84, 236.0
83.85, 239.0
83.86, 242.0
83.87, 246.0
83.88, 249.0
83.89, 253.0
83.9, 257.0
83.91, 260.0
83.92, 264.0
83.93, 268.0
83.94, 271.0
83.95, 275.0
83.96, 280.0
83.97, 286.0
83.98, 291.0
83.99, 296.0
84.0, 301.0
84.01, 307.0
84.02, 313.0
84.03, 318.0
84.04, 324.0
84.05, 330.0
84.06, 334.0
84.07, 339.0
84.08, 343.0
84.09, 348.0
84.1, 353.0
84.11, 355.0
84.12, 358.0
84.13, 361.0
84.14, 364.0
84.15, 366.0
84.16, 367.0
84.17, 368.0
84.18, 369.0
84.19, 370.0
84.2, 371.0
84.21, 369.0
84.22, 367.0
84.23, 366.0
84.24, 364.0
84.25, 362.0
84.26, 359.0
84.27, 355.0
84.28, 351.0
84.29, 348.0
84.3, 344.0
84.31, 340.0
84.32, 335.0
84.33, 331.0
84.34, 326.0
84.35, 322.0
84.36, 317.0
84.37, 312.0
84.38, 306.0
84.39, 301.0
84.4, 296.0
84.41, 292.0
84.42, 288.0
84.43, 284.0
84.44, 280.0
84.45, 276.0
84.46, 272.0
84.47, 269.0
84.48, 265.0
84.49, 262.0
84.5, 258.0
84.51, 256.0
84.52, 254.0
84.53, 252.0
84.54, 250.0
84.55, 248.0
84.56, 246.0
84.57, 244.0
84.58, 243.0
84.59, 241.0
84.6, 239.0
84.61, 238.0
84.62, 236.0
84.63, 235.0
84.64, 233.0
84.65, 232.0
84.66, 230.0
84.67, 229.0
84.68, 228.0
84.69, 226.0
84.7, 225.0
84.71, 223.0
84.72, 222.0
84.73, 221.0
84.74, 220.0
84.75, 219.0
84.76, 218.0
84.77, 217.0
84.78, 217.0
84.79, 216.0
84.8, 216.0
84.81, 216.0
84.82, 216.0
84.83, 216.0
84.84, 216.0
84.85, 216.0
84.86, 216.0
84.87, 215.0
84.88, 215.0
84.89, 214.0
84.9, 213.0
84.91, 213.0
84.92, 213.0
84.93, 213.0
84.94, 213.0
84.95, 212.0
84.96, 212.0
84.97, 212.0
84.98, 213.0
84.99, 213.0
85.0, 213.0
85.01, 212.0
85.02, 212.0
85.03, 211.0
85.04, 211.0
85.05, 211.0
85.06, 211.0
85.07, 211.0
85.08, 211.0
85.09, 211.0
85.1, 211.0
85.11, 211.0
85.12, 212.0
85.13, 212.0
85.14, 212.0
85.15, 213.0
85.16, 213.0
85.17, 213.0
85.18, 213.0
85.19, 213.0
85.2, 213.0
85.21, 213.0
85.22, 212.0
85.23, 212.0
85.24, 212.0
85.25, 212.0
85.26, 212.0
85.27, 213.0
85.28, 213.0
85.29, 213.0
85.3, 214.0
85.31, 214.0
85.32, 214.0
85.33, 214.0
85.34, 214.0
85.35, 214.0
85.36, 215.0
85.37, 215.0
85.38, 215.0
85.39, 215.0
85.4, 216.0
85.41, 216.0
85.42, 217.0
85.43, 218.0
85.44, 218.0
85.45, 219.0
85.46, 219.0
85.47, 220.0
85.48, 220.0
85.49, 220.0
85.5, 220.0
85.51, 220.0
85.52, 220.0
85.53, 220.0
85.54, 220.0
85.55, 220.0
85.56, 220.0
85.57, 220.0
85.58, 219.0
85.59, 219.0
85.6, 219.0
85.61, 218.0
85.62, 217.0
85.63, 216.0
85.64, 215.0
85.65, 214.0
85.66, 213.0
85.67, 212.0
85.68, 211.0
85.69, 210.0
85.7, 210.0
85.71, 209.0
85.72, 208.0
85.73, 208.0
85.74, 207.0
85.75, 207.0
85.76, 206.0
85.77, 206.0
85.78, 206.0
85.79, 205.0
85.8, 205.0
85.81, 205.0
85.82, 205.0
85.83, 205.0
85.84, 206.0
85.85, 206.0
85.86, 206.0
85.87, 206.0
85.88, 206.0
85.89, 206.0
85.9, 206.0
85.91, 205.0
85.92, 205.0
85.93, 204.0
85.94, 203.0
85.95, 203.0
85.96, 203.0
85.97, 203.0
85.98, 203.0
85.99, 203.0
86.0, 203.0
86.01, 204.0
86.02, 204.0
86.03, 205.0
86.04, 206.0
86.05, 206.0
86.06, 207.0
86.07, 207.0
86.08, 207.0
86.09, 207.0
86.1, 208.0
86.11, 208.0
86.12, 209.0
86.13, 209.0
86.14, 210.0
86.15, 210.0
86.16, 210.0
86.17, 210.0
86.18, 210.0
86.19, 210.0
86.2, 210.0
86.21, 210.0
86.22, 210.0
86.23, 210.0
86.24, 210.0
86.25, 210.0
86.26, 210.0
86.27, 210.0
86.28, 210.0
86.29, 210.0
86.3, 209.0
86.31, 210.0
86.32, 210.0
86.33, 210.0
86.34, 210.0
86.35, 211.0
86.36, 211.0
86.37, 211.0
86.38, 211.0
86.39, 211.0
86.4, 212.0
86.41, 212.0
86.42, 212.0
86.43, 212.0
86.44, 212.0
86.45, 212.0
86.46, 213.0
86.47, 213.0
86.48, 213.0
86.49, 213.0
86.5, 213.0
86.51, 213.0
86.52, 213.0
86.53, 213.0
86.54, 214.0
86.55, 214.0
86.56, 213.0
86.57, 212.0
86.58, 212.0
86.59, 211.0
86.6, 210.0
86.61, 210.0
86.62, 210.0
86.63, 210.0
86.64, 210.0
86.65, 210.0
86.66, 211.0
86.67, 211.0
86.68, 211.0
86.69, 212.0
86.7, 212.0
86.71, 212.0
86.72, 212.0
86.73, 212.0
86.74, 211.0
86.75, 211.0
86.76, 211.0
86.77, 211.0
86.78, 211.0
86.79, 211.0
86.8, 211.0
86.81, 211.0
86.82, 211.0
86.83, 210.0
86.84, 210.0
86.85, 210.0
86.86, 210.0
86.87, 210.0
86.88, 211.0
86.89, 211.0
86.9, 211.0
86.91, 210.0
86.92, 210.0
86.93, 209.0
86.94, 209.0
86.95, 208.0
86.96, 208.0
86.97, 208.0
86.98, 207.0
86.99, 207.0
87.0, 207.0
87.01, 207.0
87.02, 207.0
87.03, 207.0
87.04, 207.0
87.05, 207.0
87.06, 208.0
87.07, 208.0
87.08, 208.0
87.09, 208.0
87.1, 208.0
87.11, 208.0
87.12, 208.0
87.13, 208.0
87.14, 208.0
87.15, 209.0
87.16, 208.0
87.17, 208.0
87.18, 208.0
87.19, 208.0
87.2, 208.0
87.21, 208.0
87.22, 208.0
87.23, 209.0
87.24, 209.0
87.25, 209.0
87.26, 209.0
87.27, 209.0
87.28, 209.0
87.29, 209.0
87.3, 209.0
87.31, 209.0
87.32, 209.0
87.33, 209.0
87.34, 209.0
87.35, 210.0
87.36, 210.0
87.37, 209.0
87.38, 209.0
87.39, 209.0
87.4, 209.0
87.41, 208.0
87.42, 208.0
87.43, 207.0
87.44, 207.0
87.45, 206.0
87.46, 206.0
87.47, 206.0
87.48, 206.0
87.49, 206.0
87.5, 205.0
87.51, 205.0
87.52, 206.0
87.53, 206.0
87.54, 206.0
87.55, 206.0
87.56, 206.0
87.57, 206.0
87.58, 206.0
87.59, 206.0
87.6, 206.0
87.61, 206.0
87.62, 205.0
87.63, 204.0
87.64, 204.0
87.65, 203.0
87.66, 203.0
87.67, 203.0
87.68, 203.0
87.69, 203.0
87.7, 203.0
87.71, 203.0
87.72, 203.0
87.73, 203.0
87.74, 204.0
87.75, 204.0
87.76, 203.0
87.77, 203.0
87.78, 203.0
87.79, 202.0
87.8, 202.0
87.81, 202.0
87.82, 203.0
87.83, 203.0
87.84, 203.0
87.85, 204.0
87.86, 204.0
87.87, 205.0
87.88, 205.0
87.89, 205.0
87.9, 206.0
87.91, 206.0
87.92, 206.0
87.93, 206.0
87.94, 206.0
87.95, 207.0
87.96, 207.0
87.97, 207.0
87.98, 207.0
87.99, 207.0
88.0, 207.0
88.01, 208.0
88.02, 208.0
88.03, 208.0
88.04, 209.0
88.05, 209.0
88.06, 209.0
88.07, 209.0
88.08, 210.0
88.09, 210.0
88.1, 210.0
88.11, 210.0
88.12, 209.0
88.13, 209.0
88.14, 209.0
88.15, 208.0
88.16, 208.0
88.17, 207.0
88.18, 207.0
88.19, 206.0
88.2, 206.0
88.21, 206.0
88.22, 206.0
88.23, 206.0
88.24, 206.0
88.25, 205.0
88.26, 206.0
88.27, 206.0
88.28, 206.0
88.29, 206.0
88.3, 206.0
88.31, 206.0
88.32, 207.0
88.33, 207.0
88.34, 207.0
88.35, 207.0
88.36, 207.0
88.37, 208.0
88.38, 208.0
88.39, 208.0
88.4, 209.0
88.41, 209.0
88.42, 210.0
88.43, 210.0
88.44, 211.0
88.45, 211.0
88.46, 211.0
88.47, 211.0
88.48, 211.0
88.49, 210.0
88.5, 210.0
88.51, 210.0
88.52, 209.0
88.53, 209.0
88.54, 209.0
88.55, 208.0
88.56, 209.0
88.57, 210.0
88.58, 211.0
88.59, 212.0
88.6, 213.0
88.61, 214.0
88.62, 215.0
88.63, 216.0
88.64, 217.0
88.65, 219.0
88.66, 220.0
88.67, 220.0
88.68, 221.0
88.69, 222.0
88.7, 223.0
88.71, 225.0
88.72, 227.0
88.73, 228.0
88.74, 230.0
88.75, 232.0
88.76, 233.0
88.77, 235.0
88.78, 236.0
88.79, 238.0
88.8, 240.0
88.81, 240.0
88.82, 241.0
88.83, 242.0
88.84, 243.0
88.85, 244.0
88.86, 244.0
88.87, 245.0
88.88, 245.0
88.89, 245.0
88.9, 246.0
88.91, 246.0
88.92, 246.0
88.93, 246.0
88.94, 246.0
88.95, 246.0
88.96, 245.0
88.97, 245.0
88.98, 245.0
88.99, 244.0
89.0, 244.0
89.01, 243.0
89.02, 242.0
89.03, 241.0
89.04, 240.0
89.05, 239.0
89.06, 237.0
89.07, 235.0
89.08, 234.0
89.09, 232.0
89.1, 231.0
89.11, 230.0
89.12, 229.0
89.13, 227.0
89.14, 226.0
89.15, 225.0
89.16, 224.0
89.17, 222.0
89.18, 221.0
89.19, 220.0
89.2, 218.0
89.21, 218.0
89.22, 217.0
89.23, 216.0
89.24, 215.0
89.25, 214.0
89.26, 214.0
89.27, 213.0
89.28, 213.0
89.29, 212.0
89.3, 212.0
89.31, 211.0
89.32, 210.0
89.33, 210.0
89.34, 209.0
89.35, 209.0
89.36, 209.0
89.37, 209.0
89.38, 209.0
89.39, 208.0
89.4, 208.0
89.41, 208.0
89.42, 208.0
89.43, 207.0
89.44, 207.0
89.45, 207.0
89.46, 206.0
89.47, 206.0
89.48, 205.0
89.49, 205.0
89.5, 204.0
89.51, 204.0
89.52, 203.0
89.53, 203.0
89.54, 203.0
89.55, 203.0
89.56, 202.0
89.57, 202.0
89.58, 202.0
89.59, 202.0
89.6, 202.0
89.61, 202.0
89.62, 203.0
89.63, 203.0
89.64, 204.0
89.65, 204.0
89.66, 205.0
89.67, 205.0
89.68, 205.0
89.69, 206.0
89.7, 206.0
89.71, 207.0
89.72, 207.0
89.73, 208.0
89.74, 209.0
89.75, 209.0
89.76, 210.0
89.77, 210.0
89.78, 210.0
89.79, 211.0
89.8, 211.0
89.81, 211.0
89.82, 211.0
89.83, 210.0
89.84, 210.0
89.85, 210.0
89.86, 210.0
89.87, 210.0
89.88, 210.0
89.89, 210.0
89.9, 210.0
89.91, 210.0
89.92, 210.0
89.93, 209.0
89.94, 209.0
89.95, 209.0
89.96, 209.0
89.97, 209.0
89.98, 209.0
89.99, 209.0
90.0, 0.0
90.01, 0.0
90.02, 0.0
90.03, 0.0
90.04, 0.0
90.05, 0.0
90.06, 0.0
90.07, 0.0
90.08, 0.0
90.09, 0.0
90.1, 0.0
90.11, 0.0
90.12, 0.0
90.13, 0.0
90.14, 0.0
90.15, 0.0
90.16, 0.0
90.17, 0.0
90.18, 0.0
90.19, 0.0
90.2, 0.0
90.21, 0.0
90.22, 0.0
90.23, 0.0
90.24, 0.0
90.25, 0.0
90.26, 0.0
90.27, 0.0
90.28, 0.0
90.29, 0.0
90.3, 0.0
90.31, 0.0
90.32, 0.0
90.33, 0.0
90.34, 0.0
90.35, 0.0
90.36, 0.0
90.37, 0.0
90.38, 0.0
90.39, 0.0
90.4, 0.0
90.41, 0.0
90.42, 0.0
90.43, 0.0
90.44, 0.0
90.45, 0.0
90.46, 0.0
90.47, 0.0
90.48, 0.0
90.49, 0.0
90.5, 0.0
90.51, 0.0
90.52, 0.0
90.53, 0.0
90.54, 0.0
90.55, 0.0
90.56, 0.0
90.57, 0.0
90.58, 0.0
90.59, 0.0
90.6, 0.0
90.61, 0.0
90.62, 0.0
90.63, 0.0
90.64, 0.0
90.65, 0.0
90.66, 0.0
90.67, 0.0
90.68, 0.0
90.69, 0.0
90.7, 0.0
90.71, 0.0
90.72, 0.0
90.73, 0.0
90.74, 0.0
90.75, 0.0
90.76, 0.0
90.77, 0.0
90.78, 0.0
90.79, 0.0
90.8, 0.0
90.81, 0.0
90.82, 0.0
90.83, 0.0
90.84, 0.0
90.85, 0.0
90.86, 0.0
90.87, 0.0
90.88, 0.0
90.89, 0.0
90.9, 0.0
90.91, 0.0
90.92, 0.0
90.93, 0.0
90.94, 0.0
90.95, 0.0
90.96, 0.0
90.97, 0.0
90.98, 0.0
90.99, 0.0
91.0, 0.0
91.01, 0.0
91.02, 0.0
91.03, 0.0
91.04, 0.0
91.05, 0.0
91.06, 0.0
91.07, 0.0
91.08, 0.0
91.09, 0.0
91.1, 0.0
91.11, 0.0
91.12, 0.0
91.13, 0.0
91.14, 0.0
91.15, 0.0
91.16, 0.0
91.17, 0.0
91.18, 0.0
91.19, 0.0
91.2, 0.0
91.21, 0.0
91.22, 0.0
91.23, 0.0
91.24, 0.0
91.25, 0.0
91.26, 0.0
91.27, 0.0
91.28, 0.0
91.29, 0.0
91.3, 0.0
91.31, 0.0
91.32, 0.0
91.33, 0.0
91.34, 0.0
91.35, 0.0
91.36, 0.0
91.37, 0.0
91.38, 0.0
91.39, 0.0
91.4, 0.0
91.41, 0.0
91.42, 0.0
91.43, 0.0
91.44, 0.0
91.45, 0.0
91.46, 0.0
91.47, 0.0
91.48, 0.0
91.49, 0.0
91.5, 0.0
91.51, 0.0
91.52, 0.0
91.53, 0.0
91.54, 0.0
91.55, 0.0
91.56, 0.0
91.57, 0.0
91.58, 0.0
91.59, 0.0
91.6, 0.0
91.61, 0.0
91.62, 0.0
91.63, 0.0
91.64, 0.0
91.65, 0.0
91.66, 0.0
91.67, 0.0
91.68, 0.0
91.69, 0.0
91.7, 0.0
91.71, 0.0
91.72, 0.0
91.73, 0.0
91.74, 0.0
91.75, 0.0
91.76, 0.0
91.77, 0.0
91.78, 0.0
91.79, 0.0
91.8, 0.0
91.81, 0.0
91.82, 0.0
91.83, 0.0
91.84, 0.0
91.85, 0.0
91.86, 0.0
91.87, 0.0
91.88, 0.0
91.89, 0.0
91.9, 0.0
91.91, 0.0
91.92, 0.0
91.93, 0.0
91.94, 0.0
91.95, 0.0
91.96, 0.0
91.97, 0.0
91.98, 0.0
91.99, 0.0
92.0, 0.0
92.01, 0.0
92.02, 0.0
92.03, 0.0
92.04, 0.0
92.05, 0.0
92.06, 0.0
92.07, 0.0
92.08, 0.0
92.09, 0.0
92.1, 0.0
92.11, 0.0
92.12, 0.0
92.13, 0.0
92.14, 0.0
92.15, 0.0
92.16, 0.0
92.17, 0.0
92.18, 0.0
92.19, 0.0
92.2, 0.0
92.21, 0.0
92.22, 0.0
92.23, 0.0
92.24, 0.0
92.25, 0.0
92.26, 0.0
92.27, 0.0
92.28, 0.0
92.29, 0.0
92.3, 0.0
92.31, 0.0
92.32, 0.0
92.33, 0.0
92.34, 0.0
92.35, 0.0
92.36, 0.0
92.37, 0.0
92.38, 0.0
92.39, 0.0
92.4, 0.0
92.41, 0.0
92.42, 0.0
92.43, 0.0
92.44, 0.0
92.45, 0.0
92.46, 0.0
92.47, 0.0
92.48, 0.0
92.49, 0.0
92.5, 0.0
92.51, 0.0
92.52, 0.0
92.53, 0.0
92.54, 0.0
92.55, 0.0
92.56, 0.0
92.57, 0.0
92.58, 0.0
92.59, 0.0
92.6, 0.0
92.61, 0.0
92.62, 0.0
92.63, 0.0
92.64, 0.0
92.65, 0.0
92.66, 0.0
92.67, 0.0
92.68, 0.0
92.69, 0.0
92.7, 0.0
92.71, 0.0
92.72, 0.0
92.73, 0.0
92.74, 0.0
92.75, 0.0
92.76, 0.0
92.77, 0.0
92.78, 0.0
92.79, 0.0
92.8, 0.0
92.81, 0.0
92.82, 0.0
92.83, 0.0
92.84, 0.0
92.85, 0.0
92.86, 0.0
92.87, 0.0
92.88, 0.0
92.89, 0.0
92.9, 0.0
92.91, 0.0
92.92, 0.0
92.93, 0.0
92.94, 0.0
92.95, 0.0
92.96, 0.0
92.97, 0.0
92.98, 0.0
92.99, 0.0
93.0, 0.0
93.01, 0.0
93.02, 0.0
93.03, 0.0
93.04, 0.0
93.05, 0.0
93.06, 0.0
93.07, 0.0
93.08, 0.0
93.09, 0.0
93.1, 0.0
93.11, 0.0
93.12, 0.0
93.13, 0.0
93.14, 0.0
93.15, 0.0
93.16, 0.0
93.17, 0.0
93.18, 0.0
93.19, 0.0
93.2, 0.0
93.21, 0.0
93.22, 0.0
93.23, 0.0
93.24, 0.0
93.25, 0.0
93.26, 0.0
93.27, 0.0
93.28, 0.0
93.29, 0.0
93.3, 0.0
93.31, 0.0
93.32, 0.0
93.33, 0.0
93.34, 0.0
93.35, 0.0
93.36, 0.0
93.37, 0.0
93.38, 0.0
93.39, 0.0
93.4, 0.0
93.41, 0.0
93.42, 0.0
93.43, 0.0
93.44, 0.0
93.45, 0.0
93.46, 0.0
93.47, 0.0
93.48, 0.0
93.49, 0.0
93.5, 0.0
93.51, 0.0
93.52, 0.0
93.53, 0.0
93.54, 0.0
93.55, 0.0
93.56, 0.0
93.57, 0.0
93.58, 0.0
93.59, 0.0
93.6, 0.0
93.61, 0.0
93.62, 0.0
93.63, 0.0
93.64, 0.0
93.65, 0.0
93.66, 0.0
93.67, 0.0
93.68, 0.0
93.69, 0.0
93.7, 0.0
93.71, 0.0
93.72, 0.0
93.73, 0.0
93.74, 0.0
93.75, 0.0
93.76, 0.0
93.77, 0.0
93.78, 0.0
93.79, 0.0
93.8, 0.0
93.81, 0.0
93.82, 0.0
93.83, 0.0
93.84, 0.0
93.85, 0.0
93.86, 0.0
93.87, 0.0
93.88, 0.0
93.89, 0.0
93.9, 0.0
93.91, 0.0
93.92, 0.0
93.93, 0.0
93.94, 0.0
93.95, 0.0
93.96, 0.0
93.97, 0.0
93.98, 0.0
93.99, 0.0
94.0, 0.0
94.01, 0.0
94.02, 0.0
94.03, 0.0
94.04, 0.0
94.05, 0.0
94.06, 0.0
94.07, 0.0
94.08, 0.0
94.09, 0.0
94.1, 0.0
94.11, 0.0
94.12, 0.0
94.13, 0.0
94.14, 0.0
94.15, 0.0
94.16, 0.0
94.17, 0.0
94.18, 0.0
94.19, 0.0
94.2, 0.0
94.21, 0.0
94.22, 0.0
94.23, 0.0
94.24, 0.0
94.25, 0.0
94.26, 0.0
94.27, 0.0
94.28, 0.0
94.29, 0.0
94.3, 0.0
94.31, 0.0
94.32, 0.0
94.33, 0.0
94.34, 0.0
94.35, 0.0
94.36, 0.0
94.37, 0.0
94.38, 0.0
94.39, 0.0
94.4, 0.0
94.41, 0.0
94.42, 0.0
94.43, 0.0
94.44, 0.0
94.45, 0.0
94.46, 0.0
94.47, 0.0
94.48, 0.0
94.49, 0.0
94.5, 0.0
94.51, 0.0
94.52, 0.0
94.53, 0.0
94.54, 0.0
94.55, 0.0
94.56, 0.0
94.57, 0.0
94.58, 0.0
94.59, 0.0
94.6, 0.0
94.61, 0.0
94.62, 0.0
94.63, 0.0
94.64, 0.0
94.65, 0.0
94.66, 0.0
94.67, 0.0
94.68, 0.0
94.69, 0.0
94.7, 0.0
94.71, 0.0
94.72, 0.0
94.73, 0.0
94.74, 0.0
94.75, 0.0
94.76, 0.0
94.77, 0.0
94.78, 0.0
94.79, 0.0
94.8, 0.0
94.81, 0.0
94.82, 0.0
94.83, 0.0
94.84, 0.0
94.85, 0.0
94.86, 0.0
94.87, 0.0
94.88, 0.0
94.89, 0.0
94.9, 0.0
94.91, 0.0
94.92, 0.0
94.93, 0.0
94.94, 0.0
94.95, 0.0
94.96, 0.0
94.97, 0.0
94.98, 0.0
94.99, 0.0
95.0, 0.0
95.01, 0.0
95.02, 0.0
95.03, 0.0
95.04, 0.0
95.05, 0.0
95.06, 0.0
95.07, 0.0
95.08, 0.0
95.09, 0.0
95.1, 0.0
95.11, 0.0
95.12, 0.0
95.13, 0.0
95.14, 0.0
95.15, 0.0
95.16, 0.0
95.17, 0.0
95.18, 0.0
95.19, 0.0
95.2, 0.0
95.21, 0.0
95.22, 0.0
95.23, 0.0
95.24, 0.0
95.25, 0.0
95.26, 0.0
95.27, 0.0
95.28, 0.0
95.29, 0.0
95.3, 0.0
95.31, 0.0
95.32, 0.0
95.33, 0.0
95.34, 0.0
95.35, 0.0
95.36, 0.0
95.37, 0.0
95.38, 0.0
95.39, 0.0
95.4, 0.0
95.41, 0.0
95.42, 0.0
95.43, 0.0
95.44, 0.0
95.45, 0.0
95.46, 0.0
95.47, 0.0
95.48, 0.0
95.49, 0.0
95.5, 0.0
95.51, 0.0
95.52, 0.0
95.53, 0.0
95.54, 0.0
95.55, 0.0
95.56, 0.0
95.57, 0.0
95.58, 0.0
95.59, 0.0
95.6, 0.0
95.61, 0.0
95.62, 0.0
95.63, 0.0
95.64, 0.0
95.65, 0.0
95.66, 0.0
95.67, 0.0
95.68, 0.0
95.69, 0.0
95.7, 0.0
95.71, 0.0
95.72, 0.0
95.73, 0.0
95.74, 0.0
95.75, 0.0
95.76, 0.0
95.77, 0.0
95.78, 0.0
95.79, 0.0
95.8, 0.0
95.81, 0.0
95.82, 0.0
95.83, 0.0
95.84, 0.0
95.85, 0.0
95.86, 0.0
95.87, 0.0
95.88, 0.0
95.89, 0.0
95.9, 0.0
95.91, 0.0
95.92, 0.0
95.93, 0.0
95.94, 0.0
95.95, 0.0
95.96, 0.0
95.97, 0.0
95.98, 0.0
95.99, 0.0
96.0, 0.0
96.01, 0.0
96.02, 0.0
96.03, 0.0
96.04, 0.0
96.05, 0.0
96.06, 0.0
96.07, 0.0
96.08, 0.0
96.09, 0.0
96.1, 0.0
96.11, 0.0
96.12, 0.0
96.13, 0.0
96.14, 0.0
96.15, 0.0
96.16, 0.0
96.17, 0.0
96.18, 0.0
96.19, 0.0
96.2, 0.0
96.21, 0.0
96.22, 0.0
96.23, 0.0
96.24, 0.0
96.25, 0.0
96.26, 0.0
96.27, 0.0
96.28, 0.0
96.29, 0.0
96.3, 0.0
96.31, 0.0
96.32, 0.0
96.33, 0.0
96.34, 0.0
96.35, 0.0
96.36, 0.0
96.37, 0.0
96.38, 0.0
96.39, 0.0
96.4, 0.0
96.41, 0.0
96.42, 0.0
96.43, 0.0
96.44, 0.0
96.45, 0.0
96.46, 0.0
96.47, 0.0
96.48, 0.0
96.49, 0.0
96.5, 0.0
96.51, 0.0
96.52, 0.0
96.53, 0.0
96.54, 0.0
96.55, 0.0
96.56, 0.0
96.57, 0.0
96.58, 0.0
96.59, 0.0
96.6, 0.0
96.61, 0.0
96.62, 0.0
96.63, 0.0
96.64, 0.0
96.65, 0.0
96.66, 0.0
96.67, 0.0
96.68, 0.0
96.69, 0.0
96.7, 0.0
96.71, 0.0
96.72, 0.0
96.73, 0.0
96.74, 0.0
96.75, 0.0
96.76, 0.0
96.77, 0.0
96.78, 0.0
96.79, 0.0
96.8, 0.0
96.81, 0.0
96.82, 0.0
96.83, 0.0
96.84, 0.0
96.85, 0.0
96.86, 0.0
96.87, 0.0
96.88, 0.0
96.89, 0.0
96.9, 0.0
96.91, 0.0
96.92, 0.0
96.93, 0.0
96.94, 0.0
96.95, 0.0
96.96, 0.0
96.97, 0.0
96.98, 0.0
96.99, 0.0
97.0, 0.0
97.01, 0.0
97.02, 0.0
97.03, 0.0
97.04, 0.0
97.05, 0.0
97.06, 0.0
97.07, 0.0
97.08, 0.0
97.09, 0.0
97.1, 0.0
97.11, 0.0
97.12, 0.0
97.13, 0.0
97.14, 0.0
97.15, 0.0
97.16, 0.0
97.17, 0.0
97.18, 0.0
97.19, 0.0
97.2, 0.0
97.21, 0.0
97.22, 0.0
97.23, 0.0
97.24, 0.0
97.25, 0.0
97.26, 0.0
97.27, 0.0
97.28, 0.0
97.29, 0.0
97.3, 0.0
97.31, 0.0
97.32, 0.0
97.33, 0.0
97.34, 0.0
97.35, 0.0
97.36, 0.0
97.37, 0.0
97.38, 0.0
97.39, 0.0
97.4, 0.0
97.41, 0.0
97.42, 0.0
97.43, 0.0
97.44, 0.0
97.45, 0.0
97.46, 0.0
97.47, 0.0
97.48, 0.0
97.49, 0.0
97.5, 0.0
97.51, 0.0
97.52, 0.0
97.53, 0.0
97.54, 0.0
97.55, 0.0
97.56, 0.0
97.57, 0.0
97.58, 0.0
97.59, 0.0
97.6, 0.0
97.61, 0.0
97.62, 0.0
97.63, 0.0
97.64, 0.0
97.65, 0.0
97.66, 0.0
97.67, 0.0
97.68, 0.0
97.69, 0.0
97.7, 0.0
97.71, 0.0
97.72, 0.0
97.73, 0.0
97.74, 0.0
97.75, 0.0
97.76, 0.0
97.77, 0.0
97.78, 0.0
97.79, 0.0
97.8, 0.0
97.81, 0.0
97.82, 0.0
97.83, 0.0
97.84, 0.0
97.85, 0.0
97.86, 0.0
97.87, 0.0
97.88, 0.0
97.89, 0.0
97.9, 0.0
97.91, 0.0
97.92, 0.0
97.93, 0.0
97.94, 0.0
97.95, 0.0
97.96, 0.0
97.97, 0.0
97.98, 0.0
97.99, 0.0
98.0, 0.0
98.01, 0.0
98.02, 0.0
98.03, 0.0
98.04, 0.0
98.05, 0.0
98.06, 0.0
98.07, 0.0
98.08, 0.0
98.09, 0.0
98.1, 0.0
98.11, 0.0
98.12, 0.0
98.13, 0.0
98.14, 0.0
98.15, 0.0
98.16, 0.0
98.17, 0.0
98.18, 0.0
98.19, 0.0
98.2, 0.0
98.21, 0.0
98.22, 0.0
98.23, 0.0
98.24, 0.0
98.25, 0.0
98.26, 0.0
98.27, 0.0
98.28, 0.0
98.29, 0.0
98.3, 0.0
98.31, 0.0
98.32, 0.0
98.33, 0.0
98.34, 0.0
98.35, 0.0
98.36, 0.0
98.37, 0.0
98.38, 0.0
98.39, 0.0
98.4, 0.0
98.41, 0.0
98.42, 0.0
98.43, 0.0
98.44, 0.0
98.45, 0.0
98.46, 0.0
98.47, 0.0
98.48, 0.0
98.49, 0.0
98.5, 0.0
98.51, 0.0
98.52, 0.0
98.53, 0.0
98.54, 0.0
98.55, 0.0
98.56, 0.0
98.57, 0.0
98.58, 0.0
98.59, 0.0
98.6, 0.0
98.61, 0.0
98.62, 0.0
98.63, 0.0
98.64, 0.0
98.65, 0.0
98.66, 0.0
98.67, 0.0
98.68, 0.0
98.69, 0.0
98.7, 0.0
98.71, 0.0
98.72, 0.0
98.73, 0.0
98.74, 0.0
98.75, 0.0
98.76, 0.0
98.77, 0.0
98.78, 0.0
98.79, 0.0
98.8, 0.0
98.81, 0.0
98.82, 0.0
98.83, 0.0
98.84, 0.0
98.85, 0.0
98.86, 0.0
98.87, 0.0
98.88, 0.0
98.89, 0.0
98.9, 0.0
98.91, 0.0
98.92, 0.0
98.93, 0.0
98.94, 0.0
98.95, 0.0
98.96, 0.0
98.97, 0.0
98.98, 0.0
98.99, 0.0
99.0, 0.0
99.01, 0.0
99.02, 0.0
99.03, 0.0
99.04, 0.0
99.05, 0.0
99.06, 0.0
99.07, 0.0
99.08, 0.0
99.09, 0.0
99.1, 0.0
99.11, 0.0
99.12, 0.0
99.13, 0.0
99.14, 0.0
99.15, 0.0
99.16, 0.0
99.17, 0.0
99.18, 0.0
99.19, 0.0
99.2, 0.0
99.21, 0.0
99.22, 0.0
99.23, 0.0
99.24, 0.0
99.25, 0.0
99.26, 0.0
99.27, 0.0
99.28, 0.0
99.29, 0.0
99.3, 0.0
99.31, 0.0
99.32, 0.0
99.33, 0.0
99.34, 0.0
99.35, 0.0
99.36, 0.0
99.37, 0.0
99.38, 0.0
99.39, 0.0
99.4, 0.0
99.41, 0.0
99.42, 0.0
99.43, 0.0
99.44, 0.0
99.45, 0.0
99.46, 0.0
99.47, 0.0
99.48, 0.0
99.49, 0.0
99.5, 0.0
99.51, 0.0
99.52, 0.0
99.53, 0.0
99.54, 0.0
99.55, 0.0
99.56, 0.0
99.57, 0.0
99.58, 0.0
99.59, 0.0
99.6, 0.0
99.61, 0.0
99.62, 0.0
99.63, 0.0
99.64, 0.0
99.65, 0.0
99.66, 0.0
99.67, 0.0
99.68, 0.0
99.69, 0.0
99.7, 0.0
99.71, 0.0
99.72, 0.0
99.73, 0.0
99.74, 0.0
99.75, 0.0
99.76, 0.0
99.77, 0.0
99.78, 0.0
99.79, 0.0
99.8, 0.0
99.81, 0.0
99.82, 0.0
99.83, 0.0
99.84, 0.0
99.85, 0.0
99.86, 0.0
99.87, 0.0
99.88, 0.0
99.89, 0.0
99.9, 0.0
99.91, 0.0
99.92, 0.0
99.93, 0.0
99.94, 0.0
99.95, 0.0
99.96, 0.0
99.97, 0.0
99.98, 0.0
99.99, 0.0
100.0, 0.0
100.01, 0.0
100.02, 0.0
100.03, 0.0
100.04, 0.0
100.05, 0.0
100.06, 0.0
100.07, 0.0
100.08, 0.0
100.09, 0.0
100.1, 0.0
100.11, 0.0
100.12, 0.0
100.13, 0.0
100.14, 0.0
100.15, 0.0
100.16, 0.0
100.17, 0.0
100.18, 0.0
100.19, 0.0
100.2, 0.0
100.21, 0.0
100.22, 0.0
100.23, 0.0
100.24, 0.0
100.25, 0.0
100.26, 0.0
100.27, 0.0
100.28, 0.0
100.29, 0.0
100.3, 0.0
100.31, 0.0
100.32, 0.0
100.33, 0.0
100.34, 0.0
100.35, 0.0
100.36, 0.0
100.37, 0.0
100.38, 0.0
100.39, 0.0
100.4, 0.0
100.41, 0.0
100.42, 0.0
100.43, 0.0
100.44, 0.0
100.45, 0.0
100.46, 0.0
100.47, 0.0
100.48, 0.0
100.49, 0.0
100.5, 0.0
100.51, 0.0
100.52, 0.0
100.53, 0.0
100.54, 0.0
100.55, 0.0
100.56, 0.0
100.57, 0.0
100.58, 0.0
100.59, 0.0
100.6, 0.0
100.61, 0.0
100.62, 0.0
100.63, 0.0
100.64, 0.0
100.65, 0.0
100.66, 0.0
100.67, 0.0
100.68, 0.0
100.69, 0.0
100.7, 0.0
100.71, 0.0
100.72, 0.0
100.73, 0.0
100.74, 0.0
100.75, 0.0
100.76, 0.0
100.77, 0.0
100.78, 0.0
100.79, 0.0
100.8, 0.0
100.81, 0.0
100.82, 0.0
100.83, 0.0
100.84, 0.0
100.85, 0.0
100.86, 0.0
100.87, 0.0
100.88, 0.0
100.89, 0.0
100.9, 0.0
100.91, 0.0
100.92, 0.0
100.93, 0.0
100.94, 0.0
100.95, 0.0
100.96, 0.0
100.97, 0.0
100.98, 0.0
100.99, 0.0
101.0, 0.0
101.01, 0.0
101.02, 0.0
101.03, 0.0
101.04, 0.0
101.05, 0.0
101.06, 0.0
101.07, 0.0
101.08, 0.0
101.09, 0.0
101.1, 0.0
101.11, 0.0
101.12, 0.0
101.13, 0.0
101.14, 0.0
101.15, 0.0
101.16, 0.0
101.17, 0.0
101.18, 0.0
101.19, 0.0
101.2, 0.0
101.21, 0.0
101.22, 0.0
101.23, 0.0
101.24, 0.0
101.25, 0.0
101.26, 0.0
101.27, 0.0
101.28, 0.0
101.29, 0.0
101.3, 0.0
101.31, 0.0
101.32, 0.0
101.33, 0.0
101.34, 0.0
101.35, 0.0
101.36, 0.0
101.37, 0.0
101.38, 0.0
101.39, 0.0
101.4, 0.0
101.41, 0.0
101.42, 0.0
101.43, 0.0
101.44, 0.0
101.45, 0.0
101.46, 0.0
101.47, 0.0
101.48, 0.0
101.49, 0.0
101.5, 0.0
101.51, 0.0
101.52, 0.0
101.53, 0.0
101.54, 0.0
101.55, 0.0
101.56, 0.0
101.57, 0.0
101.58, 0.0
101.59, 0.0
101.6, 0.0
101.61, 0.0
101.62, 0.0
101.63, 0.0
101.64, 0.0
101.65, 0.0
101.66, 0.0
101.67, 0.0
101.68, 0.0
101.69, 0.0
101.7, 0.0
101.71, 0.0
101.72, 0.0
101.73, 0.0
101.74, 0.0
101.75, 0.0
101.76, 0.0
101.77, 0.0
101.78, 0.0
101.79, 0.0
101.8, 0.0
101.81, 0.0
101.82, 0.0
101.83, 0.0
101.84, 0.0
101.85, 0.0
101.86, 0.0
101.87, 0.0
101.88, 0.0
101.89, 0.0
101.9, 0.0
101.91, 0.0
101.92, 0.0
101.93, 0.0
101.94, 0.0
101.95, 0.0
101.96, 0.0
101.97, 0.0
101.98, 0.0
101.99, 0.0
102.0, 0.0
102.01, 0.0
102.02, 0.0
102.03, 0.0
102.04, 0.0
102.05, 0.0
102.06, 0.0
102.07, 0.0
102.08, 0.0
102.09, 0.0
102.1, 0.0
102.11, 0.0
102.12, 0.0
102.13, 0.0
102.14, 0.0
102.15, 0.0
102.16, 0.0
102.17, 0.0
102.18, 0.0
102.19, 0.0
102.2, 0.0
102.21, 0.0
102.22, 0.0
102.23, 0.0
102.24, 0.0
102.25, 0.0
102.26, 0.0
102.27, 0.0
102.28, 0.0
102.29, 0.0
102.3, 0.0
102.31, 0.0
102.32, 0.0
102.33, 0.0
102.34, 0.0
102.35, 0.0
102.36, 0.0
102.37, 0.0
102.38, 0.0
102.39, 0.0
102.4, 0.0
102.41, 0.0
102.42, 0.0
102.43, 0.0
102.44, 0.0
102.45, 0.0
102.46, 0.0
102.47, 0.0
102.48, 0.0
102.49, 0.0
102.5, 0.0
102.51, 0.0
102.52, 0.0
102.53, 0.0
102.54, 0.0
102.55, 0.0
102.56, 0.0
102.57, 0.0
102.58, 0.0
102.59, 0.0
102.6, 0.0
102.61, 0.0
102.62, 0.0
102.63, 0.0
102.64, 0.0
102.65, 0.0
102.66, 0.0
102.67, 0.0
102.68, 0.0
102.69, 0.0
102.7, 0.0
102.71, 0.0
102.72, 0.0
102.73, 0.0
102.74, 0.0
102.75, 0.0
102.76, 0.0
102.77, 0.0
102.78, 0.0
102.79, 0.0
102.8, 0.0
102.81, 0.0
102.82, 0.0
102.83, 0.0
102.84, 0.0
102.85, 0.0
102.86, 0.0
102.87, 0.0
102.88, 0.0
102.89, 0.0
102.9, 0.0
102.91, 0.0
102.92, 0.0
102.93, 0.0
102.94, 0.0
102.95, 0.0
102.96, 0.0
102.97, 0.0
102.98, 0.0
102.99, 0.0
103.0, 0.0
103.01, 0.0
103.02, 0.0
103.03, 0.0
103.04, 0.0
103.05, 0.0
103.06, 0.0
103.07, 0.0
103.08, 0.0
103.09, 0.0
103.1, 0.0
103.11, 0.0
103.12, 0.0
103.13, 0.0
103.14, 0.0
103.15, 0.0
103.16, 0.0
103.17, 0.0
103.18, 0.0
103.19, 0.0
103.2, 0.0
103.21, 0.0
103.22, 0.0
103.23, 0.0
103.24, 0.0
103.25, 0.0
103.26, 0.0
103.27, 0.0
103.28, 0.0
103.29, 0.0
103.3, 0.0
103.31, 0.0
103.32, 0.0
103.33, 0.0
103.34, 0.0
103.35, 0.0
103.36, 0.0
103.37, 0.0
103.38, 0.0
103.39, 0.0
103.4, 0.0
103.41, 0.0
103.42, 0.0
103.43, 0.0
103.44, 0.0
103.45, 0.0
103.46, 0.0
103.47, 0.0
103.48, 0.0
103.49, 0.0
103.5, 0.0
103.51, 0.0
103.52, 0.0
103.53, 0.0
103.54, 0.0
103.55, 0.0
103.56, 0.0
103.57, 0.0
103.58, 0.0
103.59, 0.0
103.6, 0.0
103.61, 0.0
103.62, 0.0
103.63, 0.0
103.64, 0.0
103.65, 0.0
103.66, 0.0
103.67, 0.0
103.68, 0.0
103.69, 0.0
103.7, 0.0
103.71, 0.0
103.72, 0.0
103.73, 0.0
103.74, 0.0
103.75, 0.0
103.76, 0.0
103.77, 0.0
103.78, 0.0
103.79, 0.0
103.8, 0.0
103.81, 0.0
103.82, 0.0
103.83, 0.0
103.84, 0.0
103.85, 0.0
103.86, 0.0
103.87, 0.0
103.88, 0.0
103.89, 0.0
103.9, 0.0
103.91, 0.0
103.92, 0.0
103.93, 0.0
103.94, 0.0
103.95, 0.0
103.96, 0.0
103.97, 0.0
103.98, 0.0
103.99, 0.0
104.0, 0.0
104.01, 0.0
104.02, 0.0
104.03, 0.0
104.04, 0.0
104.05, 0.0
104.06, 0.0
104.07, 0.0
104.08, 0.0
104.09, 0.0
104.1, 0.0
104.11, 0.0
104.12, 0.0
104.13, 0.0
104.14, 0.0
104.15, 0.0
104.16, 0.0
104.17, 0.0
104.18, 0.0
104.19, 0.0
104.2, 0.0
104.21, 0.0
104.22, 0.0
104.23, 0.0
104.24, 0.0
104.25, 0.0
104.26, 0.0
104.27, 0.0
104.28, 0.0
104.29, 0.0
104.3, 0.0
104.31, 0.0
104.32, 0.0
104.33, 0.0
104.34, 0.0
104.35, 0.0
104.36, 0.0
104.37, 0.0
104.38, 0.0
104.39, 0.0
104.4, 0.0
104.41, 0.0
104.42, 0.0
104.43, 0.0
104.44, 0.0
104.45, 0.0
104.46, 0.0
104.47, 0.0
104.48, 0.0
104.49, 0.0
104.5, 0.0
104.51, 0.0
104.52, 0.0
104.53, 0.0
104.54, 0.0
104.55, 0.0
104.56, 0.0
104.57, 0.0
104.58, 0.0
104.59, 0.0
104.6, 0.0
104.61, 0.0
104.62, 0.0
104.63, 0.0
104.64, 0.0
104.65, 0.0
104.66, 0.0
104.67, 0.0
104.68, 0.0
104.69, 0.0
104.7, 0.0
104.71, 0.0
104.72, 0.0
104.73, 0.0
104.74, 0.0
104.75, 0.0
104.76, 0.0
104.77, 0.0
104.78, 0.0
104.79, 0.0
104.8, 0.0
104.81, 0.0
104.82, 0.0
104.83, 0.0
104.84, 0.0
104.85, 0.0
104.86, 0.0
104.87, 0.0
104.88, 0.0
104.89, 0.0
104.9, 0.0
104.91, 0.0
104.92, 0.0
104.93, 0.0
104.94, 0.0
104.95, 0.0
104.96, 0.0
104.97, 0.0
104.98, 0.0
104.99, 0.0
105.0, 0.0
105.01, 0.0
105.02, 0.0
105.03, 0.0
105.04, 0.0
105.05, 0.0
105.06, 0.0
105.07, 0.0
105.08, 0.0
105.09, 0.0
105.1, 0.0
105.11, 0.0
105.12, 0.0
105.13, 0.0
105.14, 0.0
105.15, 0.0
105.16, 0.0
105.17, 0.0
105.18, 0.0
105.19, 0.0
105.2, 0.0
105.21, 0.0
105.22, 0.0
105.23, 0.0
105.24, 0.0
105.25, 0.0
105.26, 0.0
105.27, 0.0
105.28, 0.0
105.29, 0.0
105.3, 0.0
105.31, 0.0
105.32, 0.0
105.33, 0.0
105.34, 0.0
105.35, 0.0
105.36, 0.0
105.37, 0.0
105.38, 0.0
105.39, 0.0
105.4, 0.0
105.41, 0.0
105.42, 0.0
105.43, 0.0
105.44, 0.0
105.45, 0.0
105.46, 0.0
105.47, 0.0
105.48, 0.0
105.49, 0.0
105.5, 0.0
105.51, 0.0
105.52, 0.0
105.53, 0.0
105.54, 0.0
105.55, 0.0
105.56, 0.0
105.57, 0.0
105.58, 0.0
105.59, 0.0
105.6, 0.0
105.61, 0.0
105.62, 0.0
105.63, 0.0
105.64, 0.0
105.65, 0.0
105.66, 0.0
105.67, 0.0
105.68, 0.0
105.69, 0.0
105.7, 0.0
105.71, 0.0
105.72, 0.0
105.73, 0.0
105.74, 0.0
105.75, 0.0
105.76, 0.0
105.77, 0.0
105.78, 0.0
105.79, 0.0
105.8, 0.0
105.81, 0.0
105.82, 0.0
105.83, 0.0
105.84, 0.0
105.85, 0.0
105.86, 0.0
105.87, 0.0
105.88, 0.0
105.89, 0.0
105.9, 0.0
105.91, 0.0
105.92, 0.0
105.93, 0.0
105.94, 0.0
105.95, 0.0
105.96, 0.0
105.97, 0.0
105.98, 0.0
105.99, 0.0
106.0, 0.0
106.01, 0.0
106.02, 0.0
106.03, 0.0
106.04, 0.0
106.05, 0.0
106.06, 0.0
106.07, 0.0
106.08, 0.0
106.09, 0.0
106.1, 0.0
106.11, 0.0
106.12, 0.0
106.13, 0.0
106.14, 0.0
106.15, 0.0
106.16, 0.0
106.17, 0.0
106.18, 0.0
106.19, 0.0
106.2, 0.0
106.21, 0.0
106.22, 0.0
106.23, 0.0
106.24, 0.0
106.25, 0.0
106.26, 0.0
106.27, 0.0
106.28, 0.0
106.29, 0.0
106.3, 0.0
106.31, 0.0
106.32, 0.0
106.33, 0.0
106.34, 0.0
106.35, 0.0
106.36, 0.0
106.37, 0.0
106.38, 0.0
106.39, 0.0
106.4, 0.0
106.41, 0.0
106.42, 0.0
106.43, 0.0
106.44, 0.0
106.45, 0.0
106.46, 0.0
106.47, 0.0
106.48, 0.0
106.49, 0.0
106.5, 0.0
106.51, 0.0
106.52, 0.0
106.53, 0.0
106.54, 0.0
106.55, 0.0
106.56, 0.0
106.57, 0.0
106.58, 0.0
106.59, 0.0
106.6, 0.0
106.61, 0.0
106.62, 0.0
106.63, 0.0
106.64, 0.0
106.65, 0.0
106.66, 0.0
106.67, 0.0
106.68, 0.0
106.69, 0.0
106.7, 0.0
106.71, 0.0
106.72, 0.0
106.73, 0.0
106.74, 0.0
106.75, 0.0
106.76, 0.0
106.77, 0.0
106.78, 0.0
106.79, 0.0
106.8, 0.0
106.81, 0.0
106.82, 0.0
106.83, 0.0
106.84, 0.0
106.85, 0.0
106.86, 0.0
106.87, 0.0
106.88, 0.0
106.89, 0.0
106.9, 0.0
106.91, 0.0
106.92, 0.0
106.93, 0.0
106.94, 0.0
106.95, 0.0
106.96, 0.0
106.97, 0.0
106.98, 0.0
106.99, 0.0
107.0, 0.0
107.01, 0.0
107.02, 0.0
107.03, 0.0
107.04, 0.0
107.05, 0.0
107.06, 0.0
107.07, 0.0
107.08, 0.0
107.09, 0.0
107.1, 0.0
107.11, 0.0
107.12, 0.0
107.13, 0.0
107.14, 0.0
107.15, 0.0
107.16, 0.0
107.17, 0.0
107.18, 0.0
107.19, 0.0
107.2, 0.0
107.21, 0.0
107.22, 0.0
107.23, 0.0
107.24, 0.0
107.25, 0.0
107.26, 0.0
107.27, 0.0
107.28, 0.0
107.29, 0.0
107.3, 0.0
107.31, 0.0
107.32, 0.0
107.33, 0.0
107.34, 0.0
107.35, 0.0
107.36, 0.0
107.37, 0.0
107.38, 0.0
107.39, 0.0
107.4, 0.0
107.41, 0.0
107.42, 0.0
107.43, 0.0
107.44, 0.0
107.45, 0.0
107.46, 0.0
107.47, 0.0
107.48, 0.0
107.49, 0.0
107.5, 0.0
107.51, 0.0
107.52, 0.0
107.53, 0.0
107.54, 0.0
107.55, 0.0
107.56, 0.0
107.57, 0.0
107.58, 0.0
107.59, 0.0
107.6, 0.0
107.61, 0.0
107.62, 0.0
107.63, 0.0
107.64, 0.0
107.65, 0.0
107.66, 0.0
107.67, 0.0
107.68, 0.0
107.69, 0.0
107.7, 0.0
107.71, 0.0
107.72, 0.0
107.73, 0.0
107.74, 0.0
107.75, 0.0
107.76, 0.0
107.77, 0.0
107.78, 0.0
107.79, 0.0
107.8, 0.0
107.81, 0.0
107.82, 0.0
107.83, 0.0
107.84, 0.0
107.85, 0.0
107.86, 0.0
107.87, 0.0
107.88, 0.0
107.89, 0.0
107.9, 0.0
107.91, 0.0
107.92, 0.0
107.93, 0.0
107.94, 0.0
107.95, 0.0
107.96, 0.0
107.97, 0.0
107.98, 0.0
107.99, 0.0
108.0, 0.0
108.01, 0.0
108.02, 0.0
108.03, 0.0
108.04, 0.0
108.05, 0.0
108.06, 0.0
108.07, 0.0
108.08, 0.0
108.09, 0.0
108.1, 0.0
108.11, 0.0
108.12, 0.0
108.13, 0.0
108.14, 0.0
108.15, 0.0
108.16, 0.0
108.17, 0.0
108.18, 0.0
108.19, 0.0
108.2, 0.0
108.21, 0.0
108.22, 0.0
108.23, 0.0
108.24, 0.0
108.25, 0.0
108.26, 0.0
108.27, 0.0
108.28, 0.0
108.29, 0.0
108.3, 0.0
108.31, 0.0
108.32, 0.0
108.33, 0.0
108.34, 0.0
108.35, 0.0
108.36, 0.0
108.37, 0.0
108.38, 0.0
108.39, 0.0
108.4, 0.0
108.41, 0.0
108.42, 0.0
108.43, 0.0
108.44, 0.0
108.45, 0.0
108.46, 0.0
108.47, 0.0
108.48, 0.0
108.49, 0.0
108.5, 0.0
108.51, 0.0
108.52, 0.0
108.53, 0.0
108.54, 0.0
108.55, 0.0
108.56, 0.0
108.57, 0.0
108.58, 0.0
108.59, 0.0
108.6, 0.0
108.61, 0.0
108.62, 0.0
108.63, 0.0
108.64, 0.0
108.65, 0.0
108.66, 0.0
108.67, 0.0
108.68, 0.0
108.69, 0.0
108.7, 0.0
108.71, 0.0
108.72, 0.0
108.73, 0.0
108.74, 0.0
108.75, 0.0
108.76, 0.0
108.77, 0.0
108.78, 0.0
108.79, 0.0
108.8, 0.0
108.81, 0.0
108.82, 0.0
108.83, 0.0
108.84, 0.0
108.85, 0.0
108.86, 0.0
108.87, 0.0
108.88, 0.0
108.89, 0.0
108.9, 0.0
108.91, 0.0
108.92, 0.0
108.93, 0.0
108.94, 0.0
108.95, 0.0
108.96, 0.0
108.97, 0.0
108.98, 0.0
108.99, 0.0
109.0, 0.0
109.01, 0.0
109.02, 0.0
109.03, 0.0
109.04, 0.0
109.05, 0.0
109.06, 0.0
109.07, 0.0
109.08, 0.0
109.09, 0.0
109.1, 0.0
109.11, 0.0
109.12, 0.0
109.13, 0.0
109.14, 0.0
109.15, 0.0
109.16, 0.0
109.17, 0.0
109.18, 0.0
109.19, 0.0
109.2, 0.0
109.21, 0.0
109.22, 0.0
109.23, 0.0
109.24, 0.0
109.25, 0.0
109.26, 0.0
109.27, 0.0
109.28, 0.0
109.29, 0.0
109.3, 0.0
109.31, 0.0
109.32, 0.0
109.33, 0.0
109.34, 0.0
109.35, 0.0
109.36, 0.0
109.37, 0.0
109.38, 0.0
109.39, 0.0
109.4, 0.0
109.41, 0.0
109.42, 0.0
109.43, 0.0
109.44, 0.0
109.45, 0.0
109.46, 0.0
109.47, 0.0
109.48, 0.0
109.49, 0.0
109.5, 0.0
109.51, 0.0
109.52, 0.0
109.53, 0.0
109.54, 0.0
109.55, 0.0
109.56, 0.0
109.57, 0.0
109.58, 0.0
109.59, 0.0
109.6, 0.0
109.61, 0.0
109.62, 0.0
109.63, 0.0
109.64, 0.0
109.65, 0.0
109.66, 0.0
109.67, 0.0
109.68, 0.0
109.69, 0.0
109.7, 0.0
109.71, 0.0
109.72, 0.0
109.73, 0.0
109.74, 0.0
109.75, 0.0
109.76, 0.0
109.77, 0.0
109.78, 0.0
109.79, 0.0
109.8, 0.0
109.81, 0.0
109.82, 0.0
109.83, 0.0
109.84, 0.0
109.85, 0.0
109.86, 0.0
109.87, 0.0
109.88, 0.0
109.89, 0.0
109.9, 0.0
109.91, 0.0
109.92, 0.0
109.93, 0.0
109.94, 0.0
109.95, 0.0
109.96, 0.0
109.97, 0.0
109.98, 0.0
109.99, 0.0
110.0, 0.0
110.01, 0.0
110.02, 0.0
110.03, 0.0
110.04, 0.0
110.05, 0.0
110.06, 0.0
110.07, 0.0
110.08, 0.0
110.09, 0.0
110.1, 0.0
110.11, 0.0
110.12, 0.0
110.13, 0.0
110.14, 0.0
110.15, 0.0
110.16, 0.0
110.17, 0.0
110.18, 0.0
110.19, 0.0
110.2, 0.0
110.21, 0.0
110.22, 0.0
110.23, 0.0
110.24, 0.0
110.25, 0.0
110.26, 0.0
110.27, 0.0
110.28, 0.0
110.29, 0.0
110.3, 0.0
110.31, 0.0
110.32, 0.0
110.33, 0.0
110.34, 0.0
110.35, 0.0
110.36, 0.0
110.37, 0.0
110.38, 0.0
110.39, 0.0
110.4, 0.0
110.41, 0.0
110.42, 0.0
110.43, 0.0
110.44, 0.0
110.45, 0.0
110.46, 0.0
110.47, 0.0
110.48, 0.0
110.49, 0.0
110.5, 0.0
110.51, 0.0
110.52, 0.0
110.53, 0.0
110.54, 0.0
110.55, 0.0
110.56, 0.0
110.57, 0.0
110.58, 0.0
110.59, 0.0
110.6, 0.0
110.61, 0.0
110.62, 0.0
110.63, 0.0
110.64, 0.0
110.65, 0.0
110.66, 0.0
110.67, 0.0
110.68, 0.0
110.69, 0.0
110.7, 0.0
110.71, 0.0
110.72, 0.0
110.73, 0.0
110.74, 0.0
110.75, 0.0
110.76, 0.0
110.77, 0.0
110.78, 0.0
110.79, 0.0
110.8, 0.0
110.81, 0.0
110.82, 0.0
110.83, 0.0
110.84, 0.0
110.85, 0.0
110.86, 0.0
110.87, 0.0
110.88, 0.0
110.89, 0.0
110.9, 0.0
110.91, 0.0
110.92, 0.0
110.93, 0.0
110.94, 0.0
110.95, 0.0
110.96, 0.0
110.97, 0.0
110.98, 0.0
110.99, 0.0
111.0, 0.0
111.01, 0.0
111.02, 0.0
111.03, 0.0
111.04, 0.0
111.05, 0.0
111.06, 0.0
111.07, 0.0
111.08, 0.0
111.09, 0.0
111.1, 0.0
111.11, 0.0
111.12, 0.0
111.13, 0.0
111.14, 0.0
111.15, 0.0
111.16, 0.0
111.17, 0.0
111.18, 0.0
111.19, 0.0
111.2, 0.0
111.21, 0.0
111.22, 0.0
111.23, 0.0
111.24, 0.0
111.25, 0.0
111.26, 0.0
111.27, 0.0
111.28, 0.0
111.29, 0.0
111.3, 0.0
111.31, 0.0
111.32, 0.0
111.33, 0.0
111.34, 0.0
111.35, 0.0
111.36, 0.0
111.37, 0.0
111.38, 0.0
111.39, 0.0
111.4, 0.0
111.41, 0.0
111.42, 0.0
111.43, 0.0
111.44, 0.0
111.45, 0.0
111.46, 0.0
111.47, 0.0
111.48, 0.0
111.49, 0.0
111.5, 0.0
111.51, 0.0
111.52, 0.0
111.53, 0.0
111.54, 0.0
111.55, 0.0
111.56, 0.0
111.57, 0.0
111.58, 0.0
111.59, 0.0
111.6, 0.0
111.61, 0.0
111.62, 0.0
111.63, 0.0
111.64, 0.0
111.65, 0.0
111.66, 0.0
111.67, 0.0
111.68, 0.0
111.69, 0.0
111.7, 0.0
111.71, 0.0
111.72, 0.0
111.73, 0.0
111.74, 0.0
111.75, 0.0
111.76, 0.0
111.77, 0.0
111.78, 0.0
111.79, 0.0
111.8, 0.0
111.81, 0.0
111.82, 0.0
111.83, 0.0
111.84, 0.0
111.85, 0.0
111.86, 0.0
111.87, 0.0
111.88, 0.0
111.89, 0.0
111.9, 0.0
111.91, 0.0
111.92, 0.0
111.93, 0.0
111.94, 0.0
111.95, 0.0
111.96, 0.0
111.97, 0.0
111.98, 0.0
111.99, 0.0
112.0, 0.0
112.01, 0.0
112.02, 0.0
112.03, 0.0
112.04, 0.0
112.05, 0.0
112.06, 0.0
112.07, 0.0
112.08, 0.0
112.09, 0.0
112.1, 0.0
112.11, 0.0
112.12, 0.0
112.13, 0.0
112.14, 0.0
112.15, 0.0
112.16, 0.0
112.17, 0.0
112.18, 0.0
112.19, 0.0
112.2, 0.0
112.21, 0.0
112.22, 0.0
112.23, 0.0
112.24, 0.0
112.25, 0.0
112.26, 0.0
112.27, 0.0
112.28, 0.0
112.29, 0.0
112.3, 0.0
112.31, 0.0
112.32, 0.0
112.33, 0.0
112.34, 0.0
112.35, 0.0
112.36, 0.0
112.37, 0.0
112.38, 0.0
112.39, 0.0
112.4, 0.0
112.41, 0.0
112.42, 0.0
112.43, 0.0
112.44, 0.0
112.45, 0.0
112.46, 0.0
112.47, 0.0
112.48, 0.0
112.49, 0.0
112.5, 0.0
112.51, 0.0
112.52, 0.0
112.53, 0.0
112.54, 0.0
112.55, 0.0
112.56, 0.0
112.57, 0.0
112.58, 0.0
112.59, 0.0
112.6, 0.0
112.61, 0.0
112.62, 0.0
112.63, 0.0
112.64, 0.0
112.65, 0.0
112.66, 0.0
112.67, 0.0
112.68, 0.0
112.69, 0.0
112.7, 0.0
112.71, 0.0
112.72, 0.0
112.73, 0.0
112.74, 0.0
112.75, 0.0
112.76, 0.0
112.77, 0.0
112.78, 0.0
112.79, 0.0
112.8, 0.0
112.81, 0.0
112.82, 0.0
112.83, 0.0
112.84, 0.0
112.85, 0.0
112.86, 0.0
112.87, 0.0
112.88, 0.0
112.89, 0.0
112.9, 0.0
112.91, 0.0
112.92, 0.0
112.93, 0.0
112.94, 0.0
112.95, 0.0
112.96, 0.0
112.97, 0.0
112.98, 0.0
112.99, 0.0
113.0, 0.0
113.01, 0.0
113.02, 0.0
113.03, 0.0
113.04, 0.0
113.05, 0.0
113.06, 0.0
113.07, 0.0
113.08, 0.0
113.09, 0.0
113.1, 0.0
113.11, 0.0
113.12, 0.0
113.13, 0.0
113.14, 0.0
113.15, 0.0
113.16, 0.0
113.17, 0.0
113.18, 0.0
113.19, 0.0
113.2, 0.0
113.21, 0.0
113.22, 0.0
113.23, 0.0
113.24, 0.0
113.25, 0.0
113.26, 0.0
113.27, 0.0
113.28, 0.0
113.29, 0.0
113.3, 0.0
113.31, 0.0
113.32, 0.0
113.33, 0.0
113.34, 0.0
113.35, 0.0
113.36, 0.0
113.37, 0.0
113.38, 0.0
113.39, 0.0
113.4, 0.0
113.41, 0.0
113.42, 0.0
113.43, 0.0
113.44, 0.0
113.45, 0.0
113.46, 0.0
113.47, 0.0
113.48, 0.0
113.49, 0.0
113.5, 0.0
113.51, 0.0
113.52, 0.0
113.53, 0.0
113.54, 0.0
113.55, 0.0
113.56, 0.0
113.57, 0.0
113.58, 0.0
113.59, 0.0
113.6, 0.0
113.61, 0.0
113.62, 0.0
113.63, 0.0
113.64, 0.0
113.65, 0.0
113.66, 0.0
113.67, 0.0
113.68, 0.0
113.69, 0.0
113.7, 0.0
113.71, 0.0
113.72, 0.0
113.73, 0.0
113.74, 0.0
113.75, 0.0
113.76, 0.0
113.77, 0.0
113.78, 0.0
113.79, 0.0
113.8, 0.0
113.81, 0.0
113.82, 0.0
113.83, 0.0
113.84, 0.0
113.85, 0.0
113.86, 0.0
113.87, 0.0
113.88, 0.0
113.89, 0.0
113.9, 0.0
113.91, 0.0
113.92, 0.0
113.93, 0.0
113.94, 0.0
113.95, 0.0
113.96, 0.0
113.97, 0.0
113.98, 0.0
113.99, 0.0
114.0, 0.0
114.01, 0.0
114.02, 0.0
114.03, 0.0
114.04, 0.0
114.05, 0.0
114.06, 0.0
114.07, 0.0
114.08, 0.0
114.09, 0.0
114.1, 0.0
114.11, 0.0
114.12, 0.0
114.13, 0.0
114.14, 0.0
114.15, 0.0
114.16, 0.0
114.17, 0.0
114.18, 0.0
114.19, 0.0
114.2, 0.0
114.21, 0.0
114.22, 0.0
114.23, 0.0
114.24, 0.0
114.25, 0.0
114.26, 0.0
114.27, 0.0
114.28, 0.0
114.29, 0.0
114.3, 0.0
114.31, 0.0
114.32, 0.0
114.33, 0.0
114.34, 0.0
114.35, 0.0
114.36, 0.0
114.37, 0.0
114.38, 0.0
114.39, 0.0
114.4, 0.0
114.41, 0.0
114.42, 0.0
114.43, 0.0
114.44, 0.0
114.45, 0.0
114.46, 0.0
114.47, 0.0
114.48, 0.0
114.49, 0.0
114.5, 0.0
114.51, 0.0
114.52, 0.0
114.53, 0.0
114.54, 0.0
114.55, 0.0
114.56, 0.0
114.57, 0.0
114.58, 0.0
114.59, 0.0
114.6, 0.0
114.61, 0.0
114.62, 0.0
114.63, 0.0
114.64, 0.0
114.65, 0.0
114.66, 0.0
114.67, 0.0
114.68, 0.0
114.69, 0.0
114.7, 0.0
114.71, 0.0
114.72, 0.0
114.73, 0.0
114.74, 0.0
114.75, 0.0
114.76, 0.0
114.77, 0.0
114.78, 0.0
114.79, 0.0
114.8, 0.0
114.81, 0.0
114.82, 0.0
114.83, 0.0
114.84, 0.0
114.85, 0.0
114.86, 0.0
114.87, 0.0
114.88, 0.0
114.89, 0.0
114.9, 0.0
114.91, 0.0
114.92, 0.0
114.93, 0.0
114.94, 0.0
114.95, 0.0
114.96, 0.0
114.97, 0.0
114.98, 0.0
114.99, 0.0
115.0, 0.0
115.01, 0.0
115.02, 0.0
115.03, 0.0
115.04, 0.0
115.05, 0.0
115.06, 0.0
115.07, 0.0
115.08, 0.0
115.09, 0.0
115.1, 0.0
115.11, 0.0
115.12, 0.0
115.13, 0.0
115.14, 0.0
115.15, 0.0
115.16, 0.0
115.17, 0.0
115.18, 0.0
115.19, 0.0
115.2, 0.0
115.21, 0.0
115.22, 0.0
115.23, 0.0
115.24, 0.0
115.25, 0.0
115.26, 0.0
115.27, 0.0
115.28, 0.0
115.29, 0.0
115.3, 0.0
115.31, 0.0
115.32, 0.0
115.33, 0.0
115.34, 0.0
115.35, 0.0
115.36, 0.0
115.37, 0.0
115.38, 0.0
115.39, 0.0
115.4, 0.0
115.41, 0.0
115.42, 0.0
115.43, 0.0
115.44, 0.0
115.45, 0.0
115.46, 0.0
115.47, 0.0
115.48, 0.0
115.49, 0.0
115.5, 0.0
115.51, 0.0
115.52, 0.0
115.53, 0.0
115.54, 0.0
115.55, 0.0
115.56, 0.0
115.57, 0.0
115.58, 0.0
115.59, 0.0
115.6, 0.0
115.61, 0.0
115.62, 0.0
115.63, 0.0
115.64, 0.0
115.65, 0.0
115.66, 0.0
115.67, 0.0
115.68, 0.0
115.69, 0.0
115.7, 0.0
115.71, 0.0
115.72, 0.0
115.73, 0.0
115.74, 0.0
115.75, 0.0
115.76, 0.0
115.77, 0.0
115.78, 0.0
115.79, 0.0
115.8, 0.0
115.81, 0.0
115.82, 0.0
115.83, 0.0
115.84, 0.0
115.85, 0.0
115.86, 0.0
115.87, 0.0
115.88, 0.0
115.89, 0.0
115.9, 0.0
115.91, 0.0
115.92, 0.0
115.93, 0.0
115.94, 0.0
115.95, 0.0
115.96, 0.0
115.97, 0.0
115.98, 0.0
115.99, 0.0
116.0, 0.0
116.01, 0.0
116.02, 0.0
116.03, 0.0
116.04, 0.0
116.05, 0.0
116.06, 0.0
116.07, 0.0
116.08, 0.0
116.09, 0.0
116.1, 0.0
116.11, 0.0
116.12, 0.0
116.13, 0.0
116.14, 0.0
116.15, 0.0
116.16, 0.0
116.17, 0.0
116.18, 0.0
116.19, 0.0
116.2, 0.0
116.21, 0.0
116.22, 0.0
116.23, 0.0
116.24, 0.0
116.25, 0.0
116.26, 0.0
116.27, 0.0
116.28, 0.0
116.29, 0.0
116.3, 0.0
116.31, 0.0
116.32, 0.0
116.33, 0.0
116.34, 0.0
116.35, 0.0
116.36, 0.0
116.37, 0.0
116.38, 0.0
116.39, 0.0
116.4, 0.0
116.41, 0.0
116.42, 0.0
116.43, 0.0
116.44, 0.0
116.45, 0.0
116.46, 0.0
116.47, 0.0
116.48, 0.0
116.49, 0.0
116.5, 0.0
116.51, 0.0
116.52, 0.0
116.53, 0.0
116.54, 0.0
116.55, 0.0
116.56, 0.0
116.57, 0.0
116.58, 0.0
116.59, 0.0
116.6, 0.0
116.61, 0.0
116.62, 0.0
116.63, 0.0
116.64, 0.0
116.65, 0.0
116.66, 0.0
116.67, 0.0
116.68, 0.0
116.69, 0.0
116.7, 0.0
116.71, 0.0
116.72, 0.0
116.73, 0.0
116.74, 0.0
116.75, 0.0
116.76, 0.0
116.77, 0.0
116.78, 0.0
116.79, 0.0
116.8, 0.0
116.81, 0.0
116.82, 0.0
116.83, 0.0
116.84, 0.0
116.85, 0.0
116.86, 0.0
116.87, 0.0
116.88, 0.0
116.89, 0.0
116.9, 0.0
116.91, 0.0
116.92, 0.0
116.93, 0.0
116.94, 0.0
116.95, 0.0
116.96, 0.0
116.97, 0.0
116.98, 0.0
116.99, 0.0
117.0, 0.0
117.01, 0.0
117.02, 0.0
117.03, 0.0
117.04, 0.0
117.05, 0.0
117.06, 0.0
117.07, 0.0
117.08, 0.0
117.09, 0.0
117.1, 0.0
117.11, 0.0
117.12, 0.0
117.13, 0.0
117.14, 0.0
117.15, 0.0
117.16, 0.0
117.17, 0.0
117.18, 0.0
117.19, 0.0
117.2, 0.0
117.21, 0.0
117.22, 0.0
117.23, 0.0
117.24, 0.0
117.25, 0.0
117.26, 0.0
117.27, 0.0
117.28, 0.0
117.29, 0.0
117.3, 0.0
117.31, 0.0
117.32, 0.0
117.33, 0.0
117.34, 0.0
117.35, 0.0
117.36, 0.0
117.37, 0.0
117.38, 0.0
117.39, 0.0
117.4, 0.0
117.41, 0.0
117.42, 0.0
117.43, 0.0
117.44, 0.0
117.45, 0.0
117.46, 0.0
117.47, 0.0
117.48, 0.0
117.49, 0.0
117.5, 0.0
117.51, 0.0
117.52, 0.0
117.53, 0.0
117.54, 0.0
117.55, 0.0
117.56, 0.0
117.57, 0.0
117.58, 0.0
117.59, 0.0
117.6, 0.0
117.61, 0.0
117.62, 0.0
117.63, 0.0
117.64, 0.0
117.65, 0.0
117.66, 0.0
117.67, 0.0
117.68, 0.0
117.69, 0.0
117.7, 0.0
117.71, 0.0
117.72, 0.0
117.73, 0.0
117.74, 0.0
117.75, 0.0
117.76, 0.0
117.77, 0.0
117.78, 0.0
117.79, 0.0
117.8, 0.0
117.81, 0.0
117.82, 0.0
117.83, 0.0
117.84, 0.0
117.85, 0.0
117.86, 0.0
117.87, 0.0
117.88, 0.0
117.89, 0.0
117.9, 0.0
117.91, 0.0
117.92, 0.0
117.93, 0.0
117.94, 0.0
117.95, 0.0
117.96, 0.0
117.97, 0.0
117.98, 0.0
117.99, 0.0
118.0, 0.0
118.01, 0.0
118.02, 0.0
118.03, 0.0
118.04, 0.0
118.05, 0.0
118.06, 0.0
118.07, 0.0
118.08, 0.0
118.09, 0.0
118.1, 0.0
118.11, 0.0
118.12, 0.0
118.13, 0.0
118.14, 0.0
118.15, 0.0
118.16, 0.0
118.17, 0.0
118.18, 0.0
118.19, 0.0
118.2, 0.0
118.21, 0.0
118.22, 0.0
118.23, 0.0
118.24, 0.0
118.25, 0.0
118.26, 0.0
118.27, 0.0
118.28, 0.0
118.29, 0.0
118.3, 0.0
118.31, 0.0
118.32, 0.0
118.33, 0.0
118.34, 0.0
118.35, 0.0
118.36, 0.0
118.37, 0.0
118.38, 0.0
118.39, 0.0
118.4, 0.0
118.41, 0.0
118.42, 0.0
118.43, 0.0
118.44, 0.0
118.45, 0.0
118.46, 0.0
118.47, 0.0
118.48, 0.0
118.49, 0.0
118.5, 0.0
118.51, 0.0
118.52, 0.0
118.53, 0.0
118.54, 0.0
118.55, 0.0
118.56, 0.0
118.57, 0.0
118.58, 0.0
118.59, 0.0
118.6, 0.0
118.61, 0.0
118.62, 0.0
118.63, 0.0
118.64, 0.0
118.65, 0.0
118.66, 0.0
118.67, 0.0
118.68, 0.0
118.69, 0.0
118.7, 0.0
118.71, 0.0
118.72, 0.0
118.73, 0.0
118.74, 0.0
118.75, 0.0
118.76, 0.0
118.77, 0.0
118.78, 0.0
118.79, 0.0
118.8, 0.0
118.81, 0.0
118.82, 0.0
118.83, 0.0
118.84, 0.0
118.85, 0.0
118.86, 0.0
118.87, 0.0
118.88, 0.0
118.89, 0.0
118.9, 0.0
118.91, 0.0
118.92, 0.0
118.93, 0.0
118.94, 0.0
118.95, 0.0
118.96, 0.0
118.97, 0.0
118.98, 0.0
118.99, 0.0
119.0, 0.0
119.01, 0.0
119.02, 0.0
119.03, 0.0
119.04, 0.0
119.05, 0.0
119.06, 0.0
119.07, 0.0
119.08, 0.0
119.09, 0.0
119.1, 0.0
119.11, 0.0
119.12, 0.0
119.13, 0.0
119.14, 0.0
119.15, 0.0
119.16, 0.0
119.17, 0.0
119.18, 0.0
119.19, 0.0
119.2, 0.0
119.21, 0.0
119.22, 0.0
119.23, 0.0
119.24, 0.0
119.25, 0.0
119.26, 0.0
119.27, 0.0
119.28, 0.0
119.29, 0.0
119.3, 0.0
119.31, 0.0
119.32, 0.0
119.33, 0.0
119.34, 0.0
119.35, 0.0
119.36, 0.0
119.37, 0.0
119.38, 0.0
119.39, 0.0
119.4, 0.0
119.41, 0.0
119.42, 0.0
119.43, 0.0
119.44, 0.0
119.45, 0.0
119.46, 0.0
119.47, 0.0
119.48, 0.0
119.49, 0.0
119.5, 0.0
119.51, 0.0
119.52, 0.0
119.53, 0.0
119.54, 0.0
119.55, 0.0
119.56, 0.0
119.57, 0.0
119.58, 0.0
119.59, 0.0
119.6, 0.0
119.61, 0.0
119.62, 0.0
119.63, 0.0
119.64, 0.0
119.65, 0.0
119.66, 0.0
119.67, 0.0
119.68, 0.0
119.69, 0.0
119.7, 0.0
119.71, 0.0
119.72, 0.0
119.73, 0.0
119.74, 0.0
119.75, 0.0
119.76, 0.0
119.77, 0.0
119.78, 0.0
119.79, 0.0
119.8, 0.0
119.81, 0.0
119.82, 0.0
119.83, 0.0
119.84, 0.0
119.85, 0.0
119.86, 0.0
119.87, 0.0
119.88, 0.0
119.89, 0.0
119.9, 0.0
119.91, 0.0
119.92, 0.0
119.93, 0.0
119.94, 0.0
119.95, 0.0
119.96, 0.0
119.97, 0.0
119.98, 0.0
119.99, 0.0
120.0, 0.0
120.01, 0.0
120.02, 0.0
120.03, 0.0
120.04, 0.0
120.05, 0.0
120.06, 0.0
120.07, 0.0
120.08, 0.0
120.09, 0.0
120.1, 0.0
120.11, 0.0
120.12, 0.0
120.13, 0.0
120.14, 0.0
120.15, 0.0
120.16, 0.0
120.17, 0.0
120.18, 0.0
120.19, 0.0
120.2, 0.0
120.21, 0.0
120.22, 0.0
120.23, 0.0
120.24, 0.0
120.25, 0.0
120.26, 0.0
120.27, 0.0
120.28, 0.0
120.29, 0.0
120.3, 0.0
120.31, 0.0
120.32, 0.0
120.33, 0.0
120.34, 0.0
120.35, 0.0
120.36, 0.0
120.37, 0.0
120.38, 0.0
120.39, 0.0
120.4, 0.0
120.41, 0.0
120.42, 0.0
120.43, 0.0
120.44, 0.0
120.45, 0.0
120.46, 0.0
120.47, 0.0
120.48, 0.0
120.49, 0.0
120.5, 0.0
120.51, 0.0
120.52, 0.0
120.53, 0.0
120.54, 0.0
120.55, 0.0
120.56, 0.0
120.57, 0.0
120.58, 0.0
120.59, 0.0
120.6, 0.0
120.61, 0.0
120.62, 0.0
120.63, 0.0
120.64, 0.0
120.65, 0.0
120.66, 0.0
120.67, 0.0
120.68, 0.0
120.69, 0.0
120.7, 0.0
120.71, 0.0
120.72, 0.0
120.73, 0.0
120.74, 0.0
120.75, 0.0
120.76, 0.0
120.77, 0.0
120.78, 0.0
120.79, 0.0
120.8, 0.0
120.81, 0.0
120.82, 0.0
120.83, 0.0
120.84, 0.0
120.85, 0.0
120.86, 0.0
120.87, 0.0
120.88, 0.0
120.89, 0.0
120.9, 0.0
120.91, 0.0
120.92, 0.0
120.93, 0.0
120.94, 0.0
120.95, 0.0
120.96, 0.0
120.97, 0.0
120.98, 0.0
120.99, 0.0
121.0, 0.0
121.01, 0.0
121.02, 0.0
121.03, 0.0
121.04, 0.0
121.05, 0.0
121.06, 0.0
121.07, 0.0
121.08, 0.0
121.09, 0.0
121.1, 0.0
121.11, 0.0
121.12, 0.0
121.13, 0.0
121.14, 0.0
121.15, 0.0
121.16, 0.0
121.17, 0.0
121.18, 0.0
121.19, 0.0
121.2, 0.0
121.21, 0.0
121.22, 0.0
121.23, 0.0
121.24, 0.0
121.25, 0.0
121.26, 0.0
121.27, 0.0
121.28, 0.0
121.29, 0.0
121.3, 0.0
121.31, 0.0
121.32, 0.0
121.33, 0.0
121.34, 0.0
121.35, 0.0
121.36, 0.0
121.37, 0.0
121.38, 0.0
121.39, 0.0
121.4, 0.0
121.41, 0.0
121.42, 0.0
121.43, 0.0
121.44, 0.0
121.45, 0.0
121.46, 0.0
121.47, 0.0
121.48, 0.0
121.49, 0.0
121.5, 0.0
121.51, 0.0
121.52, 0.0
121.53, 0.0
121.54, 0.0
121.55, 0.0
121.56, 0.0
121.57, 0.0
121.58, 0.0
121.59, 0.0
121.6, 0.0
121.61, 0.0
121.62, 0.0
121.63, 0.0
121.64, 0.0
121.65, 0.0
121.66, 0.0
121.67, 0.0
121.68, 0.0
121.69, 0.0
121.7, 0.0
121.71, 0.0
121.72, 0.0
121.73, 0.0
121.74, 0.0
121.75, 0.0
121.76, 0.0
121.77, 0.0
121.78, 0.0
121.79, 0.0
121.8, 0.0
121.81, 0.0
121.82, 0.0
121.83, 0.0
121.84, 0.0
121.85, 0.0
121.86, 0.0
121.87, 0.0
121.88, 0.0
121.89, 0.0
121.9, 0.0
121.91, 0.0
121.92, 0.0
121.93, 0.0
121.94, 0.0
121.95, 0.0
121.96, 0.0
121.97, 0.0
121.98, 0.0
121.99, 0.0
122.0, 0.0
122.01, 0.0
122.02, 0.0
122.03, 0.0
122.04, 0.0
122.05, 0.0
122.06, 0.0
122.07, 0.0
122.08, 0.0
122.09, 0.0
122.1, 0.0
122.11, 0.0
122.12, 0.0
122.13, 0.0
122.14, 0.0
122.15, 0.0
122.16, 0.0
122.17, 0.0
122.18, 0.0
122.19, 0.0
122.2, 0.0
122.21, 0.0
122.22, 0.0
122.23, 0.0
122.24, 0.0
122.25, 0.0
122.26, 0.0
122.27, 0.0
122.28, 0.0
122.29, 0.0
122.3, 0.0
122.31, 0.0
122.32, 0.0
122.33, 0.0
122.34, 0.0
122.35, 0.0
122.36, 0.0
122.37, 0.0
122.38, 0.0
122.39, 0.0
122.4, 0.0
122.41, 0.0
122.42, 0.0
122.43, 0.0
122.44, 0.0
122.45, 0.0
122.46, 0.0
122.47, 0.0
122.48, 0.0
122.49, 0.0
122.5, 0.0
122.51, 0.0
122.52, 0.0
122.53, 0.0
122.54, 0.0
122.55, 0.0
122.56, 0.0
122.57, 0.0
122.58, 0.0
122.59, 0.0
122.6, 0.0
122.61, 0.0
122.62, 0.0
122.63, 0.0
122.64, 0.0
122.65, 0.0
122.66, 0.0
122.67, 0.0
122.68, 0.0
122.69, 0.0
122.7, 0.0
122.71, 0.0
122.72, 0.0
122.73, 0.0
122.74, 0.0
122.75, 0.0
122.76, 0.0
122.77, 0.0
122.78, 0.0
122.79, 0.0
122.8, 0.0
122.81, 0.0
122.82, 0.0
122.83, 0.0
122.84, 0.0
122.85, 0.0
122.86, 0.0
122.87, 0.0
122.88, 0.0
122.89, 0.0
122.9, 0.0
122.91, 0.0
122.92, 0.0
122.93, 0.0
122.94, 0.0
122.95, 0.0
122.96, 0.0
122.97, 0.0
122.98, 0.0
122.99, 0.0
123.0, 0.0
123.01, 0.0
123.02, 0.0
123.03, 0.0
123.04, 0.0
123.05, 0.0
123.06, 0.0
123.07, 0.0
123.08, 0.0
123.09, 0.0
123.1, 0.0
123.11, 0.0
123.12, 0.0
123.13, 0.0
123.14, 0.0
123.15, 0.0
123.16, 0.0
123.17, 0.0
123.18, 0.0
123.19, 0.0
123.2, 0.0
123.21, 0.0
123.22, 0.0
123.23, 0.0
123.24, 0.0
123.25, 0.0
123.26, 0.0
123.27, 0.0
123.28, 0.0
123.29, 0.0
123.3, 0.0
123.31, 0.0
123.32, 0.0
123.33, 0.0
123.34, 0.0
123.35, 0.0
123.36, 0.0
123.37, 0.0
123.38, 0.0
123.39, 0.0
123.4, 0.0
123.41, 0.0
123.42, 0.0
123.43, 0.0
123.44, 0.0
123.45, 0.0
123.46, 0.0
123.47, 0.0
123.48, 0.0
123.49, 0.0
123.5, 0.0
123.51, 0.0
123.52, 0.0
123.53, 0.0
123.54, 0.0
123.55, 0.0
123.56, 0.0
123.57, 0.0
123.58, 0.0
123.59, 0.0
123.6, 0.0
123.61, 0.0
123.62, 0.0
123.63, 0.0
123.64, 0.0
123.65, 0.0
123.66, 0.0
123.67, 0.0
123.68, 0.0
123.69, 0.0
123.7, 0.0
123.71, 0.0
123.72, 0.0
123.73, 0.0
123.74, 0.0
123.75, 0.0
123.76, 0.0
123.77, 0.0
123.78, 0.0
123.79, 0.0
123.8, 0.0
123.81, 0.0
123.82, 0.0
123.83, 0.0
123.84, 0.0
123.85, 0.0
123.86, 0.0
123.87, 0.0
123.88, 0.0
123.89, 0.0
123.9, 0.0
123.91, 0.0
123.92, 0.0
123.93, 0.0
123.94, 0.0
123.95, 0.0
123.96, 0.0
123.97, 0.0
123.98, 0.0
123.99, 0.0
124.0, 0.0
124.01, 0.0
124.02, 0.0
124.03, 0.0
124.04, 0.0
124.05, 0.0
124.06, 0.0
124.07, 0.0
124.08, 0.0
124.09, 0.0
124.1, 0.0
124.11, 0.0
124.12, 0.0
124.13, 0.0
124.14, 0.0
124.15, 0.0
124.16, 0.0
124.17, 0.0
124.18, 0.0
124.19, 0.0
124.2, 0.0
124.21, 0.0
124.22, 0.0
124.23, 0.0
124.24, 0.0
124.25, 0.0
124.26, 0.0
124.27, 0.0
124.28, 0.0
124.29, 0.0
124.3, 0.0
124.31, 0.0
124.32, 0.0
124.33, 0.0
124.34, 0.0
124.35, 0.0
124.36, 0.0
124.37, 0.0
124.38, 0.0
124.39, 0.0
124.4, 0.0
124.41, 0.0
124.42, 0.0
124.43, 0.0
124.44, 0.0
124.45, 0.0
124.46, 0.0
124.47, 0.0
124.48, 0.0
124.49, 0.0
124.5, 0.0
124.51, 0.0
124.52, 0.0
124.53, 0.0
124.54, 0.0
124.55, 0.0
124.56, 0.0
124.57, 0.0
124.58, 0.0
124.59, 0.0
124.6, 0.0
124.61, 0.0
124.62, 0.0
124.63, 0.0
124.64, 0.0
124.65, 0.0
124.66, 0.0
124.67, 0.0
124.68, 0.0
124.69, 0.0
124.7, 0.0
124.71, 0.0
124.72, 0.0
124.73, 0.0
124.74, 0.0
124.75, 0.0
124.76, 0.0
124.77, 0.0
124.78, 0.0
124.79, 0.0
124.8, 0.0
124.81, 0.0
124.82, 0.0
124.83, 0.0
124.84, 0.0
124.85, 0.0
124.86, 0.0
124.87, 0.0
124.88, 0.0
124.89, 0.0
124.9, 0.0
124.91, 0.0
124.92, 0.0
124.93, 0.0
124.94, 0.0
124.95, 0.0
124.96, 0.0
124.97, 0.0
124.98, 0.0
124.99, 0.0
125.0, 0.0
125.01, 0.0
125.02, 0.0
125.03, 0.0
125.04, 0.0
125.05, 0.0
125.06, 0.0
125.07, 0.0
125.08, 0.0
125.09, 0.0
125.1, 0.0
125.11, 0.0
125.12, 0.0
125.13, 0.0
125.14, 0.0
125.15, 0.0
125.16, 0.0
125.17, 0.0
125.18, 0.0
125.19, 0.0
125.2, 0.0
125.21, 0.0
125.22, 0.0
125.23, 0.0
125.24, 0.0
125.25, 0.0
125.26, 0.0
125.27, 0.0
125.28, 0.0
125.29, 0.0
125.3, 0.0
125.31, 0.0
125.32, 0.0
125.33, 0.0
125.34, 0.0
125.35, 0.0
125.36, 0.0
125.37, 0.0
125.38, 0.0
125.39, 0.0
125.4, 0.0
125.41, 0.0
125.42, 0.0
125.43, 0.0
125.44, 0.0
125.45, 0.0
125.46, 0.0
125.47, 0.0
125.48, 0.0
125.49, 0.0
125.5, 0.0
125.51, 0.0
125.52, 0.0
125.53, 0.0
125.54, 0.0
125.55, 0.0
125.56, 0.0
125.57, 0.0
125.58, 0.0
125.59, 0.0
125.6, 0.0
125.61, 0.0
125.62, 0.0
125.63, 0.0
125.64, 0.0
125.65, 0.0
125.66, 0.0
125.67, 0.0
125.68, 0.0
125.69, 0.0
125.7, 0.0
125.71, 0.0
125.72, 0.0
125.73, 0.0
125.74, 0.0
125.75, 0.0
125.76, 0.0
125.77, 0.0
125.78, 0.0
125.79, 0.0
125.8, 0.0
125.81, 0.0
125.82, 0.0
125.83, 0.0
125.84, 0.0
125.85, 0.0
125.86, 0.0
125.87, 0.0
125.88, 0.0
125.89, 0.0
125.9, 0.0
125.91, 0.0
125.92, 0.0
125.93, 0.0
125.94, 0.0
125.95, 0.0
125.96, 0.0
125.97, 0.0
125.98, 0.0
125.99, 0.0
126.0, 0.0
126.01, 0.0
126.02, 0.0
126.03, 0.0
126.04, 0.0
126.05, 0.0
126.06, 0.0
126.07, 0.0
126.08, 0.0
126.09, 0.0
126.1, 0.0
126.11, 0.0
126.12, 0.0
126.13, 0.0
126.14, 0.0
126.15, 0.0
126.16, 0.0
126.17, 0.0
126.18, 0.0
126.19, 0.0
126.2, 0.0
126.21, 0.0
126.22, 0.0
126.23, 0.0
126.24, 0.0
126.25, 0.0
126.26, 0.0
126.27, 0.0
126.28, 0.0
126.29, 0.0
126.3, 0.0
126.31, 0.0
126.32, 0.0
126.33, 0.0
126.34, 0.0
126.35, 0.0
126.36, 0.0
126.37, 0.0
126.38, 0.0
126.39, 0.0
126.4, 0.0
126.41, 0.0
126.42, 0.0
126.43, 0.0
126.44, 0.0
126.45, 0.0
126.46, 0.0
126.47, 0.0
126.48, 0.0
126.49, 0.0
126.5, 0.0
126.51, 0.0
126.52, 0.0
126.53, 0.0
126.54, 0.0
126.55, 0.0
126.56, 0.0
126.57, 0.0
126.58, 0.0
126.59, 0.0
126.6, 0.0
126.61, 0.0
126.62, 0.0
126.63, 0.0
126.64, 0.0
126.65, 0.0
126.66, 0.0
126.67, 0.0
126.68, 0.0
126.69, 0.0
126.7, 0.0
126.71, 0.0
126.72, 0.0
126.73, 0.0
126.74, 0.0
126.75, 0.0
126.76, 0.0
126.77, 0.0
126.78, 0.0
126.79, 0.0
126.8, 0.0
126.81, 0.0
126.82, 0.0
126.83, 0.0
126.84, 0.0
126.85, 0.0
126.86, 0.0
126.87, 0.0
126.88, 0.0
126.89, 0.0
126.9, 0.0
126.91, 0.0
126.92, 0.0
126.93, 0.0
126.94, 0.0
126.95, 0.0
126.96, 0.0
126.97, 0.0
126.98, 0.0
126.99, 0.0
127.0, 0.0
127.01, 0.0
127.02, 0.0
127.03, 0.0
127.04, 0.0
127.05, 0.0
127.06, 0.0
127.07, 0.0
127.08, 0.0
127.09, 0.0
127.1, 0.0
127.11, 0.0
127.12, 0.0
127.13, 0.0
127.14, 0.0
127.15, 0.0
127.16, 0.0
127.17, 0.0
127.18, 0.0
127.19, 0.0
127.2, 0.0
127.21, 0.0
127.22, 0.0
127.23, 0.0
127.24, 0.0
127.25, 0.0
127.26, 0.0
127.27, 0.0
127.28, 0.0
127.29, 0.0
127.3, 0.0
127.31, 0.0
127.32, 0.0
127.33, 0.0
127.34, 0.0
127.35, 0.0
127.36, 0.0
127.37, 0.0
127.38, 0.0
127.39, 0.0
127.4, 0.0
127.41, 0.0
127.42, 0.0
127.43, 0.0
127.44, 0.0
127.45, 0.0
127.46, 0.0
127.47, 0.0
127.48, 0.0
127.49, 0.0
127.5, 0.0
127.51, 0.0
127.52, 0.0
127.53, 0.0
127.54, 0.0
127.55, 0.0
127.56, 0.0
127.57, 0.0
127.58, 0.0
127.59, 0.0
127.6, 0.0
127.61, 0.0
127.62, 0.0
127.63, 0.0
127.64, 0.0
127.65, 0.0
127.66, 0.0
127.67, 0.0
127.68, 0.0
127.69, 0.0
127.7, 0.0
127.71, 0.0
127.72, 0.0
127.73, 0.0
127.74, 0.0
127.75, 0.0
127.76, 0.0
127.77, 0.0
127.78, 0.0
127.79, 0.0
127.8, 0.0
127.81, 0.0
127.82, 0.0
127.83, 0.0
127.84, 0.0
127.85, 0.0
127.86, 0.0
127.87, 0.0
127.88, 0.0
127.89, 0.0
127.9, 0.0
127.91, 0.0
127.92, 0.0
127.93, 0.0
127.94, 0.0
127.95, 0.0
127.96, 0.0
127.97, 0.0
127.98, 0.0
127.99, 0.0
128.0, 0.0
128.01, 0.0
128.02, 0.0
128.03, 0.0
128.04, 0.0
128.05, 0.0
128.06, 0.0
128.07, 0.0
128.08, 0.0
128.09, 0.0
128.1, 0.0
128.11, 0.0
128.12, 0.0
128.13, 0.0
128.14, 0.0
128.15, 0.0
128.16, 0.0
128.17, 0.0
128.18, 0.0
128.19, 0.0
128.2, 0.0
128.21, 0.0
128.22, 0.0
128.23, 0.0
128.24, 0.0
128.25, 0.0
128.26, 0.0
128.27, 0.0
128.28, 0.0
128.29, 0.0
128.3, 0.0
128.31, 0.0
128.32, 0.0
128.33, 0.0
128.34, 0.0
128.35, 0.0
128.36, 0.0
128.37, 0.0
128.38, 0.0
128.39, 0.0
128.4, 0.0
128.41, 0.0
128.42, 0.0
128.43, 0.0
128.44, 0.0
128.45, 0.0
128.46, 0.0
128.47, 0.0
128.48, 0.0
128.49, 0.0
128.5, 0.0
128.51, 0.0
128.52, 0.0
128.53, 0.0
128.54, 0.0
128.55, 0.0
128.56, 0.0
128.57, 0.0
128.58, 0.0
128.59, 0.0
128.6, 0.0
128.61, 0.0
128.62, 0.0
128.63, 0.0
128.64, 0.0
128.65, 0.0
128.66, 0.0
128.67, 0.0
128.68, 0.0
128.69, 0.0
128.7, 0.0
128.71, 0.0
128.72, 0.0
128.73, 0.0
128.74, 0.0
128.75, 0.0
128.76, 0.0
128.77, 0.0
128.78, 0.0
128.79, 0.0
128.8, 0.0
128.81, 0.0
128.82, 0.0
128.83, 0.0
128.84, 0.0
128.85, 0.0
128.86, 0.0
128.87, 0.0
128.88, 0.0
128.89, 0.0
128.9, 0.0
128.91, 0.0
128.92, 0.0
128.93, 0.0
128.94, 0.0
128.95, 0.0
128.96, 0.0
128.97, 0.0
128.98, 0.0
128.99, 0.0
129.0, 0.0
129.01, 0.0
129.02, 0.0
129.03, 0.0
129.04, 0.0
129.05, 0.0
129.06, 0.0
129.07, 0.0
129.08, 0.0
129.09, 0.0
129.1, 0.0
129.11, 0.0
129.12, 0.0
129.13, 0.0
129.14, 0.0
129.15, 0.0
129.16, 0.0
129.17, 0.0
129.18, 0.0
129.19, 0.0
129.2, 0.0
129.21, 0.0
129.22, 0.0
129.23, 0.0
129.24, 0.0
129.25, 0.0
129.26, 0.0
129.27, 0.0
129.28, 0.0
129.29, 0.0
129.3, 0.0
129.31, 0.0
129.32, 0.0
129.33, 0.0
129.34, 0.0
129.35, 0.0
129.36, 0.0
129.37, 0.0
129.38, 0.0
129.39, 0.0
129.4, 0.0
129.41, 0.0
129.42, 0.0
129.43, 0.0
129.44, 0.0
129.45, 0.0
129.46, 0.0
129.47, 0.0
129.48, 0.0
129.49, 0.0
129.5, 0.0
129.51, 0.0
129.52, 0.0
129.53, 0.0
129.54, 0.0
129.55, 0.0
129.56, 0.0
129.57, 0.0
129.58, 0.0
129.59, 0.0
129.6, 0.0
129.61, 0.0
129.62, 0.0
129.63, 0.0
129.64, 0.0
129.65, 0.0
129.66, 0.0
129.67, 0.0
129.68, 0.0
129.69, 0.0
129.7, 0.0
129.71, 0.0
129.72, 0.0
129.73, 0.0
129.74, 0.0
129.75, 0.0
129.76, 0.0
129.77, 0.0
129.78, 0.0
129.79, 0.0
129.8, 0.0
129.81, 0.0
129.82, 0.0
129.83, 0.0
129.84, 0.0
129.85, 0.0
129.86, 0.0
129.87, 0.0
129.88, 0.0
129.89, 0.0
129.9, 0.0
129.91, 0.0
129.92, 0.0
129.93, 0.0
129.94, 0.0
129.95, 0.0
129.96, 0.0
129.97, 0.0
129.98, 0.0
129.99, 0.0
130.0, 0.0
130.01, 0.0
130.02, 0.0
130.03, 0.0
130.04, 0.0
130.05, 0.0
130.06, 0.0
130.07, 0.0
130.08, 0.0
130.09, 0.0
130.1, 0.0
130.11, 0.0
130.12, 0.0
130.13, 0.0
130.14, 0.0
130.15, 0.0
130.16, 0.0
130.17, 0.0
130.18, 0.0
130.19, 0.0
130.2, 0.0
130.21, 0.0
130.22, 0.0
130.23, 0.0
130.24, 0.0
130.25, 0.0
130.26, 0.0
130.27, 0.0
130.28, 0.0
130.29, 0.0
130.3, 0.0
130.31, 0.0
130.32, 0.0
130.33, 0.0
130.34, 0.0
130.35, 0.0
130.36, 0.0
130.37, 0.0
130.38, 0.0
130.39, 0.0
130.4, 0.0
130.41, 0.0
130.42, 0.0
130.43, 0.0
130.44, 0.0
130.45, 0.0
130.46, 0.0
130.47, 0.0
130.48, 0.0
130.49, 0.0
130.5, 0.0
130.51, 0.0
130.52, 0.0
130.53, 0.0
130.54, 0.0
130.55, 0.0
130.56, 0.0
130.57, 0.0
130.58, 0.0
130.59, 0.0
130.6, 0.0
130.61, 0.0
130.62, 0.0
130.63, 0.0
130.64, 0.0
130.65, 0.0
130.66, 0.0
130.67, 0.0
130.68, 0.0
130.69, 0.0
130.7, 0.0
130.71, 0.0
130.72, 0.0
130.73, 0.0
130.74, 0.0
130.75, 0.0
130.76, 0.0
130.77, 0.0
130.78, 0.0
130.79, 0.0
130.8, 0.0
130.81, 0.0
130.82, 0.0
130.83, 0.0
130.84, 0.0
130.85, 0.0
130.86, 0.0
130.87, 0.0
130.88, 0.0
130.89, 0.0
130.9, 0.0
130.91, 0.0
130.92, 0.0
130.93, 0.0
130.94, 0.0
130.95, 0.0
130.96, 0.0
130.97, 0.0
130.98, 0.0
130.99, 0.0
131.0, 0.0
131.01, 0.0
131.02, 0.0
131.03, 0.0
131.04, 0.0
131.05, 0.0
131.06, 0.0
131.07, 0.0
131.08, 0.0
131.09, 0.0
131.1, 0.0
131.11, 0.0
131.12, 0.0
131.13, 0.0
131.14, 0.0
131.15, 0.0
131.16, 0.0
131.17, 0.0
131.18, 0.0
131.19, 0.0
131.2, 0.0
131.21, 0.0
131.22, 0.0
131.23, 0.0
131.24, 0.0
131.25, 0.0
131.26, 0.0
131.27, 0.0
131.28, 0.0
131.29, 0.0
131.3, 0.0
131.31, 0.0
131.32, 0.0
131.33, 0.0
131.34, 0.0
131.35, 0.0
131.36, 0.0
131.37, 0.0
131.38, 0.0
131.39, 0.0
131.4, 0.0
131.41, 0.0
131.42, 0.0
131.43, 0.0
131.44, 0.0
131.45, 0.0
131.46, 0.0
131.47, 0.0
131.48, 0.0
131.49, 0.0
131.5, 0.0
131.51, 0.0
131.52, 0.0
131.53, 0.0
131.54, 0.0
131.55, 0.0
131.56, 0.0
131.57, 0.0
131.58, 0.0
131.59, 0.0
131.6, 0.0
131.61, 0.0
131.62, 0.0
131.63, 0.0
131.64, 0.0
131.65, 0.0
131.66, 0.0
131.67, 0.0
131.68, 0.0
131.69, 0.0
131.7, 0.0
131.71, 0.0
131.72, 0.0
131.73, 0.0
131.74, 0.0
131.75, 0.0
131.76, 0.0
131.77, 0.0
131.78, 0.0
131.79, 0.0
131.8, 0.0
131.81, 0.0
131.82, 0.0
131.83, 0.0
131.84, 0.0
131.85, 0.0
131.86, 0.0
131.87, 0.0
131.88, 0.0
131.89, 0.0
131.9, 0.0
131.91, 0.0
131.92, 0.0
131.93, 0.0
131.94, 0.0
131.95, 0.0
131.96, 0.0
131.97, 0.0
131.98, 0.0
131.99, 0.0
132.0, 0.0
132.01, 0.0
132.02, 0.0
132.03, 0.0
132.04, 0.0
132.05, 0.0
132.06, 0.0
132.07, 0.0
132.08, 0.0
132.09, 0.0
132.1, 0.0
132.11, 0.0
132.12, 0.0
132.13, 0.0
132.14, 0.0
132.15, 0.0
132.16, 0.0
132.17, 0.0
132.18, 0.0
132.19, 0.0
132.2, 0.0
132.21, 0.0
132.22, 0.0
132.23, 0.0
132.24, 0.0
132.25, 0.0
132.26, 0.0
132.27, 0.0
132.28, 0.0
132.29, 0.0
132.3, 0.0
132.31, 0.0
132.32, 0.0
132.33, 0.0
132.34, 0.0
132.35, 0.0
132.36, 0.0
132.37, 0.0
132.38, 0.0
132.39, 0.0
132.4, 0.0
132.41, 0.0
132.42, 0.0
132.43, 0.0
132.44, 0.0
132.45, 0.0
132.46, 0.0
132.47, 0.0
132.48, 0.0
132.49, 0.0
132.5, 0.0
132.51, 0.0
132.52, 0.0
132.53, 0.0
132.54, 0.0
132.55, 0.0
132.56, 0.0
132.57, 0.0
132.58, 0.0
132.59, 0.0
132.6, 0.0
132.61, 0.0
132.62, 0.0
132.63, 0.0
132.64, 0.0
132.65, 0.0
132.66, 0.0
132.67, 0.0
132.68, 0.0
132.69, 0.0
132.7, 0.0
132.71, 0.0
132.72, 0.0
132.73, 0.0
132.74, 0.0
132.75, 0.0
132.76, 0.0
132.77, 0.0
132.78, 0.0
132.79, 0.0
132.8, 0.0
132.81, 0.0
132.82, 0.0
132.83, 0.0
132.84, 0.0
132.85, 0.0
132.86, 0.0
132.87, 0.0
132.88, 0.0
132.89, 0.0
132.9, 0.0
132.91, 0.0
132.92, 0.0
132.93, 0.0
132.94, 0.0
132.95, 0.0
132.96, 0.0
132.97, 0.0
132.98, 0.0
132.99, 0.0
133.0, 0.0
133.01, 0.0
133.02, 0.0
133.03, 0.0
133.04, 0.0
133.05, 0.0
133.06, 0.0
133.07, 0.0
133.08, 0.0
133.09, 0.0
133.1, 0.0
133.11, 0.0
133.12, 0.0
133.13, 0.0
133.14, 0.0
133.15, 0.0
133.16, 0.0
133.17, 0.0
133.18, 0.0
133.19, 0.0
133.2, 0.0
133.21, 0.0
133.22, 0.0
133.23, 0.0
133.24, 0.0
133.25, 0.0
133.26, 0.0
133.27, 0.0
133.28, 0.0
133.29, 0.0
133.3, 0.0
133.31, 0.0
133.32, 0.0
133.33, 0.0
133.34, 0.0
133.35, 0.0
133.36, 0.0
133.37, 0.0
133.38, 0.0
133.39, 0.0
133.4, 0.0
133.41, 0.0
133.42, 0.0
133.43, 0.0
133.44, 0.0
133.45, 0.0
133.46, 0.0
133.47, 0.0
133.48, 0.0
133.49, 0.0
133.5, 0.0
133.51, 0.0
133.52, 0.0
133.53, 0.0
133.54, 0.0
133.55, 0.0
133.56, 0.0
133.57, 0.0
133.58, 0.0
133.59, 0.0
133.6, 0.0
133.61, 0.0
133.62, 0.0
133.63, 0.0
133.64, 0.0
133.65, 0.0
133.66, 0.0
133.67, 0.0
133.68, 0.0
133.69, 0.0
133.7, 0.0
133.71, 0.0
133.72, 0.0
133.73, 0.0
133.74, 0.0
133.75, 0.0
133.76, 0.0
133.77, 0.0
133.78, 0.0
133.79, 0.0
133.8, 0.0
133.81, 0.0
133.82, 0.0
133.83, 0.0
133.84, 0.0
133.85, 0.0
133.86, 0.0
133.87, 0.0
133.88, 0.0
133.89, 0.0
133.9, 0.0
133.91, 0.0
133.92, 0.0
133.93, 0.0
133.94, 0.0
133.95, 0.0
133.96, 0.0
133.97, 0.0
133.98, 0.0
133.99, 0.0
134.0, 0.0
134.01, 0.0
134.02, 0.0
134.03, 0.0
134.04, 0.0
134.05, 0.0
134.06, 0.0
134.07, 0.0
134.08, 0.0
134.09, 0.0
134.1, 0.0
134.11, 0.0
134.12, 0.0
134.13, 0.0
134.14, 0.0
134.15, 0.0
134.16, 0.0
134.17, 0.0
134.18, 0.0
134.19, 0.0
134.2, 0.0
134.21, 0.0
134.22, 0.0
134.23, 0.0
134.24, 0.0
134.25, 0.0
134.26, 0.0
134.27, 0.0
134.28, 0.0
134.29, 0.0
134.3, 0.0
134.31, 0.0
134.32, 0.0
134.33, 0.0
134.34, 0.0
134.35, 0.0
134.36, 0.0
134.37, 0.0
134.38, 0.0
134.39, 0.0
134.4, 0.0
134.41, 0.0
134.42, 0.0
134.43, 0.0
134.44, 0.0
134.45, 0.0
134.46, 0.0
134.47, 0.0
134.48, 0.0
134.49, 0.0
134.5, 0.0
134.51, 0.0
134.52, 0.0
134.53, 0.0
134.54, 0.0
134.55, 0.0
134.56, 0.0
134.57, 0.0
134.58, 0.0
134.59, 0.0
134.6, 0.0
134.61, 0.0
134.62, 0.0
134.63, 0.0
134.64, 0.0
134.65, 0.0
134.66, 0.0
134.67, 0.0
134.68, 0.0
134.69, 0.0
134.7, 0.0
134.71, 0.0
134.72, 0.0
134.73, 0.0
134.74, 0.0
134.75, 0.0
134.76, 0.0
134.77, 0.0
134.78, 0.0
134.79, 0.0
134.8, 0.0
134.81, 0.0
134.82, 0.0
134.83, 0.0
134.84, 0.0
134.85, 0.0
134.86, 0.0
134.87, 0.0
134.88, 0.0
134.89, 0.0
134.9, 0.0
134.91, 0.0
134.92, 0.0
134.93, 0.0
134.94, 0.0
134.95, 0.0
134.96, 0.0
134.97, 0.0
134.98, 0.0
134.99, 0.0
135.0, 0.0
135.01, 0.0
135.02, 0.0
135.03, 0.0
135.04, 0.0
135.05, 0.0
135.06, 0.0
135.07, 0.0
135.08, 0.0
135.09, 0.0
135.1, 0.0
135.11, 0.0
135.12, 0.0
135.13, 0.0
135.14, 0.0
135.15, 0.0
135.16, 0.0
135.17, 0.0
135.18, 0.0
135.19, 0.0
135.2, 0.0
135.21, 0.0
135.22, 0.0
135.23, 0.0
135.24, 0.0
135.25, 0.0
135.26, 0.0
135.27, 0.0
135.28, 0.0
135.29, 0.0
135.3, 0.0
135.31, 0.0
135.32, 0.0
135.33, 0.0
135.34, 0.0
135.35, 0.0
135.36, 0.0
135.37, 0.0
135.38, 0.0
135.39, 0.0
135.4, 0.0
135.41, 0.0
135.42, 0.0
135.43, 0.0
135.44, 0.0
135.45, 0.0
135.46, 0.0
135.47, 0.0
135.48, 0.0
135.49, 0.0
135.5, 0.0
135.51, 0.0
135.52, 0.0
135.53, 0.0
135.54, 0.0
135.55, 0.0
135.56, 0.0
135.57, 0.0
135.58, 0.0
135.59, 0.0
135.6, 0.0
135.61, 0.0
135.62, 0.0
135.63, 0.0
135.64, 0.0
135.65, 0.0
135.66, 0.0
135.67, 0.0
135.68, 0.0
135.69, 0.0
135.7, 0.0
135.71, 0.0
135.72, 0.0
135.73, 0.0
135.74, 0.0
135.75, 0.0
135.76, 0.0
135.77, 0.0
135.78, 0.0
135.79, 0.0
135.8, 0.0
135.81, 0.0
135.82, 0.0
135.83, 0.0
135.84, 0.0
135.85, 0.0
135.86, 0.0
135.87, 0.0
135.88, 0.0
135.89, 0.0
135.9, 0.0
135.91, 0.0
135.92, 0.0
135.93, 0.0
135.94, 0.0
135.95, 0.0
135.96, 0.0
135.97, 0.0
135.98, 0.0
135.99, 0.0
136.0, 0.0
136.01, 0.0
136.02, 0.0
136.03, 0.0
136.04, 0.0
136.05, 0.0
136.06, 0.0
136.07, 0.0
136.08, 0.0
136.09, 0.0
136.1, 0.0
136.11, 0.0
136.12, 0.0
136.13, 0.0
136.14, 0.0
136.15, 0.0
136.16, 0.0
136.17, 0.0
136.18, 0.0
136.19, 0.0
136.2, 0.0
136.21, 0.0
136.22, 0.0
136.23, 0.0
136.24, 0.0
136.25, 0.0
136.26, 0.0
136.27, 0.0
136.28, 0.0
136.29, 0.0
136.3, 0.0
136.31, 0.0
136.32, 0.0
136.33, 0.0
136.34, 0.0
136.35, 0.0
136.36, 0.0
136.37, 0.0
136.38, 0.0
136.39, 0.0
136.4, 0.0
136.41, 0.0
136.42, 0.0
136.43, 0.0
136.44, 0.0
136.45, 0.0
136.46, 0.0
136.47, 0.0
136.48, 0.0
136.49, 0.0
136.5, 0.0
136.51, 0.0
136.52, 0.0
136.53, 0.0
136.54, 0.0
136.55, 0.0
136.56, 0.0
136.57, 0.0
136.58, 0.0
136.59, 0.0
136.6, 0.0
136.61, 0.0
136.62, 0.0
136.63, 0.0
136.64, 0.0
136.65, 0.0
136.66, 0.0
136.67, 0.0
136.68, 0.0
136.69, 0.0
136.7, 0.0
136.71, 0.0
136.72, 0.0
136.73, 0.0
136.74, 0.0
136.75, 0.0
136.76, 0.0
136.77, 0.0
136.78, 0.0
136.79, 0.0
136.8, 0.0
136.81, 0.0
136.82, 0.0
136.83, 0.0
136.84, 0.0
136.85, 0.0
136.86, 0.0
136.87, 0.0
136.88, 0.0
136.89, 0.0
136.9, 0.0
136.91, 0.0
136.92, 0.0
136.93, 0.0
136.94, 0.0
136.95, 0.0
136.96, 0.0
136.97, 0.0
136.98, 0.0
136.99, 0.0
137.0, 0.0
137.01, 0.0
137.02, 0.0
137.03, 0.0
137.04, 0.0
137.05, 0.0
137.06, 0.0
137.07, 0.0
137.08, 0.0
137.09, 0.0
137.1, 0.0
137.11, 0.0
137.12, 0.0
137.13, 0.0
137.14, 0.0
137.15, 0.0
137.16, 0.0
137.17, 0.0
137.18, 0.0
137.19, 0.0
137.2, 0.0
137.21, 0.0
137.22, 0.0
137.23, 0.0
137.24, 0.0
137.25, 0.0
137.26, 0.0
137.27, 0.0
137.28, 0.0
137.29, 0.0
137.3, 0.0
137.31, 0.0
137.32, 0.0
137.33, 0.0
137.34, 0.0
137.35, 0.0
137.36, 0.0
137.37, 0.0
137.38, 0.0
137.39, 0.0
137.4, 0.0
137.41, 0.0
137.42, 0.0
137.43, 0.0
137.44, 0.0
137.45, 0.0
137.46, 0.0
137.47, 0.0
137.48, 0.0
137.49, 0.0
137.5, 0.0
137.51, 0.0
137.52, 0.0
137.53, 0.0
137.54, 0.0
137.55, 0.0
137.56, 0.0
137.57, 0.0
137.58, 0.0
137.59, 0.0
137.6, 0.0
137.61, 0.0
137.62, 0.0
137.63, 0.0
137.64, 0.0
137.65, 0.0
137.66, 0.0
137.67, 0.0
137.68, 0.0
137.69, 0.0
137.7, 0.0
137.71, 0.0
137.72, 0.0
137.73, 0.0
137.74, 0.0
137.75, 0.0
137.76, 0.0
137.77, 0.0
137.78, 0.0
137.79, 0.0
137.8, 0.0
137.81, 0.0
137.82, 0.0
137.83, 0.0
137.84, 0.0
137.85, 0.0
137.86, 0.0
137.87, 0.0
137.88, 0.0
137.89, 0.0
137.9, 0.0
137.91, 0.0
137.92, 0.0
137.93, 0.0
137.94, 0.0
137.95, 0.0
137.96, 0.0
137.97, 0.0
137.98, 0.0
137.99, 0.0
138.0, 0.0
138.01, 0.0
138.02, 0.0
138.03, 0.0
138.04, 0.0
138.05, 0.0
138.06, 0.0
138.07, 0.0
138.08, 0.0
138.09, 0.0
138.1, 0.0
138.11, 0.0
138.12, 0.0
138.13, 0.0
138.14, 0.0
138.15, 0.0
138.16, 0.0
138.17, 0.0
138.18, 0.0
138.19, 0.0
138.2, 0.0
138.21, 0.0
138.22, 0.0
138.23, 0.0
138.24, 0.0
138.25, 0.0
138.26, 0.0
138.27, 0.0
138.28, 0.0
138.29, 0.0
138.3, 0.0
138.31, 0.0
138.32, 0.0
138.33, 0.0
138.34, 0.0
138.35, 0.0
138.36, 0.0
138.37, 0.0
138.38, 0.0
138.39, 0.0
138.4, 0.0
138.41, 0.0
138.42, 0.0
138.43, 0.0
138.44, 0.0
138.45, 0.0
138.46, 0.0
138.47, 0.0
138.48, 0.0
138.49, 0.0
138.5, 0.0
138.51, 0.0
138.52, 0.0
138.53, 0.0
138.54, 0.0
138.55, 0.0
138.56, 0.0
138.57, 0.0
138.58, 0.0
138.59, 0.0
138.6, 0.0
138.61, 0.0
138.62, 0.0
138.63, 0.0
138.64, 0.0
138.65, 0.0
138.66, 0.0
138.67, 0.0
138.68, 0.0
138.69, 0.0
138.7, 0.0
138.71, 0.0
138.72, 0.0
138.73, 0.0
138.74, 0.0
138.75, 0.0
138.76, 0.0
138.77, 0.0
138.78, 0.0
138.79, 0.0
138.8, 0.0
138.81, 0.0
138.82, 0.0
138.83, 0.0
138.84, 0.0
138.85, 0.0
138.86, 0.0
138.87, 0.0
138.88, 0.0
138.89, 0.0
138.9, 0.0
138.91, 0.0
138.92, 0.0
138.93, 0.0
138.94, 0.0
138.95, 0.0
138.96, 0.0
138.97, 0.0
138.98, 0.0
138.99, 0.0
139.0, 0.0
139.01, 0.0
139.02, 0.0
139.03, 0.0
139.04, 0.0
139.05, 0.0
139.06, 0.0
139.07, 0.0
139.08, 0.0
139.09, 0.0
139.1, 0.0
139.11, 0.0
139.12, 0.0
139.13, 0.0
139.14, 0.0
139.15, 0.0
139.16, 0.0
139.17, 0.0
139.18, 0.0
139.19, 0.0
139.2, 0.0
139.21, 0.0
139.22, 0.0
139.23, 0.0
139.24, 0.0
139.25, 0.0
139.26, 0.0
139.27, 0.0
139.28, 0.0
139.29, 0.0
139.3, 0.0
139.31, 0.0
139.32, 0.0
139.33, 0.0
139.34, 0.0
139.35, 0.0
139.36, 0.0
139.37, 0.0
139.38, 0.0
139.39, 0.0
139.4, 0.0
139.41, 0.0
139.42, 0.0
139.43, 0.0
139.44, 0.0
139.45, 0.0
139.46, 0.0
139.47, 0.0
139.48, 0.0
139.49, 0.0
139.5, 0.0
139.51, 0.0
139.52, 0.0
139.53, 0.0
139.54, 0.0
139.55, 0.0
139.56, 0.0
139.57, 0.0
139.58, 0.0
139.59, 0.0
139.6, 0.0
139.61, 0.0
139.62, 0.0
139.63, 0.0
139.64, 0.0
139.65, 0.0
139.66, 0.0
139.67, 0.0
139.68, 0.0
139.69, 0.0
139.7, 0.0
139.71, 0.0
139.72, 0.0
139.73, 0.0
139.74, 0.0
139.75, 0.0
139.76, 0.0
139.77, 0.0
139.78, 0.0
139.79, 0.0
139.8, 0.0
139.81, 0.0
139.82, 0.0
139.83, 0.0
139.84, 0.0
139.85, 0.0
139.86, 0.0
139.87, 0.0
139.88, 0.0
139.89, 0.0
139.9, 0.0
139.91, 0.0
139.92, 0.0
139.93, 0.0
139.94, 0.0
139.95, 0.0
139.96, 0.0
139.97, 0.0
139.98, 0.0
139.99, 0.0
140.0, 0.0
140.01, 0.0
140.02, 0.0
140.03, 0.0
140.04, 0.0
140.05, 0.0
140.06, 0.0
140.07, 0.0
140.08, 0.0
140.09, 0.0
140.1, 0.0
140.11, 0.0
140.12, 0.0
140.13, 0.0
140.14, 0.0
140.15, 0.0
140.16, 0.0
140.17, 0.0
140.18, 0.0
140.19, 0.0
140.2, 0.0
140.21, 0.0
140.22, 0.0
140.23, 0.0
140.24, 0.0
140.25, 0.0
140.26, 0.0
140.27, 0.0
140.28, 0.0
140.29, 0.0
140.3, 0.0
140.31, 0.0
140.32, 0.0
140.33, 0.0
140.34, 0.0
140.35, 0.0
140.36, 0.0
140.37, 0.0
140.38, 0.0
140.39, 0.0
140.4, 0.0
140.41, 0.0
140.42, 0.0
140.43, 0.0
140.44, 0.0
140.45, 0.0
140.46, 0.0
140.47, 0.0
140.48, 0.0
140.49, 0.0
140.5, 0.0
140.51, 0.0
140.52, 0.0
140.53, 0.0
140.54, 0.0
140.55, 0.0
140.56, 0.0
140.57, 0.0
140.58, 0.0
140.59, 0.0
140.6, 0.0
140.61, 0.0
140.62, 0.0
140.63, 0.0
140.64, 0.0
140.65, 0.0
140.66, 0.0
140.67, 0.0
140.68, 0.0
140.69, 0.0
140.7, 0.0
140.71, 0.0
140.72, 0.0
140.73, 0.0
140.74, 0.0
140.75, 0.0
140.76, 0.0
140.77, 0.0
140.78, 0.0
140.79, 0.0
140.8, 0.0
140.81, 0.0
140.82, 0.0
140.83, 0.0
140.84, 0.0
140.85, 0.0
140.86, 0.0
140.87, 0.0
140.88, 0.0
140.89, 0.0
140.9, 0.0
140.91, 0.0
140.92, 0.0
140.93, 0.0
140.94, 0.0
140.95, 0.0
140.96, 0.0
140.97, 0.0
140.98, 0.0
140.99, 0.0
141.0, 0.0
141.01, 0.0
141.02, 0.0
141.03, 0.0
141.04, 0.0
141.05, 0.0
141.06, 0.0
141.07, 0.0
141.08, 0.0
141.09, 0.0
141.1, 0.0
141.11, 0.0
141.12, 0.0
141.13, 0.0
141.14, 0.0
141.15, 0.0
141.16, 0.0
141.17, 0.0
141.18, 0.0
141.19, 0.0
141.2, 0.0
141.21, 0.0
141.22, 0.0
141.23, 0.0
141.24, 0.0
141.25, 0.0
141.26, 0.0
141.27, 0.0
141.28, 0.0
141.29, 0.0
141.3, 0.0
141.31, 0.0
141.32, 0.0
141.33, 0.0
141.34, 0.0
141.35, 0.0
141.36, 0.0
141.37, 0.0
141.38, 0.0
141.39, 0.0
141.4, 0.0
141.41, 0.0
141.42, 0.0
141.43, 0.0
141.44, 0.0
141.45, 0.0
141.46, 0.0
141.47, 0.0
141.48, 0.0
141.49, 0.0
141.5, 0.0
141.51, 0.0
141.52, 0.0
141.53, 0.0
141.54, 0.0
141.55, 0.0
141.56, 0.0
141.57, 0.0
141.58, 0.0
141.59, 0.0
141.6, 0.0
141.61, 0.0
141.62, 0.0
141.63, 0.0
141.64, 0.0
141.65, 0.0
141.66, 0.0
141.67, 0.0
141.68, 0.0
141.69, 0.0
141.7, 0.0
141.71, 0.0
141.72, 0.0
141.73, 0.0
141.74, 0.0
141.75, 0.0
141.76, 0.0
141.77, 0.0
141.78, 0.0
141.79, 0.0
141.8, 0.0
141.81, 0.0
141.82, 0.0
141.83, 0.0
141.84, 0.0
141.85, 0.0
141.86, 0.0
141.87, 0.0
141.88, 0.0
141.89, 0.0
141.9, 0.0
141.91, 0.0
141.92, 0.0
141.93, 0.0
141.94, 0.0
141.95, 0.0
141.96, 0.0
141.97, 0.0
141.98, 0.0
141.99, 0.0
142.0, 0.0
142.01, 0.0
142.02, 0.0
142.03, 0.0
142.04, 0.0
142.05, 0.0
142.06, 0.0
142.07, 0.0
142.08, 0.0
142.09, 0.0
142.1, 0.0
142.11, 0.0
142.12, 0.0
142.13, 0.0
142.14, 0.0
142.15, 0.0
142.16, 0.0
142.17, 0.0
142.18, 0.0
142.19, 0.0
142.2, 0.0
142.21, 0.0
142.22, 0.0
142.23, 0.0
142.24, 0.0
142.25, 0.0
142.26, 0.0
142.27, 0.0
142.28, 0.0
142.29, 0.0
142.3, 0.0
142.31, 0.0
142.32, 0.0
142.33, 0.0
142.34, 0.0
142.35, 0.0
142.36, 0.0
142.37, 0.0
142.38, 0.0
142.39, 0.0
142.4, 0.0
142.41, 0.0
142.42, 0.0
142.43, 0.0
142.44, 0.0
142.45, 0.0
142.46, 0.0
142.47, 0.0
142.48, 0.0
142.49, 0.0
142.5, 0.0
142.51, 0.0
142.52, 0.0
142.53, 0.0
142.54, 0.0
142.55, 0.0
142.56, 0.0
142.57, 0.0
142.58, 0.0
142.59, 0.0
142.6, 0.0
142.61, 0.0
142.62, 0.0
142.63, 0.0
142.64, 0.0
142.65, 0.0
142.66, 0.0
142.67, 0.0
142.68, 0.0
142.69, 0.0
142.7, 0.0
142.71, 0.0
142.72, 0.0
142.73, 0.0
142.74, 0.0
142.75, 0.0
142.76, 0.0
142.77, 0.0
142.78, 0.0
142.79, 0.0
142.8, 0.0
142.81, 0.0
142.82, 0.0
142.83, 0.0
142.84, 0.0
142.85, 0.0
142.86, 0.0
142.87, 0.0
142.88, 0.0
142.89, 0.0
142.9, 0.0
142.91, 0.0
142.92, 0.0
142.93, 0.0
142.94, 0.0
142.95, 0.0
142.96, 0.0
142.97, 0.0
142.98, 0.0
142.99, 0.0
143.0, 0.0
143.01, 0.0
143.02, 0.0
143.03, 0.0
143.04, 0.0
143.05, 0.0
143.06, 0.0
143.07, 0.0
143.08, 0.0
143.09, 0.0
143.1, 0.0
143.11, 0.0
143.12, 0.0
143.13, 0.0
143.14, 0.0
143.15, 0.0
143.16, 0.0
143.17, 0.0
143.18, 0.0
143.19, 0.0
143.2, 0.0
143.21, 0.0
143.22, 0.0
143.23, 0.0
143.24, 0.0
143.25, 0.0
143.26, 0.0
143.27, 0.0
143.28, 0.0
143.29, 0.0
143.3, 0.0
143.31, 0.0
143.32, 0.0
143.33, 0.0
143.34, 0.0
143.35, 0.0
143.36, 0.0
143.37, 0.0
143.38, 0.0
143.39, 0.0
143.4, 0.0
143.41, 0.0
143.42, 0.0
143.43, 0.0
143.44, 0.0
143.45, 0.0
143.46, 0.0
143.47, 0.0
143.48, 0.0
143.49, 0.0
143.5, 0.0
143.51, 0.0
143.52, 0.0
143.53, 0.0
143.54, 0.0
143.55, 0.0
143.56, 0.0
143.57, 0.0
143.58, 0.0
143.59, 0.0
143.6, 0.0
143.61, 0.0
143.62, 0.0
143.63, 0.0
143.64, 0.0
143.65, 0.0
143.66, 0.0
143.67, 0.0
143.68, 0.0
143.69, 0.0
143.7, 0.0
143.71, 0.0
143.72, 0.0
143.73, 0.0
143.74, 0.0
143.75, 0.0
143.76, 0.0
143.77, 0.0
143.78, 0.0
143.79, 0.0
143.8, 0.0
143.81, 0.0
143.82, 0.0
143.83, 0.0
143.84, 0.0
143.85, 0.0
143.86, 0.0
143.87, 0.0
143.88, 0.0
143.89, 0.0
143.9, 0.0
143.91, 0.0
143.92, 0.0
143.93, 0.0
143.94, 0.0
143.95, 0.0
143.96, 0.0
143.97, 0.0
143.98, 0.0
143.99, 0.0
144.0, 0.0
144.01, 0.0
144.02, 0.0
144.03, 0.0
144.04, 0.0
144.05, 0.0
144.06, 0.0
144.07, 0.0
144.08, 0.0
144.09, 0.0
144.1, 0.0
144.11, 0.0
144.12, 0.0
144.13, 0.0
144.14, 0.0
144.15, 0.0
144.16, 0.0
144.17, 0.0
144.18, 0.0
144.19, 0.0
144.2, 0.0
144.21, 0.0
144.22, 0.0
144.23, 0.0
144.24, 0.0
144.25, 0.0
144.26, 0.0
144.27, 0.0
144.28, 0.0
144.29, 0.0
144.3, 0.0
144.31, 0.0
144.32, 0.0
144.33, 0.0
144.34, 0.0
144.35, 0.0
144.36, 0.0
144.37, 0.0
144.38, 0.0
144.39, 0.0
144.4, 0.0
144.41, 0.0
144.42, 0.0
144.43, 0.0
144.44, 0.0
144.45, 0.0
144.46, 0.0
144.47, 0.0
144.48, 0.0
144.49, 0.0
144.5, 0.0
144.51, 0.0
144.52, 0.0
144.53, 0.0
144.54, 0.0
144.55, 0.0
144.56, 0.0
144.57, 0.0
144.58, 0.0
144.59, 0.0
144.6, 0.0
144.61, 0.0
144.62, 0.0
144.63, 0.0
144.64, 0.0
144.65, 0.0
144.66, 0.0
144.67, 0.0
144.68, 0.0
144.69, 0.0
144.7, 0.0
144.71, 0.0
144.72, 0.0
144.73, 0.0
144.74, 0.0
144.75, 0.0
144.76, 0.0
144.77, 0.0
144.78, 0.0
144.79, 0.0
144.8, 0.0
144.81, 0.0
144.82, 0.0
144.83, 0.0
144.84, 0.0
144.85, 0.0
144.86, 0.0
144.87, 0.0
144.88, 0.0
144.89, 0.0
144.9, 0.0
144.91, 0.0
144.92, 0.0
144.93, 0.0
144.94, 0.0
144.95, 0.0
144.96, 0.0
144.97, 0.0
144.98, 0.0
144.99, 0.0
145.0, 0.0
145.01, 0.0
145.02, 0.0
145.03, 0.0
145.04, 0.0
145.05, 0.0
145.06, 0.0
145.07, 0.0
145.08, 0.0
145.09, 0.0
145.1, 0.0
145.11, 0.0
145.12, 0.0
145.13, 0.0
145.14, 0.0
145.15, 0.0
145.16, 0.0
145.17, 0.0
145.18, 0.0
145.19, 0.0
145.2, 0.0
145.21, 0.0
145.22, 0.0
145.23, 0.0
145.24, 0.0
145.25, 0.0
145.26, 0.0
145.27, 0.0
145.28, 0.0
145.29, 0.0
145.3, 0.0
145.31, 0.0
145.32, 0.0
145.33, 0.0
145.34, 0.0
145.35, 0.0
145.36, 0.0
145.37, 0.0
145.38, 0.0
145.39, 0.0
145.4, 0.0
145.41, 0.0
145.42, 0.0
145.43, 0.0
145.44, 0.0
145.45, 0.0
145.46, 0.0
145.47, 0.0
145.48, 0.0
145.49, 0.0
145.5, 0.0
145.51, 0.0
145.52, 0.0
145.53, 0.0
145.54, 0.0
145.55, 0.0
145.56, 0.0
145.57, 0.0
145.58, 0.0
145.59, 0.0
145.6, 0.0
145.61, 0.0
145.62, 0.0
145.63, 0.0
145.64, 0.0
145.65, 0.0
145.66, 0.0
145.67, 0.0
145.68, 0.0
145.69, 0.0
145.7, 0.0
145.71, 0.0
145.72, 0.0
145.73, 0.0
145.74, 0.0
145.75, 0.0
145.76, 0.0
145.77, 0.0
145.78, 0.0
145.79, 0.0
145.8, 0.0
145.81, 0.0
145.82, 0.0
145.83, 0.0
145.84, 0.0
145.85, 0.0
145.86, 0.0
145.87, 0.0
145.88, 0.0
145.89, 0.0
145.9, 0.0
145.91, 0.0
145.92, 0.0
145.93, 0.0
145.94, 0.0
145.95, 0.0
145.96, 0.0
145.97, 0.0
145.98, 0.0
145.99, 0.0
146.0, 0.0
146.01, 0.0
146.02, 0.0
146.03, 0.0
146.04, 0.0
146.05, 0.0
146.06, 0.0
146.07, 0.0
146.08, 0.0
146.09, 0.0
146.1, 0.0
146.11, 0.0
146.12, 0.0
146.13, 0.0
146.14, 0.0
146.15, 0.0
146.16, 0.0
146.17, 0.0
146.18, 0.0
146.19, 0.0
146.2, 0.0
146.21, 0.0
146.22, 0.0
146.23, 0.0
146.24, 0.0
146.25, 0.0
146.26, 0.0
146.27, 0.0
146.28, 0.0
146.29, 0.0
146.3, 0.0
146.31, 0.0
146.32, 0.0
146.33, 0.0
146.34, 0.0
146.35, 0.0
146.36, 0.0
146.37, 0.0
146.38, 0.0
146.39, 0.0
146.4, 0.0
146.41, 0.0
146.42, 0.0
146.43, 0.0
146.44, 0.0
146.45, 0.0
146.46, 0.0
146.47, 0.0
146.48, 0.0
146.49, 0.0
146.5, 0.0
146.51, 0.0
146.52, 0.0
146.53, 0.0
146.54, 0.0
146.55, 0.0
146.56, 0.0
146.57, 0.0
146.58, 0.0
146.59, 0.0
146.6, 0.0
146.61, 0.0
146.62, 0.0
146.63, 0.0
146.64, 0.0
146.65, 0.0
146.66, 0.0
146.67, 0.0
146.68, 0.0
146.69, 0.0
146.7, 0.0
146.71, 0.0
146.72, 0.0
146.73, 0.0
146.74, 0.0
146.75, 0.0
146.76, 0.0
146.77, 0.0
146.78, 0.0
146.79, 0.0
146.8, 0.0
146.81, 0.0
146.82, 0.0
146.83, 0.0
146.84, 0.0
146.85, 0.0
146.86, 0.0
146.87, 0.0
146.88, 0.0
146.89, 0.0
146.9, 0.0
146.91, 0.0
146.92, 0.0
146.93, 0.0
146.94, 0.0
146.95, 0.0
146.96, 0.0
146.97, 0.0
146.98, 0.0
146.99, 0.0
147.0, 0.0
147.01, 0.0
147.02, 0.0
147.03, 0.0
147.04, 0.0
147.05, 0.0
147.06, 0.0
147.07, 0.0
147.08, 0.0
147.09, 0.0
147.1, 0.0
147.11, 0.0
147.12, 0.0
147.13, 0.0
147.14, 0.0
147.15, 0.0
147.16, 0.0
147.17, 0.0
147.18, 0.0
147.19, 0.0
147.2, 0.0
147.21, 0.0
147.22, 0.0
147.23, 0.0
147.24, 0.0
147.25, 0.0
147.26, 0.0
147.27, 0.0
147.28, 0.0
147.29, 0.0
147.3, 0.0
147.31, 0.0
147.32, 0.0
147.33, 0.0
147.34, 0.0
147.35, 0.0
147.36, 0.0
147.37, 0.0
147.38, 0.0
147.39, 0.0
147.4, 0.0
147.41, 0.0
147.42, 0.0
147.43, 0.0
147.44, 0.0
147.45, 0.0
147.46, 0.0
147.47, 0.0
147.48, 0.0
147.49, 0.0
147.5, 0.0
147.51, 0.0
147.52, 0.0
147.53, 0.0
147.54, 0.0
147.55, 0.0
147.56, 0.0
147.57, 0.0
147.58, 0.0
147.59, 0.0
147.6, 0.0
147.61, 0.0
147.62, 0.0
147.63, 0.0
147.64, 0.0
147.65, 0.0
147.66, 0.0
147.67, 0.0
147.68, 0.0
147.69, 0.0
147.7, 0.0
147.71, 0.0
147.72, 0.0
147.73, 0.0
147.74, 0.0
147.75, 0.0
147.76, 0.0
147.77, 0.0
147.78, 0.0
147.79, 0.0
147.8, 0.0
147.81, 0.0
147.82, 0.0
147.83, 0.0
147.84, 0.0
147.85, 0.0
147.86, 0.0
147.87, 0.0
147.88, 0.0
147.89, 0.0
147.9, 0.0
147.91, 0.0
147.92, 0.0
147.93, 0.0
147.94, 0.0
147.95, 0.0
147.96, 0.0
147.97, 0.0
147.98, 0.0
147.99, 0.0
148.0, 0.0
148.01, 0.0
148.02, 0.0
148.03, 0.0
148.04, 0.0
148.05, 0.0
148.06, 0.0
148.07, 0.0
148.08, 0.0
148.09, 0.0
148.1, 0.0
148.11, 0.0
148.12, 0.0
148.13, 0.0
148.14, 0.0
148.15, 0.0
148.16, 0.0
148.17, 0.0
148.18, 0.0
148.19, 0.0
148.2, 0.0
148.21, 0.0
148.22, 0.0
148.23, 0.0
148.24, 0.0
148.25, 0.0
148.26, 0.0
148.27, 0.0
148.28, 0.0
148.29, 0.0
148.3, 0.0
148.31, 0.0
148.32, 0.0
148.33, 0.0
148.34, 0.0
148.35, 0.0
148.36, 0.0
148.37, 0.0
148.38, 0.0
148.39, 0.0
148.4, 0.0
148.41, 0.0
148.42, 0.0
148.43, 0.0
148.44, 0.0
148.45, 0.0
148.46, 0.0
148.47, 0.0
148.48, 0.0
148.49, 0.0
148.5, 0.0
148.51, 0.0
148.52, 0.0
148.53, 0.0
148.54, 0.0
148.55, 0.0
148.56, 0.0
148.57, 0.0
148.58, 0.0
148.59, 0.0
148.6, 0.0
148.61, 0.0
148.62, 0.0
148.63, 0.0
148.64, 0.0
148.65, 0.0
148.66, 0.0
148.67, 0.0
148.68, 0.0
148.69, 0.0
148.7, 0.0
148.71, 0.0
148.72, 0.0
148.73, 0.0
148.74, 0.0
148.75, 0.0
148.76, 0.0
148.77, 0.0
148.78, 0.0
148.79, 0.0
148.8, 0.0
148.81, 0.0
148.82, 0.0
148.83, 0.0
148.84, 0.0
148.85, 0.0
148.86, 0.0
148.87, 0.0
148.88, 0.0
148.89, 0.0
148.9, 0.0
148.91, 0.0
148.92, 0.0
148.93, 0.0
148.94, 0.0
148.95, 0.0
148.96, 0.0
148.97, 0.0
148.98, 0.0
148.99, 0.0
149.0, 0.0
149.01, 0.0
149.02, 0.0
149.03, 0.0
149.04, 0.0
149.05, 0.0
149.06, 0.0
149.07, 0.0
149.08, 0.0
149.09, 0.0
149.1, 0.0
149.11, 0.0
149.12, 0.0
149.13, 0.0
149.14, 0.0
149.15, 0.0
149.16, 0.0
149.17, 0.0
149.18, 0.0
149.19, 0.0
149.2, 0.0
149.21, 0.0
149.22, 0.0
149.23, 0.0
149.24, 0.0
149.25, 0.0
149.26, 0.0
149.27, 0.0
149.28, 0.0
149.29, 0.0
149.3, 0.0
149.31, 0.0
149.32, 0.0
149.33, 0.0
149.34, 0.0
149.35, 0.0
149.36, 0.0
149.37, 0.0
149.38, 0.0
149.39, 0.0
149.4, 0.0
149.41, 0.0
149.42, 0.0
149.43, 0.0
149.44, 0.0
149.45, 0.0
149.46, 0.0
149.47, 0.0
149.48, 0.0
149.49, 0.0
149.5, 0.0
149.51, 0.0
149.52, 0.0
149.53, 0.0
149.54, 0.0
149.55, 0.0
149.56, 0.0
149.57, 0.0
149.58, 0.0
149.59, 0.0
149.6, 0.0
149.61, 0.0
149.62, 0.0
149.63, 0.0
149.64, 0.0
149.65, 0.0
149.66, 0.0
149.67, 0.0
149.68, 0.0
149.69, 0.0
149.7, 0.0
149.71, 0.0
149.72, 0.0
149.73, 0.0
149.74, 0.0
149.75, 0.0
149.76, 0.0
149.77, 0.0
149.78, 0.0
149.79, 0.0
149.8, 0.0
149.81, 0.0
149.82, 0.0
149.83, 0.0
149.84, 0.0
149.85, 0.0
149.86, 0.0
149.87, 0.0
149.88, 0.0
149.89, 0.0
149.9, 0.0
149.91, 0.0
149.92, 0.0
149.93, 0.0
149.94, 0.0
149.95, 0.0
149.96, 0.0
149.97, 0.0
149.98, 0.0
149.99, 0.0
150.0, 0.0
150.01, 0.0
150.02, 0.0
150.03, 0.0
150.04, 0.0
150.05, 0.0
150.06, 0.0
150.07, 0.0
150.08, 0.0
150.09, 0.0
150.1, 0.0
150.11, 0.0
150.12, 0.0
150.13, 0.0
150.14, 0.0
150.15, 0.0
150.16, 0.0
150.17, 0.0
150.18, 0.0
150.19, 0.0
150.2, 0.0
150.21, 0.0
150.22, 0.0
150.23, 0.0
150.24, 0.0
150.25, 0.0
150.26, 0.0
150.27, 0.0
150.28, 0.0
150.29, 0.0
150.3, 0.0
150.31, 0.0
150.32, 0.0
150.33, 0.0
150.34, 0.0
150.35, 0.0
150.36, 0.0
150.37, 0.0
150.38, 0.0
150.39, 0.0
150.4, 0.0
150.41, 0.0
150.42, 0.0
150.43, 0.0
150.44, 0.0
150.45, 0.0
150.46, 0.0
150.47, 0.0
150.48, 0.0
150.49, 0.0
150.5, 0.0
150.51, 0.0
150.52, 0.0
150.53, 0.0
150.54, 0.0
150.55, 0.0
150.56, 0.0
150.57, 0.0
150.58, 0.0
150.59, 0.0
150.6, 0.0
150.61, 0.0
150.62, 0.0
150.63, 0.0
150.64, 0.0
150.65, 0.0
150.66, 0.0
150.67, 0.0
150.68, 0.0
150.69, 0.0
150.7, 0.0
150.71, 0.0
150.72, 0.0
150.73, 0.0
150.74, 0.0
150.75, 0.0
150.76, 0.0
150.77, 0.0
150.78, 0.0
150.79, 0.0
150.8, 0.0
150.81, 0.0
150.82, 0.0
150.83, 0.0
150.84, 0.0
150.85, 0.0
150.86, 0.0
150.87, 0.0
150.88, 0.0
150.89, 0.0
150.9, 0.0
150.91, 0.0
150.92, 0.0
150.93, 0.0
150.94, 0.0
150.95, 0.0
150.96, 0.0
150.97, 0.0
150.98, 0.0
150.99, 0.0
151.0, 0.0
151.01, 0.0
151.02, 0.0
151.03, 0.0
151.04, 0.0
151.05, 0.0
151.06, 0.0
151.07, 0.0
151.08, 0.0
151.09, 0.0
151.1, 0.0
151.11, 0.0
151.12, 0.0
151.13, 0.0
151.14, 0.0
151.15, 0.0
151.16, 0.0
151.17, 0.0
151.18, 0.0
151.19, 0.0
151.2, 0.0
151.21, 0.0
151.22, 0.0
151.23, 0.0
151.24, 0.0
151.25, 0.0
151.26, 0.0
151.27, 0.0
151.28, 0.0
151.29, 0.0
151.3, 0.0
151.31, 0.0
151.32, 0.0
151.33, 0.0
151.34, 0.0
151.35, 0.0
151.36, 0.0
151.37, 0.0
151.38, 0.0
151.39, 0.0
151.4, 0.0
151.41, 0.0
151.42, 0.0
151.43, 0.0
151.44, 0.0
151.45, 0.0
151.46, 0.0
151.47, 0.0
151.48, 0.0
151.49, 0.0
151.5, 0.0
151.51, 0.0
151.52, 0.0
151.53, 0.0
151.54, 0.0
151.55, 0.0
151.56, 0.0
151.57, 0.0
151.58, 0.0
151.59, 0.0
151.6, 0.0
151.61, 0.0
151.62, 0.0
151.63, 0.0
151.64, 0.0
151.65, 0.0
151.66, 0.0
151.67, 0.0
151.68, 0.0
151.69, 0.0
151.7, 0.0
151.71, 0.0
151.72, 0.0
151.73, 0.0
151.74, 0.0
151.75, 0.0
151.76, 0.0
151.77, 0.0
151.78, 0.0
151.79, 0.0
151.8, 0.0
151.81, 0.0
151.82, 0.0
151.83, 0.0
151.84, 0.0
151.85, 0.0
151.86, 0.0
151.87, 0.0
151.88, 0.0
151.89, 0.0
151.9, 0.0
151.91, 0.0
151.92, 0.0
151.93, 0.0
151.94, 0.0
151.95, 0.0
151.96, 0.0
151.97, 0.0
151.98, 0.0
151.99, 0.0
152.0, 0.0
152.01, 0.0
152.02, 0.0
152.03, 0.0
152.04, 0.0
152.05, 0.0
152.06, 0.0
152.07, 0.0
152.08, 0.0
152.09, 0.0
152.1, 0.0
152.11, 0.0
152.12, 0.0
152.13, 0.0
152.14, 0.0
152.15, 0.0
152.16, 0.0
152.17, 0.0
152.18, 0.0
152.19, 0.0
152.2, 0.0
152.21, 0.0
152.22, 0.0
152.23, 0.0
152.24, 0.0
152.25, 0.0
152.26, 0.0
152.27, 0.0
152.28, 0.0
152.29, 0.0
152.3, 0.0
152.31, 0.0
152.32, 0.0
152.33, 0.0
152.34, 0.0
152.35, 0.0
152.36, 0.0
152.37, 0.0
152.38, 0.0
152.39, 0.0
152.4, 0.0
152.41, 0.0
152.42, 0.0
152.43, 0.0
152.44, 0.0
152.45, 0.0
152.46, 0.0
152.47, 0.0
152.48, 0.0
152.49, 0.0
152.5, 0.0
152.51, 0.0
152.52, 0.0
152.53, 0.0
152.54, 0.0
152.55, 0.0
152.56, 0.0
152.57, 0.0
152.58, 0.0
152.59, 0.0
152.6, 0.0
152.61, 0.0
152.62, 0.0
152.63, 0.0
152.64, 0.0
152.65, 0.0
152.66, 0.0
152.67, 0.0
152.68, 0.0
152.69, 0.0
152.7, 0.0
152.71, 0.0
152.72, 0.0
152.73, 0.0
152.74, 0.0
152.75, 0.0
152.76, 0.0
152.77, 0.0
152.78, 0.0
152.79, 0.0
152.8, 0.0
152.81, 0.0
152.82, 0.0
152.83, 0.0
152.84, 0.0
152.85, 0.0
152.86, 0.0
152.87, 0.0
152.88, 0.0
152.89, 0.0
152.9, 0.0
152.91, 0.0
152.92, 0.0
152.93, 0.0
152.94, 0.0
152.95, 0.0
152.96, 0.0
152.97, 0.0
152.98, 0.0
152.99, 0.0
153.0, 0.0
153.01, 0.0
153.02, 0.0
153.03, 0.0
153.04, 0.0
153.05, 0.0
153.06, 0.0
153.07, 0.0
153.08, 0.0
153.09, 0.0
153.1, 0.0
153.11, 0.0
153.12, 0.0
153.13, 0.0
153.14, 0.0
153.15, 0.0
153.16, 0.0
153.17, 0.0
153.18, 0.0
153.19, 0.0
153.2, 0.0
153.21, 0.0
153.22, 0.0
153.23, 0.0
153.24, 0.0
153.25, 0.0
153.26, 0.0
153.27, 0.0
153.28, 0.0
153.29, 0.0
153.3, 0.0
153.31, 0.0
153.32, 0.0
153.33, 0.0
153.34, 0.0
153.35, 0.0
153.36, 0.0
153.37, 0.0
153.38, 0.0
153.39, 0.0
153.4, 0.0
153.41, 0.0
153.42, 0.0
153.43, 0.0
153.44, 0.0
153.45, 0.0
153.46, 0.0
153.47, 0.0
153.48, 0.0
153.49, 0.0
153.5, 0.0
153.51, 0.0
153.52, 0.0
153.53, 0.0
153.54, 0.0
153.55, 0.0
153.56, 0.0
153.57, 0.0
153.58, 0.0
153.59, 0.0
153.6, 0.0
153.61, 0.0
153.62, 0.0
153.63, 0.0
153.64, 0.0
153.65, 0.0
153.66, 0.0
153.67, 0.0
153.68, 0.0
153.69, 0.0
153.7, 0.0
153.71, 0.0
153.72, 0.0
153.73, 0.0
153.74, 0.0
153.75, 0.0
153.76, 0.0
153.77, 0.0
153.78, 0.0
153.79, 0.0
153.8, 0.0
153.81, 0.0
153.82, 0.0
153.83, 0.0
153.84, 0.0
153.85, 0.0
153.86, 0.0
153.87, 0.0
153.88, 0.0
153.89, 0.0
153.9, 0.0
153.91, 0.0
153.92, 0.0
153.93, 0.0
153.94, 0.0
153.95, 0.0
153.96, 0.0
153.97, 0.0
153.98, 0.0
153.99, 0.0
154.0, 0.0
154.01, 0.0
154.02, 0.0
154.03, 0.0
154.04, 0.0
154.05, 0.0
154.06, 0.0
154.07, 0.0
154.08, 0.0
154.09, 0.0
154.1, 0.0
154.11, 0.0
154.12, 0.0
154.13, 0.0
154.14, 0.0
154.15, 0.0
154.16, 0.0
154.17, 0.0
154.18, 0.0
154.19, 0.0
154.2, 0.0
154.21, 0.0
154.22, 0.0
154.23, 0.0
154.24, 0.0
154.25, 0.0
154.26, 0.0
154.27, 0.0
154.28, 0.0
154.29, 0.0
154.3, 0.0
154.31, 0.0
154.32, 0.0
154.33, 0.0
154.34, 0.0
154.35, 0.0
154.36, 0.0
154.37, 0.0
154.38, 0.0
154.39, 0.0
154.4, 0.0
154.41, 0.0
154.42, 0.0
154.43, 0.0
154.44, 0.0
154.45, 0.0
154.46, 0.0
154.47, 0.0
154.48, 0.0
154.49, 0.0
154.5, 0.0
154.51, 0.0
154.52, 0.0
154.53, 0.0
154.54, 0.0
154.55, 0.0
154.56, 0.0
154.57, 0.0
154.58, 0.0
154.59, 0.0
154.6, 0.0
154.61, 0.0
154.62, 0.0
154.63, 0.0
154.64, 0.0
154.65, 0.0
154.66, 0.0
154.67, 0.0
154.68, 0.0
154.69, 0.0
154.7, 0.0
154.71, 0.0
154.72, 0.0
154.73, 0.0
154.74, 0.0
154.75, 0.0
154.76, 0.0
154.77, 0.0
154.78, 0.0
154.79, 0.0
154.8, 0.0
154.81, 0.0
154.82, 0.0
154.83, 0.0
154.84, 0.0
154.85, 0.0
154.86, 0.0
154.87, 0.0
154.88, 0.0
154.89, 0.0
154.9, 0.0
154.91, 0.0
154.92, 0.0
154.93, 0.0
154.94, 0.0
154.95, 0.0
154.96, 0.0
154.97, 0.0
154.98, 0.0
154.99, 0.0
155.0, 0.0
155.01, 0.0
155.02, 0.0
155.03, 0.0
155.04, 0.0
155.05, 0.0
155.06, 0.0
155.07, 0.0
155.08, 0.0
155.09, 0.0
155.1, 0.0
155.11, 0.0
155.12, 0.0
155.13, 0.0
155.14, 0.0
155.15, 0.0
155.16, 0.0
155.17, 0.0
155.18, 0.0
155.19, 0.0
155.2, 0.0
155.21, 0.0
155.22, 0.0
155.23, 0.0
155.24, 0.0
155.25, 0.0
155.26, 0.0
155.27, 0.0
155.28, 0.0
155.29, 0.0
155.3, 0.0
155.31, 0.0
155.32, 0.0
155.33, 0.0
155.34, 0.0
155.35, 0.0
155.36, 0.0
155.37, 0.0
155.38, 0.0
155.39, 0.0
155.4, 0.0
155.41, 0.0
155.42, 0.0
155.43, 0.0
155.44, 0.0
155.45, 0.0
155.46, 0.0
155.47, 0.0
155.48, 0.0
155.49, 0.0
155.5, 0.0
155.51, 0.0
155.52, 0.0
155.53, 0.0
155.54, 0.0
155.55, 0.0
155.56, 0.0
155.57, 0.0
155.58, 0.0
155.59, 0.0
155.6, 0.0
155.61, 0.0
155.62, 0.0
155.63, 0.0
155.64, 0.0
155.65, 0.0
155.66, 0.0
155.67, 0.0
155.68, 0.0
155.69, 0.0
155.7, 0.0
155.71, 0.0
155.72, 0.0
155.73, 0.0
155.74, 0.0
155.75, 0.0
155.76, 0.0
155.77, 0.0
155.78, 0.0
155.79, 0.0
155.8, 0.0
155.81, 0.0
155.82, 0.0
155.83, 0.0
155.84, 0.0
155.85, 0.0
155.86, 0.0
155.87, 0.0
155.88, 0.0
155.89, 0.0
155.9, 0.0
155.91, 0.0
155.92, 0.0
155.93, 0.0
155.94, 0.0
155.95, 0.0
155.96, 0.0
155.97, 0.0
155.98, 0.0
155.99, 0.0
156.0, 0.0
156.01, 0.0
156.02, 0.0
156.03, 0.0
156.04, 0.0
156.05, 0.0
156.06, 0.0
156.07, 0.0
156.08, 0.0
156.09, 0.0
156.1, 0.0
156.11, 0.0
156.12, 0.0
156.13, 0.0
156.14, 0.0
156.15, 0.0
156.16, 0.0
156.17, 0.0
156.18, 0.0
156.19, 0.0
156.2, 0.0
156.21, 0.0
156.22, 0.0
156.23, 0.0
156.24, 0.0
156.25, 0.0
156.26, 0.0
156.27, 0.0
156.28, 0.0
156.29, 0.0
156.3, 0.0
156.31, 0.0
156.32, 0.0
156.33, 0.0
156.34, 0.0
156.35, 0.0
156.36, 0.0
156.37, 0.0
156.38, 0.0
156.39, 0.0
156.4, 0.0
156.41, 0.0
156.42, 0.0
156.43, 0.0
156.44, 0.0
156.45, 0.0
156.46, 0.0
156.47, 0.0
156.48, 0.0
156.49, 0.0
156.5, 0.0
156.51, 0.0
156.52, 0.0
156.53, 0.0
156.54, 0.0
156.55, 0.0
156.56, 0.0
156.57, 0.0
156.58, 0.0
156.59, 0.0
156.6, 0.0
156.61, 0.0
156.62, 0.0
156.63, 0.0
156.64, 0.0
156.65, 0.0
156.66, 0.0
156.67, 0.0
156.68, 0.0
156.69, 0.0
156.7, 0.0
156.71, 0.0
156.72, 0.0
156.73, 0.0
156.74, 0.0
156.75, 0.0
156.76, 0.0
156.77, 0.0
156.78, 0.0
156.79, 0.0
156.8, 0.0
156.81, 0.0
156.82, 0.0
156.83, 0.0
156.84, 0.0
156.85, 0.0
156.86, 0.0
156.87, 0.0
156.88, 0.0
156.89, 0.0
156.9, 0.0
156.91, 0.0
156.92, 0.0
156.93, 0.0
156.94, 0.0
156.95, 0.0
156.96, 0.0
156.97, 0.0
156.98, 0.0
156.99, 0.0
157.0, 0.0
157.01, 0.0
157.02, 0.0
157.03, 0.0
157.04, 0.0
157.05, 0.0
157.06, 0.0
157.07, 0.0
157.08, 0.0
157.09, 0.0
157.1, 0.0
157.11, 0.0
157.12, 0.0
157.13, 0.0
157.14, 0.0
157.15, 0.0
157.16, 0.0
157.17, 0.0
157.18, 0.0
157.19, 0.0
157.2, 0.0
157.21, 0.0
157.22, 0.0
157.23, 0.0
157.24, 0.0
157.25, 0.0
157.26, 0.0
157.27, 0.0
157.28, 0.0
157.29, 0.0
157.3, 0.0
157.31, 0.0
157.32, 0.0
157.33, 0.0
157.34, 0.0
157.35, 0.0
157.36, 0.0
157.37, 0.0
157.38, 0.0
157.39, 0.0
157.4, 0.0
157.41, 0.0
157.42, 0.0
157.43, 0.0
157.44, 0.0
157.45, 0.0
157.46, 0.0
157.47, 0.0
157.48, 0.0
157.49, 0.0
157.5, 0.0
157.51, 0.0
157.52, 0.0
157.53, 0.0
157.54, 0.0
157.55, 0.0
157.56, 0.0
157.57, 0.0
157.58, 0.0
157.59, 0.0
157.6, 0.0
157.61, 0.0
157.62, 0.0
157.63, 0.0
157.64, 0.0
157.65, 0.0
157.66, 0.0
157.67, 0.0
157.68, 0.0
157.69, 0.0
157.7, 0.0
157.71, 0.0
157.72, 0.0
157.73, 0.0
157.74, 0.0
157.75, 0.0
157.76, 0.0
157.77, 0.0
157.78, 0.0
157.79, 0.0
157.8, 0.0
157.81, 0.0
157.82, 0.0
157.83, 0.0
157.84, 0.0
157.85, 0.0
157.86, 0.0
157.87, 0.0
157.88, 0.0
157.89, 0.0
157.9, 0.0
157.91, 0.0
157.92, 0.0
157.93, 0.0
157.94, 0.0
157.95, 0.0
157.96, 0.0
157.97, 0.0
157.98, 0.0
157.99, 0.0
158.0, 0.0
158.01, 0.0
158.02, 0.0
158.03, 0.0
158.04, 0.0
158.05, 0.0
158.06, 0.0
158.07, 0.0
158.08, 0.0
158.09, 0.0
158.1, 0.0
158.11, 0.0
158.12, 0.0
158.13, 0.0
158.14, 0.0
158.15, 0.0
158.16, 0.0
158.17, 0.0
158.18, 0.0
158.19, 0.0
158.2, 0.0
158.21, 0.0
158.22, 0.0
158.23, 0.0
158.24, 0.0
158.25, 0.0
158.26, 0.0
158.27, 0.0
158.28, 0.0
158.29, 0.0
158.3, 0.0
158.31, 0.0
158.32, 0.0
158.33, 0.0
158.34, 0.0
158.35, 0.0
158.36, 0.0
158.37, 0.0
158.38, 0.0
158.39, 0.0
158.4, 0.0
158.41, 0.0
158.42, 0.0
158.43, 0.0
158.44, 0.0
158.45, 0.0
158.46, 0.0
158.47, 0.0
158.48, 0.0
158.49, 0.0
158.5, 0.0
158.51, 0.0
158.52, 0.0
158.53, 0.0
158.54, 0.0
158.55, 0.0
158.56, 0.0
158.57, 0.0
158.58, 0.0
158.59, 0.0
158.6, 0.0
158.61, 0.0
158.62, 0.0
158.63, 0.0
158.64, 0.0
158.65, 0.0
158.66, 0.0
158.67, 0.0
158.68, 0.0
158.69, 0.0
158.7, 0.0
158.71, 0.0
158.72, 0.0
158.73, 0.0
158.74, 0.0
158.75, 0.0
158.76, 0.0
158.77, 0.0
158.78, 0.0
158.79, 0.0
158.8, 0.0
158.81, 0.0
158.82, 0.0
158.83, 0.0
158.84, 0.0
158.85, 0.0
158.86, 0.0
158.87, 0.0
158.88, 0.0
158.89, 0.0
158.9, 0.0
158.91, 0.0
158.92, 0.0
158.93, 0.0
158.94, 0.0
158.95, 0.0
158.96, 0.0
158.97, 0.0
158.98, 0.0
158.99, 0.0
159.0, 0.0
159.01, 0.0
159.02, 0.0
159.03, 0.0
159.04, 0.0
159.05, 0.0
159.06, 0.0
159.07, 0.0
159.08, 0.0
159.09, 0.0
159.1, 0.0
159.11, 0.0
159.12, 0.0
159.13, 0.0
159.14, 0.0
159.15, 0.0
159.16, 0.0
159.17, 0.0
159.18, 0.0
159.19, 0.0
159.2, 0.0
159.21, 0.0
159.22, 0.0
159.23, 0.0
159.24, 0.0
159.25, 0.0
159.26, 0.0
159.27, 0.0
159.28, 0.0
159.29, 0.0
159.3, 0.0
159.31, 0.0
159.32, 0.0
159.33, 0.0
159.34, 0.0
159.35, 0.0
159.36, 0.0
159.37, 0.0
159.38, 0.0
159.39, 0.0
159.4, 0.0
159.41, 0.0
159.42, 0.0
159.43, 0.0
159.44, 0.0
159.45, 0.0
159.46, 0.0
159.47, 0.0
159.48, 0.0
159.49, 0.0
159.5, 0.0
159.51, 0.0
159.52, 0.0
159.53, 0.0
159.54, 0.0
159.55, 0.0
159.56, 0.0
159.57, 0.0
159.58, 0.0
159.59, 0.0
159.6, 0.0
159.61, 0.0
159.62, 0.0
159.63, 0.0
159.64, 0.0
159.65, 0.0
159.66, 0.0
159.67, 0.0
159.68, 0.0
159.69, 0.0
159.7, 0.0
159.71, 0.0
159.72, 0.0
159.73, 0.0
159.74, 0.0
159.75, 0.0
159.76, 0.0
159.77, 0.0
159.78, 0.0
159.79, 0.0
159.8, 0.0
159.81, 0.0
159.82, 0.0
159.83, 0.0
159.84, 0.0
159.85, 0.0
159.86, 0.0
159.87, 0.0
159.88, 0.0
159.89, 0.0
159.9, 0.0
159.91, 0.0
159.92, 0.0
159.93, 0.0
159.94, 0.0
159.95, 0.0
159.96, 0.0
159.97, 0.0
159.98, 0.0
159.99, 0.0
160.0, 0.0
160.01, 0.0
160.02, 0.0
160.03, 0.0
160.04, 0.0
160.05, 0.0
160.06, 0.0
160.07, 0.0
160.08, 0.0
160.09, 0.0
160.1, 0.0
160.11, 0.0
160.12, 0.0
160.13, 0.0
160.14, 0.0
160.15, 0.0
160.16, 0.0
160.17, 0.0
160.18, 0.0
160.19, 0.0
160.2, 0.0
160.21, 0.0
160.22, 0.0
160.23, 0.0
160.24, 0.0
160.25, 0.0
160.26, 0.0
160.27, 0.0
160.28, 0.0
160.29, 0.0
160.3, 0.0
160.31, 0.0
160.32, 0.0
160.33, 0.0
160.34, 0.0
160.35, 0.0
160.36, 0.0
160.37, 0.0
160.38, 0.0
160.39, 0.0
160.4, 0.0
160.41, 0.0
160.42, 0.0
160.43, 0.0
160.44, 0.0
160.45, 0.0
160.46, 0.0
160.47, 0.0
160.48, 0.0
160.49, 0.0
160.5, 0.0
160.51, 0.0
160.52, 0.0
160.53, 0.0
160.54, 0.0
160.55, 0.0
160.56, 0.0
160.57, 0.0
160.58, 0.0
160.59, 0.0
160.6, 0.0
160.61, 0.0
160.62, 0.0
160.63, 0.0
160.64, 0.0
160.65, 0.0
160.66, 0.0
160.67, 0.0
160.68, 0.0
160.69, 0.0
160.7, 0.0
160.71, 0.0
160.72, 0.0
160.73, 0.0
160.74, 0.0
160.75, 0.0
160.76, 0.0
160.77, 0.0
160.78, 0.0
160.79, 0.0
160.8, 0.0
160.81, 0.0
160.82, 0.0
160.83, 0.0
160.84, 0.0
160.85, 0.0
160.86, 0.0
160.87, 0.0
160.88, 0.0
160.89, 0.0
160.9, 0.0
160.91, 0.0
160.92, 0.0
160.93, 0.0
160.94, 0.0
160.95, 0.0
160.96, 0.0
160.97, 0.0
160.98, 0.0
160.99, 0.0
161.0, 0.0
161.01, 0.0
161.02, 0.0
161.03, 0.0
161.04, 0.0
161.05, 0.0
161.06, 0.0
161.07, 0.0
161.08, 0.0
161.09, 0.0
161.1, 0.0
161.11, 0.0
161.12, 0.0
161.13, 0.0
161.14, 0.0
161.15, 0.0
161.16, 0.0
161.17, 0.0
161.18, 0.0
161.19, 0.0
161.2, 0.0
161.21, 0.0
161.22, 0.0
161.23, 0.0
161.24, 0.0
161.25, 0.0
161.26, 0.0
161.27, 0.0
161.28, 0.0
161.29, 0.0
161.3, 0.0
161.31, 0.0
161.32, 0.0
161.33, 0.0
161.34, 0.0
161.35, 0.0
161.36, 0.0
161.37, 0.0
161.38, 0.0
161.39, 0.0
161.4, 0.0
161.41, 0.0
161.42, 0.0
161.43, 0.0
161.44, 0.0
161.45, 0.0
161.46, 0.0
161.47, 0.0
161.48, 0.0
161.49, 0.0
161.5, 0.0
161.51, 0.0
161.52, 0.0
161.53, 0.0
161.54, 0.0
161.55, 0.0
161.56, 0.0
161.57, 0.0
161.58, 0.0
161.59, 0.0
161.6, 0.0
161.61, 0.0
161.62, 0.0
161.63, 0.0
161.64, 0.0
161.65, 0.0
161.66, 0.0
161.67, 0.0
161.68, 0.0
161.69, 0.0
161.7, 0.0
161.71, 0.0
161.72, 0.0
161.73, 0.0
161.74, 0.0
161.75, 0.0
161.76, 0.0
161.77, 0.0
161.78, 0.0
161.79, 0.0
161.8, 0.0
161.81, 0.0
161.82, 0.0
161.83, 0.0
161.84, 0.0
161.85, 0.0
161.86, 0.0
161.87, 0.0
161.88, 0.0
161.89, 0.0
161.9, 0.0
161.91, 0.0
161.92, 0.0
161.93, 0.0
161.94, 0.0
161.95, 0.0
161.96, 0.0
161.97, 0.0
161.98, 0.0
161.99, 0.0
162.0, 0.0
162.01, 0.0
162.02, 0.0
162.03, 0.0
162.04, 0.0
162.05, 0.0
162.06, 0.0
162.07, 0.0
162.08, 0.0
162.09, 0.0
162.1, 0.0
162.11, 0.0
162.12, 0.0
162.13, 0.0
162.14, 0.0
162.15, 0.0
162.16, 0.0
162.17, 0.0
162.18, 0.0
162.19, 0.0
162.2, 0.0
162.21, 0.0
162.22, 0.0
162.23, 0.0
162.24, 0.0
162.25, 0.0
162.26, 0.0
162.27, 0.0
162.28, 0.0
162.29, 0.0
162.3, 0.0
162.31, 0.0
162.32, 0.0
162.33, 0.0
162.34, 0.0
162.35, 0.0
162.36, 0.0
162.37, 0.0
162.38, 0.0
162.39, 0.0
162.4, 0.0
162.41, 0.0
162.42, 0.0
162.43, 0.0
162.44, 0.0
162.45, 0.0
162.46, 0.0
162.47, 0.0
162.48, 0.0
162.49, 0.0
162.5, 0.0
162.51, 0.0
162.52, 0.0
162.53, 0.0
162.54, 0.0
162.55, 0.0
162.56, 0.0
162.57, 0.0
162.58, 0.0
162.59, 0.0
162.6, 0.0
162.61, 0.0
162.62, 0.0
162.63, 0.0
162.64, 0.0
162.65, 0.0
162.66, 0.0
162.67, 0.0
162.68, 0.0
162.69, 0.0
162.7, 0.0
162.71, 0.0
162.72, 0.0
162.73, 0.0
162.74, 0.0
162.75, 0.0
162.76, 0.0
162.77, 0.0
162.78, 0.0
162.79, 0.0
162.8, 0.0
162.81, 0.0
162.82, 0.0
162.83, 0.0
162.84, 0.0
162.85, 0.0
162.86, 0.0
162.87, 0.0
162.88, 0.0
162.89, 0.0
162.9, 0.0
162.91, 0.0
162.92, 0.0
162.93, 0.0
162.94, 0.0
162.95, 0.0
162.96, 0.0
162.97, 0.0
162.98, 0.0
162.99, 0.0
163.0, 0.0
163.01, 0.0
163.02, 0.0
163.03, 0.0
163.04, 0.0
163.05, 0.0
163.06, 0.0
163.07, 0.0
163.08, 0.0
163.09, 0.0
163.1, 0.0
163.11, 0.0
163.12, 0.0
163.13, 0.0
163.14, 0.0
163.15, 0.0
163.16, 0.0
163.17, 0.0
163.18, 0.0
163.19, 0.0
163.2, 0.0
163.21, 0.0
163.22, 0.0
163.23, 0.0
163.24, 0.0
163.25, 0.0
163.26, 0.0
163.27, 0.0
163.28, 0.0
163.29, 0.0
163.3, 0.0
163.31, 0.0
163.32, 0.0
163.33, 0.0
163.34, 0.0
163.35, 0.0
163.36, 0.0
163.37, 0.0
163.38, 0.0
163.39, 0.0
163.4, 0.0
163.41, 0.0
163.42, 0.0
163.43, 0.0
163.44, 0.0
163.45, 0.0
163.46, 0.0
163.47, 0.0
163.48, 0.0
163.49, 0.0
163.5, 0.0
163.51, 0.0
163.52, 0.0
163.53, 0.0
163.54, 0.0
163.55, 0.0
163.56, 0.0
163.57, 0.0
163.58, 0.0
163.59, 0.0
163.6, 0.0
163.61, 0.0
163.62, 0.0
163.63, 0.0
163.64, 0.0
163.65, 0.0
163.66, 0.0
163.67, 0.0
163.68, 0.0
163.69, 0.0
163.7, 0.0
163.71, 0.0
163.72, 0.0
163.73, 0.0
163.74, 0.0
163.75, 0.0
163.76, 0.0
163.77, 0.0
163.78, 0.0
163.79, 0.0
163.8, 0.0
163.81, 0.0
163.82, 0.0
163.83, 0.0
163.84, 0.0
163.85, 0.0
163.86, 0.0
163.87, 0.0
163.88, 0.0
163.89, 0.0
163.9, 0.0
163.91, 0.0
163.92, 0.0
163.93, 0.0
163.94, 0.0
163.95, 0.0
163.96, 0.0
163.97, 0.0
163.98, 0.0
163.99, 0.0
164.0, 0.0
164.01, 0.0
164.02, 0.0
164.03, 0.0
164.04, 0.0
164.05, 0.0
164.06, 0.0
164.07, 0.0
164.08, 0.0
164.09, 0.0
164.1, 0.0
164.11, 0.0
164.12, 0.0
164.13, 0.0
164.14, 0.0
164.15, 0.0
164.16, 0.0
164.17, 0.0
164.18, 0.0
164.19, 0.0
164.2, 0.0
164.21, 0.0
164.22, 0.0
164.23, 0.0
164.24, 0.0
164.25, 0.0
164.26, 0.0
164.27, 0.0
164.28, 0.0
164.29, 0.0
164.3, 0.0
164.31, 0.0
164.32, 0.0
164.33, 0.0
164.34, 0.0
164.35, 0.0
164.36, 0.0
164.37, 0.0
164.38, 0.0
164.39, 0.0
164.4, 0.0
164.41, 0.0
164.42, 0.0
164.43, 0.0
164.44, 0.0
164.45, 0.0
164.46, 0.0
164.47, 0.0
164.48, 0.0
164.49, 0.0
164.5, 0.0
164.51, 0.0
164.52, 0.0
164.53, 0.0
164.54, 0.0
164.55, 0.0
164.56, 0.0
164.57, 0.0
164.58, 0.0
164.59, 0.0
164.6, 0.0
164.61, 0.0
164.62, 0.0
164.63, 0.0
164.64, 0.0
164.65, 0.0
164.66, 0.0
164.67, 0.0
164.68, 0.0
164.69, 0.0
164.7, 0.0
164.71, 0.0
164.72, 0.0
164.73, 0.0
164.74, 0.0
164.75, 0.0
164.76, 0.0
164.77, 0.0
164.78, 0.0
164.79, 0.0
164.8, 0.0
164.81, 0.0
164.82, 0.0
164.83, 0.0
164.84, 0.0
164.85, 0.0
164.86, 0.0
164.87, 0.0
164.88, 0.0
164.89, 0.0
164.9, 0.0
164.91, 0.0
164.92, 0.0
164.93, 0.0
164.94, 0.0
164.95, 0.0
164.96, 0.0
164.97, 0.0
164.98, 0.0
164.99, 0.0
165.0, 0.0
165.01, 0.0
165.02, 0.0
165.03, 0.0
165.04, 0.0
165.05, 0.0
165.06, 0.0
165.07, 0.0
165.08, 0.0
165.09, 0.0
165.1, 0.0
165.11, 0.0
165.12, 0.0
165.13, 0.0
165.14, 0.0
165.15, 0.0
165.16, 0.0
165.17, 0.0
165.18, 0.0
165.19, 0.0
165.2, 0.0
165.21, 0.0
165.22, 0.0
165.23, 0.0
165.24, 0.0
165.25, 0.0
165.26, 0.0
165.27, 0.0
165.28, 0.0
165.29, 0.0
165.3, 0.0
165.31, 0.0
165.32, 0.0
165.33, 0.0
165.34, 0.0
165.35, 0.0
165.36, 0.0
165.37, 0.0
165.38, 0.0
165.39, 0.0
165.4, 0.0
165.41, 0.0
165.42, 0.0
165.43, 0.0
165.44, 0.0
165.45, 0.0
165.46, 0.0
165.47, 0.0
165.48, 0.0
165.49, 0.0
165.5, 0.0
165.51, 0.0
165.52, 0.0
165.53, 0.0
165.54, 0.0
165.55, 0.0
165.56, 0.0
165.57, 0.0
165.58, 0.0
165.59, 0.0
165.6, 0.0
165.61, 0.0
165.62, 0.0
165.63, 0.0
165.64, 0.0
165.65, 0.0
165.66, 0.0
165.67, 0.0
165.68, 0.0
165.69, 0.0
165.7, 0.0
165.71, 0.0
165.72, 0.0
165.73, 0.0
165.74, 0.0
165.75, 0.0
165.76, 0.0
165.77, 0.0
165.78, 0.0
165.79, 0.0
165.8, 0.0
165.81, 0.0
165.82, 0.0
165.83, 0.0
165.84, 0.0
165.85, 0.0
165.86, 0.0
165.87, 0.0
165.88, 0.0
165.89, 0.0
165.9, 0.0
165.91, 0.0
165.92, 0.0
165.93, 0.0
165.94, 0.0
165.95, 0.0
165.96, 0.0
165.97, 0.0
165.98, 0.0
165.99, 0.0
166.0, 0.0
166.01, 0.0
166.02, 0.0
166.03, 0.0
166.04, 0.0
166.05, 0.0
166.06, 0.0
166.07, 0.0
166.08, 0.0
166.09, 0.0
166.1, 0.0
166.11, 0.0
166.12, 0.0
166.13, 0.0
166.14, 0.0
166.15, 0.0
166.16, 0.0
166.17, 0.0
166.18, 0.0
166.19, 0.0
166.2, 0.0
166.21, 0.0
166.22, 0.0
166.23, 0.0
166.24, 0.0
166.25, 0.0
166.26, 0.0
166.27, 0.0
166.28, 0.0
166.29, 0.0
166.3, 0.0
166.31, 0.0
166.32, 0.0
166.33, 0.0
166.34, 0.0
166.35, 0.0
166.36, 0.0
166.37, 0.0
166.38, 0.0
166.39, 0.0
166.4, 0.0
166.41, 0.0
166.42, 0.0
166.43, 0.0
166.44, 0.0
166.45, 0.0
166.46, 0.0
166.47, 0.0
166.48, 0.0
166.49, 0.0
166.5, 0.0
166.51, 0.0
166.52, 0.0
166.53, 0.0
166.54, 0.0
166.55, 0.0
166.56, 0.0
166.57, 0.0
166.58, 0.0
166.59, 0.0
166.6, 0.0
166.61, 0.0
166.62, 0.0
166.63, 0.0
166.64, 0.0
166.65, 0.0
166.66, 0.0
166.67, 0.0
166.68, 0.0
166.69, 0.0
166.7, 0.0
166.71, 0.0
166.72, 0.0
166.73, 0.0
166.74, 0.0
166.75, 0.0
166.76, 0.0
166.77, 0.0
166.78, 0.0
166.79, 0.0
166.8, 0.0
166.81, 0.0
166.82, 0.0
166.83, 0.0
166.84, 0.0
166.85, 0.0
166.86, 0.0
166.87, 0.0
166.88, 0.0
166.89, 0.0
166.9, 0.0
166.91, 0.0
166.92, 0.0
166.93, 0.0
166.94, 0.0
166.95, 0.0
166.96, 0.0
166.97, 0.0
166.98, 0.0
166.99, 0.0
167.0, 0.0
167.01, 0.0
167.02, 0.0
167.03, 0.0
167.04, 0.0
167.05, 0.0
167.06, 0.0
167.07, 0.0
167.08, 0.0
167.09, 0.0
167.1, 0.0
167.11, 0.0
167.12, 0.0
167.13, 0.0
167.14, 0.0
167.15, 0.0
167.16, 0.0
167.17, 0.0
167.18, 0.0
167.19, 0.0
167.2, 0.0
167.21, 0.0
167.22, 0.0
167.23, 0.0
167.24, 0.0
167.25, 0.0
167.26, 0.0
167.27, 0.0
167.28, 0.0
167.29, 0.0
167.3, 0.0
167.31, 0.0
167.32, 0.0
167.33, 0.0
167.34, 0.0
167.35, 0.0
167.36, 0.0
167.37, 0.0
167.38, 0.0
167.39, 0.0
167.4, 0.0
167.41, 0.0
167.42, 0.0
167.43, 0.0
167.44, 0.0
167.45, 0.0
167.46, 0.0
167.47, 0.0
167.48, 0.0
167.49, 0.0
167.5, 0.0
167.51, 0.0
167.52, 0.0
167.53, 0.0
167.54, 0.0
167.55, 0.0
167.56, 0.0
167.57, 0.0
167.58, 0.0
167.59, 0.0
167.6, 0.0
167.61, 0.0
167.62, 0.0
167.63, 0.0
167.64, 0.0
167.65, 0.0
167.66, 0.0
167.67, 0.0
167.68, 0.0
167.69, 0.0
167.7, 0.0
167.71, 0.0
167.72, 0.0
167.73, 0.0
167.74, 0.0
167.75, 0.0
167.76, 0.0
167.77, 0.0
167.78, 0.0
167.79, 0.0
167.8, 0.0
167.81, 0.0
167.82, 0.0
167.83, 0.0
167.84, 0.0
167.85, 0.0
167.86, 0.0
167.87, 0.0
167.88, 0.0
167.89, 0.0
167.9, 0.0
167.91, 0.0
167.92, 0.0
167.93, 0.0
167.94, 0.0
167.95, 0.0
167.96, 0.0
167.97, 0.0
167.98, 0.0
167.99, 0.0
168.0, 0.0
168.01, 0.0
168.02, 0.0
168.03, 0.0
168.04, 0.0
168.05, 0.0
168.06, 0.0
168.07, 0.0
168.08, 0.0
168.09, 0.0
168.1, 0.0
168.11, 0.0
168.12, 0.0
168.13, 0.0
168.14, 0.0
168.15, 0.0
168.16, 0.0
168.17, 0.0
168.18, 0.0
168.19, 0.0
168.2, 0.0
168.21, 0.0
168.22, 0.0
168.23, 0.0
168.24, 0.0
168.25, 0.0
168.26, 0.0
168.27, 0.0
168.28, 0.0
168.29, 0.0
168.3, 0.0
168.31, 0.0
168.32, 0.0
168.33, 0.0
168.34, 0.0
168.35, 0.0
168.36, 0.0
168.37, 0.0
168.38, 0.0
168.39, 0.0
168.4, 0.0
168.41, 0.0
168.42, 0.0
168.43, 0.0
168.44, 0.0
168.45, 0.0
168.46, 0.0
168.47, 0.0
168.48, 0.0
168.49, 0.0
168.5, 0.0
168.51, 0.0
168.52, 0.0
168.53, 0.0
168.54, 0.0
168.55, 0.0
168.56, 0.0
168.57, 0.0
168.58, 0.0
168.59, 0.0
168.6, 0.0
168.61, 0.0
168.62, 0.0
168.63, 0.0
168.64, 0.0
168.65, 0.0
168.66, 0.0
168.67, 0.0
168.68, 0.0
168.69, 0.0
168.7, 0.0
168.71, 0.0
168.72, 0.0
168.73, 0.0
168.74, 0.0
168.75, 0.0
168.76, 0.0
168.77, 0.0
168.78, 0.0
168.79, 0.0
168.8, 0.0
168.81, 0.0
168.82, 0.0
168.83, 0.0
168.84, 0.0
168.85, 0.0
168.86, 0.0
168.87, 0.0
168.88, 0.0
168.89, 0.0
168.9, 0.0
168.91, 0.0
168.92, 0.0
168.93, 0.0
168.94, 0.0
168.95, 0.0
168.96, 0.0
168.97, 0.0
168.98, 0.0
168.99, 0.0
169.0, 0.0
169.01, 0.0
169.02, 0.0
169.03, 0.0
169.04, 0.0
169.05, 0.0
169.06, 0.0
169.07, 0.0
169.08, 0.0
169.09, 0.0
169.1, 0.0
169.11, 0.0
169.12, 0.0
169.13, 0.0
169.14, 0.0
169.15, 0.0
169.16, 0.0
169.17, 0.0
169.18, 0.0
169.19, 0.0
169.2, 0.0
169.21, 0.0
169.22, 0.0
169.23, 0.0
169.24, 0.0
169.25, 0.0
169.26, 0.0
169.27, 0.0
169.28, 0.0
169.29, 0.0
169.3, 0.0
169.31, 0.0
169.32, 0.0
169.33, 0.0
169.34, 0.0
169.35, 0.0
169.36, 0.0
169.37, 0.0
169.38, 0.0
169.39, 0.0
169.4, 0.0
169.41, 0.0
169.42, 0.0
169.43, 0.0
169.44, 0.0
169.45, 0.0
169.46, 0.0
169.47, 0.0
169.48, 0.0
169.49, 0.0
169.5, 0.0
169.51, 0.0
169.52, 0.0
169.53, 0.0
169.54, 0.0
169.55, 0.0
169.56, 0.0
169.57, 0.0
169.58, 0.0
169.59, 0.0
169.6, 0.0
169.61, 0.0
169.62, 0.0
169.63, 0.0
169.64, 0.0
169.65, 0.0
169.66, 0.0
169.67, 0.0
169.68, 0.0
169.69, 0.0
169.7, 0.0
169.71, 0.0
169.72, 0.0
169.73, 0.0
169.74, 0.0
169.75, 0.0
169.76, 0.0
169.77, 0.0
169.78, 0.0
169.79, 0.0
169.8, 0.0
169.81, 0.0
169.82, 0.0
169.83, 0.0
169.84, 0.0
169.85, 0.0
169.86, 0.0
169.87, 0.0
169.88, 0.0
169.89, 0.0
169.9, 0.0
169.91, 0.0
169.92, 0.0
169.93, 0.0
169.94, 0.0
169.95, 0.0
169.96, 0.0
169.97, 0.0
169.98, 0.0
169.99, 0.0
170.0, 0.0
170.01, 0.0
170.02, 0.0
170.03, 0.0
170.04, 0.0
170.05, 0.0
170.06, 0.0
170.07, 0.0
170.08, 0.0
170.09, 0.0
170.1, 0.0
170.11, 0.0
170.12, 0.0
170.13, 0.0
170.14, 0.0
170.15, 0.0
170.16, 0.0
170.17, 0.0
170.18, 0.0
170.19, 0.0
170.2, 0.0
170.21, 0.0
170.22, 0.0
170.23, 0.0
170.24, 0.0
170.25, 0.0
170.26, 0.0
170.27, 0.0
170.28, 0.0
170.29, 0.0
170.3, 0.0
170.31, 0.0
170.32, 0.0
170.33, 0.0
170.34, 0.0
170.35, 0.0
170.36, 0.0
170.37, 0.0
170.38, 0.0
170.39, 0.0
170.4, 0.0
170.41, 0.0
170.42, 0.0
170.43, 0.0
170.44, 0.0
170.45, 0.0
170.46, 0.0
170.47, 0.0
170.48, 0.0
170.49, 0.0
170.5, 0.0
170.51, 0.0
170.52, 0.0
170.53, 0.0
170.54, 0.0
170.55, 0.0
170.56, 0.0
170.57, 0.0
170.58, 0.0
170.59, 0.0
170.6, 0.0
170.61, 0.0
170.62, 0.0
170.63, 0.0
170.64, 0.0
170.65, 0.0
170.66, 0.0
170.67, 0.0
170.68, 0.0
170.69, 0.0
170.7, 0.0
170.71, 0.0
170.72, 0.0
170.73, 0.0
170.74, 0.0
170.75, 0.0
170.76, 0.0
170.77, 0.0
170.78, 0.0
170.79, 0.0
170.8, 0.0
170.81, 0.0
170.82, 0.0
170.83, 0.0
170.84, 0.0
170.85, 0.0
170.86, 0.0
170.87, 0.0
170.88, 0.0
170.89, 0.0
170.9, 0.0
170.91, 0.0
170.92, 0.0
170.93, 0.0
170.94, 0.0
170.95, 0.0
170.96, 0.0
170.97, 0.0
170.98, 0.0
170.99, 0.0
171.0, 0.0
171.01, 0.0
171.02, 0.0
171.03, 0.0
171.04, 0.0
171.05, 0.0
171.06, 0.0
171.07, 0.0
171.08, 0.0
171.09, 0.0
171.1, 0.0
171.11, 0.0
171.12, 0.0
171.13, 0.0
171.14, 0.0
171.15, 0.0
171.16, 0.0
171.17, 0.0
171.18, 0.0
171.19, 0.0
171.2, 0.0
171.21, 0.0
171.22, 0.0
171.23, 0.0
171.24, 0.0
171.25, 0.0
171.26, 0.0
171.27, 0.0
171.28, 0.0
171.29, 0.0
171.3, 0.0
171.31, 0.0
171.32, 0.0
171.33, 0.0
171.34, 0.0
171.35, 0.0
171.36, 0.0
171.37, 0.0
171.38, 0.0
171.39, 0.0
171.4, 0.0
171.41, 0.0
171.42, 0.0
171.43, 0.0
171.44, 0.0
171.45, 0.0
171.46, 0.0
171.47, 0.0
171.48, 0.0
171.49, 0.0
171.5, 0.0
171.51, 0.0
171.52, 0.0
171.53, 0.0
171.54, 0.0
171.55, 0.0
171.56, 0.0
171.57, 0.0
171.58, 0.0
171.59, 0.0
171.6, 0.0
171.61, 0.0
171.62, 0.0
171.63, 0.0
171.64, 0.0
171.65, 0.0
171.66, 0.0
171.67, 0.0
171.68, 0.0
171.69, 0.0
171.7, 0.0
171.71, 0.0
171.72, 0.0
171.73, 0.0
171.74, 0.0
171.75, 0.0
171.76, 0.0
171.77, 0.0
171.78, 0.0
171.79, 0.0
171.8, 0.0
171.81, 0.0
171.82, 0.0
171.83, 0.0
171.84, 0.0
171.85, 0.0
171.86, 0.0
171.87, 0.0
171.88, 0.0
171.89, 0.0
171.9, 0.0
171.91, 0.0
171.92, 0.0
171.93, 0.0
171.94, 0.0
171.95, 0.0
171.96, 0.0
171.97, 0.0
171.98, 0.0
171.99, 0.0
172.0, 0.0
172.01, 0.0
172.02, 0.0
172.03, 0.0
172.04, 0.0
172.05, 0.0
172.06, 0.0
172.07, 0.0
172.08, 0.0
172.09, 0.0
172.1, 0.0
172.11, 0.0
172.12, 0.0
172.13, 0.0
172.14, 0.0
172.15, 0.0
172.16, 0.0
172.17, 0.0
172.18, 0.0
172.19, 0.0
172.2, 0.0
172.21, 0.0
172.22, 0.0
172.23, 0.0
172.24, 0.0
172.25, 0.0
172.26, 0.0
172.27, 0.0
172.28, 0.0
172.29, 0.0
172.3, 0.0
172.31, 0.0
172.32, 0.0
172.33, 0.0
172.34, 0.0
172.35, 0.0
172.36, 0.0
172.37, 0.0
172.38, 0.0
172.39, 0.0
172.4, 0.0
172.41, 0.0
172.42, 0.0
172.43, 0.0
172.44, 0.0
172.45, 0.0
172.46, 0.0
172.47, 0.0
172.48, 0.0
172.49, 0.0
172.5, 0.0
172.51, 0.0
172.52, 0.0
172.53, 0.0
172.54, 0.0
172.55, 0.0
172.56, 0.0
172.57, 0.0
172.58, 0.0
172.59, 0.0
172.6, 0.0
172.61, 0.0
172.62, 0.0
172.63, 0.0
172.64, 0.0
172.65, 0.0
172.66, 0.0
172.67, 0.0
172.68, 0.0
172.69, 0.0
172.7, 0.0
172.71, 0.0
172.72, 0.0
172.73, 0.0
172.74, 0.0
172.75, 0.0
172.76, 0.0
172.77, 0.0
172.78, 0.0
172.79, 0.0
172.8, 0.0
172.81, 0.0
172.82, 0.0
172.83, 0.0
172.84, 0.0
172.85, 0.0
172.86, 0.0
172.87, 0.0
172.88, 0.0
172.89, 0.0
172.9, 0.0
172.91, 0.0
172.92, 0.0
172.93, 0.0
172.94, 0.0
172.95, 0.0
172.96, 0.0
172.97, 0.0
172.98, 0.0
172.99, 0.0
173.0, 0.0
173.01, 0.0
173.02, 0.0
173.03, 0.0
173.04, 0.0
173.05, 0.0
173.06, 0.0
173.07, 0.0
173.08, 0.0
173.09, 0.0
173.1, 0.0
173.11, 0.0
173.12, 0.0
173.13, 0.0
173.14, 0.0
173.15, 0.0
173.16, 0.0
173.17, 0.0
173.18, 0.0
173.19, 0.0
173.2, 0.0
173.21, 0.0
173.22, 0.0
173.23, 0.0
173.24, 0.0
173.25, 0.0
173.26, 0.0
173.27, 0.0
173.28, 0.0
173.29, 0.0
173.3, 0.0
173.31, 0.0
173.32, 0.0
173.33, 0.0
173.34, 0.0
173.35, 0.0
173.36, 0.0
173.37, 0.0
173.38, 0.0
173.39, 0.0
173.4, 0.0
173.41, 0.0
173.42, 0.0
173.43, 0.0
173.44, 0.0
173.45, 0.0
173.46, 0.0
173.47, 0.0
173.48, 0.0
173.49, 0.0
173.5, 0.0
173.51, 0.0
173.52, 0.0
173.53, 0.0
173.54, 0.0
173.55, 0.0
173.56, 0.0
173.57, 0.0
173.58, 0.0
173.59, 0.0
173.6, 0.0
173.61, 0.0
173.62, 0.0
173.63, 0.0
173.64, 0.0
173.65, 0.0
173.66, 0.0
173.67, 0.0
173.68, 0.0
173.69, 0.0
173.7, 0.0
173.71, 0.0
173.72, 0.0
173.73, 0.0
173.74, 0.0
173.75, 0.0
173.76, 0.0
173.77, 0.0
173.78, 0.0
173.79, 0.0
173.8, 0.0
173.81, 0.0
173.82, 0.0
173.83, 0.0
173.84, 0.0
173.85, 0.0
173.86, 0.0
173.87, 0.0
173.88, 0.0
173.89, 0.0
173.9, 0.0
173.91, 0.0
173.92, 0.0
173.93, 0.0
173.94, 0.0
173.95, 0.0
173.96, 0.0
173.97, 0.0
173.98, 0.0
173.99, 0.0
174.0, 0.0
174.01, 0.0
174.02, 0.0
174.03, 0.0
174.04, 0.0
174.05, 0.0
174.06, 0.0
174.07, 0.0
174.08, 0.0
174.09, 0.0
174.1, 0.0
174.11, 0.0
174.12, 0.0
174.13, 0.0
174.14, 0.0
174.15, 0.0
174.16, 0.0
174.17, 0.0
174.18, 0.0
174.19, 0.0
174.2, 0.0
174.21, 0.0
174.22, 0.0
174.23, 0.0
174.24, 0.0
174.25, 0.0
174.26, 0.0
174.27, 0.0
174.28, 0.0
174.29, 0.0
174.3, 0.0
174.31, 0.0
174.32, 0.0
174.33, 0.0
174.34, 0.0
174.35, 0.0
174.36, 0.0
174.37, 0.0
174.38, 0.0
174.39, 0.0
174.4, 0.0
174.41, 0.0
174.42, 0.0
174.43, 0.0
174.44, 0.0
174.45, 0.0
174.46, 0.0
174.47, 0.0
174.48, 0.0
174.49, 0.0
174.5, 0.0
174.51, 0.0
174.52, 0.0
174.53, 0.0
174.54, 0.0
174.55, 0.0
174.56, 0.0
174.57, 0.0
174.58, 0.0
174.59, 0.0
174.6, 0.0
174.61, 0.0
174.62, 0.0
174.63, 0.0
174.64, 0.0
174.65, 0.0
174.66, 0.0
174.67, 0.0
174.68, 0.0
174.69, 0.0
174.7, 0.0
174.71, 0.0
174.72, 0.0
174.73, 0.0
174.74, 0.0
174.75, 0.0
174.76, 0.0
174.77, 0.0
174.78, 0.0
174.79, 0.0
174.8, 0.0
174.81, 0.0
174.82, 0.0
174.83, 0.0
174.84, 0.0
174.85, 0.0
174.86, 0.0
174.87, 0.0
174.88, 0.0
174.89, 0.0
174.9, 0.0
174.91, 0.0
174.92, 0.0
174.93, 0.0
174.94, 0.0
174.95, 0.0
174.96, 0.0
174.97, 0.0
174.98, 0.0
174.99, 0.0
175.0, 0.0
175.01, 0.0
175.02, 0.0
175.03, 0.0
175.04, 0.0
175.05, 0.0
175.06, 0.0
175.07, 0.0
175.08, 0.0
175.09, 0.0
175.1, 0.0
175.11, 0.0
175.12, 0.0
175.13, 0.0
175.14, 0.0
175.15, 0.0
175.16, 0.0
175.17, 0.0
175.18, 0.0
175.19, 0.0
175.2, 0.0
175.21, 0.0
175.22, 0.0
175.23, 0.0
175.24, 0.0
175.25, 0.0
175.26, 0.0
175.27, 0.0
175.28, 0.0
175.29, 0.0
175.3, 0.0
175.31, 0.0
175.32, 0.0
175.33, 0.0
175.34, 0.0
175.35, 0.0
175.36, 0.0
175.37, 0.0
175.38, 0.0
175.39, 0.0
175.4, 0.0
175.41, 0.0
175.42, 0.0
175.43, 0.0
175.44, 0.0
175.45, 0.0
175.46, 0.0
175.47, 0.0
175.48, 0.0
175.49, 0.0
175.5, 0.0
175.51, 0.0
175.52, 0.0
175.53, 0.0
175.54, 0.0
175.55, 0.0
175.56, 0.0
175.57, 0.0
175.58, 0.0
175.59, 0.0
175.6, 0.0
175.61, 0.0
175.62, 0.0
175.63, 0.0
175.64, 0.0
175.65, 0.0
175.66, 0.0
175.67, 0.0
175.68, 0.0
175.69, 0.0
175.7, 0.0
175.71, 0.0
175.72, 0.0
175.73, 0.0
175.74, 0.0
175.75, 0.0
175.76, 0.0
175.77, 0.0
175.78, 0.0
175.79, 0.0
175.8, 0.0
175.81, 0.0
175.82, 0.0
175.83, 0.0
175.84, 0.0
175.85, 0.0
175.86, 0.0
175.87, 0.0
175.88, 0.0
175.89, 0.0
175.9, 0.0
175.91, 0.0
175.92, 0.0
175.93, 0.0
175.94, 0.0
175.95, 0.0
175.96, 0.0
175.97, 0.0
175.98, 0.0
175.99, 0.0
176.0, 0.0
176.01, 0.0
176.02, 0.0
176.03, 0.0
176.04, 0.0
176.05, 0.0
176.06, 0.0
176.07, 0.0
176.08, 0.0
176.09, 0.0
176.1, 0.0
176.11, 0.0
176.12, 0.0
176.13, 0.0
176.14, 0.0
176.15, 0.0
176.16, 0.0
176.17, 0.0
176.18, 0.0
176.19, 0.0
176.2, 0.0
176.21, 0.0
176.22, 0.0
176.23, 0.0
176.24, 0.0
176.25, 0.0
176.26, 0.0
176.27, 0.0
176.28, 0.0
176.29, 0.0
176.3, 0.0
176.31, 0.0
176.32, 0.0
176.33, 0.0
176.34, 0.0
176.35, 0.0
176.36, 0.0
176.37, 0.0
176.38, 0.0
176.39, 0.0
176.4, 0.0
176.41, 0.0
176.42, 0.0
176.43, 0.0
176.44, 0.0
176.45, 0.0
176.46, 0.0
176.47, 0.0
176.48, 0.0
176.49, 0.0
176.5, 0.0
176.51, 0.0
176.52, 0.0
176.53, 0.0
176.54, 0.0
176.55, 0.0
176.56, 0.0
176.57, 0.0
176.58, 0.0
176.59, 0.0
176.6, 0.0
176.61, 0.0
176.62, 0.0
176.63, 0.0
176.64, 0.0
176.65, 0.0
176.66, 0.0
176.67, 0.0
176.68, 0.0
176.69, 0.0
176.7, 0.0
176.71, 0.0
176.72, 0.0
176.73, 0.0
176.74, 0.0
176.75, 0.0
176.76, 0.0
176.77, 0.0
176.78, 0.0
176.79, 0.0
176.8, 0.0
176.81, 0.0
176.82, 0.0
176.83, 0.0
176.84, 0.0
176.85, 0.0
176.86, 0.0
176.87, 0.0
176.88, 0.0
176.89, 0.0
176.9, 0.0
176.91, 0.0
176.92, 0.0
176.93, 0.0
176.94, 0.0
176.95, 0.0
176.96, 0.0
176.97, 0.0
176.98, 0.0
176.99, 0.0
177.0, 0.0
177.01, 0.0
177.02, 0.0
177.03, 0.0
177.04, 0.0
177.05, 0.0
177.06, 0.0
177.07, 0.0
177.08, 0.0
177.09, 0.0
177.1, 0.0
177.11, 0.0
177.12, 0.0
177.13, 0.0
177.14, 0.0
177.15, 0.0
177.16, 0.0
177.17, 0.0
177.18, 0.0
177.19, 0.0
177.2, 0.0
177.21, 0.0
177.22, 0.0
177.23, 0.0
177.24, 0.0
177.25, 0.0
177.26, 0.0
177.27, 0.0
177.28, 0.0
177.29, 0.0
177.3, 0.0
177.31, 0.0
177.32, 0.0
177.33, 0.0
177.34, 0.0
177.35, 0.0
177.36, 0.0
177.37, 0.0
177.38, 0.0
177.39, 0.0
177.4, 0.0
177.41, 0.0
177.42, 0.0
177.43, 0.0
177.44, 0.0
177.45, 0.0
177.46, 0.0
177.47, 0.0
177.48, 0.0
177.49, 0.0
177.5, 0.0
177.51, 0.0
177.52, 0.0
177.53, 0.0
177.54, 0.0
177.55, 0.0
177.56, 0.0
177.57, 0.0
177.58, 0.0
177.59, 0.0
177.6, 0.0
177.61, 0.0
177.62, 0.0
177.63, 0.0
177.64, 0.0
177.65, 0.0
177.66, 0.0
177.67, 0.0
177.68, 0.0
177.69, 0.0
177.7, 0.0
177.71, 0.0
177.72, 0.0
177.73, 0.0
177.74, 0.0
177.75, 0.0
177.76, 0.0
177.77, 0.0
177.78, 0.0
177.79, 0.0
177.8, 0.0
177.81, 0.0
177.82, 0.0
177.83, 0.0
177.84, 0.0
177.85, 0.0
177.86, 0.0
177.87, 0.0
177.88, 0.0
177.89, 0.0
177.9, 0.0
177.91, 0.0
177.92, 0.0
177.93, 0.0
177.94, 0.0
177.95, 0.0
177.96, 0.0
177.97, 0.0
177.98, 0.0
177.99, 0.0
178.0, 0.0
178.01, 0.0
178.02, 0.0
178.03, 0.0
178.04, 0.0
178.05, 0.0
178.06, 0.0
178.07, 0.0
178.08, 0.0
178.09, 0.0
178.1, 0.0
178.11, 0.0
178.12, 0.0
178.13, 0.0
178.14, 0.0
178.15, 0.0
178.16, 0.0
178.17, 0.0
178.18, 0.0
178.19, 0.0
178.2, 0.0
178.21, 0.0
178.22, 0.0
178.23, 0.0
178.24, 0.0
178.25, 0.0
178.26, 0.0
178.27, 0.0
178.28, 0.0
178.29, 0.0
178.3, 0.0
178.31, 0.0
178.32, 0.0
178.33, 0.0
178.34, 0.0
178.35, 0.0
178.36, 0.0
178.37, 0.0
178.38, 0.0
178.39, 0.0
178.4, 0.0
178.41, 0.0
178.42, 0.0
178.43, 0.0
178.44, 0.0
178.45, 0.0
178.46, 0.0
178.47, 0.0
178.48, 0.0
178.49, 0.0
178.5, 0.0
178.51, 0.0
178.52, 0.0
178.53, 0.0
178.54, 0.0
178.55, 0.0
178.56, 0.0
178.57, 0.0
178.58, 0.0
178.59, 0.0
178.6, 0.0
178.61, 0.0
178.62, 0.0
178.63, 0.0
178.64, 0.0
178.65, 0.0
178.66, 0.0
178.67, 0.0
178.68, 0.0
178.69, 0.0
178.7, 0.0
178.71, 0.0
178.72, 0.0
178.73, 0.0
178.74, 0.0
178.75, 0.0
178.76, 0.0
178.77, 0.0
178.78, 0.0
178.79, 0.0
178.8, 0.0
178.81, 0.0
178.82, 0.0
178.83, 0.0
178.84, 0.0
178.85, 0.0
178.86, 0.0
178.87, 0.0
178.88, 0.0
178.89, 0.0
178.9, 0.0
178.91, 0.0
178.92, 0.0
178.93, 0.0
178.94, 0.0
178.95, 0.0
178.96, 0.0
178.97, 0.0
178.98, 0.0
178.99, 0.0
179.0, 0.0
179.01, 0.0
179.02, 0.0
179.03, 0.0
179.04, 0.0
179.05, 0.0
179.06, 0.0
179.07, 0.0
179.08, 0.0
179.09, 0.0
179.1, 0.0
179.11, 0.0
179.12, 0.0
179.13, 0.0
179.14, 0.0
179.15, 0.0
179.16, 0.0
179.17, 0.0
179.18, 0.0
179.19, 0.0
179.2, 0.0
179.21, 0.0
179.22, 0.0
179.23, 0.0
179.24, 0.0
179.25, 0.0
179.26, 0.0
179.27, 0.0
179.28, 0.0
179.29, 0.0
179.3, 0.0
179.31, 0.0
179.32, 0.0
179.33, 0.0
179.34, 0.0
179.35, 0.0
179.36, 0.0
179.37, 0.0
179.38, 0.0
179.39, 0.0
179.4, 0.0
179.41, 0.0
179.42, 0.0
179.43, 0.0
179.44, 0.0
179.45, 0.0
179.46, 0.0
179.47, 0.0
179.48, 0.0
179.49, 0.0
179.5, 0.0
179.51, 0.0
179.52, 0.0
179.53, 0.0
179.54, 0.0
179.55, 0.0
179.56, 0.0
179.57, 0.0
179.58, 0.0
179.59, 0.0
179.6, 0.0
179.61, 0.0
179.62, 0.0
179.63, 0.0
179.64, 0.0
179.65, 0.0
179.66, 0.0
179.67, 0.0
179.68, 0.0
179.69, 0.0
179.7, 0.0
179.71, 0.0
179.72, 0.0
179.73, 0.0
179.74, 0.0
179.75, 0.0
179.76, 0.0
179.77, 0.0
179.78, 0.0
179.79, 0.0
179.8, 0.0
179.81, 0.0
179.82, 0.0
179.83, 0.0
179.84, 0.0
179.85, 0.0
179.86, 0.0
179.87, 0.0
179.88, 0.0
179.89, 0.0
179.9, 0.0
179.91, 0.0
179.92, 0.0
179.93, 0.0
179.94, 0.0
179.95, 0.0
179.96, 0.0
179.97, 0.0
179.98, 0.0
179.99, 0.0
